Date,TY,FFR,CPI,UNRATE,USDX,UMCSENT,crude_oil,natural_gas,Close,RSI,MOM,ATR
1/3/00,6.61,5.43,168.8,4,100.22000122070312,112,.,.,0.9994419813156128,65.0564,0.0973,0.0425
1/4/00,6.53,5.38,168.8,4,100.41000366210938,112,25.56,2.16,0.9151790142059326,52.9996,0.0574,0.0452
1/5/00,6.64,5.41,168.8,4,100.37999725341797,112,24.65,2.17,0.9285709857940674,54.4443,0.0527,0.0463
1/6/00,6.58,5.54,168.8,4,100.6500015258789,112,24.79,2.18,0.8482139706611633,45.4225,-0.0249,0.0495
1/7/00,6.55,5.61,168.8,4,100.80000305175781,112,24.79,2.19,0.888392985,49.8933,-0.0038,0.0492
1/10/00,6.59,5.74,168.8,4,100.98999786376953,112,24.71,2.2,0.872767985,48.2384,-0.0019,0.0497
1/11/00,6.68,5.63,168.8,4,100.55999755859375,112,25.69,2.23,0.828125,43.7711,-0.0733,0.0509
1/12/00,6.71,5.59,168.8,4,100.62000274658203,112,26.3,2.25,0.7784600257873535,39.4014,-0.0959,0.0521
1/13/00,6.65,5.58,168.8,4,101,112,26.63,2.29,0.8638389706611633,48.8557,-0.0508,0.0546
1/14/00,6.69,5.56,168.8,4,101.72000122070312,112,28.01,2.28,0.896763027,51.9705,0.0085,0.0536
1/18/00,6.75,5.83,168.8,4,101.86000061035156,112,28.98,2.35,0.928013027,54.7834,0.0433,0.0528
1/19/00,6.72,5.47,168.8,4,101.76000213623047,112,29.11,2.4,0.9514510035514832,56.822,0.0442,0.0519
1/20/00,6.74,5.44,168.8,4,101.36000061035156,112,29.67,2.53,1.0133930444717407,61.7423,0.0992,0.0562
1/21/00,6.71,5.36,168.8,4,101.76000213623047,112,29.71,2.55,0.993861973,59.4404,0.0639,0.0544
1/24/00,6.65,5.53,168.8,4,102.19999694824219,112,29.25,2.55,0.9486610293388367,54.3945,-0.0428,0.0546
1/25/00,6.64,5.46,168.8,4,102.41000366210938,112,30.28,2.66,1.0022319555282593,58.8548,0.0733,0.0565
1/26/00,6.6,5.52,168.8,4,102.44000244140625,112,27.66,2.73,0.9838169813156128,56.8008,0.0466,0.0548
1/27/00,6.53,5.61,168.8,4,103.16999816894531,112,27.22,2.76,0.982142985,56.6045,0.1128,0.0542
1/28/00,6.45,5.58,168.8,4,104.4800033569336,112,27.27,2.84,0.9073659777641296,48.6258,0.0159,0.0558
1/31/00,6.49,5.87,168.8,4,105.12999725341797,112,27.65,2.69,0.9263389706611633,50.5344,0.0451,0.0568
2/1/00,6.43,5.79,169.8,4.1,104.91999816894531,111.3,28.28,2.81,0.8950889706611633,47.4172,0.0564,0.0555
2/2/00,6.32,5.64,169.8,4.1,104.79000091552734,111.3,27.52,2.91,0.8822540044784546,46.1557,0.0874,0.0543
2/3/00,6.17,5.71,169.8,4.1,103.80000305175781,111.3,28.26,2.85,0.9224330186843872,50.5804,0.0493,0.0533
2/4/00,6.23,5.7,169.8,4.1,104.29000091552734,111.3,28.67,2.78,0.9642860293388367,54.7536,0.0569,0.0531
2/7/00,6.34,5.76,169.8,4.1,104.63999938964844,111.3,28.4,2.81,1.0184149742126465,59.5113,0.0761,0.0538
2/8/00,6.22,5.67,169.8,4.1,104.22000122070312,111.3,28.05,2.6,1.025670051574707,60.115,0.0625,0.0525
2/9/00,6.32,5.76,169.8,4.1,103.68000030517578,111.3,28.71,2.62,1.005579948425293,57.5481,-0.0066,0.0513
2/10/00,6.35,5.79,169.8,4.1,104.12999725341797,111.3,29.49,2.65,1.0133930444717407,58.2981,0.0165,0.0497
2/11/00,6.29,5.71,169.8,4.1,104.19000244140625,111.3,29.51,2.65,0.970982015,52.8687,0.0188,0.0493
2/14/00,6.22,5.79,169.8,4.1,104.72000122070312,111.3,30.3,2.61,1.0340399742126465,58.9831,0.0268,0.0497
2/15/00,6.26,5.85,169.8,4.1,104.69000244140625,111.3,30.17,2.61,1.0625,61.4187,0.0663,0.0487
2/16/00,6.27,5.67,169.8,4.1,104.27999877929688,111.3,30.01,2.65,1.0189729928970337,55.9458,0.031,0.0489
2/17/00,6.23,5.66,169.8,4.1,104.2699966430664,111.3,29.37,2.66,1.025670051574707,56.5861,0.0997,0.0467
2/18/00,6.16,5.7,169.8,4.1,104.62999725341797,111.3,29.51,2.65,0.9933040142059326,52.6115,0.0564,0.0458
2/22/00,6.08,5.81,169.8,4.1,103.27999877929688,111.3,29.63,2.55,1.0161830186843872,55.0178,0.102,0.048
2/23/00,6.14,5.77,169.8,4.1,103.52999877929688,111.3,30.19,2.5,1.0379459857940674,57.2461,0.1312,0.0489
2/24/00,6.13,5.76,169.8,4.1,104.01000213623047,111.3,30.23,2.52,1.0285990238189697,55.9614,0.0894,0.0494
2/25/00,6.17,5.73,169.8,4.1,105.26000213623047,111.3,30.34,2.51,0.9854909777641296,50.3624,0.0178,0.0495
2/28/00,6.16,5.81,169.8,4.1,105.2699966430664,111.3,30.11,2.6,1.011160969734192,53.3589,-0.0061,0.0496
2/29/00,6.15,5.85,169.8,4.1,105.91999816894531,111.3,30.57,2.65,1.0234379768371582,54.7581,-0.0019,0.0485
3/1/00,6.16,5.78,171.2,4,104.88999938964844,107.1,31.71,2.71,1.1635040044784546,66.9763,0.1331,0.0544
3/2/00,6.15,5.76,171.2,4,105.6500015258789,107.1,31.51,2.8,1.089285969734192,58.0364,0.0639,0.0557
3/3/00,6.13,5.72,171.2,4,106,107.1,31.46,2.72,1.1428569555282593,61.9822,0.1448,0.0562
3/6/00,6.16,5.73,171.2,4,106.16000366210938,107.1,32.19,2.76,1.1222100257873535,59.6565,0.0743,0.0544
3/7/00,6.16,5.68,171.2,4,106.08999633789062,107.1,33.9,2.78,1.0970979928970337,56.8519,0.0291,0.0539
3/8/00,6.17,5.77,171.2,4,105.93000030517578,107.1,31.22,2.74,1.089285969734192,55.9776,0.0593,0.0529
3/9/00,6.16,5.79,171.2,4,105.37000274658203,107.1,31.61,2.69,1.0915180444717407,56.1861,0.0555,0.0528
3/10/00,6.19,5.75,171.2,4,105.70999908447266,107.1,31.76,.,1.1227680444717407,59.1065,0.1091,0.0527
3/13/00,6.17,5.81,171.2,4,105.5,107.1,32.11,2.79,1.0831470489501953,54.1735,0.0564,0.0527
3/14/00,6.11,5.8,171.2,4,105.30000305175781,107.1,31.93,2.83,1.020089030265808,47.3993,-0.015,0.0545
3/15/00,6.07,5.9,171.2,4,105.37999725341797,107.1,30.47,2.76,1.0379459857940674,49.3322,0.0079,0.0539
3/16/00,6.05,5.77,171.2,4,105.18000030517578,107.1,31.1,2.84,1.0853790044784546,54.1496,0.0842,0.0541
3/17/00,6.01,5.76,171.2,4,105.19999694824219,107.1,30.86,2.81,1.1160709857940674,57.0018,0.0884,0.0531
3/20/00,5.99,5.82,171.2,4,105.1500015258789,107.1,29.33,2.73,1.098214030265808,54.8649,0.063,0.0514
3/21/00,5.97,5.81,171.2,4,105.80999755859375,107.1,28.01,2.74,1.2047990560531616,63.6307,0.0348,0.0558
3/22/00,5.97,6.02,171.2,4,106.04000091552734,107.1,27.28,2.78,1.2873879671096802,68.702,0.1669,0.0587
3/23/00,5.92,6.04,171.2,4,105.2300033569336,107.1,27.47,2.76,1.261718988418579,65.6334,0.1001,0.0601
3/24/00,6,5.98,171.2,4,104.7699966430664,107.1,27.86,2.82,1.238281011581421,62.8817,0.0978,0.0604
3/27/00,5.99,6.07,171.2,4,105.44999694824219,107.1,27.59,2.82,1.246093988418579,63.43,0.1256,0.0603
3/28/00,5.98,6.02,171.2,4,105.52999877929688,107.1,27.1,2.94,1.2421879768371582,62.9352,0.1289,0.0586
3/29/00,5.99,5.98,171.2,4,106.25,107.1,26.36,2.92,1.2137279510498047,59.243,0.103,0.0574
3/30/00,5.89,6.11,171.2,4,105.47000122070312,107.1,26.67,2.83,1.1227680444717407,49.2945,0,0.0599
3/31/00,5.84,6.17,171.2,4,105.44000244140625,107.1,26.86,2.88,1.2126120328903198,56.9759,0.1091,0.0618
4/3/00,5.84,6.15,171.3,3.8,105.54000091552734,109.2,26.28,2.92,1.1902899742126465,54.756,0.1434,0.0628
4/4/00,5.77,5.98,171.3,3.8,105.16999816894531,109.2,25.46,2.87,1.136718988418579,49.7463,0.0832,0.0672
4/5/00,5.81,6.08,171.3,3.8,105.29000091552734,109.2,25.76,2.86,1.1640629768371582,52.1582,0.0664,0.0672
4/6/00,5.8,6.05,171.3,3.8,105.5199966430664,109.2,25.51,2.98,1.1177459955215454,47.9669,0.0014,0.0684
4/7/00,5.71,5.95,171.3,3.8,105.97000122070312,109.2,24.97,2.99,1.176339030265808,53.0972,0.0658,0.0671
4/10/00,5.69,6.05,171.3,3.8,105.68000030517578,109.2,23.91,2.97,1.1160709857940674,47.8674,-0.0748,0.0666
4/11/00,5.77,5.97,171.3,3.8,105.94000244140625,109.2,24.17,2.98,1.066406011581421,44.0212,-0.1862,0.0656
4/12/00,5.84,5.93,171.3,3.8,105.95999908447266,109.2,25.49,3.05,0.9754459857940674,37.9955,-0.2412,0.0687
4/13/00,5.81,5.97,171.3,3.8,106.13999938964844,109.2,25.29,3.05,1.0161830186843872,41.8326,-0.1872,0.07
4/14/00,5.79,6.08,171.3,3.8,105.75,109.2,25.48,3.11,0.9988840222358704,40.6792,-0.2083,0.0698
4/17/00,5.92,6.18,171.3,3.8,106.12999725341797,109.2,26.06,3.13,1.1060270071029663,49.8837,-0.1148,0.0729
4/18/00,5.92,5.93,171.3,3.8,106.62999725341797,109.2,25.92,3.12,1.1328129768371582,51.8934,-0.0682,0.0717
4/19/00,5.85,5.93,171.3,3.8,107.12999725341797,109.2,27.38,3.12,1.0814729928970337,47.9265,-0.0348,0.0722
4/20/00,5.83,6.05,171.3,3.8,107.44999694824219,109.2,27.29,3.07,1.0613839626312256,46.4308,-0.1274,0.0712
4/24/00,5.86,5.9,171.3,3.8,107.27999877929688,109.2,27.41,3.12,1.0758930444717407,47.7041,-0.0964,0.0692
4/25/00,5.95,5.99,171.3,3.8,108.69000244140625,109.2,26.41,3.18,1.1456470489501953,53.4173,0.0075,0.0687
4/26/00,5.95,6,171.3,3.8,108.55000305175781,109.2,24.69,3.12,1.0831470489501953,48.3218,-0.0682,0.0682
4/27/00,6,6,171.3,3.8,109.56999969482422,109.2,25.53,3.06,1.1316959857940674,52.1425,0.0117,0.069
4/28/00,5.97,6.06,171.3,3.8,110.13999938964844,109.2,25.71,3.09,1.1077009439468384,50.1674,-0.0578,0.0674
5/1/00,5.98,6.17,171.5,4,109.62999725341797,110.7,25.84,3.16,1.1099330186843872,50.3556,-0.0052,0.0643
5/2/00,6.03,6.05,171.5,4,110.26000213623047,110.7,26.86,3.2,1.052454948425293,45.5799,-0.0118,0.0644
5/3/00,6.11,6.05,171.5,4,111.26000213623047,110.7,26.6,3.18,1.027343988418579,43.6353,0.0437,0.065
5/4/00,6.19,6.05,171.5,4,111.80000305175781,110.7,27.08,3.09,0.9882810115814209,40.7253,-0.0235,0.0629
5/5/00,6.2,5.94,171.5,4,111.30999755859375,110.7,27.37,3.11,1.010045051574707,43.0016,0.0094,0.0605
5/8/00,6.25,6.01,171.5,4,111.44999694824219,110.7,28.05,3.12,0.9832590222358704,40.9127,-0.1034,0.0582
5/9/00,6.22,5.92,171.5,4,110.75,110.7,28.46,3.25,0.9414060115814209,37.8258,-0.1612,0.0575
5/10/00,6.18,5.95,171.5,4,110.80000305175781,110.7,28.1,3.2,0.8867189884185791,34.1873,-0.1641,0.057
5/11/00,6.16,6.05,171.5,4,111.5199966430664,110.7,29.25,3.37,0.9179689884185791,37.8625,-0.1208,0.0557
5/12/00,6.2,6.11,171.5,4,109.9000015258789,110.7,29.64,3.35,0.9609379768371582,42.6061,-0.0969,0.0559
5/15/00,6.17,6.34,171.5,4,110.55999755859375,110.7,29.95,3.37,0.9017860293388367,38.2753,-0.2054,0.0561
5/16/00,6.12,6.13,171.5,4,111.30999755859375,110.7,29.76,3.45,0.943638027,42.7176,-0.1175,0.0565
5/17/00,6.18,6.25,171.5,4,112.0999984741211,110.7,29.38,3.49,0.9051340222358704,39.8712,-0.1909,0.0553
5/18/00,6.24,6.49,171.5,4,112.20999908447266,110.7,30.28,3.73,0.8995540142059326,39.4647,-0.1754,0.0537
5/19/00,6.22,6.51,171.5,4,111.47000122070312,110.7,30.02,3.76,0.8392860293388367,35.2515,-0.228,0.0538
5/22/00,6.18,6.52,171.5,4,111.05999755859375,110.7,28.62,3.95,0.803013027,32.9714,-0.2101,0.0543
5/23/00,6.17,6.47,171.5,4,111.13999938964844,110.7,28.61,3.85,0.7661830186843872,30.7897,-0.22,0.0545
5/24/00,6.19,6.48,171.5,4,111.22000122070312,110.7,29.89,3.94,0.7829239964485168,32.9642,-0.173,0.0543
5/25/00,6.11,6.56,171.5,4,110.75,110.7,30.43,4.18,0.7791569828987122,32.7169,-0.1945,0.054
5/26/00,6.06,6.4,171.5,4,109.12000274658203,110.7,29.76,4.29,0.7712050080299377,32.1601,-0.1787,0.0526
5/30/00,6.09,6.71,171.5,4,108.93000030517578,110.7,30.36,4.35,0.7818080186843872,33.7651,-0.1345,0.0523
5/31/00,6.02,6.83,171.5,4,108.73999786376953,110.7,29.03,4.52,0.75,31.3737,-0.1152,0.0525
6/1/00,5.95,6.65,172.4,4,109.05000305175781,106.4,30.19,4.39,0.7957590222358704,38.1576,-0.103,0.0537
6/2/00,5.94,6.44,172.4,4,108.12000274658203,106.4,30.34,4.21,0.8264510035514832,42.2856,-0.1133,0.0557
6/5/00,5.91,6.51,172.4,4,107.45999908447266,106.4,29.87,4.17,0.8152899742126465,41.2092,-0.0729,0.0547
6/6/00,5.91,6.47,172.4,4,106.58999633789062,106.4,29.78,4.48,0.8292409777641296,43.1541,-0.0964,0.0542
6/7/00,5.89,6.5,172.4,4,106.18000030517578,106.4,29.29,4.23,0.8621649742126465,47.5721,-0.0362,0.0532
6/8/00,5.89,6.54,172.4,4,106.70999908447266,106.4,29.78,3.96,0.8465399742126465,45.7559,-0.0447,0.0523
6/9/00,5.89,6.47,172.4,4,106.98999786376953,106.4,30.22,4.14,0.8549110293388367,46.928,0.0132,0.0505
6/12/00,5.88,6.54,172.4,4,106.97000122070312,106.4,31.76,4.22,0.8141739964485168,42.1679,0.0094,0.0499
6/13/00,5.94,6.46,172.4,4,106.4000015258789,106.4,32.73,4.27,0.84375,46.4166,0.0654,0.0498
6/14/00,5.91,6.54,172.4,4,106.45999908447266,106.4,32.72,4.16,0.8074780106544495,42.3106,0.0207,0.0496
6/15/00,5.93,6.7,172.4,4,106.87999725341797,106.4,32.7,4.38,0.8247770071029663,44.8099,0.0384,0.0484
6/16/00,5.88,6.46,172.4,4,105.95999908447266,106.4,32.35,4.45,0.8141739964485168,43.5672,0.0363,0.0474
6/19/00,5.89,6.51,172.4,4,106.33000183105469,106.4,31.57,4.38,0.8627229928970337,50.3863,0.0682,0.0484
6/20/00,5.9,6.49,172.4,4,106.33000183105469,106.4,33.07,4.02,0.904017985,55.3416,0.1298,0.0489
6/21/00,5.96,6.47,172.4,4,107.43000030517578,106.4,33.64,4.14,0.9933040142059326,63.7672,0.1666,0.0525
6/22/00,5.98,6.52,172.4,4,107.70999908447266,106.4,34.72,4.44,0.9598209857940674,59.2456,0.1124,0.0531
6/23/00,6.04,6.51,172.4,4,108.01000213623047,106.4,34.76,4.42,0.9229909777641296,54.671,0.0908,0.0534
6/26/00,5.99,6.63,172.4,4,108.11000061035156,106.4,31.56,4.37,0.966517985,58.7353,0.1158,0.0529
6/27/00,5.95,6.56,172.4,4,107.36000061035156,106.4,32.01,4.55,0.924107015,53.6795,0.0522,0.0533
6/28/00,5.97,6.5,172.4,4,107.5999984741211,106.4,31.86,4.44,0.9720979928970337,58.0724,0.1058,0.0536
6/29/00,5.88,6.76,172.4,4,106.83999633789062,106.4,32.73,4.25,0.9151790142059326,51.7988,0.0508,0.0534
6/30/00,5.9,6.86,172.4,4,106.83999633789062,106.4,32.44,4.36,0.935267985,53.7066,0.1021,0.0536
7/3/00,5.87,7.03,172.8,4,107.05999755859375,108.3,.,4.36,0.9520090222358704,55.2756,0.0912,0.0521
7/5/00,5.86,6.52,172.8,4,107.12000274658203,108.3,30.76,4.24,0.921875,51.8565,0.0964,0.0532
7/6/00,5.91,6.51,172.8,4,107.37000274658203,108.3,30.19,4.02,0.9252229928970337,52.1977,0.0846,0.0529
7/7/00,5.87,6.42,172.8,4,107.6500015258789,108.3,30.26,4,0.9720979928970337,56.9932,0.1331,0.0524
7/10/00,5.88,6.51,172.8,4,107.01000213623047,108.3,29.51,4.19,1.020089030265808,61.2727,0.1327,0.0535
7/11/00,5.89,6.39,172.8,4,107.13999938964844,108.3,29.61,4.17,1.0167410373687744,60.8124,0.095,0.0537
7/12/00,5.89,6.38,172.8,4,108.12000274658203,108.3,30.34,4.29,1.051339030265808,63.8024,0.0489,0.0526
7/13/00,5.81,6.5,172.8,4,108.54000091552734,108.3,31.41,4.08,1.0089290142059326,57.9597,0.0414,0.0552
7/14/00,5.88,6.51,172.8,4,108.44999694824219,108.3,31.31,4.17,1.0301339626312256,59.9353,0.0903,0.0539
7/17/00,5.93,6.58,172.8,4,108.69999694824219,108.3,30.71,4.13,1.041295051574707,60.9645,0.0629,0.0519
7/18/00,5.92,6.47,172.8,4,109.37999725341797,108.3,31.94,3.99,1.0223209857940674,58.2112,0.0827,0.0503
7/19/00,5.92,6.45,172.8,4,109.58999633789062,108.3,31.1,4.07,0.9408479928970337,48.139,-0.0263,0.0527
7/20/00,5.81,6.52,172.8,4,108.61000061035156,108.3,30.94,3.86,0.984375,52.8411,0.0584,0.0536
7/21/00,5.79,6.51,172.8,4,108.41999816894531,108.3,28.56,3.88,0.9564729928970337,49.7175,0.0178,0.0527
7/24/00,5.81,6.52,172.8,4,108.69000244140625,108.3,27.97,3.74,0.8694199919700623,41.5189,-0.0695,0.0554
7/25/00,5.81,6.46,172.8,4,108.37999725341797,108.3,27.89,3.63,0.8939729928970337,44.3015,-0.0236,0.0535
7/26/00,5.82,6.49,172.8,4,108.11000061035156,108.3,27.81,3.59,0.8939729928970337,44.3015,-0.0263,0.0519
7/27/00,5.78,6.52,172.8,4,108.88999938964844,108.3,28.21,3.75,0.9285709857940674,48.3385,-0.0367,0.0518
7/28/00,5.78,6.44,172.8,4,109.73999786376953,108.3,28.22,3.89,0.8627229928970337,42.0897,-0.1327,0.0541
7/31/00,5.79,6.64,172.8,4,109.56999969482422,108.3,27.5,3.75,0.9073659777641296,47.081,-0.0922,0.0538
8/1/00,5.74,6.51,172.8,4.1,110.05000305175781,107.3,27.85,3.78,0.8805800080299377,44.5973,-0.144,0.052
8/2/00,5.77,6.42,172.8,4.1,110.66999816894531,107.3,28.27,4.05,0.84375,41.3695,-0.1392,0.0513
8/3/00,5.74,6.45,172.8,4.1,110.9800033569336,107.3,28.92,4.23,0.857142985,42.9874,-0.1458,0.0517
8/4/00,5.72,6.44,172.8,4.1,110.8499984741211,107.3,29.94,4.25,0.845982015,41.9567,-0.1644,0.0533
8/7/00,5.76,6.46,172.8,4.1,110.80000305175781,107.3,28.93,4.39,0.8560270071029663,43.2795,-0.1401,0.0515
8/8/00,5.73,6.44,172.8,4.1,111.31999969482422,107.3,29.26,4.46,0.8348209857940674,41.1342,-0.0894,0.0497
8/9/00,5.73,6.48,172.8,4.1,111.44000244140625,107.3,30.38,4.48,0.8482139706611633,43.0502,-0.1148,0.0479
8/10/00,5.68,6.52,172.8,4.1,110.9000015258789,107.3,31.09,4.43,0.8493300080299377,43.2095,-0.0903,0.0456
8/11/00,5.72,6.5,172.8,4.1,111.20999908447266,107.3,31.02,4.44,0.8515629768371582,43.5777,-0.015,0.045
8/14/00,5.7,6.58,172.8,4.1,111.08000183105469,107.3,31.92,4.42,0.8404020071029663,42.1515,-0.0451,0.0433
8/15/00,5.72,6.63,172.8,4.1,110.51000213623047,107.3,31.43,4.24,0.8337050080299377,41.2968,-0.0507,0.0417
8/16/00,5.73,6.48,172.8,4.1,110.26000213623047,107.3,31.91,4.24,0.8660709857940674,46.9628,-0.0527,0.0412
8/17/00,5.72,6.47,172.8,4.1,110.11000061035156,107.3,31.88,4.35,0.9185270071029663,54.6241,0.0471,0.0427
8/18/00,5.69,6.44,172.8,4.1,111.01000213623047,107.3,31.97,4.38,0.892857015,50.7567,-0.0122,0.0417
8/21/00,5.71,6.48,172.8,4.1,111.45999908447266,107.3,32.42,4.6,0.9017860293388367,52.0268,0.0179,0.0408
8/22/00,5.71,6.42,172.8,4.1,111.79000091552734,107.3,31.24,4.8,0.9229909777641296,55.0014,0.0668,0.0405
8/23/00,5.68,6.5,172.8,4.1,111.41999816894531,107.3,31.23,4.67,0.9698659777641296,60.7691,0.0949,0.0416
8/24/00,5.67,6.56,172.8,4.1,111.2300033569336,107.3,33.41,4.53,1.0019530057907104,64.1672,0.1313,0.0421
8/25/00,5.67,6.54,172.8,4.1,111.3499984741211,107.3,34.01,4.55,1.0145089626312256,65.4216,0.1335,0.0406
8/28/00,5.72,6.57,172.8,4.1,111.45999908447266,107.3,32.92,4.62,1.036829948425293,67.6026,0.1702,0.0401
8/29/00,5.75,6.51,172.8,4.1,112.19999694824219,107.3,32.73,4.6,1.056920051574707,69.4768,0.1759,0.0391
8/30/00,5.74,6.51,172.8,4.1,112.13999938964844,107.3,33.25,4.61,1.0625,69.9898,0.1796,0.0377
8/31/00,5.67,6.65,172.8,4.1,112.5999984741211,107.3,33.09,4.76,1.088170051574707,72.3169,0.1994,0.0377
9/1/00,5.67,6.52,173.7,3.9,111.41999816894531,106.8,33.42,4.7,1.1328129768371582,75.8223,0.2464,0.0379
9/5/00,5.67,6.61,173.7,3.9,112.41000366210938,106.8,33.92,4.81,1.114954948425293,71.9004,0.237,0.0372
9/6/00,5.71,6.56,173.7,3.9,114.12000274658203,106.8,34.97,4.89,1.0435270071029663,58.7991,0.1496,0.0396
9/7/00,5.72,6.53,173.7,3.9,113.6500015258789,106.8,35.18,4.85,1.1071430444717407,64.9248,0.1589,0.0414
9/8/00,5.7,6.5,173.7,3.9,114.33999633789062,106.8,33.62,4.74,1.051339030265808,56.9353,0.1336,0.0422
9/11/00,5.73,6.5,173.7,3.9,115.37000274658203,106.8,35.14,4.85,1.0435270071029663,55.8907,0.1195,0.0416
9/12/00,5.76,6.47,173.7,3.9,115.16999816894531,106.8,34.25,4.96,1.03125,54.2111,0.0912,0.0419
9/13/00,5.73,6.47,173.7,3.9,115.33999633789062,106.8,33.87,5.06,1.035714030265808,54.7418,0.0555,0.0419
9/14/00,5.81,6.5,173.7,3.9,115.16000366210938,106.8,34.37,5.1,1.0153460502624512,51.7938,0.0113,0.0419
9/15/00,5.9,6.55,173.7,3.9,115.94000244140625,106.8,35.87,5.28,0.9863280057907104,47.8278,-0.0238,0.0432
9/18/00,5.96,6.44,173.7,3.9,116,106.8,36.75,5.06,1.0831470489501953,59.0712,0.0391,0.0462
9/19/00,5.92,6.4,173.7,3.9,116.11000061035156,106.8,36.96,5.22,1.0703129768371582,57.3077,0.0113,0.0452
9/20/00,5.97,6.5,173.7,3.9,116.41000366210938,106.8,37.22,5.24,1.0901230573654175,59.3239,0.0233,0.045
9/21/00,5.93,6.53,173.7,3.9,115.2699966430664,106.8,33.84,5.16,1.0122770071029663,49.4461,-0.0639,0.048
9/22/00,5.92,6.48,173.7,3.9,113.55999755859375,106.8,32.66,5.16,0.9319199919700623,41.7241,-0.1693,0.0518
9/25/00,5.9,6.54,173.7,3.9,114.05999755859375,106.8,31.5,5.12,0.955357015,44.4441,-0.1345,0.0518
9/26/00,5.86,6.5,173.7,3.9,113.16000366210938,106.8,31.78,5.28,0.9185270071029663,41.1885,-0.1053,0.0517
9/27/00,5.9,6.5,173.7,3.9,113.11000061035156,106.8,31.23,5.34,0.8738840222358704,37.5898,-0.1965,0.0529
9/28/00,5.89,6.59,173.7,3.9,113.30999755859375,106.8,30.26,5.2,0.955357015,46.7319,-0.0809,0.0552
9/29/00,5.88,6.6,173.7,3.9,113.25,106.8,30.87,5.1,0.4598209857940674,23.8427,-0.4918,0.0815
10/2/00,5.93,6.68,174,3.9,113.79000091552734,105.8,32.05,5.24,0.4330359995365143,23.1817,-0.504,0.0792
10/3/00,5.94,6.46,174,3.9,114.22000122070312,105.8,31.86,5.29,0.3984380066394806,22.3199,-0.537,0.0765
10/4/00,5.95,6.51,174,3.9,114.16999816894531,105.8,30.91,5.22,0.421875,24.3647,-0.5001,0.0731
10/5/00,5.91,6.54,174,3.9,114.73999786376953,105.8,30.66,5.21,0.3939729928970337,23.569,-0.4991,0.0705
10/6/00,5.85,6.43,174,3.9,114.8499984741211,105.8,30.86,5.04,0.39620500802993774,23.7924,-0.5788,0.0676
10/9/00,.,6.43,174,3.9,114.80999755859375,105.8,31.98,5.09,0.38839301466941833,23.5416,-0.5746,0.0646
10/10/00,5.83,6.57,174,3.9,114.36000061035156,105.8,33.29,5.16,0.37276801466941833,23.0191,-0.6045,0.0621
10/11/00,5.83,6.46,174,3.9,114.48999786376953,105.8,33.2,5.1,0.3504459857940674,22.2633,-0.5577,0.0597
10/12/00,5.82,6.47,174,3.9,114.88999938964844,105.8,36.06,5.54,0.35714301466941833,23.0901,-0.4843,0.0568
10/13/00,5.8,6.46,174,3.9,115.86000061035156,105.8,34.96,5.43,0.3939729928970337,27.5864,-0.473,0.0551
10/16/00,5.81,6.59,174,3.9,116.38999938964844,105.8,33.18,5.34,0.3839290142059326,27.1222,-0.4505,0.0531
10/17/00,5.77,6.45,174,3.9,115.88999938964844,105.8,33.36,5.27,0.359375,25.9628,-0.4336,0.0518
10/18/00,5.77,6.53,174,3.9,117.33000183105469,105.8,33.51,5.36,0.359375,25.9628,-0.5022,0.0506
10/19/00,5.76,6.54,174,3.9,116.94000244140625,105.8,33.06,5.04,0.33816999197006226,24.9069,-0.1025,0.0489
10/20/00,5.73,6.5,174,3.9,117.16000366210938,105.8,34.31,4.84,0.3482140004634857,26.4359,-0.0715,0.0469
10/23/00,5.68,6.53,174,3.9,117.54000091552734,105.8,34.9,4.82,0.3638390004634857,28.8595,-0.0292,0.0448
10/24/00,5.71,6.49,174,3.9,117.41999816894531,105.8,34.53,4.84,0.3370540142059326,27.1959,-0.0715,0.0438
10/25/00,5.75,6.53,174,3.9,118.48999786376953,105.8,33.62,4.64,0.33035698533058167,26.7857,-0.0536,0.0415
10/26/00,5.74,6.53,174,3.9,118.5,105.8,33.75,4.61,0.33035698533058167,26.7857,-0.0555,0.04
10/27/00,5.74,6.51,174,3.9,117.38999938964844,105.8,32.78,4.48,0.3314729928970337,26.9928,-0.048,0.0385
10/30/00,5.76,6.59,174,3.9,117.25,105.8,32.86,4.56,0.344866008,29.6705,-0.0235,0.0373
10/31/00,5.79,6.59,174,3.9,116.6500015258789,105.8,32.7,4.37,0.34933000802993774,30.5845,-0.0009,0.0357
11/1/00,5.78,6.61,174.1,3.9,115.55999755859375,107.6,33.14,4.4,0.3660709857940674,34.0546,0.0075,0.0347
11/2/00,5.79,6.54,174.1,3.9,115.61000061035156,107.6,32.59,4.5,0.3984380066394806,40.2486,0.0038,0.0343
11/3/00,5.86,6.48,174.1,3.9,114.97000122070312,107.6,32.62,4.64,0.3973209857940674,40.1141,0.0113,0.033
11/6/00,5.89,6.49,174.1,3.9,115.69000244140625,107.6,33.02,4.6,0.3828130066394806,38.2554,0.0199,0.0325
11/7/00,5.9,6.48,174.1,3.9,115.5199966430664,107.6,33.44,4.68,0.38058000802993774,37.9515,0.0179,0.0313
11/8/00,5.89,6.51,174.1,3.9,116.2300033569336,107.6,32.92,4.92,0.358258992,35.0666,0.0169,0.0308
11/9/00,5.85,6.52,174.1,3.9,115.33999633789062,107.6,33.87,5.34,0.360491008,35.6148,0.0104,0.0301
11/10/00,5.88,6.48,174.1,3.9,115.79000091552734,107.6,34.05,5.24,0.3404020071029663,33.0065,-0.0197,0.0292
11/13/00,5.85,6.55,174.1,3.9,115.69999694824219,107.6,34.3,5.59,0.34598198533058167,34.4253,0.0075,0.029
11/14/00,5.81,6.52,174.1,3.9,116.22000122070312,107.6,34.72,5.81,0.36160698533058167,38.4127,0.0263,0.0281
11/15/00,5.77,6.61,174.1,3.9,116.3499984741211,107.6,35.54,5.95,0.3549109995365143,37.3564,0.0206,0.0272
11/16/00,5.75,6.55,174.1,3.9,116.93000030517578,107.6,34.84,5.94,0.3392859995365143,34.9843,0.0066,0.0263
11/17/00,5.78,6.48,174.1,3.9,117.30999755859375,107.6,35.62,5.62,0.33035698533058167,33.6614,-0.0122,0.0255
11/20/00,5.76,6.52,174.1,3.9,117.3499984741211,107.6,35.98,6.23,0.33816999197006226,35.9565,-0.0093,0.025
11/21/00,5.74,6.5,174.1,3.9,117.94999694824219,107.6,35.54,6.35,0.3359380066394806,35.565,-0.0254,0.0241
11/22/00,5.68,6.58,174.1,3.9,117.8499984741211,107.6,36.06,6.3,0.33035698533058167,34.5976,-0.0573,0.0231
11/24/00,5.67,6.49,174.1,3.9,118.4800033569336,107.6,36.06,.,0.344866008,39.2476,-0.0442,0.0226
11/27/00,5.71,6.5,174.1,3.9,117.0999984741211,107.6,36.24,6.24,0.33370500802993774,37.0747,-0.0414,0.0225
11/28/00,5.67,6.46,174.1,3.9,116.58000183105469,107.6,34.02,5.9,0.32198700308799744,34.8621,-0.0493,0.022
11/29/00,5.66,6.5,174.1,3.9,116.61000061035156,107.6,34.58,5.93,0.313616008,33.3364,-0.0376,0.0216
11/30/00,5.6,6.62,174.1,3.9,115.23999786376953,107.6,33.61,6.31,0.29464301466941833,30.1333,-0.0555,0.0216
12/1/00,5.64,6.6,174,3.9,114.7300033569336,98.4,32.06,6.53,0.3046880066394806,33.7547,-0.0301,0.0211
12/4/00,5.66,6.57,174,3.9,113.70999908447266,98.4,31.28,7.41,0.297991008,32.5541,-0.0403,0.0204
12/5/00,5.59,6.51,174,3.9,114.47000122070312,98.4,29.25,8.03,0.3035709857940674,34.6513,-0.0489,0.0201
12/6/00,5.52,6.48,174,3.9,113.30999755859375,98.4,30.24,8.75,0.25558000802993774,26.8493,-0.0837,0.0219
12/7/00,5.51,6.49,174,3.9,113.54000091552734,98.4,29.36,8.48,0.25558000802993774,26.8493,-0.0706,0.0213
12/8/00,5.55,6.47,174,3.9,114.05000305175781,98.4,28.31,8.13,0.2689729928970337,31.8137,-0.0518,0.0208
12/11/00,5.54,6.49,174,3.9,114.29000091552734,98.4,29.75,9.96,0.27120500802993774,32.6666,-0.0564,0.0199
12/12/00,5.53,6.43,174,3.9,114.26000213623047,98.4,29.81,8.58,0.2745540142059326,33.9668,-0.0516,0.0195
12/13/00,5.48,6.47,174,3.9,114.70999908447266,98.4,28.75,7.8,0.26785698533058167,32.6106,-0.0527,0.0189
12/14/00,5.45,6.53,174,3.9,113.37999725341797,98.4,28.06,7.48,0.2578130066394806,30.6672,-0.0733,0.0184
12/15/00,5.44,6.58,174,3.9,112.9000015258789,98.4,28.86,8.03,0.251116008,29.3874,-0.0697,0.0178
12/18/00,5.44,6.5,174,3.9,113.06999969482422,98.4,29.52,9.28,0.2544640004634857,30.9393,-0.0569,0.0173
12/19/00,5.47,6.47,174,3.9,113.20999908447266,98.4,29.34,9.11,0.25,30.0049,-0.0536,0.0174
12/20/00,5.42,6.47,174,3.9,111.97000122070312,98.4,25.83,9.95,0.2566959857940674,33.3022,-0.0319,0.0172
12/21/00,5.41,6.48,174,3.9,111.51000213623047,98.4,26.06,10.49,0.251116008,31.9378,-0.0451,0.0172
12/22/00,5.4,6.44,174,3.9,110.81999969482422,98.4,26.16,10.48,0.26785698533058167,39.7471,-0.0254,0.017
12/26/00,5.41,6.58,174,3.9,110.30999755859375,98.4,27,10.23,0.2622770071029663,38.1908,-0.0348,0.0166
12/27/00,5.45,6.53,174,3.9,110.31999969482422,98.4,26.55,9.58,0.264508992,39.1835,0.0075,0.0161
12/28/00,5.44,6.53,174,3.9,110.37999725341797,98.4,25.82,9.22,0.264508992,39.1835,0.0075,0.0156
12/29/00,5.46,5.41,174,3.9,109.55999755859375,98.4,26.72,10.48,0.265625,39.8372,-0.0027,0.015
1/2/01,5.35,6.67,175.1,4.2,108.7699966430664,94.7,27.29,9.97,0.265625,39.8372,-0.0047,0.0147
1/3/01,5.49,6.35,175.1,4.2,110.16999816894531,94.7,27.93,9.71,0.2924109995365143,52.4532,0.0149,0.0161
1/4/01,5.44,5.92,175.1,4.2,108.80999755859375,94.7,27.95,9.45,0.3046880066394806,56.9548,0.031,0.0172
1/5/01,5.41,5.83,175.1,4.2,108.41999816894531,94.7,28.02,10.03,0.2924109995365143,51.685,0.029,0.0174
1/8/01,5.42,5.98,175.1,4.2,108.86000061035156,94.7,27.44,10.31,0.295758992,52.9753,0.0376,0.0173
1/9/01,5.43,5.95,175.1,4.2,109.5199966430664,94.7,27.72,9.95,0.30691999197006226,57.0692,0.0442,0.0172
1/10/01,5.49,6.06,175.1,4.2,109.86000061035156,94.7,29.42,9.91,0.295758992,52.1773,0.0385,0.0172
1/11/01,5.55,6.05,175.1,4.2,109.01000213623047,94.7,29.42,8.95,0.3214290142059326,60.5097,0.0545,0.0184
1/12/01,5.63,5.98,175.1,4.2,109.36000061035156,94.7,30.07,8.75,0.30691999197006226,54.7328,0.0471,0.0181
1/16/01,5.6,6.2,175.1,4.2,110.11000061035156,94.7,30.19,8.16,0.3058040142059326,54.2508,0.0319,0.0181
1/17/01,5.52,5.94,175.1,4.2,110.80999755859375,94.7,29.77,7.85,0.3002229928970337,52.064,0.0319,0.018
1/18/01,5.47,5.93,175.1,4.2,109.94000244140625,94.7,30.42,7.09,0.33370500802993774,62.0538,0.0584,0.0188
1/19/01,5.56,5.92,175.1,4.2,110.66000366210938,94.7,32.12,7.61,0.3482140004634857,65.3995,0.0706,0.0184
1/22/01,5.61,6,175.1,4.2,110.23999786376953,94.7,32.21,7.7,0.34375,63.5374,0.0657,0.0183
1/23/01,5.65,5.97,175.1,4.2,110.23999786376953,94.7,31.66,7.02,0.3660709857940674,68.3844,0.0846,0.019
1/24/01,5.67,6.05,175.1,4.2,111.68000030517578,94.7,31.46,6.81,0.3660709857940674,68.3844,0.0621,0.0189
1/25/01,5.61,6.1,175.1,4.2,111.61000061035156,94.7,31.61,6.81,0.3560270071029663,63.9664,0.0433,0.0184
1/26/01,5.64,5.96,175.1,4.2,111.45999908447266,94.7,29.79,7,0.34933000802993774,61.0826,0.048,0.018
1/29/01,5.69,5.98,175.1,4.2,111.7699966430664,94.7,29.07,6.76,0.3872770071029663,69.4079,0.0772,0.0191
1/30/01,5.59,5.9,175.1,4.2,110.9800033569336,94.7,29.12,5.96,0.38839301466941833,69.6052,0.0686,0.0189
1/31/01,5.54,5.74,175.1,4.2,110.5199966430664,94.7,28.62,5.83,0.3861609995365143,68.5735,0.0761,0.0187
2/1/01,5.46,5.57,175.8,4.2,109.66000366210938,90.6,29.88,5.82,0.37723198533058167,64.6072,0.0469,0.0186
2/2/01,5.51,5.5,175.8,4.2,110.31999969482422,90.6,31.27,6.76,0.3683040142059326,60.8188,0.0516,0.0188
2/5/01,5.48,5.52,175.8,4.2,109.88999938964844,90.6,30.55,6.15,0.360491008,57.6861,0.0462,0.0184
2/6/01,5.51,5.48,175.8,4.2,110.7699966430664,90.6,30.27,5.59,0.37723198533058167,62.2188,0.0648,0.0186
2/7/01,5.52,5.5,175.8,4.2,110.88999938964844,90.6,31.27,5.67,0.3705359995365143,59.4885,0.031,0.0187
2/8/01,5.44,5.5,175.8,4.2,112.05999755859375,90.6,31.57,6.24,0.3705359995365143,59.4885,0.0188,0.0183
2/9/01,5.38,5.44,175.8,4.2,111.5199966430664,90.6,30.93,6.24,0.34151801466941833,48.5935,-0.002,0.0192
2/12/01,5.42,5.48,175.8,4.2,111.19000244140625,90.6,30.52,5.74,0.3515630066394806,51.9103,-0.0122,0.0191
2/13/01,5.43,5.46,175.8,4.2,111.95999908447266,90.6,30.12,5.58,0.34151801466941833,48.5377,-0.0208,0.0193
2/14/01,5.44,5.5,175.8,4.2,112.04000091552734,90.6,29.55,5.89,0.3482140004634857,50.8312,-0.0066,0.0192
2/15/01,5.5,5.57,175.8,4.2,113.19999694824219,90.6,28.96,5.35,0.358258992,54.0791,0.0075,0.0189
2/16/01,5.46,5.46,175.8,4.2,112.26000213623047,90.6,29.22,5.57,0.3392859995365143,47.6613,-0.0405,0.019
2/20/01,5.46,5.57,175.8,4.2,112.81999969482422,90.6,28.6,5.17,0.327008992,44.0008,-0.0518,0.019
2/21/01,5.49,5.5,175.8,4.2,113.12000274658203,90.6,28.64,5.2,0.3370540142059326,47.5234,-0.0414,0.0194
2/22/01,5.52,5.52,175.8,4.2,113.33999633789062,90.6,28.52,5.11,0.3359380066394806,47.181,-0.0348,0.0195
2/23/01,5.49,5.46,175.8,4.2,112.02999877929688,90.6,28.83,5.05,0.3359380066394806,47.181,-0.0272,0.0188
2/26/01,5.45,5.55,175.8,4.2,112.7699966430664,90.6,28.27,5.07,0.3482140004634857,51.8122,-0.0104,0.0187
2/27/01,5.34,5.49,175.8,4.2,112.33999633789062,90.6,28.26,5.07,0.34598198533058167,50.9065,-0.0263,0.0182
2/28/01,5.34,5.59,175.8,4.2,112.01000213623047,90.6,27.35,5.25,0.32589301466941833,43.8028,-0.0376,0.0183
3/1/01,5.29,5.59,176.2,4.3,111.27999877929688,91.5,27.78,5.25,0.3348209857940674,47.336,-0.0301,0.0187
3/2/01,5.38,5.52,176.2,4.3,111.16999816894531,91.5,27.89,5.06,0.34375,50.6756,0.002,0.0197
3/5/01,5.36,5.52,176.2,4.3,111.54000091552734,91.5,28.61,5.32,0.3638390004634857,57.2198,0.0102,0.0196
3/6/01,5.38,5.39,176.2,4.3,111.19999694824219,91.5,28.4,5.27,0.3839290142059326,62.6099,0.0358,0.0201
3/7/01,5.32,5.34,176.2,4.3,111.83000183105469,91.5,28.95,5.22,0.3794640004634857,60.7852,0.0263,0.0196
3/8/01,5.3,5.46,176.2,4.3,111.48999786376953,91.5,28.31,5.25,0.3716520071029663,57.6032,0.0113,0.019
3/9/01,5.32,5.42,176.2,4.3,111.44000244140625,91.5,27.97,5.13,0.36160698533058167,53.7468,0.0188,0.0185
3/12/01,5.31,5.5,176.2,4.3,112.01000213623047,91.5,27.91,4.98,0.3325890004634857,44.4243,0.0047,0.0195
3/13/01,5.34,5.5,176.2,4.3,113.11000061035156,91.5,27.45,5.08,0.34933000802993774,49.8289,0.0104,0.0196
3/14/01,5.28,5.48,176.2,4.3,113.69999694824219,91.5,26.49,4.99,0.36495500802993774,54.3086,0.0245,0.0204
3/15/01,5.29,5.52,176.2,4.3,114.70999908447266,91.5,26.56,5.27,0.3515630066394806,50.195,0.0132,0.0207
3/16/01,5.28,5.4,176.2,4.3,115.31999969482422,91.5,26.68,5.27,0.3504459857940674,49.8157,0.0018,0.0208
3/19/01,5.3,5.38,176.2,4.3,115.19999694824219,91.5,26.17,5.27,0.3671880066394806,54.7591,0.0179,0.0205
3/20/01,5.27,5.14,176.2,4.3,114.11000061035156,91.5,25.99,5.27,0.3515630066394806,49.8634,0.0217,0.0204
3/21/01,5.28,5.05,176.2,4.3,115.52999877929688,91.5,26.43,5.16,0.359375,52.1409,0.0206,0.0206
3/22/01,5.25,5.04,176.2,4.3,116.30000305175781,91.5,26.19,5.16,0.3861609995365143,59.1175,0.0357,0.0208
3/23/01,5.3,4.94,176.2,4.3,115.94000244140625,91.5,27.31,5.16,0.4107140004634857,64.277,0.0396,0.0214
3/26/01,5.36,5.03,176.2,4.3,115.20999908447266,91.5,27.4,5.23,0.38892900943756104,57.3824,0.0042,0.0227
3/27/01,5.45,5.04,176.2,4.3,115.43000030517578,91.5,27.62,5.47,0.408392996,61.3693,0.0244,0.0225
3/28/01,5.47,5.05,176.2,4.3,116.01000213623047,91.5,26.43,5.6,0.39589300751686096,57.64,0.0205,0.0223
3/29/01,5.48,5.19,176.2,4.3,116.5999984741211,91.5,26.47,5.31,0.4023210108280182,59.0192,0.0343,0.0228
3/30/01,5.46,5.29,176.2,4.3,117.37000274658203,91.5,26.37,5.35,0.39410701394081116,56.4883,0.0519,0.0227
4/2/01,5.49,5.3,176.9,4.4,117.33999633789062,88.4,25.7,5.25,0.38553598523139954,53.8912,0.0305,0.0224
4/3/01,5.48,5.1,176.9,4.4,115.62999725341797,88.4,26.65,5.25,0.36142900586128235,47.3041,-0.003,0.0224
4/4/01,5.5,5.01,176.9,4.4,115.08000183105469,88.4,27.16,5.24,0.3482140004634857,44.1206,-0.0029,0.0224
4/5/01,5.53,5.04,176.9,4.4,115.47000122070312,88.4,27.24,5.27,0.3726789951324463,50.7313,0.0188,0.024
4/6/01,5.46,4.94,176.9,4.4,114.75,88.4,27.07,5.33,0.36767899990081787,49.4438,0.0005,0.0235
4/9/01,5.5,4.98,176.9,4.4,115.20999908447266,88.4,27.45,5.45,0.36678600311279297,49.2037,0.0128,0.0232
4/10/01,5.63,4.96,176.9,4.4,116.0199966430664,88.4,28.47,5.55,0.39357098937034607,56.0931,0.0289,0.0239
4/11/01,5.6,4.95,176.9,4.4,116.12999725341797,88.4,28.42,5.45,0.38928601145744324,54.8121,0.0027,0.024
4/12/01,5.61,5.02,176.9,4.4,115.54000091552734,88.4,28.75,5.32,0.4003570079803467,57.5114,-0.0087,0.0243
4/16/01,5.7,5.17,176.9,4.4,116.18000030517578,88.4,28.81,5.48,0.38285699486732483,52.2032,-0.0051,0.0243
4/17/01,5.65,4.99,176.9,4.4,116.45999908447266,88.4,27.89,5.36,0.36428600549697876,47.222,-0.0372,0.0245
4/18/01,5.65,4.67,176.9,4.4,116.12999725341797,88.4,27.83,5.15,0.4069640040397644,57.3045,0.0093,0.0267
4/19/01,5.77,4.47,176.9,4.4,115.0199966430664,88.4,27.92,5.06,0.45928600430488586,65.904,0.048,0.028
4/20/01,5.79,4.38,176.9,4.4,114.31999969482422,88.4,27,5,0.44714298844337463,62.7453,0.0447,0.0272
4/23/01,5.73,4.4,176.9,4.4,114.7699966430664,88.4,26.97,5.09,0.4330359995365143,59.1958,0.04,0.0264
4/24/01,5.75,4.41,176.9,4.4,115.19999694824219,88.4,25.24,5.13,0.42910701036453247,58.2082,0.057,0.0258
4/25/01,5.78,4.54,176.9,4.4,114.9800033569336,88.4,25.93,4.98,0.4414289891719818,60.4375,0.0785,0.0254
4/26/01,5.71,4.57,176.9,4.4,114.45999908447266,88.4,28.47,4.92,0.4408929944038391,60.2869,0.0575,0.0251
4/27/01,5.81,4.51,176.9,4.4,115.62000274658203,88.4,28.35,4.83,0.4678570032119751,65.012,0.0844,0.025
4/30/01,5.78,4.67,176.9,4.4,115.8499984741211,88.4,28.48,4.73,0.45517900586128235,61.3177,0.0745,0.0256
5/1/01,5.75,4.61,177.7,4.3,115.30000305175781,92,28.37,4.55,0.4630360007286072,62.7311,0.0585,0.0252
5/2/01,5.71,4.35,177.7,4.3,115.16000366210938,92,27.89,4.54,0.474821001,64.8082,0.0721,0.0244
5/3/01,5.64,4.48,177.7,4.3,115.37999725341797,92,28.66,4.46,0.44571399688720703,56.4417,0.0382,0.0247
5/4/01,5.65,4.41,177.7,4.3,114.93000030517578,92,28.41,4.5,0.4598209857940674,59.1914,0.0648,0.0249
5/7/01,5.68,4.47,177.7,4.3,115.31999969482422,92,27.79,4.33,0.44571399688720703,55.4235,0.0686,0.0241
5/8/01,5.72,4.41,177.7,4.3,116.08000183105469,92,27.35,4.22,0.4387499988079071,53.6093,0.0268,0.024
5/9/01,5.67,4.43,177.7,4.3,116.05000305175781,92,28.39,4.15,0.42821401357650757,50.895,-0.0262,0.0233
5/10/01,5.75,4.51,177.7,4.3,116.37000274658203,92,28.5,4.17,0.4107140004634857,46.6683,-0.0307,0.0233
5/11/01,5.88,4.47,177.7,4.3,116.83999633789062,92,28.59,4.25,0.4080359935760498,46.0381,-0.0211,0.0224
5/14/01,5.85,4.43,177.7,4.3,117.13999938964844,92,28.83,4.28,0.41589298844337463,48.2459,-0.0111,0.0218
5/15/01,5.89,4.22,177.7,4.3,116.79000091552734,92,28.9,4.46,0.4139289855957031,47.7203,-0.0232,0.0229
5/16/01,5.86,4.04,177.7,4.3,116.13999938964844,92,28.77,4.46,0.4303570091724396,52.3922,-0.0089,0.023
5/17/01,5.8,4.04,177.7,4.3,116.12000274658203,92,29.02,4.2,0.42053601145744324,49.5419,-0.0399,0.0225
5/18/01,5.76,3.95,177.7,4.3,116.41000366210938,92,29.9,4.15,0.42017900943756104,49.4365,-0.0295,0.0215
5/21/01,5.75,4.02,177.7,4.3,116.5199966430664,92,29.96,4.14,0.42071399092674255,49.6096,-0.0357,0.0209
5/22/01,5.78,3.99,177.7,4.3,117.69000244140625,92,29.75,4.04,0.41964301466941833,49.2466,-0.0465,0.0202
5/23/01,5.79,3.97,177.7,4.3,118.29000091552734,92,28.85,4.11,0.41482099890708923,47.56,-0.026,0.0197
5/24/01,5.87,3.98,177.7,4.3,118.36000061035156,92,27.97,4.12,0.4142859876155853,47.3659,-0.0384,0.019
5/25/01,5.86,3.94,177.7,4.3,118.18000030517578,92,28.08,3.83,0.4064289927482605,44.4974,-0.0331,0.0185
5/29/01,5.86,4.09,177.7,4.3,118.22000122070312,92,28.76,3.86,0.38339298963546753,37.3549,-0.0466,0.0193
5/30/01,5.86,4.05,177.7,4.3,118.22000122070312,92,28.71,3.66,0.35321399569511414,30.4574,-0.0632,0.0202
5/31/01,5.78,4.24,177.7,4.3,119.06999969482422,92,28.39,3.73,0.35624998807907104,31.8212,-0.0459,0.0196
6/1/01,5.71,4.14,178,4.5,118.88999938964844,92.6,27.88,3.7,0.3730359971523285,38.9503,-0.0295,0.0194
6/4/01,5.69,4.03,178,4.5,119.19000244140625,92.6,28.14,3.98,0.368928999,37.9059,-0.0396,0.0187
6/5/01,5.66,3.93,178,4.5,118.69999694824219,92.6,27.84,3.93,0.3739289939403534,40.0146,-0.0337,0.0182
6/6/01,5.65,3.91,178,4.5,119.36000061035156,92.6,27.56,3.76,0.3701789975166321,38.9464,-0.0507,0.0176
6/7/01,5.72,3.92,178,4.5,119.08999633789062,92.6,27.91,3.68,0.38678601384162903,45.8421,-0.0284,0.0176
6/8/01,5.73,4.02,178,4.5,119.20999908447266,92.6,28.43,3.62,0.3807139992713928,43.8904,-0.0333,0.0174
6/11/01,5.69,4.03,178,4.5,120.05000305175781,92.6,28.94,3.91,0.35785698890686035,37.4296,-0.053,0.0176
6/12/01,5.65,3.98,178,4.5,119.61000061035156,92.6,29.13,4.05,0.36267900466918945,39.4542,-0.048,0.0174
6/13/01,5.66,4.04,178,4.5,119.02999877929688,92.6,28.81,4.13,0.36553600430488586,40.6791,-0.0415,0.0179
6/14/01,5.65,4.03,178,4.5,117.98999786376953,92.6,29.12,3.92,0.35499998927116394,37.6539,-0.05,0.0174
6/15/01,5.68,3.94,178,4.5,118.29000091552734,92.6,28.52,3.86,0.36500000953674316,42.0584,-0.0349,0.0177
6/18/01,5.7,3.91,178,4.5,118.36000061035156,92.6,27.55,3.91,0.36303600668907166,41.4391,-0.0172,0.0173
6/19/01,5.69,3.91,178,4.5,119.04000091552734,92.6,27.49,3.96,0.36053600907325745,40.6194,0.0062,0.0176
6/20/01,5.67,3.98,178,4.5,119.12999725341797,92.6,26.52,3.83,0.38696399331092834,51.5345,0.0259,0.0183
6/21/01,5.64,4.02,178,4.5,118.88999938964844,92.6,26.85,3.69,0.4016070067882538,56.3248,0.0241,0.0191
6/22/01,5.58,3.98,178,4.5,118.91000366210938,92.6,27.02,3.68,0.39750000834465027,54.6919,0.0241,0.019
6/25/01,5.59,3.97,178,4.5,118.31999969482422,92.6,27.11,3.56,0.42839300632476807,63.3082,0.0459,0.0195
6/26/01,5.65,3.75,178,4.5,118.06999969482422,92.6,26.97,3.46,0.42410698533058167,61.5592,0.0454,0.0192
6/27/01,5.62,3.68,178,4.5,118.37999725341797,92.6,25.67,3.39,0.41678598523139954,58.5818,0.0253,0.0194
6/28/01,5.68,3.86,178,4.5,120.01000213623047,92.6,25.75,3.2,0.42035698890686035,59.6081,0.0334,0.0191
6/29/01,5.75,3.95,178,4.5,119.43000030517578,92.6,26.37,2.91,0.4151790142059326,57.3875,0.0483,0.0198
7/2/01,5.7,4.11,177.5,4.6,119.66999816894531,92.4,26.02,2.92,0.42678600549697876,60.9031,0.054,0.0195
7/3/01,5.73,3.69,177.5,4.6,119.5999984741211,92.4,26.28,3,0.42571398615837097,60.4077,0.0507,0.0189
7/5/01,5.76,3.72,177.5,4.6,120.9000015258789,92.4,27.07,3.09,0.41410699486732483,55.1717,0.0498,0.0184
7/6/01,5.75,3.6,177.5,4.6,119.9000015258789,92.4,28.1,2.99,0.39339300990104675,47.2934,0.0239,0.0187
7/9/01,5.7,3.67,177.5,4.6,119.88999938964844,92.4,27.63,3.1,0.4053570032119751,51.593,0.0357,0.0188
7/10/01,5.68,3.71,177.5,4.6,119.12999725341797,92.4,27.22,3.2,0.3774999976158142,42.8318,0.0143,0.0198
7/11/01,5.69,3.78,177.5,4.6,118.63999938964844,92.4,27.07,3.21,0.4025000035762787,50.8915,0.0131,0.0201
7/12/01,5.65,3.78,177.5,4.6,119.08999633789062,92.4,26.85,3.29,0.4350000023841858,58.9865,0.0281,0.0211
7/13/01,5.64,3.75,177.5,4.6,119.33000183105469,92.4,26.57,3.15,0.4437499940395355,60.8573,0.039,0.0208
7/16/01,5.59,3.82,177.5,4.6,119.30000305175781,92.4,26.02,3.08,0.42785701155662537,55.8722,-0.0005,0.0206
7/17/01,5.59,3.71,177.5,4.6,118.9000015258789,92.4,25.33,3.14,0.44821399450302124,60.3522,0.0203,0.0215
7/18/01,5.52,3.73,177.5,4.6,117.37999725341797,92.4,24.65,3.15,0.3712500035762787,42.7014,-0.0384,0.025
7/19/01,5.53,3.77,177.5,4.6,117.33000183105469,92.4,24.65,3.01,0.35642901062965393,40.2596,-0.0539,0.025
7/20/01,5.54,3.8,177.5,4.6,117.20999908447266,92.4,25.67,2.97,0.35678601264953613,40.3481,-0.0492,0.0238
7/23/01,5.53,3.82,177.5,4.6,117.8499984741211,92.4,25.88,3.02,0.3489289879798889,38.9797,-0.0656,0.0232
7/24/01,5.52,3.82,177.5,4.6,117.12000274658203,92.4,26.18,3,0.3408930003643036,37.576,-0.0715,0.0228
7/25/01,5.58,3.89,177.5,4.6,116.63999938964844,92.4,26.71,3.06,0.32982099056243896,35.6702,-0.071,0.0226
7/26/01,5.59,3.87,177.5,4.6,116.73999786376953,92.4,26.74,3.26,0.33196398615837097,36.3432,-0.0518,0.022
7/27/01,5.55,3.75,177.5,4.6,116.94000244140625,92.4,26.98,3.06,0.3385710120201111,38.4801,-0.0563,0.0213
7/30/01,5.53,3.79,177.5,4.6,117.19999694824219,92.4,26.6,3.28,0.3380360007286072,38.3677,-0.0333,0.0207
7/31/01,5.51,3.82,177.5,4.6,117.18000030517578,92.4,26.7,3.31,0.33553600311279297,37.8123,-0.0564,0.0202
8/1/01,5.53,3.79,177.5,4.9,116.55999755859375,91.5,26.83,3.27,0.3403570055961609,39.6274,-0.0797,0.0198
8/2/01,5.57,3.68,177.5,4.9,116.27999877929688,91.5,27.86,3.15,0.3539290130138397,44.5349,-0.0757,0.0192
8/3/01,5.59,3.69,177.5,4.9,116.13999938964844,91.5,27.51,3.06,0.3482140004634857,42.9517,-0.0671,0.0188
8/6/01,5.59,3.73,177.5,4.9,116.41999816894531,91.5,27.7,3.07,0.341607004,41.1311,-0.0898,0.0182
8/7/01,5.6,3.69,177.5,4.9,116.83000183105469,91.5,28.17,3.16,0.34375,41.9899,-0.0232,0.0176
8/8/01,5.52,3.75,177.5,4.9,116.54000091552734,91.5,27.62,3.11,0.3375000059604645,40.1501,-0.0159,0.0176
8/9/01,5.54,3.77,177.5,4.9,115.25,91.5,27.72,3.1,0.3401789963245392,41.3364,-0.014,0.0168
8/10/01,5.52,3.7,177.5,4.9,115.29000091552734,91.5,28.12,2.99,0.3396430015563965,41.1607,-0.0078,0.0164
8/13/01,5.52,3.79,177.5,4.9,115.01000213623047,91.5,27.85,3,0.3408930003643036,41.7826,0,0.0159
8/14/01,5.51,3.76,177.5,4.9,114.38999938964844,91.5,28.1,3.05,0.33446401357650757,39.4719,0.0039,0.0155
8/15/01,5.52,3.83,177.5,4.9,113.19000244140625,91.5,27.51,3.15,0.32928600907325745,37.6649,-0.0023,0.0152
8/16/01,5.48,3.75,177.5,4.9,113.08000183105469,91.5,27.47,3.46,0.33303600549697876,39.8136,-0.0047,0.0149
8/17/01,5.43,3.66,177.5,4.9,112.98999786376953,91.5,26.65,3.24,0.3226790130138397,36.1112,-0.0129,0.0146
8/20/01,5.46,3.64,177.5,4.9,113.4000015258789,91.5,27.2,3.17,0.32357099652290344,36.6581,-0.0101,0.014
8/21/01,5.44,3.53,177.5,4.9,113.29000091552734,91.5,27.93,3.18,0.3199999928474426,35.3545,-0.0172,0.0134
8/22/01,5.44,3.51,177.5,4.9,113.2699966430664,91.5,27.17,3.2,0.32517901062965393,38.7553,-0.0242,0.0132
8/23/01,5.41,3.55,177.5,4.9,113.08999633789062,91.5,25.63,2.87,0.3180359899997711,35.9464,-0.0254,0.013
8/24/01,5.45,3.51,177.5,4.9,113.33000183105469,91.5,28.34,2.77,0.33160701394081116,44.2189,-0.0084,0.0132
8/27/01,5.47,3.54,177.5,4.9,113.38999938964844,91.5,26.69,2.61,0.3378570079803467,47.5768,-0.005,0.0134
8/28/01,5.41,3.5,177.5,4.9,113.43000030517578,91.5,27.16,2.57,0.32857099175453186,43.397,-0.0075,0.0133
8/29/01,5.36,3.5,177.5,4.9,113.54000091552734,91.5,27.07,2.46,0.3183929920196533,39.3193,-0.0184,0.0134
8/30/01,5.37,3.58,177.5,4.9,112.83999633789062,91.5,26.65,2.47,0.3183929920196533,39.3193,-0.0179,0.0134
8/31/01,5.39,3.66,177.5,4.9,113.41999816894531,91.5,26.65,2.15,0.33125001192092896,46.6615,-0.0081,0.0135
9/4/01,5.5,3.67,178.3,5,115.68000030517578,81.8,26.94,2.23,0.32589301466941833,44.2585,-0.0072,0.0135
9/5/01,5.48,3.49,178.3,5,115.5999984741211,81.8,27.03,2.34,0.33125001192092896,47.1875,0.0017,0.0134
9/6/01,5.41,3.52,178.3,5,114.97000122070312,81.8,27.54,2.43,0.3164289891719818,40.7999,-0.014,0.0138
9/7/01,5.39,3.44,178.3,5,114.05000305175781,81.8,27.99,2.36,0.3085710108280182,37.8731,-0.0119,0.0138
9/10/01,5.43,3.5,178.3,5,114.56999969482422,81.8,27.66,2.38,0.3101789951324463,38.8396,-0.0113,0.0134
9/17/01,5.41,2.13,178.3,5,112.01000213623047,81.8,28.84,2.36,0.30339300632476807,36.2738,-0.014,0.0142
9/18/01,5.55,1.25,178.3,5,111.91999816894531,81.8,27.81,2.18,0.29071399569511414,32.0178,-0.029,0.0149
9/19/01,5.56,1.19,178.3,5,111.61000061035156,81.8,26.73,2.13,0.30392900109291077,39.9288,-0.0119,0.0154
9/20/01,5.62,2.22,178.3,5,111.87000274658203,81.8,26.6,2.06,0.2800000011920929,32.5437,-0.0435,0.016
9/21/01,5.59,3.11,178.3,5,113.04000091552734,81.8,25.46,2.04,0.2808929979801178,33.0413,-0.048,0.0165
9/24/01,5.58,3.31,178.3,5,112.83999633789062,81.8,21.46,1.99,0.29374998807907104,39.9154,-0.0293,0.0165
9/25/01,5.58,3.11,178.3,5,112.27999877929688,81.8,21.63,1.94,0.2775000035762787,35.0217,-0.0345,0.0165
9/26/01,5.5,2.96,178.3,5,112.29000091552734,81.8,22.4,1.88,0.27053600549697876,33.1461,-0.0403,0.0164
9/27/01,5.45,3.08,178.3,5,112.9800033569336,81.8,22.8,1.9,0.276964009,36.5254,-0.0457,0.0159
9/28/01,5.42,2.75,178.3,5,113.4800033569336,81.8,23.44,1.8,0.276964009,36.5254,-0.0412,0.0153
10/1/01,5.38,3.02,177.7,5.3,113,82.7,23.12,1.74,0.2775000035762787,36.834,-0.0453,0.015
10/2/01,5.34,2.35,177.7,5.3,113.01000213623047,82.7,22.7,1.83,0.26875001192092896,33.9323,-0.0402,0.015
10/3/01,5.32,2.27,177.7,5.3,113.4000015258789,82.7,22.17,1.97,0.26750001311302185,33.526,-0.0346,0.0145
10/4/01,5.31,2.45,177.7,5.3,113.16000366210938,82.7,22.7,2.13,0.2835710048675537,42.9798,-0.0224,0.0148
10/5/01,5.31,2.42,177.7,5.3,112.91000366210938,82.7,22.32,2.11,0.2882139980792999,45.3958,-0.0128,0.015
10/8/01,.,2.42,177.7,5.3,112.58999633789062,82.7,22.25,2.02,0.2892859876155853,45.9648,-0.0012,0.0148
10/9/01,5.39,2.5,177.7,5.3,113.3499984741211,82.7,22.55,2.11,0.2857140004634857,44.3074,-0.0153,0.0144
10/10/01,5.36,2.42,177.7,5.3,113.69999694824219,82.7,22.51,2.22,0.30035701394081116,51.9564,0.0172,0.0143
10/11/01,5.41,2.42,177.7,5.3,114.44000244140625,82.7,23.49,2.41,0.316785991,58.7942,0.0302,0.0143
10/12/01,5.42,2.39,177.7,5.3,113.88999938964844,82.7,22.49,2.28,0.32160699367523193,60.568,0.0235,0.0146
10/15/01,5.38,2.51,177.7,5.3,113.81999969482422,82.7,22.37,2.26,0.32124999165534973,60.3607,0.0369,0.014
10/16/01,5.35,2.47,177.7,5.3,113.91999816894531,82.7,22.01,2.51,0.32160699367523193,60.5063,0.043,0.0135
10/17/01,5.32,2.51,177.7,5.3,114.37999725341797,82.7,21.89,2.61,0.30339300632476807,50.3518,0.0223,0.0141
10/18/01,5.32,2.5,177.7,5.3,114.3499984741211,82.7,21.33,2.39,0.3214290142059326,57.8882,0.0375,0.0144
10/19/01,5.36,2.47,177.7,5.3,114.86000061035156,82.7,21.99,2.31,0.32678601145744324,59.8383,0.0415,0.0139
10/22/01,5.36,2.52,177.7,5.3,115.75,82.7,21.78,2.61,0.3396430015563965,64.1314,0.0597,0.014
10/23/01,5.38,2.48,177.7,5.3,115.8499984741211,82.7,21.28,2.82,0.3239290118217468,56.2212,0.0475,0.0146
10/24/01,5.32,2.53,177.7,5.3,115.5999984741211,82.7,22,2.67,0.3383930027484894,60.9907,0.0462,0.015
10/25/01,5.28,2.54,177.7,5.3,115.55000305175781,82.7,21.75,3.15,0.3426789939403534,62.3012,0.0459,0.0151
10/26/01,5.27,2.51,177.7,5.3,115.6500015258789,82.7,22.07,3.06,0.33339300751686096,57.7725,0.0372,0.0147
10/29/01,5.25,2.55,177.7,5.3,114.44000244140625,82.7,22.1,3.21,0.3148210048675537,49.9518,0.0245,0.0148
10/30/01,5.22,2.55,177.7,5.3,114.3499984741211,82.7,21.83,3.11,0.3142859935760498,49.7426,0.0117,0.0148
10/31/01,4.89,2.66,177.7,5.3,114.86000061035156,82.7,21.2,3.07,0.3135710060596466,49.4453,-0.0027,0.0148
11/1/01,4.79,2.61,177.4,5.5,114.45999908447266,83.9,20.47,2.99,0.33196398615837097,56.6333,0.0087,0.0153
11/2/01,4.96,2.43,177.4,5.5,114.54000091552734,83.9,20.24,2.93,0.33160701394081116,56.4655,0.0087,0.015
11/5/01,4.86,2.45,177.4,5.5,114.54000091552734,83.9,20,2.87,0.3405359983444214,59.6832,0.0159,0.0147
11/6/01,4.86,2.13,177.4,5.5,114.80999755859375,83.9,19.93,2.72,0.3494639992713928,62.6557,0.0388,0.0148
11/7/01,4.79,2.04,177.4,5.5,114.9800033569336,83.9,20.11,2.73,0.349821001,62.7739,0.0239,0.0146
11/8/01,4.87,2.03,177.4,5.5,115.12999725341797,83.9,21.21,2.68,0.33410701155662537,54.5852,0.0062,0.015
11/9/01,4.88,1.98,177.4,5.5,115.08999633789062,83.9,22.23,2.61,0.33410701155662537,54.5852,-0.0047,0.0146
11/12/01,.,1.98,177.4,5.5,115.33999633789062,83.9,21.26,2.45,0.3348209857940674,54.8954,0.0092,0.0149
11/13/01,4.92,2.1,177.4,5.5,116.4000015258789,83.9,21.56,2.38,0.345892996,59.5113,0.0063,0.0146
11/14/01,5.02,2.16,177.4,5.5,116.19999694824219,83.9,19.63,2.29,0.350178987,61.1679,0.0063,0.0143
11/15/01,5.22,2.22,177.4,5.5,116.51000213623047,83.9,17.5,1.99,0.3473210036754608,59.4224,0.0117,0.014
11/16/01,5.3,1.98,177.4,5.5,116.41000366210938,83.9,18.09,1.69,0.3387500047683716,54.4062,0.0202,0.0142
11/19/01,5.22,2.01,177.4,5.5,116.93000030517578,83.9,17.74,2.08,0.35714301466941833,61.8486,0.0361,0.0143
11/20/01,5.3,1.97,177.4,5.5,116.62000274658203,83.9,18.71,2.55,0.3487499952316284,57.2558,0.0296,0.014
11/21/01,5.35,1.93,177.4,5.5,117.1500015258789,83.9,18.38,1.91,0.3514289855957031,58.3196,0.0164,0.0136
11/23/01,5.39,1.88,177.4,5.5,117.33000183105469,83.9,.,.,0.35428598523139954,59.4781,0.0191,0.0131
11/26/01,5.39,2.04,177.4,5.5,117.11000061035156,83.9,18.69,1.79,0.3816069960594177,68.4954,0.0346,0.014
11/27/01,5.37,2.01,177.4,5.5,116.88999938964844,83.9,19.57,1.87,0.375,64.7433,0.0215,0.0141
11/28/01,5.36,2.04,177.4,5.5,116.16999816894531,83.9,19.37,2.3,0.36660701036453247,60.2298,0.0141,0.0139
11/29/01,5.24,2.09,177.4,5.5,116.12999725341797,83.9,18.55,2.19,0.36464300751686096,59.1898,0.0257,0.0135
11/30/01,5.27,2.06,177.4,5.5,116.12999725341797,83.9,19.46,1.83,0.3803569972515106,64.4748,0.039,0.0138
12/3/01,5.26,2.05,176.7,5.7,115.95999908447266,88.8,20.27,2.1,0.3758929967880249,62.0176,0.0346,0.0136
12/4/01,5.22,1.93,176.7,5.7,116.08000183105469,88.8,19.71,2,0.4000000059604645,68.9083,0.0456,0.0146
12/5/01,5.35,1.89,176.7,5.7,116.41000366210938,88.8,19.62,1.89,0.42428600788116455,74.0214,0.0624,0.0155
12/6/01,5.47,1.87,176.7,5.7,115.62999725341797,88.8,18.69,1.81,0.4067859947681427,65.644,0.0501,0.0162
12/7/01,5.6,1.92,176.7,5.7,116.1500015258789,88.8,19.08,2.11,0.4025000035762787,63.7415,0.0537,0.0158
12/10/01,5.58,1.9,176.7,5.7,116.26000213623047,88.8,18.32,2.28,0.4025000035762787,63.7415,0.0382,0.0155
12/11/01,5.55,1.8,176.7,5.7,116.05000305175781,88.8,18.04,2.58,0.38892900943756104,57.6093,0.0339,0.0157
12/12/01,5.47,1.81,176.7,5.7,115.33000183105469,88.8,18.38,2.57,0.38374999165534973,55.4185,0.0272,0.0153
12/13/01,5.53,1.86,176.7,5.7,115.80000305175781,88.8,18.2,2.4,0.375,51.8317,0.0175,0.0153
12/14/01,5.59,1.88,176.7,5.7,114.93000030517578,88.8,19.31,2.4,0.36410701274871826,47.6934,-0.0147,0.0152
12/17/01,5.61,1.93,176.7,5.7,114.93000030517578,88.8,19.28,2.4,0.3682140111923218,49.336,-0.0057,0.015
12/18/01,5.52,1.71,176.7,5.7,115.1500015258789,88.8,19.38,2.4,0.3751789927482605,52.0836,0.0072,0.0151
12/19/01,5.45,1.71,176.7,5.7,115.4800033569336,88.8,19.37,2.4,0.38607099652290344,56.0944,0.0181,0.0153
12/20/01,5.43,1.79,176.7,5.7,115.58999633789062,88.8,18.67,2.4,0.3691070079803467,49.1889,-0.0095,0.0153
12/21/01,5.45,1.78,176.7,5.7,116.9800033569336,88.8,19.3,2.4,0.375,51.4259,-0.0008,0.0152
12/24/01,5.49,1.68,176.7,5.7,117.94000244140625,88.8,.,.,0.381428987,53.8146,-0.0156,0.0147
12/26/01,5.52,1.89,176.7,5.7,117.8499984741211,88.8,21.32,2.4,0.38374999165534973,54.6813,-0.0342,0.0149
12/27/01,5.49,1.85,176.7,5.7,117.56999969482422,88.8,21.07,2.4,0.39410701394081116,58.4295,-0.0107,0.0146
12/28/01,5.54,1.54,176.7,5.7,117.26000213623047,88.8,20.42,2.4,0.4005360007286072,60.6073,-0.0017,0.0147
12/31/01,5.48,1.52,176.7,5.7,116.75,88.8,19.96,2.4,0.39107099175453186,55.9593,-0.0096,0.0145
1/2/02,5.56,1.92,177.1,5.7,115.79000091552734,93,21.13,2.55,0.41607099771499634,63.8465,0.0229,0.015
1/3/02,5.54,1.72,177.1,5.7,116.11000061035156,93,20.65,2.58,0.42107099294662476,65.1893,0.0314,0.015
1/4/02,5.57,1.61,177.1,5.7,116.33000183105469,93,21.47,2.58,0.42303600907325745,65.7278,0.0405,0.0149
1/7/02,5.49,1.61,177.1,5.7,116.33000183105469,93,21.42,2.58,0.4089289903640747,58.7039,0.0378,0.0152
1/8/02,5.51,1.61,177.1,5.7,116.83000183105469,93,20.82,2.39,0.4037500023841858,56.3244,0.0299,0.0148
1/9/02,5.51,1.74,177.1,5.7,117.01000213623047,93,20.32,2.31,0.38660699129104614,49.213,0.0096,0.0155
1/10/02,5.42,1.81,177.1,5.7,116.87999725341797,93,20.48,2.32,0.3791069984436035,46.4498,-0.0059,0.0159
1/11/02,5.37,1.71,177.1,5.7,116.63999938964844,93,19.67,2.32,0.3758929967880249,45.2765,0.0057,0.0161
1/14/02,5.38,1.78,177.1,5.7,116.63999938964844,93,18.88,2.32,0.3776789903640747,46.0912,0.0023,0.0155
1/15/02,5.34,1.75,177.1,5.7,117.29000091552734,93,18.99,2.32,0.38749998807907104,50.4597,0.0051,0.015
1/16/02,5.36,1.69,177.1,5.7,117.58999633789062,93,18.96,2.38,0.3710710108280182,44.0321,-0.0107,0.0152
1/17/02,5.41,1.68,177.1,5.7,117.8499984741211,93,18.2,2.4,0.4014289975166321,55.3501,0.0062,0.0163
1/18/02,5.36,1.71,177.1,5.7,117.51000213623047,93,18.02,2.28,0.39589300751686096,53.2359,-0.0039,0.0158
1/22/02,5.39,1.84,177.1,5.7,117.75,93,18.36,2.28,0.38964301347732544,50.8733,-0.0012,0.0152
1/23/02,5.48,1.81,177.1,5.7,118.47000122070312,93,19.1,2.28,0.4110710024833679,57.7901,-0.0042,0.0157
1/24/02,5.47,1.8,177.1,5.7,118.63999938964844,93,19.57,2.13,0.41446399688720703,58.7797,-0.0056,0.0152
1/25/02,5.47,1.78,177.1,5.7,119.8499984741211,93,19.8,2.03,0.4151790142059326,58.9976,-0.0066,0.015
1/28/02,5.47,1.79,177.1,5.7,120.04000091552734,93,20.05,2.03,0.41553598642349243,59.114,0.0056,0.0148
1/29/02,5.4,1.78,177.1,5.7,119.62000274658203,93,19.3,2.03,0.4119639992713928,57.3603,0.0069,0.0145
1/30/02,5.41,1.78,177.1,5.7,119.7300033569336,93,19.11,2.28,0.43017899990081787,63.3344,0.0367,0.0147
1/31/02,5.44,1.85,177.1,5.7,120.23999786376953,93,19.71,2.28,0.4414289891719818,66.46,0.0525,0.0144
2/1/02,5.4,1.77,177.8,5.7,119.79000091552734,90.7,20.4,2.28,0.4358929991722107,63.5875,0.0506,0.014
2/4/02,5.35,1.74,177.8,5.7,118.9000015258789,90.7,20.02,2.28,0.45267900824546814,68.0912,0.0632,0.0144
2/5/02,5.35,1.64,177.8,5.7,119.4000015258789,90.7,20.06,2.28,0.45446398854255676,68.537,0.0564,0.0144
2/6/02,5.38,1.66,177.8,5.7,119.30000305175781,90.7,19.77,2.14,0.4405359923839569,61.3381,0.0585,0.0153
2/7/02,5.42,1.74,177.8,5.7,119.06999969482422,90.7,19.75,2.17,0.4339289963245392,58.2144,0.0274,0.0155
2/8/02,5.39,1.69,177.8,5.7,118.9800033569336,90.7,20.25,2.21,0.42910701036453247,55.9743,0.028,0.0158
2/11/02,5.41,1.76,177.8,5.7,118.44000244140625,90.7,21.29,2.22,0.44607099890708923,61.5767,0.0475,0.016
2/12/02,5.45,1.72,177.8,5.7,118.25,90.7,20.76,2.39,0.4412499964237213,59.2683,0.0254,0.0155
2/13/02,5.47,1.75,177.8,5.7,118.80000305175781,90.7,21.19,2.37,0.44660699367523193,61.017,0.0271,0.015
2/14/02,5.42,1.81,177.8,5.7,118.43000030517578,90.7,21.19,2.26,0.4392859935760498,57.3906,0.0203,0.0149
2/15/02,5.37,1.73,177.8,5.7,118.5999984741211,90.7,21.47,2.18,0.42678600549697876,51.737,0.0095,0.015
2/19/02,5.54,1.77,177.8,5.7,118.36000061035156,90.7,20.77,2.32,0.4039289951324463,43.3312,-0.0068,0.0155
2/20/02,5.53,1.76,177.8,5.7,118.93000030517578,90.7,20.31,2.41,0.4130359888076782,47.0244,-0.0144,0.0153
2/21/02,5.53,1.77,177.8,5.7,119.16000366210938,90.7,20.81,2.4,0.3839290142059326,38.4087,-0.0484,0.016
2/22/02,5.48,1.71,177.8,5.7,118.4800033569336,90.7,20.92,2.4,0.4060710072517395,46.4471,-0.0251,0.0164
2/25/02,5.51,1.8,177.8,5.7,119.12999725341797,90.7,20.24,2.4,0.42517900466918945,52.2395,-0.0232,0.0178
2/26/02,5.53,1.77,177.8,5.7,119.81999969482422,90.7,21.37,2.46,0.42267900705337524,51.4553,-0.0268,0.0177
2/27/02,5.51,1.76,177.8,5.7,119.56999969482422,90.7,21.4,2.49,0.39214301109313965,42.9702,-0.0408,0.02
2/28/02,5.54,1.83,177.8,5.7,119.16000366210938,90.7,21.78,2.49,0.38749998807907104,41.8404,-0.0391,0.0199
3/1/02,5.6,1.78,178.8,5.7,119.4000015258789,95.7,22.37,2.51,0.41874998807907104,51.1501,-0.0087,0.0204
3/4/02,5.61,1.68,178.8,5.7,118.80999755859375,95.7,22.55,2.66,0.4337500035762787,54.8832,-0.0104,0.0209
3/5/02,5.6,1.63,178.8,5.7,118.56999969482422,95.7,23.18,2.63,0.42017900943756104,51.0797,-0.0178,0.0205
3/6/02,5.67,1.71,178.8,5.7,117.95999908447266,95.7,23.32,2.52,0.4298210144042969,53.5433,-0.0141,0.0206
3/7/02,5.76,1.77,178.8,5.7,116.80000305175781,95.7,23.62,2.73,0.435357004,54.9459,-0.0033,0.0201
3/8/02,5.83,1.69,178.8,5.7,117.98999786376953,95.7,23.87,2.82,0.4403569996356964,56.2313,0.0114,0.0195
3/11/02,5.81,1.75,178.8,5.7,117.7300033569336,95.7,24.36,2.9,0.44749999046325684,58.0717,0.0367,0.0192
3/12/02,5.84,1.68,178.8,5.7,117.80000305175781,95.7,24.55,2.94,0.4414289891719818,55.9194,0.0239,0.0189
3/13/02,5.83,1.73,178.8,5.7,117.95999908447266,95.7,24.14,2.97,0.4373210072517395,54.4492,0.045,0.0183
3/14/02,5.9,1.79,178.8,5.7,117.29000091552734,95.7,24.48,2.78,0.4362500011920929,54.05,0.0254,0.0178
3/15/02,5.86,1.8,178.8,5.7,117.22000122070312,95.7,24.47,2.99,0.4455359876155853,56.993,0.0172,0.0173
3/18/02,5.83,1.71,178.8,5.7,117.5,95.7,25.03,3.15,0.441785991,55.4485,0.0161,0.0168
3/19/02,5.86,1.67,178.8,5.7,117.5,95.7,25.02,3.33,0.4437499940395355,56.1193,0.0435,0.0167
3/20/02,5.89,1.78,178.8,5.7,117.22000122070312,95.7,24.92,3.29,0.4449999928474426,56.5675,0.0484,0.0162
3/21/02,5.87,1.74,178.8,5.7,117.5199966430664,95.7,25.74,3.2,0.4333930015563965,51.3253,0.0123,0.0168
3/22/02,5.89,1.68,178.8,5.7,118.05000305175781,95.7,25.56,3.57,0.43017899990081787,49.945,-0.003,0.0163
3/25/02,5.91,1.75,178.8,5.7,118.0999984741211,95.7,25.69,3.46,0.41696399450302124,44.6309,-0.0027,0.0161
3/26/02,5.84,1.71,178.8,5.7,118.13999938964844,95.7,25.75,3.59,0.41892901062965393,45.5582,-0.0092,0.0156
3/27/02,5.86,1.69,178.8,5.7,118.54000091552734,95.7,25.79,3.35,0.41910699009895325,45.6473,-0.0137,0.015
3/28/02,5.91,1.77,178.8,5.7,118.62000274658203,95.7,26.21,3.18,0.42267900705337524,47.4984,-0.0149,0.0144
4/1/02,5.92,1.88,179.8,5.9,117.7699966430664,93,26.82,3.43,0.4367859959602356,54.1418,-0.009,0.0149
4/2/02,5.86,1.74,179.8,5.9,117.91999816894531,93,27.75,3.72,0.4298210144042969,50.7291,-0.0098,0.0145
4/3/02,5.82,1.81,179.8,5.9,117.68000030517578,93,27.55,3.68,0.42410698533058167,48.0527,-0.0111,0.0144
4/4/02,5.82,1.74,179.8,5.9,117.94000244140625,93,26.64,3.56,0.4446429908275604,56.8611,0.0071,0.0148
4/5/02,5.79,1.7,179.8,5.9,117.69000244140625,93,26.21,3.31,0.441785991,55.4523,-0.0032,0.0149
4/8/02,5.82,1.72,179.8,5.9,118.19999694824219,93,26.16,3.36,0.4385710060596466,53.8362,-0.0027,0.0149
4/9/02,5.79,1.68,179.8,5.9,117.58999633789062,93,25.45,3.25,0.4303570091724396,49.8388,-0.0113,0.0149
4/10/02,5.78,1.73,179.8,5.9,117.51000213623047,93,26.15,3.25,0.4403569996356964,54.2886,-0.0039,0.0149
4/11/02,5.78,1.83,179.8,5.9,117.37000274658203,93,24.93,3.14,0.443928987,55.7968,0.0089,0.0144
4/12/02,5.79,1.79,179.8,5.9,117.73999786376953,93,23.51,3.07,0.44749999046325684,57.3135,0.0146,0.014
4/15/02,5.76,1.84,179.8,5.9,117.63999938964844,93,24.53,3.27,0.4464290142059326,56.6851,0.0248,0.0134
4/16/02,5.78,1.68,179.8,5.9,117.37000274658203,93,24.92,3.44,0.45964300632476807,62.191,0.0343,0.0135
4/17/02,5.85,1.73,179.8,5.9,116.5999984741211,93,25.94,3.4,0.4662500023841858,64.6131,0.0397,0.0134
4/18/02,5.86,1.71,179.8,5.9,116.38999938964844,93,25.86,3.5,0.45375001430511475,57.1535,0.0262,0.0137
4/19/02,5.8,1.67,179.8,5.9,116.29000091552734,93,26.43,3.4,0.44607099890708923,53.0981,0.0078,0.0134
4/22/02,5.78,1.73,179.8,5.9,116.43000030517578,93,26.28,3.58,0.4380359947681427,49.1664,0.0069,0.0132
4/23/02,5.78,1.71,179.8,5.9,116.56999969482422,93,26.28,3.63,0.4330359995365143,46.8422,0.0075,0.013
4/24/02,5.72,1.76,179.8,5.9,116.1500015258789,93,26.28,3.53,0.42446398735046387,43.0823,-0.017,0.013
4/25/02,5.72,1.82,179.8,5.9,115.44999694824219,93,26.36,3.46,0.4307140111923218,46.4571,-0.0093,0.0129
4/26/02,5.73,1.79,179.8,5.9,115.04000091552734,93,27.12,3.32,0.4108929932117462,38.6335,-0.0233,0.0134
4/29/02,5.75,1.81,179.8,5.9,114.88999938964844,93,27.45,3.44,0.42785701155662537,46.8788,-0.0021,0.0136
4/30/02,5.72,1.82,179.8,5.9,115.19000244140625,93,27.32,3.65,0.4333930015563965,49.274,-0.0059,0.0133
5/1/02,5.69,1.88,179.8,5.8,114.54000091552734,96.9,26.58,3.79,0.42821401357650757,47.133,-0.0132,0.0134
5/2/02,5.72,1.79,179.8,5.8,114.87000274658203,96.9,26.31,3.65,0.42303600907325745,45.0261,-0.0206,0.0132
5/3/02,5.65,1.73,179.8,5.8,113.58999633789062,96.9,26.75,3.71,0.41982099413871765,43.7198,-0.0224,0.0129
5/6/02,5.66,1.75,179.8,5.8,113.66000366210938,96.9,26.11,3.61,0.4044640064239502,38.0411,-0.0465,0.0131
5/7/02,5.66,1.72,179.8,5.8,113.91999816894531,96.9,26.79,3.5,0.4012500047683716,36.959,-0.0548,0.013
5/8/02,5.77,1.71,179.8,5.8,114.91000366210938,96.9,27.76,3.74,0.4351789951324463,52.3623,-0.0156,0.0143
5/9/02,5.78,1.74,179.8,5.8,114.5199966430664,96.9,27.78,3.72,0.4319640100002289,51.0888,-0.0119,0.0139
5/10/02,5.72,1.74,179.8,5.8,113.94999694824219,96.9,27.92,3.7,0.4164290130138397,45.3478,-0.0182,0.0143
5/13/02,5.79,1.75,179.8,5.8,114.1500015258789,96.9,28.62,3.62,0.42750000953674316,49.6869,-0.0047,0.0145
5/14/02,5.84,1.69,179.8,5.8,115.08999633789062,96.9,29.17,3.75,0.4573209881782532,59.1052,0.0277,0.0154
5/15/02,5.82,1.84,179.8,5.8,114.12000274658203,96.9,28.17,3.6,0.45142900943756104,56.8409,0.0175,0.0155
5/16/02,5.8,1.76,179.8,5.8,114.12999725341797,96.9,28,3.45,0.45017901062965393,56.3477,0.0331,0.0151
5/17/02,5.84,1.7,179.8,5.8,113,96.9,28.19,3.41,0.44660699367523193,54.8827,0.0158,0.0153
5/20/02,5.78,1.72,179.8,5.8,112.81999969482422,96.9,28.24,3.44,0.441785991,52.8837,0.0071,0.0147
5/21/02,5.79,1.68,179.8,5.8,112.80000305175781,96.9,27.35,3.33,0.41892901062965393,44.5918,-0.0078,0.0154
5/22/02,5.75,1.73,179.8,5.8,112.33000183105469,96.9,27.01,3.39,0.4342859983444214,50.2374,0.0095,0.0154
5/23/02,5.78,1.76,179.8,5.8,112.79000091552734,96.9,26.6,3.38,0.44964298605918884,55.1579,0.0251,0.0156
5/24/02,5.78,1.75,179.8,5.8,112.80000305175781,96.9,26.69,3.21,0.4312500059604645,48.919,0.0226,0.0158
5/28/02,5.78,1.88,179.8,5.8,112.0999984741211,96.9,25.08,3.18,0.42821401357650757,47.9549,0.0227,0.0155
5/29/02,5.77,1.79,179.8,5.8,111.48999786376953,96.9,25.64,3.3,0.42821401357650757,47.9549,-0.0059,0.0154
5/30/02,5.74,1.8,179.8,5.8,111.16999816894531,96.9,24.78,3.33,0.4321430027484894,49.4501,0.0002,0.0153
5/31/02,5.75,1.79,179.8,5.8,111.80999755859375,96.9,25.37,3.15,0.41607099771499634,43.8943,-0.0003,0.0152
6/3/02,5.76,1.83,179.9,5.8,111.30000305175781,92.4,25.1,3.18,0.4091069996356964,41.7076,-0.0155,0.0151
6/4/02,5.75,1.73,179.9,5.8,111.08999633789062,92.4,25.32,3.31,0.4067859947681427,40.9748,-0.0426,0.0149
6/5/02,5.79,1.7,179.9,5.8,111.33999633789062,92.4,25.02,3.29,0.4057140052318573,40.6201,-0.0385,0.0144
6/6/02,5.77,1.75,179.9,5.8,110.83000183105469,92.4,24.89,3.29,0.39571401476860046,37.3684,-0.0459,0.0147
6/7/02,5.81,1.73,179.9,5.8,110.98999786376953,92.4,24.72,3.11,0.3821429908275604,33.4544,-0.0543,0.015
6/10/02,5.76,1.76,179.9,5.8,111.0999984741211,92.4,24.24,3.14,0.38357099890708923,34.2353,-0.049,0.0144
6/11/02,5.71,1.72,179.9,5.8,110.77999877929688,92.4,24.21,3.11,0.36535701155662537,29.4847,-0.0451,0.0148
6/12/02,5.68,1.75,179.9,5.8,111,92.4,24.79,3.15,0.35874998569488525,27.9686,-0.0636,0.0146
6/13/02,5.65,1.76,179.9,5.8,111.1500015258789,92.4,25.54,3.04,0.3489289879798889,25.8415,-0.0849,0.0143
6/14/02,5.59,1.75,179.9,5.8,110.76000213623047,92.4,25.9,3.13,0.35892900824546814,31.5498,-0.0609,0.0157
6/17/02,5.63,1.82,179.9,5.8,110.8499984741211,92.4,25.98,3.34,0.36678600311279297,35.7355,-0.0518,0.0154
6/18/02,5.62,1.71,179.9,5.8,110.19999694824219,92.4,25.36,3.23,0.35982099175453186,33.7646,-0.0576,0.015
6/19/02,5.58,1.69,179.9,5.8,109.66999816894531,92.4,25.57,3.24,0.3057140111923218,23.1037,-0.1065,0.0174
6/20/02,5.64,1.75,179.9,5.8,108.94000244140625,92.4,25.62,3.33,0.3055360019207001,23.0778,-0.0931,0.017
6/21/02,5.56,1.74,179.9,5.8,108.19000244140625,92.4,25.51,3.18,0.30089300870895386,22.3755,-0.0912,0.0165
6/24/02,5.62,1.77,179.9,5.8,108.20999908447266,92.4,26.31,3.33,0.3083930015563965,26.2783,-0.0829,0.0165
6/25/02,5.64,1.75,179.9,5.8,107.56999969482422,92.4,26.06,3.49,0.306071013,25.8452,-0.084,0.0162
6/26/02,5.6,1.78,179.9,5.8,106.55999755859375,92.4,26.67,3.92,0.29553601145744324,23.9183,-0.0844,0.0164
6/27/02,5.68,1.81,179.9,5.8,106.37000274658203,92.4,26.77,3.22,0.30464300513267517,28.856,-0.0653,0.0162
6/28/02,5.7,1.73,179.9,5.8,106.11000061035156,92.4,26.79,3.2,0.3164289891719818,34.7572,-0.0566,0.0159
7/1/02,5.67,1.83,180.1,5.8,106.51000213623047,88.1,26.79,3.28,0.30464300513267517,31.907,-0.0512,0.0156
7/2/02,5.64,1.72,180.1,5.8,106.80000305175781,88.1,26.83,3.17,0.30250000953674316,31.4028,-0.0474,0.0149
7/3/02,5.62,1.71,180.1,5.8,107.05000305175781,88.1,26.82,3.08,0.3133929967880249,36.8646,-0.0299,0.0148
7/5/02,5.7,1.72,180.1,5.8,107.66999816894531,88.1,.,.,0.33464300632476807,45.9121,-0.0205,0.015
7/8/02,5.66,1.75,180.1,5.8,106.30000305175781,88.1,26.14,3.06,0.32160699367523193,41.9415,-0.0381,0.0151
7/9/02,5.6,1.72,180.1,5.8,105.6500015258789,88.1,26.16,2.97,0.3130359947681427,39.5212,-0.0394,0.0149
7/10/02,5.53,1.74,180.1,5.8,106.01000213623047,88.1,26.73,3.04,0.3092859983444214,38.4751,0.003,0.0148
7/11/02,5.57,1.76,180.1,5.8,105.72000122070312,88.1,27.01,2.85,0.32678601145744324,45.6985,0.0179,0.0153
7/12/02,5.55,1.71,180.1,5.8,105.88999938964844,88.1,27.48,2.87,0.3126789927482605,41.4231,0.0098,0.0158
7/15/02,5.57,1.83,180.1,5.8,104.66999816894531,88.1,27.23,2.83,0.32553601264953613,46.3551,0.0144,0.0166
7/16/02,5.63,1.72,180.1,5.8,104.48999786376953,88.1,27.68,2.89,0.318928987,44.3183,0.0108,0.0165
7/17/02,5.62,1.71,180.1,5.8,104.41999816894531,88.1,27.88,2.97,0.279107004,34.4838,-0.0138,0.0182
7/18/02,5.62,1.74,180.1,5.8,104.47000122070312,88.1,27.5,2.85,0.26767900586128235,32.2706,-0.0311,0.0178
7/19/02,5.55,1.72,180.1,5.8,104.05999755859375,88.1,27.83,2.95,0.26714301109313965,32.1663,-0.0415,0.0172
7/22/02,5.5,1.77,180.1,5.8,104.75,88.1,26.61,3.01,0.26642900705337524,32.0179,-0.0322,0.0166
7/23/02,5.49,1.73,180.1,5.8,106.66000366210938,88.1,26.61,2.95,0.25839298963546753,30.3222,-0.0372,0.0162
7/24/02,5.57,1.67,180.1,5.8,105.5199966430664,88.1,26.78,2.91,0.27142900228500366,36.223,-0.0354,0.0161
7/25/02,5.54,1.75,180.1,5.8,105.12000274658203,88.1,26.67,3.05,0.256428987,32.7827,-0.0659,0.0162
7/26/02,5.52,1.69,180.1,5.8,106.61000061035156,88.1,26.55,2.94,0.256071001,32.703,-0.0552,0.0158
7/29/02,5.62,1.75,180.1,5.8,107.0999984741211,88.1,26.54,3.07,0.26821398735046387,38.2003,-0.0378,0.0155
7/30/02,5.59,1.71,180.1,5.8,106.80000305175781,88.1,27.43,2.97,0.2755360007286072,41.3132,-0.0284,0.0154
7/31/02,5.51,1.76,180.1,5.8,107.41000366210938,88.1,27.02,3.02,0.27250000834465027,40.4044,-0.0457,0.0149
8/1/02,5.51,1.79,180.7,5.7,107.0199966430664,87.6,26.51,3.07,0.26428601145744324,37.9705,-0.0406,0.0146
8/2/02,5.44,1.72,180.7,5.7,106.66999816894531,87.6,26.87,2.9,0.2580359876155853,36.1845,-0.0569,0.0143
8/5/02,5.41,1.77,180.7,5.7,107.2699966430664,87.6,26.55,2.81,0.2498210072517395,33.9259,-0.0582,0.0141
8/6/02,5.45,1.74,180.7,5.7,108.69000244140625,87.6,27.18,2.8,0.26321399211883545,40.4523,-0.0134,0.0144
8/7/02,5.44,1.71,180.7,5.7,107.8499984741211,87.6,26.58,2.73,0.26839300990104675,42.8048,0.0006,0.0145
8/8/02,5.44,1.71,180.7,5.7,108.66000366210938,87.6,26.67,2.75,0.2732140123844147,44.984,0.0051,0.0141
8/9/02,5.35,1.68,180.7,5.7,108.20999908447266,87.6,26.87,2.83,0.26785698533058167,43.0226,0.0012,0.0137
8/12/02,5.29,1.76,180.7,5.7,107.41000366210938,87.6,27.84,2.91,0.26767900586128235,42.9553,0.0078,0.0131
8/13/02,5.22,1.74,180.7,5.7,107.11000061035156,87.6,28.35,3.01,0.26053598523139954,40.2459,-0.0092,0.0128
8/14/02,5.08,1.78,180.7,5.7,106.79000091552734,87.6,28.19,3.03,0.27089300751686096,45.6036,0.0122,0.0128
8/15/02,5.17,1.87,180.7,5.7,106.72000122070312,87.6,28.99,2.92,0.2787500023841858,49.3163,0.0191,0.0127
8/16/02,5.24,1.7,180.7,5.7,106.72000122070312,87.6,29.24,3.1,0.2823210060596466,50.9549,0.0119,0.0126
8/19/02,5.21,1.72,180.7,5.7,107.5199966430664,87.6,29.86,3.1,0.2853569984436035,52.3647,0.0083,0.0123
8/20/02,5.14,1.7,180.7,5.7,107.30999755859375,87.6,30.12,3.25,0.2841069996356964,51.7056,0.0098,0.012
8/21/02,5.19,1.72,180.7,5.7,107.13999938964844,87.6,30.37,3.22,0.2878569960594177,53.5926,0.0199,0.012
8/22/02,5.27,1.73,180.7,5.7,108.12999725341797,87.6,30.11,3.36,0.2851789891719818,52.0289,0.0229,0.0118
8/23/02,5.25,1.72,180.7,5.7,107.97000122070312,87.6,29.99,3.48,0.2808929979801178,49.5382,0.0262,0.0115
8/26/02,5.22,1.81,180.7,5.7,107.86000061035156,87.6,29.23,3.51,0.2773210108280182,47.4976,0.0119,0.0115
8/27/02,5.25,1.79,180.7,5.7,106.7699966430664,87.6,28.84,3.47,0.26517900824546814,41.2727,-0.0027,0.0118
8/28/02,5.21,1.8,180.7,5.7,107.08000183105469,87.6,28.31,3.31,0.26249998807907104,40.0266,-0.009,0.0115
8/29/02,5.18,1.82,180.7,5.7,106.69999694824219,87.6,28.83,3.25,0.26249998807907104,40.0266,-0.0045,0.0113
8/30/02,5.11,1.81,180.7,5.7,106.9800033569336,87.6,28.97,3.12,0.26339301466941833,40.7185,-0.0036,0.0111
9/3/02,5.02,1.87,181,5.7,105.56999969482422,86.1,27.76,3.1,0.2508929967880249,34.6849,-0.0081,0.011
9/4/02,4.98,1.74,181,5.7,106.0999984741211,86.1,28.28,3.13,0.25857099890708923,40.5159,-0.0104,0.011
9/5/02,4.98,1.75,181,5.7,105.9800033569336,86.1,29.06,3.2,0.2532140016555786,37.9691,-0.0215,0.0107
9/6/02,5.07,1.71,181,5.7,106.83999633789062,86.1,29.51,3.39,0.2567859888076782,40.6476,-0.0215,0.0104
9/9/02,5.04,1.76,181,5.7,107.0999984741211,86.1,29.8,3.24,0.2566069960594177,40.5533,-0.0242,0.0101
9/10/02,5.03,1.74,181,5.7,107.5199966430664,86.1,29.62,3.35,0.2558929920196533,40.1521,-0.0238,0.0098
9/11/02,5.08,1.72,181,5.7,107.62000274658203,86.1,29.77,3.33,0.2551789879798889,39.7288,-0.0275,0.0096
9/12/02,5.03,1.74,181,5.7,107.16000366210938,86.1,28.95,3.22,0.2524999976158142,38.1064,-0.0275,0.0093
9/13/02,4.97,1.72,181,5.7,108.05999755859375,86.1,29.83,3.37,0.2530359923839569,38.6461,-0.0235,0.009
9/16/02,4.95,1.83,181,5.7,108.23999786376953,86.1,29.14,3.45,0.2589290142059326,44.3898,-0.0155,0.0088
9/17/02,4.96,1.72,181,5.7,108.33000183105469,86.1,29.08,3.46,0.26428601145744324,49.0588,-0.0008,0.0088
9/18/02,4.95,1.68,181,5.7,107.76000213623047,86.1,29.57,3.8,0.26821398735046387,52.2264,0.0048,0.0088
9/19/02,4.9,1.69,181,5.7,107,86.1,29.49,3.9,0.26035699248313904,46.0578,-0.0018,0.0087
9/20/02,4.95,1.7,181,5.7,107.52999877929688,86.1,29.65,3.95,0.26553601026535034,50.2303,0.0018,0.0086
9/23/02,4.88,1.74,181,5.7,107.86000061035156,86.1,30.85,3.87,0.26517900824546814,49.9433,0.012,0.0085
9/24/02,4.84,1.75,181,5.7,107.5199966430664,86.1,30.79,4,0.2614290118217468,46.9132,0.0024,0.0084
9/25/02,4.91,1.79,181,5.7,107.79000091552734,86.1,30.69,3.76,0.26660698652267456,51.3068,0.0113,0.0083
9/26/02,4.93,1.8,181,5.7,107.68000030517578,86.1,30.31,3.61,0.26249998807907104,47.9195,0.0048,0.0084
9/27/02,4.91,1.78,181,5.7,107.52999877929688,86.1,30.53,3.76,0.26285699009895325,48.2395,0.0053,0.0082
9/30/02,4.88,1.85,181,5.7,106.87000274658203,86.1,30.59,4.09,0.2589290142059326,44.9664,0.0026,0.0083
10/1/02,5.01,1.85,181.3,5.7,107.06999969482422,80.6,30.71,4.41,0.25910699367523193,45.1486,0.0033,0.0083
10/2/02,4.98,1.75,181.3,5.7,107.16000366210938,80.6,30.59,4.27,0.2530359923839569,40.2677,0.0005,0.0083
10/3/02,4.99,1.76,181.3,5.7,106.97000122070312,80.6,29.73,4.23,0.2553569972515106,42.8134,0.002,0.0083
10/4/02,5,1.72,181.3,5.7,107.5999984741211,80.6,29.65,3.86,0.2505359947681427,39.0875,-0.0071,0.0081
10/7/02,4.98,1.74,181.3,5.7,107.55000305175781,80.6,29.65,3.77,0.24589300155639648,35.8519,-0.0155,0.008
10/8/02,4.99,1.72,181.3,5.7,108.06999969482422,80.6,29.56,3.86,0.24428600072860718,34.8947,-0.02,0.0081
10/9/02,4.95,1.73,181.3,5.7,106.94000244140625,80.6,29.31,3.91,0.24267899990081787,33.8014,-0.0147,0.008
10/10/02,4.98,1.75,181.3,5.7,107.19999694824219,80.6,28.96,3.93,0.2519640028476715,44.6014,-0.0113,0.0081
10/11/02,5.06,1.73,181.3,5.7,107.25,80.6,29.36,3.8,0.25910699367523193,51.0514,-0.0051,0.0083
10/14/02,.,1.73,181.3,5.7,107.1500015258789,80.6,30.06,4.19,0.26374998688697815,54.8274,0.002,0.0082
10/15/02,5.22,1.88,181.3,5.7,107.77999877929688,80.6,29.73,4.19,0.27071401476860046,59.8328,0.0035,0.0082
10/16/02,5.23,1.73,181.3,5.7,107.62999725341797,80.6,29.28,4.1,0.25999999046325684,50.5522,-0.0021,0.0083
10/17/02,5.31,1.74,181.3,5.7,108.37000274658203,80.6,29.61,4.1,0.2519640028476715,44.9242,-0.0092,0.0084
10/18/02,5.32,1.71,181.3,5.7,108.5199966430664,80.6,29.56,4.11,0.256071001,48.1043,-0.0024,0.0082
10/21/02,5.36,1.73,181.3,5.7,108.2300033569336,80.6,28.31,4.23,0.25999999046325684,51.0178,0.0008,0.0083
10/22/02,5.36,1.71,181.3,5.7,107.94000244140625,80.6,27.93,4.2,0.26249998807907104,52.8325,0.008,0.0084
10/23/02,5.39,1.76,181.3,5.7,108,80.6,28.19,4.24,0.26571398973464966,55.1341,0.0087,0.0083
10/24/02,5.35,1.8,181.3,5.7,107.91000366210938,80.6,27.87,4.3,0.26232099533081055,52.2366,0.0099,0.0084
10/25/02,5.31,1.82,181.3,5.7,107.91999816894531,80.6,27.09,4.12,0.2753570079803467,60.7675,0.0248,0.0087
10/28/02,5.35,1.79,181.3,5.7,107.16000366210938,80.6,27.25,4.16,0.2787500023841858,62.638,0.0289,0.0089
10/29/02,5.28,1.75,181.3,5.7,107.06999969482422,80.6,26.81,4.2,0.2757140100002289,59.8868,0.0277,0.0092
10/30/02,5.3,1.72,181.3,5.7,107.06999969482422,80.6,26.85,4.34,0.2853569984436035,65.1265,0.028,0.0096
10/31/02,5.28,1.82,181.3,5.7,106.63999938964844,80.6,27.18,4.39,0.2869639992713928,65.9253,0.0235,0.0094
11/1/02,5.3,1.74,181.3,5.9,106.08000183105469,84.2,27.04,4.07,0.29214298725128174,68.4345,0.0239,0.0094
11/4/02,5.31,1.71,181.3,5.9,106.12000274658203,84.2,26.89,3.94,0.30160701274871826,72.4303,0.026,0.0099
11/5/02,5.33,1.64,181.3,5.9,105.87000274658203,84.2,26.06,3.9,0.30178600549697876,72.501,0.0352,0.0098
11/6/02,5.35,1.48,181.3,5.9,105.5999984741211,84.2,25.72,3.92,0.3075000047683716,74.7348,0.0468,0.0098
11/7/02,5.17,1.27,181.3,5.9,104.97000122070312,84.2,25.36,3.9,0.2857140004634857,56.0435,0.025,0.0106
11/8/02,5.05,1.18,181.3,5.9,104.5,84.2,25.83,3.76,0.2828570008277893,54.1314,0.0193,0.0106
11/11/02,.,1.18,181.3,5.9,104.56999969482422,84.2,26.02,3.83,0.27071401476860046,46.8201,0.0069,0.0106
11/12/02,5.05,1.29,181.3,5.9,104.66000366210938,84.2,26.19,3.83,0.2792859971523285,51.7719,0.0114,0.0108
11/13/02,5.01,1.17,181.3,5.9,105.0999984741211,84.2,25.28,3.83,0.2783930003643036,51.2367,0.0135,0.0109
11/14/02,5.16,1.29,181.3,5.9,105.20999908447266,84.2,25.4,3.9,0.29107099771499634,57.8931,0.0132,0.011
11/15/02,5.12,1.35,181.3,5.9,105.04000091552734,84.2,25.5,3.92,0.2848210036754608,53.9812,0.0051,0.0108
11/18/02,5.1,1.21,181.3,5.9,105.19999694824219,84.2,26.71,4.18,0.2794640064239502,50.812,0.0032,0.0108
11/19/02,5.06,1.2,181.3,5.9,105.66999816894531,84.2,26.41,4.25,0.27267900109291077,47.0443,-0.0107,0.0108
11/20/02,5.14,1.23,181.3,5.9,105.87000274658203,84.2,27,4.27,0.2773210108280182,49.7877,-0.0081,0.0105
11/21/02,5.2,1.27,181.3,5.9,105.80999755859375,84.2,27.07,4.24,0.29196399450302124,57.3009,-0.0002,0.0107
11/22/02,5.22,1.25,181.3,5.9,106.12000274658203,84.2,27.73,4.32,0.2858929932117462,53.7122,-0.0132,0.0104
11/25/02,5.23,1.32,181.3,5.9,106.54000091552734,84.2,27.01,4.34,0.2851789891719818,53.2893,-0.014,0.0102
11/26/02,5.15,1.26,181.3,5.9,106.52999877929688,84.2,26.6,4.23,0.275178999,47.6354,-0.0272,0.0102
11/27/02,5.28,1.27,181.3,5.9,106.7699966430664,84.2,26.87,4.19,0.2807140052318573,50.7505,-0.0042,0.0099
11/29/02,5.23,1.23,181.3,5.9,106.41000366210938,84.2,.,.,0.2767859995365143,48.5435,-0.0051,0.0097
12/2/02,5.22,1.27,180.9,6,106.3499984741211,86.7,27.27,4.23,0.2710709869861603,45.4475,0.0003,0.0102
12/3/02,5.23,1.24,180.9,6,106.37000274658203,86.7,27.34,4.35,0.27071401476860046,45.2533,-0.0072,0.0097
12/4/02,5.19,1.23,180.9,6,106.13999938964844,86.7,26.8,4.24,0.26732099056243896,43.3573,-0.0093,0.0098
12/5/02,5.16,1.24,180.9,6,106.0999984741211,86.7,27.27,4.35,0.26124998927116394,40.1181,-0.0251,0.0097
12/6/02,5.15,1.21,180.9,6,105.36000061035156,86.7,27.03,4.39,0.26696398854255676,44.3334,-0.015,0.0097
12/9/02,5.12,1.22,180.9,6,105.23999786376953,86.7,27.29,4.32,0.26339301466941833,42.3279,-0.0135,0.0093
12/10/02,5.09,1.22,180.9,6,105.37000274658203,86.7,27.73,4.4,0.27285701036453247,48.922,0.0002,0.0094
12/11/02,5.04,1.29,180.9,6,105.3499984741211,86.7,27.49,4.63,0.2766070067882538,51.298,-0.0006,0.0092
12/12/02,5.07,1.29,180.9,6,104.51000213623047,86.7,28.2,4.81,0.27125000953674316,47.872,-0.0175,0.0091
12/13/02,5.15,1.25,180.9,6,103.9800033569336,86.7,28.39,5.05,0.26410698890686035,43.6828,-0.0184,0.009
12/16/02,5.21,1.36,180.9,6,104.05999755859375,86.7,30.15,5.31,0.26517900824546814,44.4678,-0.0169,0.0089
12/17/02,5.24,1.26,180.9,6,103.51000213623047,86.7,30.04,5.13,0.26928600668907166,47.4894,-0.005,0.0089
12/18/02,5.2,1.25,180.9,6,103.62999725341797,86.7,30.41,4.98,0.2601790130138397,42.0285,-0.0173,0.0088
12/19/02,5.15,1.28,180.9,6,103.4800033569336,86.7,30.57,5.14,0.2535710036754608,38.5638,-0.0196,0.0091
12/20/02,5.12,1.26,180.9,6,103.45999908447266,86.7,30.57,5.05,0.2524999976158142,38.0165,-0.0156,0.0093
12/23/02,5.13,1.28,180.9,6,103.63999938964844,86.7,32.09,5.03,0.25874999165534973,43.0903,-0.0101,0.0091
12/24/02,5.11,1.15,180.9,6,103.25,86.7,32.13,5.03,0.256428987,41.7242,-0.0092,0.0086
12/26/02,5.11,1.28,180.9,6,102.81999969482422,86.7,32.61,4.98,0.2571429908275604,42.33,-0.0035,0.0086
12/27/02,5.06,1.2,180.9,6,102.41000366210938,86.7,32.68,4.81,0.2510710060596466,38.6516,-0.0134,0.0084
12/30/02,5.02,1.23,180.9,6,102.01000213623047,86.7,31.41,4.74,0.2512499988079071,38.82,-0.0102,0.0081
12/31/02,5.03,1.16,180.9,6,101.8499984741211,86.7,31.21,4.59,0.2558929920196533,43.1865,-0.0143,0.008
1/2/03,5.18,1.3,181.7,5.8,102.9800033569336,82.4,31.97,4.93,0.26428601145744324,50.1173,-0.0104,0.0081
1/3/03,5.18,1.12,181.7,5.8,102.47000122070312,82.4,33.26,5.13,0.26607099175453186,51.4737,-0.0044,0.0078
1/6/03,5.2,1.22,181.7,5.8,101.97000122070312,82.4,32.29,4.94,0.26607099175453186,51.4737,0.0017,0.0078
1/7/03,5.18,1.2,181.7,5.8,102.56999969482422,82.4,31.2,4.89,0.26517900824546814,50.6746,0,0.0078
1/8/03,5.13,1.29,181.7,5.8,101.87000274658203,82.4,30.66,5.07,0.25982099771499634,46.0551,-0.008,0.0077
1/9/03,5.27,1.29,181.7,5.8,101.94000244140625,82.4,31.95,5.05,0.26214298605918884,48.2563,0.0017,0.0076
1/10/03,5.24,1.25,181.7,5.8,101.2300033569336,82.4,31.59,5.19,0.26285699009895325,48.9467,0.0078,0.0074
1/13/03,5.23,1.26,181.7,5.8,101.47000122070312,82.4,32.08,5.23,0.26124998927116394,47.4139,0.0074,0.0075
1/14/03,5.19,1.24,181.7,5.8,101.20999908447266,82.4,32.42,5.25,0.26089298725128174,47.0613,0.0018,0.0073
1/15/03,5.17,1.3,181.7,5.8,101.33999633789062,82.4,33.23,5.21,0.2576789855957031,43.8966,0.0011,0.0072
1/16/03,5.16,1.24,181.7,5.8,100.79000091552734,82.4,33.58,5.5,0.26107099652290344,47.8807,0.0033,0.0073
1/17/03,5.13,1.2,181.7,5.8,100.55000305175781,82.4,33.88,5.66,0.2517859935760498,39.5936,0.0006,0.0074
1/21/03,5.11,1.31,181.7,5.8,100.2300033569336,82.4,34.62,5.47,0.2503570020198822,38.4899,-0.0008,0.0073
1/22/03,5.07,1.26,181.7,5.8,100.2300033569336,82.4,34.32,5.72,0.247857004,36.5687,-0.0068,0.0071
1/23/03,5.08,1.27,181.7,5.8,99.86000061035156,82.4,33.9,6.55,0.2530359923839569,42.9239,-0.0095,0.0072
1/24/03,5.05,1.21,181.7,5.8,99.22000122070312,82.4,34.98,5.91,0.24642899632453918,37.7299,-0.0165,0.0074
1/27/03,5.06,1.3,181.7,5.8,99.26000213623047,82.4,32.43,5.91,0.2523210048675537,44.2137,-0.0116,0.0078
1/28/03,5.06,1.23,181.7,5.8,99.48000336,82.4,32.7,5.52,0.26035699248313904,51.6125,-0.0041,0.0078
1/29/03,5.11,1.26,181.7,5.8,99.27999877929688,82.4,33.54,5.61,0.26660698652267456,51.6125,0.0005,0.0078
1/30/03,5.06,1.29,181.7,5.8,99.51999664,82.4,33.78,5.76,0.2557139992713928,47.4,-0.0054,0.0081
1/31/03,5.03,1.33,181.7,5.8,99.91000366210938,82.4,33.51,5.58,0.256428987,48.1018,-0.0054,0.0081
2/3/03,5.01,1.3,183.1,5.9,99.90000153,79.9,32.84,5.71,0.26178601384162903,53.1504,0.0005,0.0081
2/4/03,4.99,1.21,183.1,5.9,99.13999938964844,79.9,33.61,6.26,0.26071399450302124,52.0596,-0.0002,0.0079
2/5/03,5.02,1.21,183.1,5.9,99.65000153,79.9,33.91,6.22,0.2580359876155853,49.3338,0.0003,0.0078
2/6/03,4.99,1.23,183.1,5.9,99.45999908447266,79.9,34.36,6.08,0.2576789855957031,48.9656,-0.0029,0.0077
2/7/03,4.98,1.21,183.1,5.9,99.56999969482422,79.9,35.05,6.3,0.2526789903640747,44.0137,0.0008,0.0077
2/10/03,5.04,1.25,183.1,5.9,100.2699966430664,79.9,34.46,6.35,0.2562499940395355,48.0547,0.005,0.0077
2/11/03,5.06,1.22,183.1,5.9,100.38999938964844,79.9,35.43,6.19,0.2562499940395355,48.0547,0.0071,0.0076
2/12/03,5.08,1.23,183.1,5.9,100.51000213623047,79.9,35.83,6.19,0.2569639980792999,48.91,0.0033,0.0074
2/13/03,5.04,1.28,183.1,5.9,99.58999633789062,79.9,36.63,5.81,0.25964298844337463,52.0956,0.0111,0.0073
2/14/03,5.09,1.3,183.1,5.9,100.04000091552734,79.9,36.61,5.88,0.26196399331092834,54.73,0.0081,0.0072
2/18/03,5.1,1.35,183.1,5.9,100.52999877929688,79.9,36.88,6.09,0.27267900109291077,64.448,0.0104,0.0074
2/19/03,5.04,1.24,183.1,5.9,100,79.9,37.02,6.1,0.26517900824546814,55.4713,0.0041,0.0075
2/20/03,5.04,1.25,183.1,5.9,99.55000305175781,79.9,36.45,6.38,0.26374998688697815,53.9304,0.0068,0.0072
2/21/03,5.08,1.21,183.1,5.9,100.08999633789062,79.9,36.76,6.73,0.26785698533058167,57.5788,0.0096,0.0071
2/24/03,5.05,1.25,183.1,5.9,99.66000366210938,79.9,37.29,11.98,0.26321399211883545,52.5158,0.0012,0.0079
2/25/03,5.01,1.28,183.1,5.9,99.83000183105469,79.9,36.06,18.48,0.26821398735046387,56.9101,0.0063,0.0079
2/26/03,4.97,1.28,183.1,5.9,99.62000274658203,79.9,37.96,10.47,0.2589290142059326,48.022,0.0008,0.0079
2/27/03,4.98,1.31,183.1,5.9,99.80999755859375,79.9,36.83,8.42,0.26535698771476746,53.4431,0.0065,0.0079
2/28/03,4.9,1.33,183.1,5.9,99.70999908447266,79.9,36.76,10.81,0.26803600788116455,55.5246,0.0129,0.0077
3/3/03,4.92,1.33,184.2,5.9,99.09999847,77.6,36.1,8.51,0.26160699129104614,49.7732,0.0045,0.0078
3/4/03,4.91,1.2,184.2,5.9,99.12999725341797,77.6,36.95,7.71,0.25999999046325684,48.4228,0.0032,0.0076
3/5/03,4.9,1.22,184.2,5.9,98.27999877929688,77.6,36.86,7.8,0.26107099652290344,49.4082,0.0035,0.0074
3/6/03,4.93,1.23,184.2,5.9,98.30999755859375,77.6,37.21,7.57,0.25999999046325684,48.4121,0.0003,0.0071
3/7/03,4.9,1.2,184.2,5.9,98.04000091552734,77.6,37.76,7.42,0.25946399569511414,47.8922,-0.0021,0.007
3/10/03,4.9,1.23,184.2,5.9,97.84999847,77.6,37.18,6.78,0.2566069960594177,45.1097,-0.0135,0.0069
3/11/03,4.9,1.21,184.2,5.9,97.98999786376953,77.6,36.81,6.25,0.2541069984436035,42.7682,-0.0093,0.0068
3/12/03,4.85,1.23,184.2,5.9,98.16000366210938,77.6,37.87,5.8,0.2539289891719818,42.5981,-0.0083,0.0067
3/13/03,4.95,1.31,184.2,5.9,99.55000305175781,77.6,36.05,5.71,0.26285699009895325,52.7222,-0.0042,0.0069
3/14/03,4.93,1.3,184.2,5.9,99.98999786376953,77.6,35.41,5.17,0.26392900943756104,53.7758,0.0006,0.0068
3/17/03,5,1.31,184.2,5.9,100.73999786376953,77.6,34.92,5.32,0.26803600788116455,57.67,-0.0002,0.0067
3/18/03,5.07,1.2,184.2,5.9,100.86000061035156,77.6,31.55,5.13,0.26785698533058167,57.4434,0.0075,0.0065
3/19/03,5.14,1.2,184.2,5.9,101.58000183105469,77.6,30.01,5.2,0.26696398854255676,56.2532,0.0014,0.0064
3/20/03,5.17,1.23,184.2,5.9,101.1500015258789,77.6,28.62,5.2,0.26625001430511475,55.2667,-0.0015,0.0064
3/21/03,5.23,1.2,184.2,5.9,101.91999816894531,77.6,27.18,5.05,0.26785698533058167,57.0901,0.0053,0.0063
3/24/03,5.15,1.23,184.2,5.9,100.9800033569336,77.6,29.51,5.07,0.2566069960594177,43.6711,-0.0029,0.0065
3/25/03,5.15,1.24,184.2,5.9,100.87000274658203,77.6,33.42,5.07,0.25982099771499634,47.4702,-0.0011,0.0066
3/26/03,5.17,1.26,184.2,5.9,100.61000061035156,77.6,28.71,4.9,0.25732100009918213,44.9319,-0.0023,0.0064
3/27/03,5.17,1.29,184.2,5.9,100.63999938964844,77.6,30.31,4.87,0.25874999165534973,46.6862,-0.0006,0.0063
3/28/03,5.16,1.26,184.2,5.9,99.95999908447266,77.6,30.21,5.06,0.2601790130138397,48.4546,0.003,0.0061
3/31/03,5.07,1.38,184.2,5.9,99.05999755859375,77.6,31.14,5.01,0.2524999976158142,40.6498,-0.0014,0.0063
4/1/03,5.06,1.29,183.8,6,99.15000153,86,29.48,4.9,0.2528569996356964,41.1248,-0.0009,0.0061
4/2/03,5.15,1.19,183.8,6,100.08000183105469,86,28.55,4.89,0.26071399450302124,50.5094,-0.0018,0.0062
4/3/03,5.16,1.24,183.8,6,100.33999633789062,86,29.05,4.91,0.25821399688720703,47.8935,-0.0048,0.0061
4/4/03,5.2,1.22,183.8,6,100.44999694824219,86,28.41,4.86,0.25732100009918213,46.9581,-0.009,0.006
4/7/03,5.24,1.25,183.8,6,101.04000091552734,86,27.76,4.98,0.25874999165534973,48.685,-0.0077,0.0062
4/8/03,5.16,1.22,183.8,6,100.52999877929688,86,27.97,5.21,0.2580359876155853,47.8462,-0.0075,0.006
4/9/03,5.15,1.24,183.8,6,100.16000366210938,86,28.93,5.11,0.2533929944038391,42.697,-0.0108,0.0061
4/10/03,5.17,1.27,183.8,6,99.81999969482422,86,27.2,5.18,0.2566069960594177,46.9533,-0.0095,0.0059
4/11/03,5.19,1.24,183.8,6,100.18000030517578,86,28.28,5.28,0.23571400344371796,30.8915,-0.0176,0.0071
4/14/03,5.2,1.32,183.8,6,99.95999908447266,86,28.41,5.29,0.24250000715255737,38.2767,-0.0146,0.0072
4/15/03,5.19,1.34,183.8,6,99.76000213623047,86,29.46,5.53,0.23910699784755707,36.194,-0.0153,0.007
4/16/03,5.13,1.26,183.8,6,99.05999755859375,86,29.16,5.62,0.23642900586128235,34.5937,-0.0188,0.0073
4/17/03,5.12,1.28,183.8,6,99.30000305175781,86,30.1,5.54,0.23428599536418915,33.3243,-0.0218,0.0073
4/21/03,5.13,1.29,183.8,6,99.58999633789062,86,30.76,5.55,0.23464299738407135,33.7605,-0.015,0.007
4/22/03,5.12,1.26,183.8,6,98.73000336,86,29.92,5.58,0.24124999344348907,41.3997,-0.0098,0.0071
4/23/03,5.1,1.24,183.8,6,98.77999877929688,86,28.04,5.58,0.24250000715255737,42.745,-0.0153,0.0069
4/24/03,5.05,1.24,183.8,6,98.33000183105469,86,27.52,5.46,0.23999999463558197,40.731,-0.0153,0.007
4/25/03,5.04,1.28,183.8,6,98.36000061035156,86,25.92,5.39,0.23839299380779266,39.4443,-0.0159,0.0069
4/28/03,5.04,1.29,183.8,6,98.66999816894531,86,25.25,5.3,0.2475000023841858,49.2313,-0.0095,0.0071
4/29/03,5.07,1.27,183.8,6,98.01999664,86,25.32,5.12,0.2510710060596466,52.4751,-0.0059,0.0072
4/30/03,5,1.31,183.8,6,97.19000244140625,86,26.09,5.25,0.2539289891719818,54.9547,0.0005,0.0072
5/1/03,5.01,1.3,183.5,6.1,96.69999694824219,92.1,26.05,5.32,0.256428987,57.0656,-0.0002,0.0071
5/2/03,5.05,1.24,183.5,6.1,96.76000213623047,92.1,25.74,5.24,0.2580359876155853,58.4147,0.0188,0.0069
5/5/03,5.03,1.27,183.5,6.1,96.37000274658203,92.1,26.43,5.36,0.287321001,74.2767,0.0378,0.009
5/6/03,5.02,1.28,183.5,6.1,95.33999633789062,92.1,25.65,5.64,0.3125,80.9903,0.0618,0.0103
5/7/03,4.96,1.28,183.5,6.1,95.58000183105469,92.1,26.24,5.49,0.3151789903640747,81.5422,0.0664,0.0108
5/8/03,4.96,1.27,183.5,6.1,94.93000030517578,92.1,26.94,5.65,0.3214290142059326,82.7972,0.0734,0.0108
5/9/03,4.95,1.24,183.5,6.1,94.98000336,92.1,27.65,5.73,0.32678601145744324,83.8131,0.0776,0.0106
5/12/03,4.91,1.25,183.5,6.1,94.55000305175781,92.1,27.34,5.91,0.33142900466918945,84.6588,0.076,0.0105
5/13/03,4.92,1.23,183.5,6.1,94.72000122070312,92.1,28.51,5.98,0.33339300751686096,85.0154,0.0766,0.0109
5/14/03,4.76,1.3,183.5,6.1,94.58000183105469,92.1,29.21,6.17,0.33125001192092896,82.7551,0.0769,0.0105
5/15/03,4.69,1.36,183.5,6.1,95.22000122070312,92.1,28.57,6.24,0.33446401357650757,83.4653,0.0809,0.0102
5/16/03,4.67,1.26,183.5,6.1,94.08000183105469,92.1,29.07,5.96,0.3357140123844147,83.7456,0.0743,0.0102
5/19/03,4.67,1.26,183.5,6.1,93.77999877929688,92.1,28.84,6.08,0.32321399450302124,70.8162,0.0608,0.0103
5/20/03,4.59,1.23,183.5,6.1,93.26000213623047,92.1,29.29,5.93,0.3176789879798889,65.9595,0.0537,0.0102
5/21/03,4.54,1.23,183.5,6.1,93.54000091552734,92.1,29.51,6.08,0.3187499940395355,66.4392,0.0525,0.0099
5/22/03,4.5,1.25,183.5,6.1,93.55999755859375,92.1,29.09,6.09,0.32571399211883545,69.4528,0.057,0.0099
5/23/03,4.44,1.21,183.5,6.1,93.05000305175781,92.1,29.74,5.92,0.32714301347732544,70.047,0.0336,0.0097
5/27/03,4.57,1.32,183.5,6.1,92.72000122070312,92.1,29.24,5.84,0.3371430039405823,73.8773,0.0208,0.0101
5/28/03,4.63,1.29,183.5,6.1,93.44999694824219,92.1,28.46,5.71,0.32642900943756104,64.3782,0.0095,0.0102
5/29/03,4.56,1.29,183.5,6.1,92.70999908447266,92.1,29.15,5.76,0.32321399450302124,61.8105,0.0015,0.0101
5/30/03,4.59,1.28,183.5,6.1,93.26999664,92.1,29.56,5.99,0.3205359876155853,59.6746,-0.0053,0.0101
6/2/03,4.64,1.27,183.7,6.3,93.33999633789062,89.7,30.72,6.22,0.3116070032119751,53.0889,-0.0167,0.0104
6/3/03,4.59,1.21,183.7,6.3,93.52999877929688,89.7,30.78,6.25,0.3091070055961609,51.3792,-0.0205,0.0104
6/4/03,4.58,1.22,183.7,6.3,93.73000336,89.7,29.81,6.4,0.3142859935760498,54.6381,-0.0143,0.0103
6/5/03,4.63,1.26,183.7,6.3,92.51999664,89.7,30.84,6.17,0.3149999976158142,55.0853,-0.0164,0.01
6/6/03,4.66,1.24,183.7,6.3,93.48000336,89.7,31.26,6.25,0.3062500059604645,48.7457,-0.0248,0.0103
6/9/03,4.6,1.25,183.7,6.3,93.30000305175781,89.7,31.36,6.25,0.29982098937034607,44.6775,-0.0197,0.0101
6/10/03,4.51,1.22,183.7,6.3,93.55999755859375,89.7,31.72,6.08,0.3067860007286072,49.5862,-0.0092,0.01
6/11/03,4.49,1.25,183.7,6.3,92.97000122070312,89.7,32.17,6.06,0.3116070032119751,52.7143,-0.006,0.01
6/12/03,4.47,1.25,183.7,6.3,92.90000153,89.7,31.41,5.86,0.3173210024833679,56.1843,-0.0071,0.0098
6/13/03,4.42,1.24,183.7,6.3,92.22000122070312,89.7,30.63,5.44,0.3110710084438324,51.7142,-0.0135,0.0099
6/16/03,4.47,1.33,183.7,6.3,92.40000153,89.7,31.14,5.45,0.32624998688697815,60.031,-0.0092,0.0101
6/17/03,4.55,1.24,183.7,6.3,92.61000061035156,89.7,31.08,5.66,0.32482099533081055,59.001,-0.0014,0.01
6/18/03,4.64,1.22,183.7,6.3,93.16999816894531,89.7,30.28,5.53,0.3414289951324463,66.2506,0.0153,0.0106
6/19/03,4.66,1.22,183.7,6.3,93.16000366210938,89.7,29.86,5.53,0.3417859971523285,66.3883,0.0179,0.0108
6/20/03,4.7,1.23,183.7,6.3,94.04000091552734,89.7,30.63,5.68,0.3428570032119751,66.8254,0.0263,0.0107
6/23/03,4.64,1.21,183.7,6.3,94.08000183105469,89.7,30.22,5.89,0.3403570055961609,64.7107,0.0263,0.011
6/24/03,4.6,1.15,183.7,6.3,94.38999938964844,89.7,30.05,5.84,0.33535701036453247,60.5814,0.0178,0.0112
6/25/03,4.69,1.18,183.7,6.3,94.12000274658203,89.7,31.65,5.64,0.3408930003643036,63.3684,0.0218,0.0112
6/26/03,4.81,1.1,183.7,6.3,94.97000122070312,89.7,28.97,5.49,0.3444640040397644,65.0836,0.0322,0.011
6/27/03,4.83,1.08,183.7,6.3,95.15000153,89.7,29.18,5.19,0.33446401357650757,57.0313,0.0292,0.0111
6/30/03,4.81,1.45,183.7,6.3,94.73000336,89.7,30.15,5.31,0.3403570055961609,60.1595,0.0283,0.011
7/1/03,4.86,1.11,183.9,6.2,94.30000305175781,90.9,30.41,5.22,0.3408930003643036,60.4414,0.0247,0.0109
7/2/03,4.83,1.01,183.9,6.2,94.12000274658203,90.9,30.29,5.05,0.3441070020198822,62.1712,0.0226,0.0106
7/3/03,4.93,0.96,183.9,6.2,94.41000366210938,90.9,30.39,4.96,0.341607004,59.9745,0.0257,0.0104
7/7/03,4.98,1,183.9,6.2,95.51000213623047,90.9,30.08,5.2,0.35482099652290344,66.6767,0.0241,0.0108
7/8/03,4.95,0.93,183.9,6.2,95.81999969482422,90.9,30.32,5.4,0.36428600549697876,70.4882,0.0333,0.0111
7/9/03,4.93,0.96,183.9,6.2,95.58999633789062,90.9,30.87,5.56,0.3551790118217468,63.0186,0.0116,0.0109
7/10/03,4.94,1,183.9,6.2,95.38999938964844,90.9,31.04,5.4,0.3496429920196533,58.9307,0.0066,0.0108
7/11/03,4.94,0.98,183.9,6.2,95.80000305175781,90.9,31.33,5.22,0.35446399450302124,61.2862,0.0098,0.0105
7/14/03,4.98,1.07,183.9,6.2,96.06999969482422,90.9,31.2,5.15,0.35535699129104614,61.724,0.0126,0.0103
7/15/03,5.12,1.13,183.9,6.2,96.06999969482422,90.9,31.6,5.17,0.350178987,57.6516,0.0125,0.0105
7/16/03,5.1,1.01,183.9,6.2,96.72000122070312,90.9,31.2,5,0.35482099652290344,60.1877,0.0117,0.0104
7/17/03,5.08,1.02,183.9,6.2,96.86000061035156,90.9,31.44,4.96,0.3732140064239502,68.2895,0.0242,0.0108
7/18/03,5.09,0.99,183.9,6.2,96.86000061035156,90.9,31.96,5.01,0.3725000023841858,67.699,0.032,0.0109
7/21/03,5.25,1.02,183.9,6.2,96.11000061035156,90.9,31.67,5.11,0.3680360019207001,64.0748,0.0233,0.0107
7/22/03,5.23,1,183.9,6.2,96.37999725341797,90.9,30.2,5.04,0.3714289963245392,65.5886,0.0257,0.0104
7/23/03,5.2,1.05,183.9,6.2,95.44000244140625,90.9,30.13,4.88,0.3712500035762787,65.4323,0.0229,0.0102
7/24/03,5.25,1.04,183.9,6.2,95.33999633789062,90.9,30.72,4.86,0.36625000834465027,61.0463,0.0208,0.0107
7/25/03,5.31,1.03,183.9,6.2,94.95999908447266,90.9,30.31,4.68,0.38464298844337463,69.2199,0.0251,0.0112
7/28/03,5.39,1.05,183.9,6.2,95.05999755859375,90.9,29.98,4.68,0.3748210072517395,61.7669,0.0089,0.0111
7/29/03,5.46,1.04,183.9,6.2,95.33000183105469,90.9,30.21,4.72,0.3700000047683716,58.4403,0.0125,0.0109
7/30/03,5.43,1.03,183.9,6.2,96.06999969482422,90.9,30.69,4.68,0.36214300990104675,53.3937,0.0105,0.0109
7/31/03,5.56,1.04,183.9,6.2,96.88999938964844,90.9,30.56,4.63,0.3764289915561676,60.1345,0.0185,0.0113
8/1/03,5.47,1,184.6,6.1,96.66000366210938,89.3,32.23,4.71,0.3701789975166321,56.2981,0.0125,0.0112
8/4/03,5.47,1,184.6,6.1,96.18000030517578,89.3,31.8,4.81,0.3787499964237213,60.0612,0.0241,0.0117
8/5/03,5.51,0.86,184.6,6.1,96.16000366210938,89.3,32.34,4.71,0.36392900347709656,51.7613,0.0077,0.0122
8/6/03,5.42,0.88,184.6,6.1,96.23000336,89.3,31.77,4.74,0.3505359888076782,45.6256,-0.0191,0.0123
8/7/03,5.4,0.95,184.6,6.1,95.83000183105469,89.3,32.41,4.85,0.35589298605918884,48.2672,-0.014,0.0122
8/8/03,5.4,0.96,184.6,6.1,96.36000061035156,89.3,32.23,5.02,0.3507139980792999,45.9436,-0.0146,0.0119
8/11/03,5.47,1.02,184.6,6.1,95.87000274658203,89.3,31.91,5.08,0.35107100009918213,46.1362,-0.0172,0.0115
8/12/03,5.49,0.99,184.6,6.1,96.15000153,89.3,31.91,5.06,0.3517859876155853,46.5464,-0.0164,0.011
8/13/03,5.6,1.01,184.6,6.1,96.18000030517578,89.3,30.85,5.17,0.36035698652267456,51.3354,-0.005,0.011
8/14/03,5.57,1.22,184.6,6.1,96.68000030517578,89.3,30.85,5.1,0.35660699009895325,49.2562,-0.0236,0.0107
8/15/03,5.57,1.39,184.6,6.1,96.65000153,89.3,31.01,4.83,0.35196399688720703,46.7325,-0.0193,0.0103
8/18/03,5.5,1.03,184.6,6.1,97.34999847,89.3,30.81,4.94,0.36321398615837097,53.0144,-0.0057,0.0104
8/19/03,5.41,0.93,184.6,6.1,97.30999755859375,89.3,30.76,4.99,0.36285701394081116,52.8015,0.0006,0.0101
8/20/03,5.42,0.89,184.6,6.1,97.37000274658203,89.3,30.96,5.03,0.3751789927482605,58.9291,-0.0011,0.0106
8/21/03,5.43,1.01,184.6,6.1,98.61000061035156,89.3,31.78,5.14,0.38714298605918884,63.8385,0.0143,0.0107
8/22/03,5.4,0.99,184.6,6.1,98.83000183105469,89.3,31.64,5.24,0.372857004,55.3335,-0.005,0.0114
8/25/03,5.4,1.04,184.6,6.1,98.83000183105469,89.3,31.43,5.26,0.3725000023841858,55.1357,0.0072,0.011
8/26/03,5.39,1,184.6,6.1,98.76000213623047,89.3,32.01,5.09,0.3758929967880249,56.7183,0.0214,0.011
8/27/03,5.4,0.98,184.6,6.1,98.86000061035156,89.3,31.18,5.11,0.38357099890708923,60.1449,0.0233,0.0111
8/28/03,5.34,1.04,184.6,6.1,98.83000183105469,89.3,31.41,4.94,0.39625000953674316,65.0631,0.0384,0.0112
8/29/03,5.3,1.01,184.6,6.1,98.09999847,89.3,31.76,4.86,0.4037500023841858,67.6095,0.0444,0.0113
9/2/03,5.38,1.06,185.2,6.1,98.94999694824219,87.7,29.57,4.62,0.4080359935760498,68.9999,0.0474,0.011
9/3/03,5.41,0.96,185.2,6.1,98.70999908447266,87.7,29.43,4.68,0.4098210036754608,69.5857,0.0417,0.0108
9/4/03,5.4,0.98,185.2,6.1,98.19999694824219,87.7,28.87,4.7,0.4076789915561676,67.9268,0.043,0.0106
9/5/03,5.32,0.96,185.2,6.1,97.08999633789062,87.7,28.93,4.76,0.4017859995365143,63.4473,0.042,0.0106
9/8/03,5.36,0.99,185.2,6.1,97.16000366210938,87.7,28.85,4.82,0.4060710072517395,65.2425,0.0361,0.0102
9/9/03,5.36,0.95,185.2,6.1,96.44000244140625,87.7,29.22,4.7,0.3994640111923218,60.3237,0.0308,0.0102
9/10/03,5.3,0.95,185.2,6.1,96.5,87.7,29.41,4.78,0.3960709869861603,57.9092,0.0176,0.01
9/11/03,5.35,1,185.2,6.1,96.55999755859375,87.7,28.86,4.85,0.4028570055961609,61.2498,0.0132,0.01
9/12/03,5.33,1.02,185.2,6.1,96.01000213623047,87.7,28.26,4.66,0.4124999940395355,65.4466,0.0334,0.0102
9/15/03,5.35,1.11,185.2,6.1,95.98000336,87.7,28.15,4.66,0.39660701155662537,54.8942,0.0203,0.0105
9/16/03,5.34,0.97,185.2,6.1,96.66999816894531,87.7,27.6,4.67,0.3992860019207001,56.1767,0.0197,0.0103
9/17/03,5.26,0.97,185.2,6.1,95.73999786376953,87.7,27,4.61,0.39500001072883606,53.553,0.0096,0.0101
9/18/03,5.23,1,185.2,6.1,95.94999694824219,87.7,27.26,4.52,0.4085710048675537,59.9344,0.0104,0.0105
9/19/03,5.2,0.99,185.2,6.1,94.95999908447266,87.7,26.93,4.33,0.4032140076160431,56.6271,-0.0005,0.0104
9/22/03,5.28,1.02,185.2,6.1,93.84999847,87.7,26.97,4.38,0.39428600668907166,51.5239,-0.0116,0.0104
9/23/03,5.24,1.01,185.2,6.1,93.98999786376953,87.7,27,4.51,0.4005360007286072,54.6077,-0.0078,0.0103
9/24/03,5.17,1.03,185.2,6.1,93.69999694824219,87.7,28.19,4.58,0.3807139992713928,44.8609,-0.0227,0.011
9/25/03,5.17,1.08,185.2,6.1,93.76000213623047,87.7,28.29,4.55,0.3648209869861603,38.8702,-0.0311,0.0114
9/26/03,5.11,1.03,185.2,6.1,93.87000274658203,87.7,28.21,4.42,0.3694640100002289,41.3349,-0.0308,0.012
9/29/03,5.16,1.04,185.2,6.1,93.08000183105469,87.7,28.35,4.57,0.3803569972515106,46.7585,-0.0161,0.0122
9/30/03,5.07,1.17,185.2,6.1,92.84999847,87.7,29.19,4.66,0.3700000047683716,42.7149,-0.022,0.0122
10/1/03,5.05,1.11,185,6,92.38999938964844,89.6,29.43,4.47,0.3712500035762787,43.3516,-0.0266,0.0124
10/2/03,5.1,1.02,185,6,92.41999816894531,89.6,29.83,4.42,0.3673210144042969,41.7798,-0.0381,0.012
10/3/03,5.23,0.99,185,6,93.23000336,89.6,30.37,4.34,0.38732099533081055,51.4337,-0.0078,0.0126
10/6/03,5.21,0.99,185,6,92.41000366210938,89.6,30.4,4.4,0.39803600311279297,55.6741,-0.0011,0.0125
10/7/03,5.29,0.98,185,6,91.88999938964844,89.6,30.48,4.66,0.41464298963546753,61.3125,0.0165,0.0132
10/8/03,5.33,0.99,185,6,91.73000336,89.6,29.6,4.84,0.4117859899997711,59.9007,0.0027,0.0131
10/9/03,5.35,1.02,185,6,91.98999786376953,89.6,30.97,4.78,0.41874998807907104,62.1862,0.0131,0.0131
10/10/03,5.34,1,185,6,91.51999664,89.6,32.01,4.92,0.42285698652267456,63.5072,0.0241,0.0127
10/13/03,.,1,185,6,91.88999938964844,89.6,31.91,4.96,0.4348210096359253,67.1116,0.0289,0.0125
10/14/03,5.4,1.08,185,6,91.83000183105469,89.6,31.68,4.84,0.4383929967880249,68.1237,0.0486,0.0122
10/15/03,5.41,1.09,185,6,92.41999816894531,89.6,31.74,4.93,0.4432139992713928,69.4888,0.066,0.0119
10/16/03,5.41,1.04,185,6,92.61000061035156,89.6,31.51,4.92,0.4151790142059326,54.7944,0.0385,0.0136
10/17/03,5.37,0.98,185,6,92.29000091552734,89.6,30.61,4.53,0.40625,51.0891,0.0218,0.0138
10/20/03,5.35,1.02,185,6,92.43000030517578,89.6,30.37,4.3,0.41464298963546753,54.2228,0.0376,0.0138
10/21/03,5.33,0.99,185,6,92.37000274658203,89.6,30.19,4.64,0.4139289855957031,53.9062,0.036,0.0135
10/22/03,5.3,0.99,185,6,91.26999664,89.6,30,4.89,0.4064289927482605,50.5682,0.0329,0.0131
10/23/03,5.36,1.02,185,6,91.51000213623047,89.6,30.31,4.9,0.410535991,52.3098,0.0196,0.0128
10/24/03,5.27,1.01,185,6,91.27999877929688,89.6,29.99,4.78,0.4035710096359253,49.1477,0.0047,0.0127
10/27/03,5.3,1.03,185,6,91.61000061035156,89.6,29.95,4.56,0.4035710096359253,49.1477,-0.0093,0.0122
10/28/03,5.27,0.98,185,6,91.86000061035156,89.6,29.57,4.45,0.42357099056243896,57.67,0.0099,0.0128
10/29/03,5.32,0.97,185,6,91.86000061035156,89.6,28.95,4.51,0.42303600907325745,57.3925,0.0036,0.0125
10/30/03,5.33,1.02,185,6,92.20999908447266,89.6,28.67,4.4,0.412321001,52.0038,-0.0089,0.0128
10/31/03,5.28,1.03,185,6,92.73000336,89.6,29.24,3.98,0.4087499976158142,50.3081,-0.022,0.0125
11/3/03,5.3,1.02,184.5,5.8,93.66000366210938,93.7,28.81,4.12,0.4133929908275604,52.4775,-0.0211,0.0122
11/4/03,5.27,0.98,184.5,5.8,93.23000336,93.7,28.86,4.01,0.4091069996356964,50.2948,-0.0287,0.0119
11/5/03,5.32,0.98,184.5,5.8,93.62999725341797,93.7,30.29,4.46,0.4112499952316284,51.3836,-0.0033,0.0118
11/6/03,5.37,1,184.5,5.8,93.88999938964844,93.7,30.25,4.74,0.4128569960594177,52.2288,0.0056,0.0115
11/7/03,5.38,0.98,184.5,5.8,93.01999664,93.7,30.73,4.48,0.4017859995365143,46.2621,-0.0108,0.0115
11/10/03,5.39,0.99,184.5,5.8,93.05000305175781,93.7,31.01,4.42,0.39107099175453186,41.3401,-0.0193,0.0115
11/11/03,.,0.99,184.5,5.8,93.09999847,93.7,31.21,4.52,0.38464298844337463,38.6809,-0.0184,0.0113
11/12/03,5.34,1,184.5,5.8,92.30999755859375,93.7,31.37,4.77,0.3987500071525574,46.7723,-0.0099,0.0118
11/13/03,5.24,0.99,184.5,5.8,91.61000061035156,93.7,31.89,4.6,0.4003570079803467,47.6203,-0.0027,0.0117
11/14/03,5.21,0.98,184.5,5.8,91.44000244140625,93.7,32.31,4.62,0.38321399688720703,40.2536,-0.0172,0.0123
11/17/03,5.17,1.04,184.5,5.8,91.52999877929688,93.7,31.75,4.49,0.3773210048675537,38.0732,-0.039,0.0119
11/18/03,5.15,0.98,184.5,5.8,90.33000183105469,93.7,33.16,4.35,0.36446401476860046,33.7747,-0.0493,0.0122
11/19/03,5.22,0.98,184.5,5.8,90.90000153,93.7,32.84,4.46,0.36464300751686096,33.8852,-0.0402,0.0117
11/20/03,5.16,1,184.5,5.8,90.66000366210938,93.7,32.87,4.35,0.36392900347709656,33.6112,-0.0378,0.0119
11/21/03,5.13,0.98,184.5,5.8,90.59999847,93.7,32.26,4.15,0.36214300990104675,33.0032,-0.0432,0.0119
11/24/03,5.19,0.98,184.5,5.8,91.58999633789062,93.7,29.99,4.57,0.3776789903640747,43.1469,-0.0265,0.0121
11/25/03,5.17,1.02,184.5,5.8,91.45999908447266,93.7,30.02,4.49,0.3692860007286072,39.654,-0.0354,0.0119
11/26/03,5.2,1.01,184.5,5.8,90.59999847,93.7,30.33,4.86,0.3700000047683716,40.0984,-0.0361,0.012
11/28/03,5.23,1.01,184.5,5.8,90.20999908447266,93.7,.,.,0.3733929991722107,42.2733,-0.0239,0.0117
12/1/03,5.28,1.03,184.3,5.7,90.34999847,92.6,29.89,5.02,0.38767901062965393,50.4336,-0.0029,0.0119
12/2/03,5.25,0.97,184.3,5.7,89.63999938964844,92.6,30.74,5.45,0.38464298844337463,48.8532,0,0.0116
12/3/03,5.28,0.98,184.3,5.7,89.5,92.6,30.61,5.45,0.3755359947681427,44.362,-0.0196,0.0117
12/4/03,5.27,0.99,184.3,5.7,89.59999847,92.6,31.24,5.7,0.3776789903640747,45.6286,-0.0191,0.0113
12/5/03,5.2,0.98,184.3,5.7,89.13999938964844,92.6,30.68,6.27,0.3723210096359253,42.9935,-0.0092,0.0109
12/8/03,5.26,0.99,184.3,5.7,88.75,92.6,32.08,6.06,0.3758929967880249,45.263,-0.0012,0.0109
12/9/03,5.26,0.97,184.3,5.7,88.61000061035156,92.6,31.72,6.52,0.36517900228500366,40.1047,0.0006,0.011
12/10/03,5.28,0.99,184.3,5.7,88.84999847,92.6,31.92,6.67,0.36392900347709656,39.5386,-0.0006,0.0109
12/11/03,5.27,0.99,184.3,5.7,88.87999725341797,92.6,32.01,6.56,0.3787499964237213,48.7725,0.0126,0.0114
12/12/03,5.23,0.99,184.3,5.7,88.48999786376953,92.6,33.06,6.73,0.3730359971523285,45.8642,0.0092,0.0112
12/15/03,5.24,1.04,184.3,5.7,88.45999908447266,92.6,33.17,6.63,0.36017900705337524,40.074,-0.0147,0.0119
12/16/03,5.23,0.99,184.3,5.7,88.30999755859375,92.6,32.94,6.58,0.35928601026535034,39.6992,-0.0084,0.0116
12/17/03,5.16,0.99,184.3,5.7,87.94000244140625,92.6,33.36,6.56,0.35499998927116394,37.8683,-0.0126,0.0111
12/18/03,5.1,1.01,184.3,5.7,87.84999847,92.6,33.72,6.98,0.35785698890686035,39.8596,-0.0131,0.0107
12/19/03,5.11,0.98,184.3,5.7,88.11000061035156,92.6,32.81,6.92,0.3517859876155853,37.1359,-0.0302,0.0108
12/22/03,5.13,1.02,184.3,5.7,87.98999786376953,92.6,31.71,6.32,0.35446399450302124,39.1127,-0.0254,0.0107
12/23/03,5.2,1,184.3,5.7,87.98999786376953,92.6,32.03,5.58,0.35374999046325684,38.7626,-0.0184,0.0103
12/24/03,5.15,0.97,184.3,5.7,87.54000091552734,92.6,32.99,5.5,0.36446401476860046,46.4975,-0.0111,0.0106
12/26/03,5.15,0.97,184.3,5.7,87.62999725341797,92.6,.,.,0.3710710108280182,50.6381,-0.0011,0.0104
12/29/03,5.18,0.98,184.3,5.7,87.34999847,92.6,32.51,5.46,0.3776789903640747,54.4356,0.0015,0.0101
12/30/03,5.23,0.93,184.3,5.7,87,92.6,33.01,5.96,0.3799999952316284,55.7244,0.0125,0.0097
12/31/03,5.23,0.94,184.3,5.7,86.91999816894531,92.6,32.51,5.76,0.3816069960594177,56.6389,0.0149,0.0094
1/2/04,5.3,1.01,185.2,5.7,86.91999816894531,103.8,.,.,0.3799999952316284,55.4065,0.0011,0.0094
1/5/04,5.28,0.97,185.2,5.7,86.06999969482422,103.8,33.71,6.28,0.39589300751686096,63.7956,0.0193,0.0099
1/6/04,5.26,0.92,185.2,5.7,85.62999725341797,103.8,33.54,7.04,0.39446398615837097,62.6546,0.0289,0.0099
1/7/04,5.22,0.94,185.2,5.7,86.19999694824219,103.8,33.57,6.61,0.4033930003643036,66.6673,0.0372,0.0102
1/8/04,5.2,0.99,185.2,5.7,85.56999969482422,103.8,34.27,6.41,0.41714298725128174,71.7087,0.0524,0.0107
1/9/04,5.14,0.99,185.2,5.7,85.11000061035156,103.8,34.38,6.91,0.4107140004634857,66.6344,0.0445,0.0114
1/12/04,5.12,1,185.2,5.7,85.55000305175781,103.8,34.92,6.29,0.42375001311302185,71.1002,0.0606,0.0116
1/13/04,5.11,0.99,185.2,5.7,85.51000213623047,103.8,34.26,6.26,0.4307140111923218,73.1666,0.0642,0.012
1/14/04,5.06,1.01,185.2,5.7,86.02999877929688,103.8,34.62,5.73,0.4321430027484894,73.5838,0.066,0.012
1/15/04,5.03,1.04,185.2,5.7,86.55999755859375,103.8,33.61,6.02,0.4080359935760498,57.3717,0.0367,0.0129
1/16/04,5.04,0.98,185.2,5.7,87.73000336,103.8,35.16,5.43,0.4057140052318573,56.0901,0.0292,0.0125
1/20/04,5.09,1.02,185.2,5.7,86.70999908447266,103.8,36.21,6.15,0.4058929979801178,56.1712,0.0238,0.0122
1/21/04,5.06,1,185.2,5.7,86.36000061035156,103.8,35.53,6.26,0.4037500023841858,54.8617,0.02,0.0119
1/22/04,5.02,1.02,185.2,5.7,85.81999969482422,103.8,35.12,6.03,0.3960709869861603,50.3334,0.0122,0.0117
1/23/04,5.08,1,185.2,5.7,86.55999755859375,103.8,34.94,5.82,0.4028570055961609,53.9507,0.0193,0.0115
1/26/04,5.14,1.08,185.2,5.7,87.25,103.8,34.41,5.7,0.4108929932117462,57.8644,0.0126,0.0114
1/27/04,5.09,1.02,185.2,5.7,86.27999877929688,103.8,33.99,5.87,0.4119639992713928,58.3724,0.0147,0.011
1/28/04,5.14,0.99,185.2,5.7,86.97000122070312,103.8,33.63,6.04,0.4021430015563965,52.1639,-0.0011,0.0113
1/29/04,5.13,1,185.2,5.7,87.58000183105469,103.8,32.86,5.99,0.4050000011920929,53.7065,-0.0102,0.0111
1/30/04,5.11,1.03,185.2,5.7,87.19999694824219,103.8,33.16,5.8,0.4028570055961609,52.3432,-0.0066,0.0108
2/2/04,5.13,1.01,186.2,5.6,87.52999877929688,94.4,34.02,5.51,0.3985710144042969,49.6298,-0.0212,0.0108
2/3/04,5.11,0.97,186.2,5.6,86.79000091552734,94.4,34.2,5.69,0.39750000834465027,48.9466,-0.028,0.0105
2/4/04,5.11,1,186.2,5.6,86.83999633789062,94.4,33.06,5.74,0.38910698890686035,43.8544,-0.0363,0.0103
2/5/04,5.13,1.01,186.2,5.6,86.90000153,94.4,33.26,5.54,0.4003570079803467,51.1854,-0.0065,0.0108
2/6/04,5.08,0.99,186.2,5.6,86.01999664,94.4,32.49,5.38,0.4055359959602356,54.153,-0.0002,0.0106
2/9/04,5.06,1.01,186.2,5.6,86,94.4,32.91,5.44,0.4048210084438324,53.6323,-0.0009,0.0102
2/10/04,5.08,1,186.2,5.6,85.83999633789062,94.4,34.03,5.49,0.4103569984436035,56.8819,0.0056,0.0102
2/11/04,5.06,1,186.2,5.6,85.19999694824219,94.4,33.93,5.34,0.42500001192092896,64.0001,0.0244,0.0104
2/12/04,5.1,1.02,186.2,5.6,85.29000091552734,94.4,34.03,5.35,0.42375001311302185,63.0433,0.0176,0.0101
2/13/04,5.08,1.01,186.2,5.6,85.55999755859375,94.4,34.51,5.62,0.4107140004634857,53.9801,-0.0002,0.0107
2/17/04,5.07,1.02,186.2,5.6,85.01999664,94.4,35.13,5.43,0.41357100009918213,55.4905,0.0014,0.0105
2/18/04,5.07,1,186.2,5.6,85.87999725341797,94.4,35.42,5.33,0.41535699367523193,56.4524,0.0111,0.0102
2/19/04,5.04,1,186.2,5.6,85.94999694824219,94.4,35.81,5.28,0.4012500047683716,47.6845,-0.0032,0.0108
2/20/04,5.09,0.99,186.2,5.6,87.23999786376953,94.4,35.8,5.19,0.4000000059604645,46.9881,-0.0024,0.0103
2/23/04,5.11,1,186.2,5.6,87.04000091552734,94.4,35.75,5.1,0.39625000953674316,44.871,-0.002,0.0102
2/24/04,5.06,0.99,186.2,5.6,86.13999938964844,94.4,35.85,5.08,0.3992860019207001,46.9546,0.0015,0.0103
2/25/04,5.02,1.02,186.2,5.6,87.25,94.4,37.28,5.1,0.4073210060596466,52.1141,0.0153,0.0103
2/26/04,5.05,1.03,186.2,5.6,87.68000030517578,94.4,35.45,5.13,0.4114289879798889,54.5474,0.0093,0.0099
2/27/04,5.01,1.04,186.2,5.6,87.30999755859375,94.4,36.08,5.27,0.42714300751686096,62.4168,0.0182,0.0104
3/1/04,4.99,1.04,187.4,5.8,87.51999664,95.8,36.85,5.17,0.42892900109291077,63.1965,0.0204,0.0101
3/2/04,5.06,1,187.4,5.8,88.83000183105469,95.8,36.6,5.37,0.42517900466918945,60.3641,0.0125,0.0097
3/3/04,5.02,1,187.4,5.8,89.02999877929688,95.8,35.8,5.34,0.42714300751686096,61.3415,0.0018,0.0097
3/4/04,4.99,0.99,187.4,5.8,89.13999938964844,95.8,36.81,5.17,0.44928601384162903,70.248,0.0215,0.0104
3/5/04,4.91,1,187.4,5.8,88.18000030517578,95.8,37.31,5.32,0.47749999165534973,77.3946,0.0563,0.0124
3/8/04,4.87,1,187.4,5.8,88,95.8,36.53,5.42,0.4642859995365143,69.0311,0.0427,0.0126
3/9/04,4.85,0.99,187.4,5.8,88.29000091552734,95.8,36.29,5.34,0.48392900824546814,73.5984,0.0578,0.0133
3/10/04,4.83,1,187.4,5.8,88.94999694824219,95.8,36.21,5.33,0.4942860007286072,75.6385,0.0784,0.0136
3/11/04,4.87,1.01,187.4,5.8,88.51000213623047,95.8,36.95,5.33,0.48482099175453186,70.2932,0.0715,0.0137
3/12/04,4.89,0.99,187.4,5.8,89.12000274658203,95.8,36.21,5.52,0.49214300513267517,71.9449,0.0808,0.0134
3/15/04,4.88,1.05,187.4,5.8,88.80999755859375,95.8,37.44,5.59,0.4723210036754608,61.9091,0.0615,0.0138
3/16/04,4.82,0.99,187.4,5.8,88.58999633789062,95.8,37.36,5.6,0.4610710144042969,57.0454,0.0453,0.0142
3/17/04,4.83,1,187.4,5.8,88.65000153,95.8,38.21,5.61,0.4676789939403534,59.0787,0.0474,0.0138
3/18/04,4.87,1,187.4,5.8,87.69999694824219,95.8,37.81,5.63,0.45839300751686096,55.129,0.0263,0.0134
3/19/04,4.89,0.99,187.4,5.8,88.16000366210938,95.8,38.09,5.49,0.4617860019207001,56.2791,0.0277,0.014
3/22/04,4.84,1.01,187.4,5.8,87.80999755859375,95.8,37.12,5.46,0.4617860019207001,56.2791,0.0308,0.014
3/23/04,4.83,0.99,187.4,5.8,87.84999847,95.8,37.81,5.36,0.45160698890686035,51.6709,0.0206,0.0138
3/24/04,4.83,0.99,187.4,5.8,88.93000030517578,95.8,37.06,5.35,0.45535698533058167,53.1916,0.0051,0.0133
3/25/04,4.86,1.02,187.4,5.8,88.90000153,95.8,35.67,5.22,0.47982099652290344,61.6659,0.002,0.0139
3/26/04,4.91,1,187.4,5.8,88.88999938964844,95.8,35.61,5.16,0.48285698890686035,62.5714,0.0156,0.0134
3/29/04,4.96,1,187.4,5.8,88.62999725341797,95.8,35.41,5.25,0.4983929991722107,66.8828,0.0122,0.0135
3/30/04,4.96,0.98,187.4,5.8,88.43000030517578,95.8,36.15,5.4,0.4985710084438324,66.9299,0.0036,0.0132
3/31/04,4.93,1.05,187.4,5.8,87.61000061035156,95.8,35.75,5.63,0.48285698890686035,58.9724,-0.0017,0.0134
4/1/04,5.01,1.03,188,5.6,87.20999908447266,94.2,34.47,5.82,0.48410698771476746,59.3861,-0.0068,0.0131
4/2/04,5.13,1,188,5.6,88.51000213623047,94.2,34.39,5.69,0.4910709857940674,61.7028,0.0158,0.013
4/5/04,5.18,1.01,188,5.6,89.22000122070312,94.2,34.29,5.81,0.5057139992713928,66.0835,0.0376,0.0131
4/6/04,5.17,1,188,5.6,88.75,94.2,35.09,5.7,0.4969640076160431,61.5525,0.0247,0.0131
4/7/04,5.18,1,188,5.6,88.26999664,94.2,36.28,5.76,0.48767900466918945,57.0798,0.0247,0.0132
4/8/04,5.17,1.02,188,5.6,89.01999664,94.2,37.14,5.84,0.49160701036453247,58.4553,0.0251,0.0131
4/12/04,5.19,1,188,5.6,88.94999694824219,94.2,37.79,5.85,0.5007140040397644,61.5328,0.0328,0.0128
4/13/04,5.25,1,188,5.6,89.83000183105469,94.2,37.09,5.92,0.48089298605918884,52.4294,0.0247,0.0132
4/14/04,5.26,1.01,188,5.6,90.23999786376953,94.2,36.62,5.73,0.4757139980792999,50.3343,0.0172,0.0131
4/15/04,5.33,1.03,188,5.6,90.05999755859375,94.2,37.74,5.68,0.5232139825820923,64.3907,0.0366,0.0153
4/16/04,5.31,0.99,188,5.6,89.94000244140625,94.2,37.7,5.62,0.5210710167884827,63.5174,0.0322,0.0151
4/19/04,5.33,1,188,5.6,89.80000305175781,94.2,37.46,5.57,0.5062500238418579,57.689,0.0066,0.0154
4/20/04,5.35,0.99,188,5.6,90.48999786376953,94.2,37.61,5.46,0.4951789975166321,53.7233,-0.0029,0.0153
4/21/04,5.36,0.99,188,5.6,91.12000274658203,94.2,36.61,5.52,0.4951789975166321,53.7233,0.0104,0.015
4/22/04,5.33,1,188,5.6,90.81999969482422,94.2,37.7,5.59,0.4960710108280182,54.019,0.0101,0.015
4/23/04,5.38,0.99,188,5.6,91.08000183105469,94.2,37.22,5.53,0.4946430027484894,53.4308,0.003,0.015
4/26/04,5.36,1.01,188,5.6,90.62000274658203,94.2,37.02,5.6,0.48446398973464966,49.3112,-0.0179,0.0147
4/27/04,5.35,0.99,188,5.6,90.41000366210938,94.2,37.49,5.81,0.48107099533081055,47.9832,-0.0134,0.0144
4/28/04,5.39,1.01,188,5.6,91.16999816894531,94.2,37.23,5.8,0.4723210036754608,44.6439,-0.0129,0.0141
4/29/04,5.41,1.03,188,5.6,90.56999969482422,94.2,37.5,5.78,0.47803598642349243,47.2269,-0.0114,0.0142
4/30/04,5.39,1.03,188,5.6,90.48000336,94.2,37.31,5.81,0.46035701036453247,40.8727,-0.034,0.0148
5/3/04,5.41,1.03,189.1,5.6,90.76000213623047,90.2,38.26,5.8,0.4655359983444214,43.2801,-0.0129,0.0144
5/4/04,5.45,1,189.1,5.6,89.80999755859375,90.2,38.86,6.21,0.4667859971523285,43.8742,-0.0075,0.0145
5/5/04,5.46,0.99,189.1,5.6,89.30999755859375,90.2,39.69,6.09,0.4758929908275604,48.136,-0.0399,0.0143
5/6/04,5.46,1,189.1,5.6,89.87999725341797,90.2,39.41,6.22,0.4746429920196533,47.6017,-0.0391,0.0142
5/7/04,5.53,0.99,189.1,5.6,91.12999725341797,90.2,39.98,6.18,0.4762499928474426,48.3948,-0.0253,0.0143
5/10/04,5.54,1,189.1,5.6,91.55999755859375,90.2,38.9,6.14,0.4692859947681427,45.202,-0.0218,0.014
5/11/04,5.53,0.96,189.1,5.6,91.66000366210938,90.2,40.3,6.24,0.48464301228523254,52.6244,-0.0089,0.014
5/12/04,5.57,0.98,189.1,5.6,91.29000091552734,90.2,40.3,6.41,0.48750001192092896,53.8762,-0.0072,0.0142
5/13/04,5.61,1,189.1,5.6,91.95999908447266,90.2,40.94,6.42,0.48553600907325745,52.8425,-0.0077,0.014
5/14/04,5.59,1.02,189.1,5.6,91.66000366210938,90.2,41.42,6.43,0.48321399092674255,51.5828,-0.0011,0.014
5/17/04,5.52,1.05,189.1,5.6,91,90.2,41.53,6.41,0.4757139980792999,47.6323,-0.0045,0.0137
5/18/04,5.56,1,189.1,5.6,91.25,90.2,40.32,6.28,0.48321399092674255,51.6224,0.0092,0.0134
5/19/04,5.57,1,189.1,5.6,90.52999877929688,90.2,41.61,6.18,0.4726789891719818,46.2871,-0.0045,0.0136
5/20/04,5.52,1,189.1,5.6,91.02999877929688,90.2,40.92,6.44,0.47696399688720703,48.6136,0.014,0.0132
5/21/04,5.53,0.99,189.1,5.6,90.48999786376953,90.2,39.83,6.35,0.48410698771476746,52.3204,0.0156,0.0128
5/24/04,5.53,1,189.1,5.6,90.48000336,90.2,42.03,6.48,0.48821398615837097,54.3591,0.0181,0.0128
5/25/04,5.5,1,189.1,5.6,89.83999633789062,90.2,41.45,6.73,0.5073210000991821,62.4115,0.0265,0.0132
5/26/04,5.46,0.99,189.1,5.6,89.72000122070312,90.2,40.6,6.7,0.5091069936752319,63.0673,0.029,0.0131
5/27/04,5.45,1,189.1,5.6,88.66999816894531,90.2,39.25,6.51,0.5030360221862793,59.2803,0.0226,0.013
5/28/04,5.42,1.02,189.1,5.6,88.94999694824219,90.2,39.9,6.45,0.5010709762573242,58.0654,0.0268,0.0125
6/1/04,5.48,1.02,189.7,5.6,88.87999725341797,95.6,42.33,6.45,0.5010709762573242,58.0654,0.0138,0.0123
6/2/04,5.5,0.98,189.7,5.6,88.83999633789062,95.6,39.96,6.51,0.5164290070533752,64.6364,0.0244,0.0129
6/3/04,5.49,0.99,189.7,5.6,88.94999694824219,95.6,39.29,6.44,0.5071430206298828,58.6519,0.0182,0.0127
6/4/04,5.54,0.99,189.7,5.6,88.54000091552734,95.6,38.44,6.15,0.513929009,61.4601,0.0259,0.0127
6/7/04,5.5,0.99,189.7,5.6,88.25,95.6,38.72,6.09,0.5323209762573242,67.8365,0.0477,0.0131
6/8/04,5.53,0.97,189.7,5.6,88.51000213623047,95.6,37.18,6.19,0.5419639945030212,70.5843,0.0495,0.0128
6/9/04,5.53,0.99,189.7,5.6,89.73000336,95.6,37.6,6.04,0.5392860174179077,68.8254,0.0561,0.0127
6/10/04,5.51,1,189.7,5.6,89.25,95.6,38.45,6,0.548928976,71.5719,0.0606,0.0126
6/14/04,5.58,1.02,189.7,5.6,89.94000244140625,95.6,37.58,6.15,0.5378569960594177,64.5412,0.0453,0.013
6/15/04,5.45,1.03,189.7,5.6,89.08999633789062,95.6,37.18,6.35,0.5480359792709351,67.6841,0.0504,0.0132
6/16/04,5.45,1,189.7,5.6,90.04000091552734,95.6,37.33,6.38,0.5846430063247681,75.943,0.0651,0.0153
6/17/04,5.41,1.01,189.7,5.6,89.59999847,95.6,38.51,6.57,0.5858929753303528,76.167,0.0647,0.0152
6/18/04,5.46,1,189.7,5.6,89.08000183105469,95.6,38.68,6.48,0.5876790285110474,76.5035,0.0713,0.0151
6/21/04,5.45,1,189.7,5.6,89.29000091552734,95.6,37.69,6.42,0.5773209929466248,70.3025,0.0642,0.0155
6/22/04,5.47,1,189.7,5.6,89.43000030517578,95.6,38.11,6.29,0.5892860293388367,73.0228,0.0743,0.0153
6/23/04,5.45,1.02,189.7,5.6,89.41999816894531,95.6,37.56,6.3,0.6017860174179077,75.5433,0.0719,0.0152
6/24/04,5.44,1.03,189.7,5.6,88.75,95.6,37.81,6.41,0.5924999713897705,70.2894,0.0719,0.0149
6/25/04,5.41,1.05,189.7,5.6,88.87999725341797,95.6,37.34,6.28,0.6017860174179077,72.3596,0.074,0.0146
6/28/04,5.49,1.09,189.7,5.6,88.72000122070312,95.6,36.25,6.13,0.580178976,61.6032,0.0403,0.0157
6/29/04,5.44,1.13,189.7,5.6,89.41000366210938,95.6,35.6,6.02,0.580357015,61.6539,0.0323,0.0162
6/30/04,5.41,1.38,189.7,5.6,88.80000305175781,95.6,36.92,6.03,0.5810710191726685,61.8709,0.0352,0.0162
7/1/04,5.35,1.4,189.4,5.5,88.79000091552734,96.7,38.56,5.95,0.5767859816551208,59.6882,0.0235,0.0158
7/2/04,5.3,1.25,189.4,5.5,87.97000122070312,96.7,38.37,5.88,0.5550000071525574,50.0265,0.0144,0.0174
7/6/04,5.32,1.3,189.4,5.5,88.12000274658203,96.7,39.56,6.16,0.5526790022850037,49.1142,0.0039,0.0168
7/7/04,5.32,1.26,189.4,5.5,87.65000153,96.7,39.18,6.27,0.5426790118217468,45.2833,-0.0354,0.0169
7/8/04,5.32,1.26,189.4,5.5,87.54000091552734,96.7,40.27,6.19,0.5382140278816223,43.6465,-0.0402,0.0165
7/9/04,5.31,1.24,189.4,5.5,87.41999816894531,96.7,39.9,5.89,0.5362499952316284,42.9116,-0.0433,0.0158
7/12/04,5.26,1.26,189.4,5.5,87.38999938964844,96.7,39.3,5.95,0.5203570127487183,37.4211,-0.048,0.0159
7/13/04,5.29,1.24,189.4,5.5,87.81999969482422,96.7,39.55,5.85,0.5217859745025635,38.1867,-0.0569,0.0154
7/14/04,5.32,1.24,189.4,5.5,87.58000183105469,96.7,40.98,5.91,0.5282139778137207,41.6464,-0.062,0.0156
7/15/04,5.28,1.3,189.4,5.5,87.98999786376953,96.7,40.7,5.92,0.5880360007286072,62.6153,-0.0038,0.0189
7/16/04,5.22,1.24,189.4,5.5,87.13999938964844,96.7,41.1,5.77,0.574999988,57.7457,-0.0226,0.0184
7/19/04,5.22,1.25,189.4,5.5,87.18000030517578,96.7,41.55,5.75,0.5708929896354675,56.2611,-0.0078,0.0177
7/20/04,5.25,1.25,189.4,5.5,87.83000183105469,96.7,40.86,5.8,0.574999988,57.4395,-0.0045,0.0171
7/21/04,5.31,1.25,189.4,5.5,88.55999755859375,96.7,40.63,5.9,0.5646430253982544,53.5235,-0.0138,0.0174
7/22/04,5.3,1.26,189.4,5.5,88.44999694824219,96.7,41.51,5.85,0.5657140016555786,53.8738,-0.0093,0.0168
7/23/04,5.27,1.25,189.4,5.5,89.26000213623047,96.7,41.82,5.98,0.5482140183448792,47.5669,-0.0057,0.017
7/26/04,5.27,1.27,189.4,5.5,89.02999877929688,96.7,41.45,5.94,0.558214009,51.0905,0.0047,0.0166
7/27/04,5.42,1.27,189.4,5.5,89.79000091552734,96.7,41.83,5.87,0.5791069865226746,57.5144,0.0307,0.017
7/28/04,5.42,1.29,189.4,5.5,89.75,96.7,42.81,5.77,0.5762500166893005,56.423,0.032,0.0172
7/29/04,5.37,1.3,189.4,5.5,89.94999694824219,96.7,42.69,5.93,0.5828570127487183,58.3894,0.0393,0.0167
7/30/04,5.31,1.29,189.4,5.5,89.95999908447266,96.7,43.72,6.03,0.5774999856948853,56.1759,0.0481,0.0166
8/2/04,5.26,1.28,189.5,5.4,89.75,95.9,43.83,5.86,0.563929021,50.9106,0.0355,0.0167
8/3/04,5.24,1.24,189.5,5.4,89.56999969482422,95.9,44.13,5.77,0.5587499737739563,49.0225,0.0257,0.0161
8/4/04,5.24,1.22,189.5,5.4,89.68000030517578,95.9,42.73,5.7,0.5676789879798889,52.3068,-0.0172,0.016
8/5/04,5.22,1.3,189.5,5.4,89.63999938964844,95.9,44.39,5.54,0.5605360269546509,49.5561,-0.0122,0.016
8/6/04,5.13,1.32,189.5,5.4,88.36000061035156,95.9,43.95,5.42,0.5317860245704651,40.357,-0.0329,0.0166
8/9/04,5.15,1.35,189.5,5.4,88.38999938964844,95.9,44.86,5.58,0.5410709977149963,43.9744,-0.0286,0.0162
8/10/04,5.17,1.43,189.5,5.4,88.79000091552734,95.9,44.51,5.78,0.5628569722175598,51.4191,-0.0015,0.0163
8/11/04,5.16,1.5,189.5,5.4,88.84999847,95.9,44.72,5.64,0.5537499785423279,48.5168,-0.0101,0.0165
8/12/04,5.17,1.51,189.5,5.4,88.69000244140625,95.9,45.52,5.46,0.5423210263252258,45.0782,-0.005,0.0161
8/13/04,5.11,1.48,189.5,5.4,87.90000153,95.9,46.61,5.27,0.5507140159606934,47.9932,-0.0063,0.016
8/16/04,5.13,1.43,189.5,5.4,87.95999908447266,95.9,46.02,5.34,0.5496429800987244,47.6456,-0.0248,0.016
8/17/04,5.13,1.2,189.5,5.4,88.05999755859375,95.9,46.75,5.27,0.5512499809265137,48.2511,-0.0211,0.0157
8/18/04,5.11,1.39,189.5,5.4,88.08000183105469,95.9,47.36,5.36,0.566785991,53.8127,-0.0135,0.016
8/19/04,5.14,1.5,189.5,5.4,87.79000091552734,95.9,48.66,5.34,0.5483930110931396,47.3277,-0.0245,0.0165
8/20/04,5.14,1.5,189.5,5.4,88.12000274658203,95.9,47.6,5.39,0.550000012,47.9183,-0.0117,0.0158
8/23/04,5.15,1.51,189.5,5.4,89.05999755859375,95.9,46,5.34,0.5550000071525574,49.804,-0.0032,0.0154
8/24/04,5.15,1.51,189.5,5.4,89.45999908447266,95.9,45.68,5.23,0.5705360174179077,55.2284,0.0024,0.0153
8/25/04,5.13,1.55,189.5,5.4,89.41999816894531,95.9,43.83,5.32,0.5901790261268616,60.9713,0.025,0.0157
8/26/04,5.1,1.55,189.5,5.4,89.30000305175781,95.9,43.06,5.19,0.6189290285110474,67.5351,0.0734,0.0172
8/27/04,5.1,1.52,189.5,5.4,89.76999664,95.9,43.11,5.05,0.6133930087089539,65.2593,0.0609,0.0168
8/30/04,5.07,1.54,189.5,5.4,89.69000244140625,95.9,42.32,5.05,0.6092860102653503,63.5482,0.0391,0.0164
8/31/04,5.01,1.55,189.5,5.4,88.94000244140625,95.9,42.23,5.04,0.6158930063247681,65.132,0.0524,0.0163
9/1/04,5.01,1.53,189.9,5.4,88.87000274658203,94.2,43.89,5.02,0.6403570175170898,70.281,0.0826,0.017
9/2/04,5.07,1.51,189.9,5.4,88.98000336,94.2,44.04,4.75,0.6367859840393066,68.6864,0.0725,0.0169
9/3/04,5.14,1.48,189.9,5.4,89.62999725341797,94.2,43.94,4.32,0.6291069984436035,65.2581,0.067,0.0167
9/7/04,5.1,1.54,189.9,5.4,89.23000336,94.2,43.18,4.41,0.638571024,67.4168,0.0736,0.0165
9/8/04,5.04,1.51,189.9,5.4,88.76999664,94.2,42.77,4.69,0.6491069793701172,69.6757,0.0694,0.0163
9/9/04,5.07,1.49,189.9,5.4,88.83000183105469,94.2,44.53,4.57,0.637499988,64.3803,0.0751,0.0163
9/10/04,5.05,1.48,189.9,5.4,88.38999938964844,94.2,42.84,4.57,0.6405360102653503,65.1268,0.0763,0.016
9/13/04,5.02,1.51,189.9,5.4,88.55000305175781,94.2,43.86,5.12,0.6355360150337219,62.7926,0.0679,0.0156
9/14/04,5.01,1.4,189.9,5.4,88.45999908447266,94.2,44.62,5.15,0.6337500214576721,61.9388,0.0533,0.0154
9/15/04,5.04,1.57,189.9,5.4,89.15000153,94.2,43.83,5.17,0.6285709738731384,59.4156,0.0323,0.015
9/16/04,4.95,1.61,189.9,5.4,88.79000091552734,94.2,44.03,4.82,0.6491069793701172,65.4297,0.0254,0.0158
9/17/04,4.99,1.58,189.9,5.4,88.91000366210938,94.2,45.63,4.95,0.6632140278816223,68.8452,0.042,0.0157
9/20/04,4.94,1.64,189.9,5.4,88.98999786376953,94.2,46.33,5.22,0.6733930110931396,71.0663,0.054,0.0158
9/21/04,4.94,1.7,189.9,5.4,88.12999725341797,94.2,47.11,5.43,0.6787499785423279,72.1901,0.053,0.0162
9/22/04,4.88,1.78,189.9,5.4,88.51000213623047,94.2,48.41,5.58,0.6592860221862793,62.6664,0.0159,0.0165
9/23/04,4.86,1.8,189.9,5.4,88.44000244140625,94.2,48.37,5.58,0.6655359864234924,64.2952,0.0242,0.0159
9/24/04,4.87,1.76,189.9,5.4,88.40000153,94.2,48.86,5.41,0.665893018,64.3908,0.031,0.0157
9/27/04,4.84,1.76,189.9,5.4,88.29000091552734,94.2,49.56,5.22,0.670179009,65.5819,0.0266,0.0158
9/28/04,4.9,1.72,189.9,5.4,88.11000061035156,94.2,49.76,5.45,0.679286003,68.029,0.0254,0.0156
9/29/04,4.97,1.76,189.9,5.4,88.09999847,94.2,49.53,6.26,0.6907140016555786,70.8317,0.0448,0.0156
9/30/04,4.97,1.94,189.9,5.4,87.36000061035156,94.2,49.56,6.36,0.6919639706611633,71.1298,0.0433,0.0153
10/1/04,5.06,1.86,190.9,5.5,87.62999725341797,91.7,50.16,5.38,0.6905360221862793,70.2462,0.0463,0.0149
10/4/04,5.04,1.77,190.9,5.5,88.37999725341797,91.7,49.85,5.72,0.6926789879798889,70.8315,0.0496,0.0144
10/5/04,5.04,1.73,190.9,5.5,88.16999816894531,91.7,51.08,6.07,0.7030360102653503,73.5408,0.0627,0.0147
10/6/04,5.04,1.74,190.9,5.5,88.48000336,91.7,51.98,6,0.7257140278816223,78.2949,0.0645,0.0152
10/7/04,5.08,1.76,190.9,5.5,88.33999633789062,91.7,52.56,6.24,0.7074999809265137,67.7639,0.0373,0.0157
10/8/04,4.98,1.71,190.9,5.5,87.44999694824219,91.7,53.4,5.59,0.6974999904632568,62.7718,0.0203,0.0155
10/11/04,.,1.71,190.9,5.5,87.54000091552734,91.7,53.65,5.63,0.6891070008277893,58.8531,0.0087,0.0154
10/12/04,4.95,1.78,190.9,5.5,88.01999664,91.7,53.49,5.63,0.6837499737739563,56.4315,0.0206,0.0153
10/13/04,4.98,1.73,190.9,5.5,87.87999725341797,91.7,53.86,5.38,0.7098209857940674,64.1604,0.0373,0.0158
10/14/04,4.93,1.77,190.9,5.5,87.55000305175781,91.7,54.69,5.76,0.8032140135765076,78.722,0.1157,0.0211
10/15/04,4.92,1.79,190.9,5.5,87.08999633789062,91.7,54.89,5.64,0.8125,79.6091,0.1199,0.0211
10/18/04,4.92,1.73,190.9,5.5,87.01999664,91.7,53.59,5.64,0.8526790142059326,82.926,0.1461,0.0229
10/19/04,4.91,1.72,190.9,5.5,86.83999633789062,91.7,53.28,6.13,0.8467860221862793,80.8488,0.1315,0.0224
10/20/04,4.85,1.74,190.9,5.5,86.34999847,91.7,54.93,7.27,0.8476790189743042,80.9267,0.1312,0.0218
10/21/04,4.84,1.76,190.9,5.5,86.01999664,91.7,54.51,7.35,0.8560709953308105,81.6816,0.1395,0.0211
10/22/04,4.87,1.72,190.9,5.5,85.87000274658203,91.7,55.83,7.11,0.8466070294380188,77.9358,0.1297,0.0205
10/25/04,4.86,1.76,190.9,5.5,84.97000122070312,91.7,55.52,7.75,0.849107027,78.2199,0.1231,0.0199
10/26/04,4.87,1.72,190.9,5.5,85.20999908447266,91.7,56.37,7.78,0.8566070199012756,79.0899,0.1103,0.0196
10/27/04,4.96,1.77,190.9,5.5,85.44000244140625,91.7,52.52,8.12,0.8982139825820923,83.1183,0.1607,0.0211
10/28/04,4.91,1.79,190.9,5.5,85.27999877929688,91.7,50.95,6.8,0.9319639801979065,85.5502,0.1975,0.0225
10/29/04,4.87,1.79,190.9,5.5,84.91000366210938,91.7,51.78,6.43,0.9357140064239502,85.795,0.2078,0.0224
11/1/04,4.92,1.83,191,5.4,85.19999694824219,92.8,50.1,6.98,0.9366070032119751,85.8565,0.213,0.0221
11/2/04,4.91,1.74,191,5.4,85.47000122070312,92.8,49.6,6.88,0.955357015,87.1169,0.2069,0.0223
11/3/04,4.9,1.73,191,5.4,84.69999694824219,92.8,50.9,7.25,0.9876790046691895,88.9457,0.1554,0.0235
11/4/04,4.89,1.77,191,5.4,84.54000091552734,92.8,48.8,7.4,0.9723209738731384,82.9226,0.1347,0.0231
11/5/04,4.99,1.76,191,5.4,84.01000213623047,92.8,49.65,6.08,0.9771429896354675,83.3048,0.1049,0.0247
11/8/04,4.98,1.8,191,5.4,84.08999633789062,92.8,49.1,6.62,0.9710710048675537,80.8507,0.1047,0.0246
11/9/04,5.02,1.79,191,5.4,84.29000091552734,92.8,47.4,5.79,0.9651790261268616,78.4354,0.099,0.0241
11/10/04,5.05,1.92,191,5.4,84.43000030517578,92.8,48.7,6.12,0.9776790142059326,79.813,0.1025,0.024
11/11/04,.,1.92,191,5.4,84.37000274658203,92.8,47.5,6.19,0.987500012,80.8482,0.1187,0.0236
11/12/04,4.96,2.02,191,5.4,83.69000244140625,92.8,47.3,5.9,0.9910709857940674,81.2253,0.1196,0.0228
11/15/04,4.98,2.06,191,5.4,84,92.8,46.95,6.02,0.986428976,79.0466,0.1094,0.0224
11/16/04,4.96,1.98,191,5.4,83.80000305175781,92.8,46.1,6.57,0.9810709953308105,76.4559,0.0697,0.0216
11/17/04,4.89,1.99,191,5.4,83.29000091552734,92.8,46.85,6.06,0.9803569912910461,76.1475,0.0408,0.0214
11/18/04,4.86,1.99,191,5.4,83.69000244140625,92.8,46.3,5.59,0.9891070127487183,77.515,0.045,0.0211
11/19/04,4.93,1.99,191,5.4,83.30999755859375,92.8,48.9,4.81,0.9851790070533752,75.4241,0.0409,0.0222
11/22/04,4.89,2.01,191,5.4,83.19000244140625,92.8,48.48,5.24,1.0955359935760498,86.4671,0.1181,0.0301
11/23/04,4.89,2,191,5.4,82.97000122070312,92.8,48.74,5.24,1.0941070318222046,85.9288,0.0897,0.0295
11/24/04,4.89,2.02,191,5.4,82.41000366210938,92.8,49.14,5.01,1.1437499523162842,88.5875,0.1444,0.0316
11/26/04,4.94,2.01,191,5.4,81.77999877929688,92.8,.,.,1.1526789665222168,88.9904,0.1479,0.0312
11/29/04,5.03,2.03,191,5.4,81.93000030517578,92.8,49.71,6.76,1.2221430540084839,91.5037,0.2115,0.0343
11/30/04,5.07,2.02,191,5.4,81.81999969482422,92.8,49.16,6.79,1.1973210573196411,84.1147,0.1956,0.0337
12/1/04,5.08,2.04,190.3,5.4,81.55999755859375,97.1,45.56,6.78,1.210536003112793,84.8176,0.1962,0.0331
12/2/04,5.11,2,190.3,5.4,81.94999694824219,97.1,43.31,6.69,1.164463996887207,72.7338,0.1491,0.0341
12/3/04,4.99,1.98,190.3,5.4,80.98000336,97.1,42.56,6.04,1.1192859411239624,63.2218,0.108,0.0354
12/6/04,4.96,2.04,190.3,5.4,81.27999877929688,97.1,42.96,6.05,1.1746430397033691,68.6345,0.1586,0.0367
12/7/04,4.95,1.99,190.3,5.4,81.23999786376953,97.1,41.51,6.03,1.1230360269546509,59.7989,0.1197,0.0386
12/8/04,4.84,2.01,190.3,5.4,81.90000153,97.1,41.96,5.98,1.1299999952316284,60.5372,0.1261,0.0384
12/9/04,4.88,2.05,190.3,5.4,82.02999877929688,97.1,42.41,6.04,1.142678976,61.9087,0.1294,0.0381
12/10/04,4.87,2.09,190.3,5.4,82.55000305175781,97.1,40.71,6.29,1.1633930206298828,64.1038,0.1502,0.0376
12/13/04,4.85,2.18,190.3,5.4,82.09999847,97.1,41.06,6.89,1.159106969833374,63.2911,0.0536,0.0363
12/14/04,4.83,2.24,190.3,5.4,82.31999969482422,97.1,41.76,7.1,1.1658929586410522,64.0678,0.0605,0.0348
12/15/04,4.76,2.31,190.3,5.4,81.62999725341797,97.1,44.21,7.04,1.165356993675232,63.9528,0.0182,0.0332
12/16/04,4.88,2.26,190.3,5.4,82.5,97.1,44.16,6.88,1.1892859935760498,66.811,0.0308,0.0332
12/17/04,4.89,2.23,190.3,5.4,82.16000366210938,97.1,46.31,7.26,1.1605360507965088,60.5915,-0.0519,0.0331
12/20/04,4.88,2.26,190.3,5.4,81.66999816894531,97.1,45.57,7.14,1.1200000047683716,53.0713,-0.0651,0.0353
12/21/04,4.83,2.24,190.3,5.4,81.94000244140625,97.1,45.76,6.83,1.1373209953308105,55.6068,-0.0617,0.0351
12/22/04,4.86,2.25,190.3,5.4,81.93000030517578,97.1,44.05,7.05,1.1383930444717407,55.766,-0.022,0.0336
12/23/04,4.9,2.34,190.3,5.4,81.33999633789062,97.1,42.19,6.98,1.1430360078811646,56.4941,0.02,0.0319
12/27/04,4.97,2.24,190.3,5.4,80.72000122070312,97.1,41.26,6.57,1.127856969833374,53.3995,-0.0394,0.0321
12/28/04,4.95,2.24,190.3,5.4,80.72000122070312,97.1,41.78,6.27,1.146070957183838,56.4802,0.0194,0.0322
12/29/04,4.97,2.23,190.3,5.4,80.97000122070312,97.1,43.69,6.18,1.1507140398025513,57.2559,0.0175,0.0314
12/30/04,4.94,2.24,190.3,5.4,80.52999877929688,97.1,43.36,6.02,1.157142996788025,58.3625,0.0122,0.03
12/31/04,4.86,1.97,190.3,5.4,80.84999847,97.1,.,.,1.149999976158142,56.6088,-0.0113,0.0289
1/3/05,4.85,2.31,190.7,5.3,81.30000305175781,95.5,42.16,5.53,1.1301790475845337,51.9443,-0.0244,0.0295
1/4/05,4.91,2.25,190.7,5.3,82.56999969482422,95.5,43.96,5.71,1.141785979270935,54.3181,-0.0203,0.0301
1/5/05,4.88,2.25,190.7,5.3,82.54000091552734,95.5,43.41,5.84,1.151785969734192,56.32,-0.0114,0.0294
1/6/05,4.89,2.25,190.7,5.3,83.15000153,95.5,45.51,5.79,1.1526789665222168,56.5033,-0.0308,0.029
1/7/05,4.88,2.24,190.7,5.3,83.61000061035156,95.5,45.32,5.82,1.2366069555282593,69.4709,0.0641,0.0324
1/10/05,4.86,2.26,190.7,5.3,83.29000091552734,95.5,45.31,6.21,1.2314289808273315,68.1214,0.0939,0.0331
1/11/05,4.84,2.24,190.7,5.3,83.01999664,95.5,45.66,5.96,1.1528569459915161,51.7089,0.0131,0.0361
1/12/05,4.8,2.25,190.7,5.3,82.13999938964844,95.5,46.46,5.89,1.1689289808273315,54.1427,0.0257,0.0363
1/13/05,4.77,2.29,190.7,5.3,82.51000213623047,95.5,48.11,6.06,1.2464289665222168,63.6549,0.0871,0.0434
1/14/05,4.78,2.29,190.7,5.3,83.05999755859375,95.5,48.41,6.45,1.2535710334777832,64.3881,0.1059,0.043
1/18/05,4.72,2.31,190.7,5.3,83.36000061035156,95.5,48.46,6.69,1.261607050895691,65.2378,0.0973,0.0415
1/19/05,4.7,2.19,190.7,5.3,83.59999847,95.5,47.61,6.19,1.2478569746017456,62.4905,0.0818,0.0404
1/20/05,4.71,2.25,190.7,5.3,83.83999633789062,95.5,47.01,6.27,1.258213996887207,63.7295,0.0852,0.0394
1/21/05,4.7,2.26,190.7,5.3,83.26000213623047,95.5,48.31,6.43,1.2587499618530273,63.7961,0.0916,0.0383
1/24/05,4.63,2.26,190.7,5.3,83.23999786376953,95.5,48.61,6.41,1.263571024,64.4293,0.1124,0.037
1/25/05,4.71,2.29,190.7,5.3,83.98999786376953,95.5,49.43,6.44,1.286607027053833,67.366,0.122,0.0366
1/26/05,4.7,2.33,190.7,5.3,83.30000305175781,95.5,48.8,6.44,1.2901790142059326,67.8098,0.1166,0.0356
1/27/05,4.71,2.39,190.7,5.3,83.43000030517578,95.5,48.8,6.5,1.2971429824829102,68.7034,0.1217,0.0345
1/28/05,4.64,2.48,190.7,5.3,83.48000336,95.5,47.15,6.23,1.3210710287094116,71.6188,0.0712,0.0337
1/31/05,4.62,2.5,190.7,5.3,83.59999847,95.5,48.25,6.14,1.3732140064239502,76.7102,0.1195,0.0355
2/1/05,4.63,2.4,191.8,5.4,83.44999694824219,94.1,47.1,6.28,1.3844640254974365,77.6421,0.1951,0.0343
2/2/05,4.61,2.29,191.8,5.4,83.51999664,94.1,46.65,6.38,1.4219640493392944,80.4502,0.2132,0.0344
2/3/05,4.58,2.49,191.8,5.4,83.97000122070312,94.1,46.4,6.32,1.389464020729065,72.009,0.1205,0.0344
2/4/05,4.48,2.51,191.8,5.4,84.38999938964844,94.1,46.45,6.12,1.4078569412231445,73.6914,0.13,0.0334
2/7/05,4.43,2.5,191.8,5.4,85.04000091552734,94.1,45.35,6.02,1.4096430540084839,73.8557,0.1247,0.033
2/8/05,4.39,2.48,191.8,5.4,85.09999847,94.1,45.4,5.95,1.4446430206298828,76.9006,0.1658,0.0335
2/9/05,4.4,2.5,191.8,5.4,85.01999664,94.1,45.45,6.2,1.4060709476470947,67.5619,0.1246,0.0353
2/10/05,4.5,2.51,191.8,5.4,84.54000091552734,94.1,47.05,6.21,1.3992860317230225,66.0425,0.1184,0.0355
2/11/05,4.52,2.5,191.8,5.4,84.56999969482422,94.1,47.15,6.02,1.4501789808273315,71.2626,0.1572,0.0367
2/14/05,4.45,2.51,191.8,5.4,83.95999908447266,94.1,47.5,5.95,1.5112500190734863,76.0254,0.1893,0.0379
2/15/05,4.48,2.53,191.8,5.4,83.58999633789062,94.1,47.3,6.01,1.5787500143051147,79.9757,0.2431,0.04
2/16/05,4.53,2.48,191.8,5.4,83.66999816894531,94.1,48.35,6.1,1.6094640493392944,81.4717,0.2631,0.0402
2/17/05,4.58,2.5,191.8,5.4,83.47000122070312,94.1,47.5,6.05,1.5680359601974487,73.4958,0.2081,0.041
2/18/05,4.65,2.51,191.8,5.4,83.48999786376953,94.1,48.45,5.88,1.5501790046691895,70.3011,0.1491,0.0398
2/22/05,4.71,2.57,191.8,5.4,82.41000366210938,94.1,51,5.92,1.523036003112793,65.6312,0.1168,0.0402
2/23/05,4.69,2.53,191.8,5.4,82.68000030517578,94.1,51.73,6.02,1.5755360126495361,69.8087,0.1294,0.0407
2/24/05,4.67,2.55,191.8,5.4,82.87999725341797,94.1,52.05,6.33,1.5880359411239624,70.7212,0.1673,0.0395
2/25/05,4.61,2.54,191.8,5.4,82.66000366210938,94.1,52.2,6.24,1.5891070365905762,70.8026,0.1527,0.0385
2/28/05,4.71,2.52,191.8,5.4,82.51000213623047,94.1,51.75,6.62,1.6021430492401123,71.8296,0.1622,0.0383
3/1/05,4.69,2.39,193.3,5.2,82.76999664,92.6,51.67,6.63,1.589285969734192,69.2428,0.1219,0.0376
3/2/05,4.71,2.48,193.3,5.2,83.08000183105469,92.6,53,6.61,1.5757139921188354,66.5265,0.143,0.0367
3/3/05,4.71,2.51,193.3,5.2,83.27999877929688,92.6,53.6,6.71,1.4924999475479126,52.806,0.0785,0.0409
3/4/05,4.66,2.5,193.3,5.2,82.54000091552734,92.6,53.7,6.51,1.5289289951324463,56.9864,0.0664,0.0406
3/7/05,4.63,2.51,193.3,5.2,82.79000091552734,92.6,53.9,6.66,1.526785969734192,56.6684,0.0131,0.0396
3/8/05,4.67,2.49,193.3,5.2,81.98000336,92.6,54.55,6.81,1.4474999904632568,46.3604,-0.1106,0.0425
3/9/05,4.84,2.5,193.3,5.2,81.62999725341797,92.6,54.75,6.99,1.405357003211975,41.9884,-0.172,0.0431
3/10/05,4.74,2.52,193.3,5.2,81.56999969482422,92.6,53.52,6.91,1.4225000143051147,44.2899,-0.1226,0.0425
3/11/05,4.8,2.51,193.3,5.2,81.41999816894531,92.6,54.4,6.73,1.4382139444351196,46.3895,-0.0943,0.0412
3/14/05,4.77,2.59,193.3,5.2,81.97000122070312,92.6,54.9,6.86,1.440000057220459,46.6356,-0.07,0.041
3/15/05,4.8,2.61,193.3,5.2,82.12000274658203,92.6,55.05,7.16,1.4628570079803467,49.8118,-0.0949,0.04
3/16/05,4.78,2.57,193.3,5.2,81.62000274658203,92.6,56.5,7.08,1.4707139730453491,50.8938,-0.0988,0.0404
3/17/05,4.75,2.68,193.3,5.2,81.83999633789062,92.6,56.4,7.25,1.5089290142059326,55.8762,-0.0676,0.0412
3/18/05,4.8,2.7,193.3,5.2,82.12999725341797,92.6,56.8,7.12,1.5342860221862793,58.859,-0.0572,0.0408
3/21/05,4.85,2.71,193.3,5.2,82.87999725341797,92.6,56.7,7.16,1.5607140064239502,61.7606,-0.0241,0.0403
3/22/05,4.88,2.72,193.3,5.2,83.36000061035156,92.6,55.95,7.24,1.5296430587768555,56.6978,-0.0388,0.0401
3/23/05,4.86,2.73,193.3,5.2,84,92.6,49.43,7.11,1.519642949104309,55.1313,0.0229,0.0402
3/24/05,4.84,2.75,193.3,5.2,84.12999725341797,92.6,49.7,7.07,1.5178569555282593,54.84,-0.0093,0.0384
3/28/05,4.88,2.79,193.3,5.2,84.62000274658203,92.6,54.06,6.94,1.5189290046691895,54.9937,-0.0066,0.0367
3/29/05,4.85,2.72,193.3,5.2,84.31999969482422,92.6,54.26,6.93,1.4910709857940674,50.2092,0.0367,0.037
3/30/05,4.77,2.74,193.3,5.2,84.29000091552734,92.6,53.96,7.18,1.5285710096359253,55.7857,0.1038,0.0366
3/31/05,4.76,2.96,193.3,5.2,84.05999755859375,92.6,55.31,7.46,1.4882140159606934,49.3765,0.0554,0.0366
4/1/05,4.72,2.83,194.6,5.2,84.43000030517578,87.7,57.26,7.57,1.4603569507598877,45.4913,0.0187,0.0374
4/4/05,4.73,2.78,194.6,5.2,84.77999877929688,87.7,56.86,7.8,1.4674999713897705,46.6505,0.0232,0.0372
4/5/05,4.75,2.72,194.6,5.2,84.66000366210938,87.7,55.83,7.44,1.4960709810256958,51.1275,0.028,0.037
4/6/05,4.73,2.73,194.6,5.2,84.68000030517578,87.7,55.88,7.46,1.5117859840393066,53.4417,0.0346,0.0364
4/7/05,4.78,2.76,194.6,5.2,84.87000274658203,87.7,54.16,7.5,1.5557140111923218,59.2506,0.0394,0.037
4/8/05,4.77,2.75,194.6,5.2,84.47000122070312,87.7,53.46,7.26,1.5621429681777954,60.0364,0.0235,0.0363
4/11/05,4.73,2.78,194.6,5.2,84.16000366210938,87.7,53.71,7.17,1.497143030166626,49.6177,-0.0536,0.0387
4/12/05,4.66,2.77,194.6,5.2,84.41999816894531,87.7,51.54,7.34,1.5235710144042969,53.1758,-0.0051,0.0387
4/13/05,4.68,2.76,194.6,5.2,84.41999816894531,87.7,50.21,7.07,1.4657139778137207,45.5859,-0.0454,0.0415
4/14/05,4.73,2.79,194.6,5.2,85,87.7,51.11,7.02,1.3307139873504639,33.5521,-0.1577,0.0476
4/15/05,4.66,2.82,194.6,5.2,84.55999755859375,87.7,50.61,6.95,1.2625000476837158,29.3378,-0.2161,0.0484
4/18/05,4.62,2.75,194.6,5.2,84,87.7,50.52,6.95,1.272143006324768,30.6636,-0.1845,0.0499
4/19/05,4.53,2.74,194.6,5.2,83.76000213623047,87.7,52.33,6.95,1.3246430158615112,37.5354,-0.1718,0.0503
4/20/05,4.59,2.74,194.6,5.2,83.51999664,87.7,52.45,7.1,1.2682139873504639,33.6725,-0.1854,0.0516
4/21/05,4.62,2.75,194.6,5.2,83.69999694824219,87.7,52.49,6.93,1.3278570175170898,40.478,-0.1128,0.0516
4/22/05,4.6,2.74,194.6,5.2,83.5,87.7,54.16,7.06,1.2678569555282593,36.4281,-0.1682,0.0527
4/25/05,4.54,2.82,194.6,5.2,83.81999969482422,87.7,53.16,7.27,1.320713996887207,42.0618,-0.1477,0.0522
4/26/05,4.59,2.78,194.6,5.2,83.95999908447266,87.7,54.33,7.08,1.2925000190734863,40.0229,-0.1848,0.0514
4/27/05,4.57,2.63,194.6,5.2,84.12000274658203,87.7,51.37,7.1,1.2839289903640747,39.3981,-0.229,0.0496
4/28/05,4.52,2.89,194.6,5.2,84.34999847,87.7,51.92,6.67,1.269286036491394,38.2982,-0.2467,0.0484
4/29/05,4.53,2.97,194.6,5.2,84.43000030517578,87.7,49.2,6.64,1.2878570556640625,40.5646,-0.1763,0.0471
5/2/05,4.53,2.98,194.4,5.1,84.48999786376953,86.9,50.94,6.5,1.301071047782898,42.1917,-0.1875,0.0451
5/3/05,4.49,2.95,194.4,5.1,84.51000213623047,86.9,49.6,6.61,1.293213963508606,41.4649,-0.1453,0.0434
5/4/05,4.6,2.99,194.4,5.1,84,86.9,50.22,6.49,1.3267860412597656,45.7643,-0.0033,0.0427
5/5/05,4.6,2.99,194.4,5.1,83.94000244140625,86.9,51.12,6.65,1.309999942779541,44.0231,0.04,0.0414
5/6/05,4.62,2.98,194.4,5.1,84.61000061035156,86.9,51.3,6.67,1.3300000429153442,46.6286,0.0487,0.0398
5/9/05,4.64,2.99,194.4,5.1,84.63999938964844,86.9,52.04,6.56,1.3203569650650024,45.5283,-0.0036,0.0385
5/10/05,4.6,2.99,194.4,5.1,84.44999694824219,86.9,51.76,6.67,1.3007140159606934,43.2875,0.0274,0.0377
5/11/05,4.54,2.99,194.4,5.1,84.94000244140625,86.9,50.39,6.63,1.2717859745025635,40.1531,-0.046,0.0421
5/12/05,4.54,3.01,194.4,5.1,85.48999786376953,86.9,48.83,6.62,1.2189290523529053,35.1455,-0.0412,0.0426
5/13/05,4.48,3.01,194.4,5.1,86.09999847,86.9,48.65,6.47,1.241786003112793,38.7054,-0.0665,0.042
5/16/05,4.49,3.06,194.4,5.1,86.12000274658203,86.9,48.64,6.45,1.269642949104309,42.8244,-0.0193,0.0416
5/17/05,4.47,2.99,194.4,5.1,86.20999908447266,86.9,48.97,6.41,1.2628569602966309,42.0826,-0.0178,0.0408
5/18/05,4.42,3,194.4,5.1,85.81999969482422,86.9,46.99,6.5,1.2799999713897705,44.6894,0.009,0.0434
5/19/05,4.44,3.02,194.4,5.1,86.08999633789062,86.9,47,6.39,1.3410710096359253,52.834,0.0448,0.0444
5/20/05,4.44,3.01,194.4,5.1,86.62999725341797,86.9,47.25,6.36,1.3410710096359253,52.834,0.0337,0.0422
5/23/05,4.38,3.01,194.4,5.1,86.40000153,86.9,48.68,6.33,1.4199999570846558,61.362,0.1068,0.0442
5/24/05,4.35,2.99,194.4,5.1,86.37000274658203,86.9,49.14,6.45,1.417857050895691,61.0393,0.0767,0.0431
5/25/05,4.4,3.01,194.4,5.1,86.34999847,86.9,50.37,6.33,1.420714020729065,61.3313,0.0933,0.0414
5/26/05,4.45,3.01,194.4,5.1,86.84999847,86.9,50.89,6.3,1.4550000429153442,64.7456,0.1053,0.043
5/27/05,4.45,3.01,194.4,5.1,86.41999816894531,86.9,51.65,6.22,1.448570966720581,63.6114,0.108,0.0416
5/31/05,4.36,3.09,194.4,5.1,87.76000213623047,86.9,52.08,6.31,1.4199999570846558,58.6868,0.1005,0.0412
6/1/05,4.27,3.02,194.5,5,88.11000061035156,96,54.4,6.36,1.4392859935760498,60.8888,0.1411,0.0404
6/2/05,4.2,3,194.5,5,87.75,96,53.46,6.63,1.4299999475479126,59.2533,0.1778,0.039
6/3/05,4.26,2.99,194.5,5,88.04000091552734,96,55.08,6.65,1.3657139539718628,49.3672,0.1044,0.0411
6/6/05,4.23,3,194.5,5,87.59999847,96,54.46,7.05,1.3542859554290771,47.8391,0.0713,0.0405
6/7/05,4.18,2.96,194.5,5,87.48999786376953,96,53.84,7.13,1.3049999475479126,41.8262,0.0355,0.0408
6/8/05,4.24,2.96,194.5,5,87.87999725341797,96,52.51,7.22,1.3185709714889526,43.9166,0.0325,0.0394
6/9/05,4.23,3.01,194.5,5,88.06999969482422,96,54.36,7.05,1.344642996788025,47.7973,0.003,0.039
6/10/05,4.3,3.01,194.5,5,88.69000244140625,96,53.55,7.09,1.2789289951324463,40.2393,-0.0524,0.0408
6/13/05,4.39,3.04,194.5,5,88.94999694824219,96,55.47,7.08,1.282142996788025,40.7329,-0.1162,0.0396
6/14/05,4.41,3.01,194.5,5,89.26000213623047,96,55.03,7.32,1.285714030265808,41.313,-0.1113,0.0376
6/15/05,4.44,3.05,194.5,5,88.65000153,96,55.53,7.39,1.326071024,47.5592,-0.0797,0.0377
6/16/05,4.36,3,194.5,5,88.72000122070312,96,56.48,7.41,1.3564289808273315,51.7217,-0.0831,0.0377
6/17/05,4.35,2.99,194.5,5,87.73000336,96,58.4,7.61,1.3682140111923218,53.2724,-0.0677,0.0366
6/20/05,4.34,3.01,194.5,5,88.48999786376953,96,59.19,7.8,1.3432140350341797,49.6307,-0.0647,0.0358
6/21/05,4.32,2.96,194.5,5,88.18000030517578,96,58.9,7.46,1.3521430492401123,50.9211,-0.0734,0.035
6/22/05,4.23,2.93,194.5,5,88.55999755859375,96,58.27,7.39,1.3767859935760498,54.3938,-0.0448,0.0341
6/23/05,4.27,3.05,194.5,5,89.12000274658203,96,59.23,7.51,1.388929009437561,56.0443,0.0196,0.0343
6/24/05,4.23,3.07,194.5,5,88.77999877929688,96,59.63,7.45,1.3485709428787231,49.6174,-0.0048,0.0349
6/27/05,4.25,3.17,194.5,5,88.44999694824219,96,59.78,7.29,1.3250000476837158,46.2792,0.0169,0.0355
6/28/05,4.22,3.17,194.5,5,88.98999786376953,96,58.32,7.04,1.3324999809265137,47.4898,0.0117,0.034
6/29/05,4.24,3.2,194.5,5,89.11000061035156,96,57.23,7.08,1.298928976,42.8367,-0.0385,0.0341
6/30/05,4.19,3.35,194.5,5,89.11000061035156,96,56.63,7.01,1.3146430253982544,45.5272,0.0301,0.0335
7/1/05,4.28,3.36,195.4,5,90.12999725341797,96.5,59.11,7.01,1.3035709857940674,43.9574,0.0181,0.0326
7/5/05,4.34,3.27,195.4,5,90.44000244140625,96.5,59.71,7.38,1.3564289808273315,52.3964,0.0596,0.0338
7/6/05,4.31,2.99,195.4,5,90.37999725341797,96.5,61.24,7.69,1.3353569507598877,49.2148,0.0078,0.0335
7/7/05,4.28,3.18,195.4,5,90.27999877929688,96.5,60.76,7.62,1.3439290523529053,50.5307,-0.0105,0.0331
7/8/05,4.33,3.22,195.4,5,90.25,96.5,59.71,7.87,1.3660709857940674,53.857,-0.0018,0.0325
7/11/05,4.3,3.23,195.4,5,89.45999908447266,96.5,59.23,7.35,1.3607139587402344,52.9297,0.0147,0.0321
7/12/05,4.36,3.23,195.4,5,88.41000366210938,96.5,60.49,7.79,1.3657139539718628,53.7305,0.0114,0.0308
7/13/05,4.38,3.27,195.4,5,89.30999755859375,96.5,60,7.78,1.369642972946167,54.387,-0.006,0.0299
7/14/05,4.4,3.32,195.4,5,89.40000153,96.5,57.83,7.99,1.4553569555282593,65.7923,0.056,0.0356
7/15/05,4.39,3.32,195.4,5,89.72000122070312,96.5,58.36,8.02,1.4839290380477905,68.6098,0.114,0.0355
7/18/05,4.44,3.19,195.4,5,89.63999938964844,96.5,57.12,7.77,1.4817860126495361,68.1564,0.1321,0.0345
7/19/05,4.41,3.13,195.4,5,89.84999847,96.5,57.61,7.7,1.5425000190734863,73.5001,0.1769,0.0367
7/20/05,4.37,3.25,195.4,5,89.33999633789062,96.5,56.73,7.75,1.5582139492034912,74.6842,0.2185,0.0365
7/21/05,4.48,3.27,195.4,5,88.93000030517578,96.5,57.31,7.64,1.5460710525512695,72.0067,0.195,0.0364
7/22/05,4.39,3.25,195.4,5,89.63999938964844,96.5,57.75,7.41,1.5714290142059326,74.0953,0.2257,0.0353
7/25/05,4.44,3.28,195.4,5,89.59999847,96.5,58.16,7.38,1.5646430253982544,72.5356,0.1754,0.034
7/26/05,4.44,3.25,195.4,5,90,96.5,59.05,7.45,1.5582139492034912,71.0106,0.1878,0.0332
7/27/05,4.42,3.27,195.4,5,89.73000336,96.5,59.12,7.52,1.5710710287094116,72.2665,0.1914,0.0338
7/28/05,4.38,3.27,195.4,5,89.33999633789062,96.5,59.91,7.69,1.5642859935760498,70.5298,0.167,0.0329
7/29/05,4.42,3.31,195.4,5,89.34999847,96.5,60.71,7.76,1.5232139825820923,60.9783,0.1369,0.0351
8/1/05,4.46,3.3,196.4,4.9,88.80000305175781,89.1,61.51,8.03,1.526785969734192,61.467,0.1357,0.0347
8/2/05,4.52,3.2,196.4,4.9,88.76000213623047,89.1,61.87,8.38,1.5425000190734863,63.6255,0.1456,0.0342
8/3/05,4.48,3.35,196.4,4.9,87.98999786376953,89.1,60.76,8.75,1.5435709953308105,63.7745,0.0743,0.0329
8/4/05,4.5,3.44,196.4,4.9,87.80000305175781,89.1,61.6,8.55,1.5253570079803467,59.3255,0.0349,0.0325
8/5/05,4.56,3.49,196.4,4.9,88.05999755859375,89.1,62.44,8.6,1.5353569984436035,60.9367,0.0451,0.0331
8/8/05,4.58,3.5,196.4,4.9,87.91999816894531,89.1,63.92,8.93,1.5232139825820923,57.9356,-0.0162,0.0321
8/9/05,4.56,3.47,196.4,4.9,87.88999938964844,89.1,63.13,8.7,1.565000057220459,64.428,0.0057,0.0325
8/10/05,4.56,3.48,196.4,4.9,87.61000061035156,89.1,64.8,8.82,1.5492860078811646,60.6376,0.0027,0.0325
8/11/05,4.51,3.51,196.4,4.9,87.09999847,89.1,65.67,9.29,1.5714290142059326,63.8637,0,0.032
8/12/05,4.42,3.55,196.4,4.9,86.98000336,89.1,66.71,9.59,1.6464289426803589,72.1805,0.0689,0.0359
8/15/05,4.45,3.61,196.4,4.9,87.31999969482422,89.1,66.21,9.53,1.7028570175170898,76.5529,0.1219,0.0381
8/16/05,4.41,3.46,196.4,4.9,87.43000030517578,89.1,66.11,9.66,1.651785969734192,66.3835,0.068,0.0386
8/17/05,4.49,3.57,196.4,4.9,88,89.1,63.29,9.99,1.6839289665222168,69.1602,0.1008,0.0384
8/18/05,4.4,3.5,196.4,4.9,88.58999633789062,89.1,63.47,9.38,1.6535710096359253,63.8002,0.1098,0.0386
8/19/05,4.4,3.54,196.4,4.9,88.58000183105469,89.1,65.51,9.09,1.6367859840393066,60.9857,0.0927,0.0379
8/22/05,4.4,3.51,196.4,4.9,88.13999938964844,89.1,65.46,9.44,1.6382139921188354,61.1428,0.0806,0.0384
8/23/05,4.39,3.49,196.4,4.9,88.08000183105469,89.1,65.81,9.96,1.6335710287094116,60.293,0.0758,0.0373
8/24/05,4.38,3.5,196.4,4.9,87.91000366210938,89.1,67.1,10.02,1.6346429586410522,60.4297,0.0921,0.0379
8/25/05,4.37,3.55,196.4,4.9,87.63999938964844,89.1,67.29,9.77,1.6449999809265137,61.7986,0.0924,0.0368
8/26/05,4.38,3.54,196.4,4.9,87.86000061035156,89.1,66.05,9.86,1.6335710287094116,59.3584,0.093,0.0362
8/29/05,4.37,3.54,196.4,4.9,88.25,89.1,67.41,9.86,1.6371430158615112,59.8914,0.0608,0.0353
8/30/05,4.34,3.52,196.4,4.9,88.34999847,89.1,69.91,12.36,1.6632139682769775,63.64,0.096,0.0348
8/31/05,4.23,3.63,196.4,4.9,87.58000183105469,89.1,68.63,12.69,1.6746430397033691,65.1765,0.087,0.034
9/1/05,4.28,3.57,198.8,5,86.55000305175781,76.9,69.5,11.36,1.6521430015563965,59.8173,0.0048,0.0339
9/2/05,4.26,3.49,198.8,5,86.30000305175781,76.9,66.91,11.75,1.6507140398025513,59.4829,-0.0439,0.0329
9/6/05,4.36,3.57,198.8,5,86.56999969482422,76.9,65.83,11.56,1.7428569793701172,70.8163,0.0767,0.0363
9/7/05,4.43,3.48,198.8,5,86.97000122070312,76.9,64.38,11.03,1.738571047782898,69.8378,0.046,0.0369
9/8/05,4.43,3.49,198.8,5,87.04000091552734,76.9,64.8,10.92,1.7778569459915161,73.4582,0.1047,0.0373
9/9/05,4.36,3.49,198.8,5,86.88999938964844,76.9,64.21,11.03,1.8324999809265137,77.503,0.1649,0.038
9/12/05,4.45,3.5,198.8,5,87.70999908447266,76.9,63.29,10.68,1.8357139825820923,77.7181,0.1664,0.0376
9/13/05,4.38,3.45,198.8,5,87.75,76.9,63.18,10.71,1.815000057220459,72.8817,0.1529,0.0372
9/14/05,4.41,3.54,198.8,5,87.66999816894531,76.9,65.2,10.8,1.7717859745025635,63.942,0.1155,0.0383
9/15/05,4.51,3.67,198.8,5,88.12999725341797,76.9,64.64,11.24,1.7810709476470947,64.9372,0.1146,0.0374
9/16/05,4.56,3.62,198.8,5,88.05000305175781,76.9,62.91,11.25,1.8289289474487305,69.5951,0.1646,0.0376
9/19/05,4.55,3.62,198.8,5,88.44000244140625,76.9,67.21,11.99,1.8799999952316284,73.6222,0.2046,0.0388
9/20/05,4.49,3.67,198.8,5,88.59999847,76.9,66.24,12.76,1.8996429443359375,74.994,0.1992,0.0386
9/21/05,4.47,3.72,198.8,5,88.13999938964844,76.9,66.96,14.26,1.861070990562439,67.5634,0.1571,0.0387
9/22/05,4.47,3.77,198.8,5,88.55999755859375,76.9,67.07,14.84,1.8535710573196411,66.1901,0.1697,0.0384
9/23/05,4.47,3.76,198.8,5,89.20999908447266,76.9,64.67,.,1.899999976158142,70.2249,0.21,0.0392
9/26/05,4.56,3.83,198.8,5,89.11000061035156,76.9,65.98,.,1.9228570461273193,71.9967,0.1517,0.0393
9/27/05,4.56,3.73,198.8,5,89.59999847,76.9,64.94,.,1.9085710048675537,69.2241,0.1432,0.0383
9/28/05,4.46,3.76,198.8,5,89.47000122070312,76.9,66.36,.,1.8242859840393066,55.6159,0.0391,0.0417
9/29/05,4.5,3.82,198.8,5,89.40000153,76.9,66.83,.,1.8692859411239624,60.1231,0.031,0.0425
9/30/05,4.53,3.93,198.8,5,89.51999664,76.9,66.21,.,1.9146430492401123,64.0823,0.0665,0.0433
10/3/05,4.58,3.87,199.2,5,90.12999725341797,74.2,65.36,.,1.9442859888076782,66.4283,0.1089,0.0422
10/4/05,4.61,3.75,199.2,5,90.09999847,74.2,63.74,.,1.9196430444717407,62.7585,0.1246,0.0429
10/5/05,4.54,3.75,199.2,5,89.98000336,74.2,62.56,.,1.8849999904632568,57.9152,0.0876,0.0433
10/6/05,4.55,3.76,199.2,5,88.66000366210938,74.2,61.81,.,1.8464289903640747,53.0091,0.0147,0.0458
10/7/05,4.53,3.73,199.2,5,89.16999816894531,74.2,61.81,13.67,1.832142949104309,51.2767,-0.0403,0.0455
10/10/05,.,3.73,199.2,5,89.45999908447266,74.2,60.71,13.29,1.798928976,47.3982,-0.0849,0.0457
10/11/05,4.56,3.72,199.2,5,89.97000122070312,74.2,63.84,13.67,1.8424999713897705,52.4765,-0.0156,0.0457
10/12/05,4.62,3.36,199.2,5,89.62999725341797,74.2,64.13,13.77,1.7589290142059326,43.7517,-0.0797,0.0504
10/13/05,4.66,3.75,199.2,5,89.80999755859375,74.2,63.05,13.48,1.9192860126495361,58.1349,0.0162,0.0569
10/14/05,4.67,3.77,199.2,5,89.34999847,74.2,62.61,12.8,1.9285709857940674,58.792,0.0048,0.0562
10/17/05,4.68,3.82,199.2,5,89.80000305175781,74.2,64.26,13.89,1.9085710048675537,56.7268,0,0.0555
10/18/05,4.64,3.71,199.2,5,90.29000091552734,74.2,62.94,13.41,1.8646429777145386,52.3748,0.034,0.0553
10/19/05,4.66,3.71,199.2,5,89.98999786376953,74.2,62.11,13.52,1.9621429443359375,59.7547,0.0782,0.0594
10/20/05,4.62,3.77,199.2,5,89.91000366210938,74.2,61.04,13.24,2.005000114440918,62.5051,0.0761,0.0598
10/21/05,4.58,3.76,199.2,5,90.30999755859375,74.2,61.05,12.73,1.9878569841384888,60.7176,0.0367,0.059
10/24/05,4.63,3.76,199.2,5,90.11000061035156,74.2,60.63,12.95,2.0282139778137207,63.3731,0.0915,0.0585
10/25/05,4.7,3.74,199.2,5,89.23999786376953,74.2,62.83,13.9,2.003571033477783,60.6759,0.0999,0.0568
10/26/05,4.77,3.75,199.2,5,89.48999786376953,74.2,60.85,14.68,2.0367860794067383,62.9639,0.1604,0.0562
10/27/05,4.74,3.85,199.2,5,89.09999847,74.2,61.03,13.9,1.978929042816162,56.7678,0.1237,0.0557
10/28/05,4.74,3.9,199.2,5,89.58999633789062,74.2,61.3,13.1,1.9453569650650024,53.4793,0.1234,0.0566
10/31/05,4.73,4.02,199.2,5,90.06999969482422,74.2,59.8,12.18,2.056786060333252,61.4598,0.1805,0.0601
11/1/05,4.74,3.99,197.6,5,90.08000183105469,81.6,59.85,10.8,2.0535709857940674,61.134,0.2482,0.0585
11/2/05,4.74,3.99,197.6,5,89.72000122070312,81.6,59.75,10.85,2.141071081161499,66.3614,0.1869,0.0597
11/3/05,4.79,4.01,197.6,5,90.44000244140625,81.6,61.7,10.79,2.2089290618896484,69.7583,0.2362,0.0605
11/4/05,4.84,4,197.6,5,91.26000213623047,81.6,60.6,9.67,2.183928966522217,67.0713,0.232,0.061
11/7/05,4.82,3.99,197.6,5,91.29000091552734,81.6,59.4,8.77,2.151071071624756,63.6032,0.2413,0.0599
11/8/05,4.75,3.95,197.6,5,91.37000274658203,81.6,59.7,9.15,2.1392860412597656,62.3577,0.1493,0.0584
11/9/05,4.78,4.02,197.6,5,91.5,81.6,59.65,9.31,2.1467859745025635,62.8562,0.1195,0.0571
11/10/05,4.74,3.98,197.6,5,92.08000183105469,81.6,57.8,9.66,2.184999942779541,65.3724,0.1661,0.0577
11/11/05,.,3.98,197.6,5,91.98000336,81.6,57.45,9.2,2.197856903076172,66.202,0.1429,0.0556
11/14/05,4.75,4.03,197.6,5,92.12999725341797,81.6,57.6,9.15,2.194643020629883,65.7777,0.161,0.0539
11/15/05,4.7,3.97,197.6,5,92.08999633789062,81.6,57.05,9.21,2.2242860794067383,67.8255,0.158,0.0536
11/16/05,4.63,3.96,197.6,5,92.33000183105469,81.6,57.85,11.03,2.319643020629883,73.3501,0.2871,0.0557
11/17/05,4.6,3.98,197.6,5,91.87999725341797,81.6,56.2,11.92,2.304286003112793,71.2289,0.3024,0.0552
11/18/05,4.68,4,197.6,5,91.93000030517578,81.6,56.3,10.01,2.3057138919830322,71.312,0.2097,0.0536
11/21/05,4.62,4.03,197.6,5,92.02999877929688,81.6,57.75,10.48,2.319999933242798,72.1775,0.2245,0.0529
11/22/05,4.65,3.99,197.6,5,91.5,81.6,58.3,11.15,2.375714063644409,75.3066,0.1977,0.0539
11/23/05,4.7,4.01,197.6,5,91.51000213623047,81.6,58.35,11.02,2.3967859745025635,76.3882,0.1583,0.0532
11/25/05,4.66,4.03,197.6,5,92.04000091552734,81.6,.,.,2.476428985595703,79.9609,0.2464,0.0546
11/28/05,4.58,4.01,197.6,5,90.98000336,81.6,57.36,11.01,2.4878571033477783,80.4187,0.2838,0.055
11/29/05,4.65,3.99,197.6,5,91.62000274658203,81.6,56.46,11.17,2.432142972946167,71.8053,0.2467,0.0574
11/30/05,4.66,4.03,197.6,5,91.56999969482422,81.6,57.33,11.73,2.422142982,70.3489,0.232,0.0562
12/1/05,4.68,4.03,196.8,4.9,91.81999969482422,91.5,58.46,12.58,2.557142972946167,77.1015,0.3135,0.0606
12/2/05,4.68,4,196.8,4.9,91.94999694824219,91.5,59.31,12.95,2.5939290523529053,78.5358,0.3337,0.0606
12/5/05,4.72,4.02,196.8,4.9,91.48000336,91.5,59.91,14.27,2.565000057220459,74.5793,0.312,0.0588
12/6/05,4.68,3.97,196.8,4.9,91.44000244140625,91.5,59.96,13.57,2.6446430683135986,77.8828,0.3542,0.061
12/7/05,4.67,3.98,196.8,4.9,91.88999938964844,91.5,59.21,13.95,2.641071081161499,77.3971,0.2708,0.0596
12/8/05,4.62,4.09,196.8,4.9,91.26000213623047,91.5,60.66,14.25,2.645714044570923,77.5927,0.2877,0.0587
12/9/05,4.72,4.16,196.8,4.9,91.25,91.5,59.41,15.02,2.6546430587768555,77.9881,0.294,0.0572
12/12/05,4.69,4.24,196.8,4.9,90.34999847,91.5,61.36,14.82,2.6753571033477783,78.915,0.2994,0.0553
12/13/05,4.68,4.23,196.8,4.9,90.37999725341797,91.5,61.36,15.39,2.677856922149658,79.0298,0.2546,0.054
12/14/05,4.63,4.26,196.8,4.9,89.83000183105469,91.5,60.86,14.81,2.5717859268188477,63.2783,0.1474,0.0603
12/15/05,4.62,4.29,196.8,4.9,90.01999664,91.5,60.01,14.07,2.577857018,63.724,0.0855,0.0592
12/16/05,4.63,4.25,196.8,4.9,89.69999694824219,91.5,58.01,13.36,2.5396430492401123,58.8801,0.0436,0.0576
12/19/05,4.62,4.25,196.8,4.9,89.87000274658203,91.5,57.31,13.73,2.549285888671875,59.7123,0.0987,0.0569
12/20/05,4.63,4.3,196.8,4.9,90.77999877929688,91.5,57.81,13.79,2.575356960296631,61.9543,0.1291,0.0555
12/21/05,4.65,4.08,196.8,4.9,90.94000244140625,91.5,58.56,13.56,2.625,65.851,0.0572,0.0548
12/22/05,4.59,4.25,196.8,4.9,90.72000122070312,91.5,58.08,13.03,2.643570899963379,67.2043,0.0418,0.053
12/23/05,4.52,4.21,196.8,4.9,90.83999633789062,91.5,58.08,11.17,2.619642972946167,63.7015,0.046,0.0513
12/27/05,4.48,4.26,196.8,4.9,91.19000244140625,91.5,58.16,10.22,2.651071071624756,66.1939,0.0054,0.0515
12/28/05,4.51,4.19,196.8,4.9,91.26000213623047,91.5,59.81,9.9,2.627500057220459,62.7157,-0.0114,0.051
12/29/05,4.49,4.18,196.8,4.9,91.09999847,91.5,60.26,10.07,2.551785945892334,53.0697,-0.0791,0.0525
12/30/05,4.51,4.09,196.8,4.9,91.16999816894531,91.5,61.06,9.52,2.567500114440918,54.6294,-0.0734,0.0532
1/3/06,4.52,4.34,198.3,4.7,89.83999633789062,91.2,63.11,9.9,2.669642925262451,63.1925,-0.0048,0.0556
1/4/06,4.55,4.22,198.3,4.7,89.13999938964844,91.2,63.41,9.25,2.677500009536743,63.7591,-0.0003,0.0548
1/5/06,4.51,4.24,198.3,4.7,89.33000183105469,91.2,62.81,9.24,2.6564290523529053,61.045,0.0713,0.0535
1/6/06,4.53,4.22,198.3,4.7,88.84999847,91.2,64.21,9.3,2.7249999046325684,66.102,0.124,0.0547
1/9/06,4.53,4.25,198.3,4.7,89.25,91.2,63.56,8.79,2.7160708904266357,64.9202,0.1486,0.0539
1/10/06,4.62,4.24,198.3,4.7,89.33000183105469,91.2,63.41,8.6,2.887856960296631,74.4024,0.2853,0.0631
1/11/06,4.61,4.24,198.3,4.7,88.98999786376953,91.2,63.91,8.55,2.996428966522217,78.3799,0.3548,0.067
1/12/06,4.56,4.28,198.3,4.7,89.44000244140625,91.2,63.96,8.7,3.010356903076172,78.8355,0.3247,0.0682
1/13/06,4.49,4.3,198.3,4.7,88.88999938964844,91.2,63.86,8.5,3.056786060333252,80.319,0.3481,0.067
1/17/06,4.52,4.32,198.3,4.7,89.30000305175781,91.2,66.36,8.82,3.0253570079803467,76.412,0.3418,0.0676
1/18/06,4.53,4.24,198.3,4.7,89.26000213623047,91.2,65.76,8.86,2.946070909500122,67.491,0.2486,0.069
1/19/06,4.51,4.23,198.3,4.7,89.38999938964844,91.2,66.86,8.21,2.822856903076172,56.4456,0.1644,0.0721
1/20/06,4.54,4.24,198.3,4.7,88.94999694824219,91.2,68.16,8.8,2.7174999713897705,49.0714,0.1396,0.076
1/23/06,4.54,4.26,198.3,4.7,87.94999694824219,91.2,68.06,8.29,2.7739291191101074,52.6468,0.1739,0.0782
1/24/06,4.53,4.28,198.3,4.7,88.05999755859375,91.2,66.83,8.27,2.7157139778137207,48.8398,0.0388,0.0805
1/25/06,4.62,4.36,198.3,4.7,88.33000183105469,91.2,65.6,8.5,2.6500000953674316,44.8935,-0.0232,0.0839
1/26/06,4.66,4.37,198.3,4.7,88.62000274658203,91.2,65.8,7.86,2.583214044570923,41.2458,-0.0617,0.0854
1/27/06,4.7,4.42,198.3,4.7,89.31999969482422,91.2,67.81,8.19,2.572499990463257,40.6748,-0.1285,0.0847
1/30/06,4.67,4.48,198.3,4.7,89.41999816894531,91.2,68.36,8.36,2.6785709857940674,48.3046,-0.0316,0.0909
1/31/06,4.69,4.47,198.3,4.7,88.95999908447266,91.2,67.86,8.73,2.6967859268188477,49.5055,-0.161,0.09
2/1/06,4.69,4.47,198.7,4.8,89.51000213623047,86.7,66.61,8.71,2.693571090698242,49.2879,-0.2552,0.0875
2/2/06,4.68,4.48,198.7,4.8,89.37000274658203,86.7,64.71,8.01,2.575000047683716,41.9608,-0.3668,0.0885
2/3/06,4.64,4.51,198.7,4.8,89.88999938964844,86.7,65.41,8.01,2.566071033477783,41.4551,-0.4135,0.0859
2/6/06,4.61,4.51,198.7,4.8,90.29000091552734,86.7,65.11,8.24,2.4035708904266357,33.6136,-0.5239,0.0922
2/7/06,4.64,4.47,198.7,4.8,90.23999786376953,86.7,63.01,7.74,2.414285898208618,34.494,-0.4481,0.0916
2/8/06,4.67,4.48,198.7,4.8,90.43000030517578,86.7,62.51,7.88,2.4574999809265137,38.0619,-0.3077,0.0917
2/9/06,4.51,4.52,198.7,4.8,90.29000091552734,86.7,62.66,7.55,2.319643020629883,32.0624,-0.3352,0.0953
2/10/06,4.55,4.51,198.7,4.8,90.55000305175781,86.7,62.01,7.57,2.4039289951324463,38.4503,-0.3117,0.0987
2/13/06,4.56,4.44,198.7,4.8,90.54000091552734,86.7,61.26,7.36,2.3110709190368652,34.5914,-0.3409,0.0974
2/14/06,4.6,4.45,198.7,4.8,90.54000091552734,86.7,59.61,7.03,2.4157140254974365,41.7039,-0.1972,0.0977
2/15/06,4.58,4.5,198.7,4.8,90.72000122070312,86.7,57.61,7.31,2.4721429347991943,45.1507,-0.0936,0.0969
2/16/06,4.57,4.48,198.7,4.8,90.73000336,86.7,58.61,7.16,2.5203568935394287,47.9893,-0.0439,0.0938
2/17/06,4.51,4.48,198.7,4.8,90.63999938964844,86.7,59.76,7.39,2.510356903076172,47.4409,-0.1417,0.0899
2/21/06,4.53,4.54,198.7,4.8,90.55000305175781,86.7,61.21,7.4,2.4671430587768555,45.0453,-0.1935,0.088
2/22/06,4.48,4.49,198.7,4.8,90.66999816894531,86.7,59.03,7.55,2.547142982,50.0717,-0.1234,0.0896
2/23/06,4.51,4.47,198.7,4.8,90.38999938964844,86.7,58.03,7.23,2.5625,50.9982,-0.0105,0.0868
2/24/06,4.52,4.48,198.7,4.8,90.61000061035156,86.7,61.46,7.39,2.552143096923828,50.32,-0.0116,0.0843
2/27/06,4.55,4.52,198.7,4.8,90.62999725341797,86.7,61.01,6.97,2.5353569984436035,49.1785,0.111,0.0814
2/28/06,4.51,4.52,198.7,4.8,90.11000061035156,86.7,61.37,6.69,2.446070909500122,43.5228,0.0268,0.0848
3/1/06,4.56,4.52,199.8,4.7,90.22000122070312,88.9,62.01,6.62,2.4678568840026855,45.1795,0.0087,0.0819
3/2/06,4.62,4.5,199.8,4.7,89.55999755859375,88.9,63.36,6.69,2.4860711097717285,46.59,0.1402,0.0789
3/3/06,4.66,4.51,199.8,4.7,89.66000366210938,88.9,63.61,6.59,2.4185709953308105,42.2512,0.0123,0.0784
3/6/06,4.72,4.51,199.8,4.7,89.88999938964844,88.9,62.46,6.5,2.338571071624756,37.7626,0.0232,0.0788
3/7/06,4.72,4.51,199.8,4.7,90.76999664,88.9,61.51,6.53,2.3682138919830322,40.2937,-0.0402,0.0771
3/8/06,4.72,4.51,199.8,4.7,90.62000274658203,88.9,60.06,6.47,2.3450000286102295,38.9575,-0.1071,0.0755
3/9/06,4.72,4.51,199.8,4.7,90.75,88.9,60.51,6.31,2.2832140922546387,35.5761,-0.1998,0.0758
3/10/06,4.74,4.51,199.8,4.7,90.84999847,88.9,59.91,6.4,2.2567861080169678,34.2083,-0.2136,0.0748
3/13/06,4.77,4.52,199.8,4.7,90.54000091552734,88.9,61.81,6.77,2.3457140922546387,42.2535,-0.1023,0.0761
3/14/06,4.71,4.51,199.8,4.7,90,88.9,63.01,7.15,2.4042859077453613,46.8623,-0.1204,0.0746
3/15/06,4.75,4.47,199.8,4.7,89.69999694824219,88.9,62.11,7.1,2.365356922149658,44.3299,-0.1661,0.0747
3/16/06,4.7,4.55,199.8,4.7,89.06999969482422,88.9,63.46,7.12,2.296786069869995,40.2082,-0.2151,0.0749
3/17/06,4.72,4.6,199.8,4.7,88.91999816894531,88.9,62.81,7.17,2.309286117553711,41.28,-0.1905,0.0727
3/20/06,4.7,4.55,199.8,4.7,89.12999725341797,88.9,60.31,7,2.2853569984436035,39.8088,-0.1354,0.0709
3/21/06,4.74,4.54,199.8,4.7,89.62000274658203,88.9,60.41,6.83,2.2074999809265137,35.3895,-0.2194,0.0722
3/22/06,4.73,4.58,199.8,4.7,89.72000122070312,88.9,60.03,7.06,2.202500104904175,35.1199,-0.2389,0.0713
3/23/06,4.75,4.64,199.8,4.7,90.45999908447266,88.9,62.13,7.16,2.148571014404297,32.2645,-0.2275,0.0711
3/24/06,4.7,4.69,199.8,4.7,90.06999969482422,88.9,63.9,7.43,2.1414289474487305,31.8946,-0.1661,0.0701
3/27/06,4.73,4.77,199.8,4.7,90.06999969482422,88.9,63.75,7.05,2.125356912612915,31.0325,-0.2046,0.0694
3/28/06,4.8,4.7,199.8,4.7,90.25,88.9,65.65,7.15,2.0967860221862793,29.5057,-0.2091,0.0685
3/29/06,4.84,4.69,199.8,4.7,90.25,88.9,66,7.16,2.2260708808898926,43.1386,-0.0481,0.074
3/30/06,4.89,4.76,199.8,4.7,89.38999938964844,88.9,66.7,7.19,2.2410709857940674,44.4801,-0.0132,0.0725
3/31/06,4.9,5,199.8,4.7,89.73000336,88.9,66.25,6.98,2.240000009536743,44.3995,-0.0891,0.0703
4/3/06,4.9,4.87,201.5,4.7,89.62999725341797,87.4,66.07,7.08,2.237499952316284,44.1983,-0.1405,0.0685
4/4/06,4.91,4.76,201.5,4.7,88.83000183105469,87.4,65.75,7.04,2.184643030166626,40.0645,-0.1523,0.0671
4/5/06,4.9,4.76,201.5,4.7,88.62999725341797,87.4,66.76,6.89,2.4003570079803467,57.5246,0.0873,0.0753
4/6/06,4.96,4.76,201.5,4.7,88.95999908447266,87.4,67.22,7.06,2.544286012649536,64.8766,0.198,0.0803
4/7/06,5.04,4.76,201.5,4.7,89.62999725341797,87.4,67.02,6.81,2.492500066757202,60.7989,0.1745,0.0805
4/10/06,5.04,4.78,201.5,4.7,89.72000122070312,87.4,68.29,6.83,2.452500104904175,57.7781,0.2064,0.0801
4/11/06,5,4.74,201.5,4.7,89.44000244140625,87.4,69.03,6.99,2.4282140731811523,55.9601,0.1902,0.0792
4/12/06,5.05,4.78,201.5,4.7,89.62000274658203,87.4,68.53,6.78,2.382499933242798,52.6048,0.1971,0.0775
4/13/06,5.11,4.82,201.5,4.7,89.62000274658203,87.4,69.53,6.64,2.373929023742676,51.973,0.1959,0.0755
4/17/06,5.08,4.78,201.5,4.7,88.63999938964844,87.4,70.3,7.22,2.314642906188965,47.7258,0.1595,0.0755
4/18/06,5.07,4.72,201.5,4.7,88.23999786376953,87.4,71.28,7.6,2.365000009536743,51.3633,0.226,0.0737
4/19/06,5.13,4.7,201.5,4.7,87.79000091552734,87.4,72.07,7.72,2.3446431159973145,49.852,0.0999,0.0717
4/20/06,5.14,4.73,201.5,4.7,88.25,87.4,71.96,7.95,2.4153571128845215,54.8244,0.1468,0.0759
4/21/06,5.1,4.74,201.5,4.7,88.05000305175781,87.4,73.73,7.65,2.3942859172821045,53.1338,0.13,0.0752
4/24/06,5.07,4.77,201.5,4.7,87.44999694824219,87.4,70.19,7.73,2.3482139110565186,49.5368,0.0933,0.0731
4/25/06,5.16,4.74,201.5,4.7,87.31999969482422,87.4,67.43,7.37,2.3632140159606934,50.7068,0.1505,0.0701
4/26/06,5.18,4.73,201.5,4.7,87.22000122070312,87.4,71.71,7.17,2.433928966522217,55.8982,0.0283,0.0696
4/27/06,5.18,4.79,201.5,4.7,86.62999725341797,87.4,70.76,6.94,2.4771430492401123,58.7567,-0.0566,0.0701
4/28/06,5.17,4.86,201.5,4.7,86.11000061035156,87.4,71.8,6.64,2.5139288902282715,61.0699,0.0181,0.0696
5/1/06,5.23,4.84,202.5,4.6,85.97000122070312,79.1,73.75,6.53,2.4857139587402344,58.366,0.028,0.0697
5/2/06,5.2,4.79,202.5,4.6,85.79000091552734,79.1,74.62,6.68,2.557857036590576,62.8904,0.1092,0.0698
5/3/06,5.24,4.81,202.5,4.6,85.83999633789062,79.1,72.26,6.56,2.5407140254974365,61.1888,0.1333,0.0687
5/4/06,5.23,4.83,202.5,4.6,85.83999633789062,79.1,69.98,6.47,2.5403571128845215,61.1517,0.1403,0.069
5/5/06,5.2,4.83,202.5,4.6,85.12000274658203,79.1,70.09,6.8,2.567500114440918,62.9894,0.213,0.0665
5/8/06,5.19,4.88,202.5,4.6,85.23000336,79.1,69.75,6.54,2.567500114440918,62.9894,0.1706,0.0662
5/9/06,5.2,4.78,202.5,4.6,84.83000183105469,79.1,70.71,6.55,2.5367860794067383,59.3075,0.1619,0.0656
5/10/06,5.19,4.88,202.5,4.6,84.5,79.1,72.15,6.5,2.5214290618896484,57.4978,0.0894,0.0646
5/11/06,5.23,4.99,202.5,4.6,84.26999664,79.1,73,6.8,2.433928966522217,48.4301,0.0334,0.0671
5/12/06,5.29,5.01,202.5,4.6,83.95999908447266,79.1,71.87,6.35,2.4178569316864014,46.965,0.0587,0.0662
5/15/06,5.26,5.01,202.5,4.6,84.54000091552734,79.1,69.25,5.92,2.4210710525512695,47.3083,0.0487,0.0642
5/16/06,5.22,4.98,202.5,4.6,84.16999816894531,79.1,69.4,5.99,2.320713996887207,38.8518,-0.0954,0.0671
5/17/06,5.28,4.96,202.5,4.6,84.84999847,79.1,68.65,6.15,2.330713987350464,40.0027,-0.1234,0.0659
5/18/06,5.18,5,202.5,4.6,84.51000213623047,79.1,69.63,5.79,2.2564289569854736,34.7678,-0.217,0.0679
5/19/06,5.14,5,202.5,4.6,84.87999725341797,79.1,68.44,5.77,2.303929090499878,40.1602,-0.1532,0.0675
5/22/06,5.13,5,202.5,4.6,84.34999847,79.1,69.23,5.91,2.263571024,37.3362,-0.2479,0.0664
5/23/06,5.16,4.94,202.5,4.6,84.34999847,79.1,70.78,6.27,2.255357027053833,36.7695,-0.2404,0.0664
5/24/06,5.13,4.9,202.5,4.6,84.94999694824219,79.1,69.47,6.01,2.2621428966522217,37.612,-0.2344,0.0661
5/25/06,5.17,5.01,202.5,4.6,84.65000153,79.1,70.92,5.85,2.297499895095825,41.952,-0.2275,0.0639
5/26/06,5.16,4.99,202.5,4.6,85.26000213623047,79.1,71.35,5.78,2.2696430683135986,39.611,-0.251,0.0624
5/30/06,5.19,5.02,202.5,4.6,84.27999877929688,79.1,71.85,6.2,2.186429023742676,33.5911,-0.2952,0.0629
5/31/06,5.21,5.05,202.5,4.6,84.72000122070312,79.1,71.42,5.97,2.134643077850342,30.4849,-0.3259,0.0651
6/1/06,5.2,5.02,202.9,4.6,84.79000091552734,84.9,70.11,6.25,2.2203569412231445,40.3217,-0.1799,0.0664
6/2/06,5.1,4.97,202.9,4.6,84.05000305175781,84.9,72.73,6.23,2.2021429538726807,39.0569,-0.1817,0.0664
6/5/06,5.1,5.01,202.9,4.6,84.13999938964844,84.9,72.5,6.4,2.142857074737549,35.188,-0.2344,0.0653
6/6/06,5.08,4.99,202.9,4.6,84.73000336,84.9,72.43,6.16,2.132857084274292,34.5725,-0.1582,0.0643
6/7/06,5.09,4.99,202.9,4.6,84.98999786376953,84.9,70.9,5.82,2.0914289951324463,32.0489,-0.2015,0.0641
6/8/06,5.06,5.02,202.9,4.6,85.91000366210938,84.9,70.25,5.84,2.1700000762939453,40.8609,-0.0728,0.0677
6/9/06,5.03,5,202.9,4.6,85.72000122070312,84.9,71.62,6.1,2.1157140731811523,37.8729,-0.1502,0.0681
6/12/06,5.03,5.01,202.9,4.6,85.84999847,84.9,70.28,6.02,2.0357139110565186,32.6479,-0.192,0.0692
6/13/06,5.01,5,202.9,4.6,86.43000030517578,84.9,68.48,5.95,2.083214044570923,37.5452,-0.145,0.0687
6/14/06,5.09,5,202.9,4.6,86.13999938964844,84.9,69.12,6.08,2.057499885559082,36.0184,-0.1724,0.0683
6/15/06,5.13,5.02,202.9,4.6,86.01999664,84.9,69.78,6.43,2.120713949203491,42.2373,-0.1489,0.0699
6/16/06,5.17,4.94,202.9,4.6,85.91999816894531,84.9,69.75,7.03,2.0557138919830322,38.133,-0.1802,0.0689
6/19/06,5.18,4.95,202.9,4.6,86.30999755859375,84.9,69.21,6.71,2.0428569316864014,37.3596,-0.121,0.0665
6/20/06,5.19,4.92,202.9,4.6,86.18000030517578,84.9,69.3,6.62,2.052500009536743,38.3692,-0.0692,0.0642
6/21/06,5.19,4.91,202.9,4.6,85.77999877929688,84.9,70.07,6.5,2.0664288997650146,39.8764,-0.1297,0.0627
6/22/06,5.23,4.98,202.9,4.6,86.38999938964844,84.9,70.62,6.51,2.127856969833374,46.1333,-0.0626,0.0622
6/23/06,5.26,4.98,202.9,4.6,86.81999969482422,84.9,70.5,6.14,2.1010708808898926,43.9839,-0.0352,0.0609
6/26/06,5.28,5.03,202.9,4.6,86.48999786376953,84.9,71.63,5.89,2.106786012649536,44.5771,-0.0221,0.0583
6/27/06,5.24,5.02,202.9,4.6,86.47000122070312,84.9,72.05,5.97,2.0510709285736084,40.1161,-0.0342,0.0581
6/28/06,5.28,5.06,202.9,4.6,86.62999725341797,84.9,72.15,6.04,2.000714063644409,36.5552,-0.1426,0.0583
6/29/06,5.26,5.08,202.9,4.6,85.87000274658203,84.9,73.5,6.09,2.1060709953308105,47.1292,-0.0165,0.0607
6/30/06,5.19,5.05,202.9,4.6,85.22000122070312,84.9,73.94,5.84,2.0453569889068604,42.7115,0.0081,0.0617
7/3/06,5.2,5.25,203.5,4.7,85.18000030517578,84.7,.,.,2.069643020629883,44.9349,-0.0114,0.0592
7/5/06,5.27,5.25,203.5,4.7,85.59999847,84.7,75.2,5.7,2.0357139110565186,42.4595,-0.0183,0.058
7/6/06,5.23,5.24,203.5,4.7,85.34999847,84.7,75,5.28,1.991786003112793,39.4229,-0.1086,0.0577
7/7/06,5.18,5.22,203.5,4.7,84.98000336,84.7,73.76,5.18,1.9785710573196411,38.5312,-0.065,0.0576
7/10/06,5.17,5.24,203.5,4.7,85.5,84.7,73.5,5.32,1.964285969734192,37.5427,-0.0662,0.0578
7/11/06,5.14,5.25,203.5,4.7,85.36000061035156,84.7,74.05,5.51,1.9874999523162842,40.2264,-0.0548,0.0568
7/12/06,5.14,5.27,203.5,4.7,85.91000366210938,84.7,74.99,5.66,1.8914289474487305,33.761,-0.1474,0.0586
7/13/06,5.12,5.26,203.5,4.7,85.79000091552734,84.7,76.7,5.92,1.8660709857940674,32.286,-0.2206,0.0602
7/14/06,5.11,5.26,203.5,4.7,86.08999633789062,84.7,76.8,6.28,1.809643030166626,29.226,-0.2455,0.0618
7/17/06,5.1,5.28,203.5,4.7,86.95999908447266,84.7,75.7,6.27,1.8703570365905762,36.2294,-0.1992,0.0626
7/18/06,5.16,5.22,203.5,4.7,87.01000213623047,84.7,73.87,6.02,1.8892860412597656,38.2799,-0.1363,0.0625
7/19/06,5.1,5.23,203.5,4.7,86.45999908447266,84.7,72.79,5.89,1.932142972946167,42.7673,-0.0578,0.0638
7/20/06,5.08,5.24,203.5,4.7,86.22000122070312,84.7,74,6.14,2.1607139110565186,59.6266,0.046,0.0754
7/21/06,5.1,5.23,203.5,4.7,85.93000030517578,84.7,73.52,5.9,2.1685709953308105,60.0621,0.1038,0.0732
7/24/06,5.11,5.24,203.5,4.7,86.33999633789062,84.7,74.29,6.33,2.193571090698242,61.4857,0.1044,0.0716
7/25/06,5.13,5.24,203.5,4.7,86.63999938964844,84.7,73.46,6.78,2.2117860317230225,62.5296,0.1482,0.0693
7/26/06,5.1,5.24,203.5,4.7,85.93000030517578,84.7,73.82,6.71,2.2810709476470947,66.2909,0.2437,0.0707
7/27/06,5.11,5.27,203.5,4.7,85.87000274658203,84.7,74.5,7.03,2.2642860412597656,64.6008,0.2407,0.0703
7/28/06,5.07,5.26,203.5,4.7,85.44000244140625,84.7,73.3,7.24,2.3424999713897705,68.616,0.3187,0.0702
7/31/06,5.07,5.31,203.5,4.7,85.30000305175781,84.7,74.56,8.04,2.427143096923828,72.2803,0.3704,0.0717
8/1/06,5.07,5.27,203.9,4.7,85.05000305175781,82,74.93,8.66,2.3992860317230225,69.4081,0.4279,0.0709
8/2/06,5.05,5.25,203.9,4.7,85.05000305175781,82,76.16,8.65,2.434286117553711,70.969,0.4787,0.0691
8/3/06,5.04,5.27,203.9,4.7,85.01999664,82,75.59,7.61,2.4853570461273193,73.1239,0.5693,0.0689
8/4/06,5,5.25,203.9,4.7,84.56999969482422,82,74.78,7.44,2.439285994,68.2054,0.4793,0.0739
8/7/06,5,5.24,203.9,4.7,84.75,82,77.05,6.97,2.4003570079803467,64.2716,0.4306,0.0757
8/8/06,5.02,5.26,203.9,4.7,84.66000366210938,82,76.29,7.06,2.313570976257324,56.4543,0.3214,0.0761
8/9/06,5.05,5.25,203.9,4.7,84.70999908447266,82,76.28,7.6,2.271070957183838,53.0513,0.093,0.0754
8/10/06,5.06,5.24,203.9,4.7,85.08000183105469,82,74.17,7.95,2.2882139682769775,54.2493,0.1008,0.0745
8/11/06,5.09,5.24,203.9,4.7,85.51999664,82,74.38,7.56,2.273214101791382,52.9755,0.0671,0.0725
8/14/06,5.12,5.26,203.9,4.7,85.63999938964844,82,73.33,6.89,2.2835710048675537,53.7825,0.0605,0.0708
8/15/06,5.05,5.24,203.9,4.7,85.22000122070312,82,72.95,6.9,2.373214006,60.1554,0.0776,0.0713
8/16/06,5,5.17,203.9,4.7,84.87999725341797,82,71.64,7.01,2.427856922149658,63.4626,0.1378,0.0699
8/17/06,5,5.2,203.9,4.7,85.04000091552734,82,70.12,6.73,2.413928985595703,62.0488,0.0602,0.0681
8/18/06,4.97,5.25,203.9,4.7,85.08999633789062,82,70.93,6.66,2.4253571033477783,62.7815,-0.0015,0.0657
8/21/06,4.96,5.24,203.9,4.7,84.62999725341797,82,72.45,6.72,2.377142906188965,57.719,-0.0187,0.0648
8/22/06,4.95,5.24,203.9,4.7,85.18000030517578,82,72.55,6.86,2.4149999618530273,60.4179,-0.0162,0.0641
8/23/06,4.95,5.25,203.9,4.7,85.12999725341797,82,71.45,7.19,2.4039289951324463,59.2272,-0.0686,0.0632
8/24/06,4.94,5.25,203.9,4.7,85.27999877929688,82,72.02,7.22,2.421786069869995,60.5767,-0.0147,0.0628
8/25/06,4.93,5.25,203.9,4.7,85.37999725341797,82,72.13,7.48,2.455357074737549,63.0527,0.0463,0.062
8/28/06,4.94,5.25,203.9,4.7,85.23000336,82,70.47,6.51,2.3921430110931396,55.9297,0.0662,0.0621
8/29/06,4.93,5.23,203.9,4.7,84.91000366210938,82,69.74,6.24,2.374285936355591,54.0715,0.087,0.0622
8/30/06,4.91,5.25,203.9,4.7,84.97000122070312,82,70.2,6.4,2.3914289474487305,55.5967,0.087,0.0607
8/31/06,4.88,5.31,203.9,4.7,85.05000305175781,82,70.38,5.8,2.4232139587402344,58.358,0.1264,0.0599
9/1/06,4.87,5.25,202.9,4.5,84.94000244140625,85.4,69.24,5.24,2.442142963409424,59.9551,0.1336,0.0574
9/5/06,4.93,5.26,202.9,4.5,85,85.4,68.7,5.45,2.552856922149658,67.7468,0.1514,0.06
9/6/06,4.95,5.21,202.9,4.5,85.09999847,85.4,67.75,5.7,2.501070976257324,61.6995,0.0617,0.06
9/7/06,4.94,5.23,202.9,4.5,85.52999877929688,85.4,67.37,5.64,2.5999999046325684,67.6418,0.1568,0.0631
9/8/06,4.92,5.23,202.9,4.5,85.94999694824219,85.4,66.3,5.31,2.5899999141693115,66.5183,0.1387,0.0622
9/11/06,4.95,5.24,202.9,4.5,85.91999816894531,85.4,65.42,5.29,2.5892860889434814,66.4334,0.1787,0.0627
9/12/06,4.91,5.21,202.9,4.5,85.91999816894531,85.4,63.81,5.57,2.5939290523529053,66.7306,0.1508,0.0625
9/13/06,4.9,5.26,202.9,4.5,85.87000274658203,85.4,64.09,5.4,2.6500000953674316,70.1656,0.2073,0.0624
9/14/06,4.92,5.26,202.9,4.5,85.66000366210938,85.4,63.27,5.09,2.6489291191101074,70.0169,0.1914,0.0605
9/15/06,4.92,5.25,202.9,4.5,85.98999786376953,85.4,63.3,4.4,2.6464290618896484,69.6458,0.161,0.0598
9/18/06,4.93,5.23,202.9,4.5,85.80999755859375,85.4,63.84,5.02,2.6389288902282715,68.4735,0.2079,0.0589
9/19/06,4.86,5.21,202.9,4.5,85.94000244140625,85.4,61.77,4.99,2.634643077850342,67.7715,0.2194,0.0581
9/20/06,4.85,5.23,202.9,4.5,85.80999755859375,85.4,60,4.87,2.687856912612915,71.6571,0.2498,0.058
9/21/06,4.78,5.24,202.9,4.5,85.18000030517578,85.4,61.62,4.65,2.6660709381103516,68.0404,0.2046,0.0583
9/22/06,4.74,5.27,202.9,4.5,85.19999694824219,85.4,59.79,4.47,2.607142925262451,59.3189,0.139,0.0585
9/25/06,4.7,5.3,202.9,4.5,85.29000091552734,85.4,60.74,4.31,2.705357074737549,66.9278,0.1285,0.0605
9/26/06,4.71,5.25,202.9,4.5,85.62999725341797,85.4,60.63,4.36,2.7717859745025635,70.8932,0.2281,0.0606
9/27/06,4.73,5.3,202.9,4.5,85.66000366210938,85.4,62.96,4.35,2.728929042816162,65.4415,0.1086,0.0601
9/28/06,4.76,5.28,202.9,4.5,85.72000122070312,85.4,62.46,4.15,2.750356912612915,66.8156,0.1351,0.0591
9/29/06,4.77,5.34,202.9,4.5,85.97000122070312,85.4,62.9,3.66,2.749285936355591,66.6728,0.1348,0.0567
10/2/06,4.76,5.33,201.8,4.4,85.58999633789062,93.6,60.96,4.11,2.6735711097717285,57.3487,0.0671,0.0584
10/3/06,4.76,5.25,201.8,4.4,85.70999908447266,93.6,58.64,4.01,2.645714044570923,54.3012,-0.0039,0.058
10/4/06,4.72,5.23,201.8,4.4,85.83999633789062,93.6,59.53,4.38,2.692142963409424,58.262,0.0364,0.0588
10/5/06,4.76,5.23,201.8,4.4,85.91999816894531,93.6,60.02,4.69,2.672499895095825,56.0649,0.022,0.059
10/6/06,4.84,5.22,201.8,4.4,86.44000244140625,93.6,59.68,4.41,2.6507139205932617,53.6485,0.0099,0.0574
10/9/06,.,5.22,201.8,4.4,86.51999664,93.6,59.93,5.06,2.6653571128845215,55.0508,0.0259,0.0566
10/10/06,4.88,5.28,201.8,4.4,87.01999664,93.6,58.5,5.16,2.636070966720581,51.6831,-0.0436,0.0559
10/11/06,4.91,5.25,201.8,4.4,87.12000274658203,93.6,57.56,5.66,2.615356922149658,49.382,-0.0427,0.0549
10/12/06,4.91,5.25,201.8,4.4,86.91999816894531,93.6,58.23,5.17,2.687856912612915,56.656,0.068,0.0556
10/13/06,4.94,5.21,201.8,4.4,87.12000274658203,93.6,58.69,4.3,2.679286003112793,55.638,-0.022,0.0562
10/16/06,4.92,5.28,201.8,4.4,87,93.6,59.91,5.13,2.692857027053833,56.9567,-0.0665,0.0546
10/17/06,4.91,5.21,201.8,4.4,86.87000274658203,93.6,58.91,6.26,2.6532139778137207,52.086,-0.0638,0.0536
10/18/06,4.89,5.23,201.8,4.4,86.87999725341797,93.6,57.66,6.07,2.6617860794067383,53.0215,-0.0746,0.0598
10/19/06,4.91,5.22,201.8,4.4,86.23999786376953,93.6,58.55,6.77,2.821070909500122,66.22,0.0605,0.0672
10/20/06,4.91,5.25,201.8,4.4,86.26999664,93.6,57.35,6.88,2.8553569316864014,68.2854,0.1532,0.0652
10/23/06,4.95,5.24,201.8,4.4,86.70999908447266,93.6,56.74,7.29,2.9092860221862793,71.2618,0.2224,0.0652
10/24/06,4.95,5.24,201.8,4.4,86.62999725341797,93.6,57.55,7.13,2.8946430683135986,69.3584,0.1706,0.0637
10/25/06,4.89,5.26,201.8,4.4,86.37999725341797,93.6,59.09,7.2,2.9171431064605713,70.6554,0.2061,0.0613
10/26/06,4.84,5.23,201.8,4.4,85.88999938964844,93.6,60.27,7.91,2.935357093811035,71.6997,0.2398,0.0601
10/27/06,4.8,5.23,201.8,4.4,85.55999755859375,93.6,60.75,7.41,2.871786117553711,63.2404,0.1739,0.061
10/30/06,4.78,5.27,201.8,4.4,85.58999633789062,93.6,58.41,6.99,2.872143030166626,63.2667,0.1989,0.0597
10/31/06,4.72,5.31,201.8,4.4,85.31999969482422,93.6,58.72,6.64,2.895714044570923,65.0391,0.2362,0.0585
11/1/06,4.68,5.23,201.5,4.5,85.31999969482422,92.1,58.64,7.15,2.8271429538726807,56.4983,0.1174,0.0608
11/2/06,4.72,5.22,201.5,4.5,85.33999633789062,92.1,57.87,7.32,2.820713996887207,55.7591,0.1192,0.0583
11/3/06,4.81,5.25,201.5,4.5,85.70999908447266,92.1,59.13,7.43,2.7960710525512695,52.9015,0.087,0.0578
11/6/06,4.79,5.24,201.5,4.5,85.75,92.1,60.11,6.72,2.8467860221862793,57.7053,0.1631,0.0575
11/7/06,4.76,5.22,201.5,4.5,85.43000030517578,92.1,58.94,6.59,2.875356912612915,60.1701,0.1799,0.0562
11/8/06,4.73,5.22,201.5,4.5,85.41000366210938,92.1,59.93,7.39,2.944643020629883,65.4311,0.1041,0.0582
11/9/06,4.73,5.23,201.5,4.5,85.18000030517578,92.1,61.18,7.35,2.976428985595703,67.5488,0.102,0.0595
11/10/06,4.69,5.23,201.5,4.5,85.05000305175781,92.1,59.66,7.16,2.9685709476470947,66.4649,0.05,0.0577
11/13/06,4.71,5.27,201.5,4.5,85.36000061035156,92.1,58.59,7.26,3.012500047683716,69.4194,0.0993,0.0574
11/14/06,4.66,5.25,201.5,4.5,85.23999786376953,92.1,58.28,7.42,3.0357139110565186,70.8795,0.0999,0.0557
11/15/06,4.69,5.29,201.5,4.5,85.33999633789062,92.1,58.79,7.45,3.001785994,65.9252,0.056,0.0558
11/16/06,4.74,5.25,201.5,4.5,85.5,92.1,56.23,7.59,3.057499885559082,69.6738,0.1565,0.0566
11/17/06,4.69,5.2,201.5,4.5,85.37000274658203,92.1,55.9,7.23,3.066071033477783,70.2166,0.1634,0.0546
11/20/06,4.68,5.25,201.5,4.5,85.41999816894531,92.1,56.42,7.79,3.0882139205932617,71.6294,0.1622,0.0546
11/21/06,4.66,5.29,201.5,4.5,85.23999786376953,92.1,58.01,7.57,3.164285898208618,75.8652,0.2841,0.0553
11/22/06,4.65,5.26,201.5,4.5,84.65000153,92.1,57.28,7.42,3.2253570556640625,78.6244,0.3409,0.0576
11/24/06,4.63,5.24,201.5,4.5,83.70999908447266,92.1,.,.,3.2725000381469727,80.4796,0.4014,0.0611
11/27/06,4.62,5.32,201.5,4.5,83.51000213623047,92.1,60.3,7.58,3.197856903076172,70.1049,0.2958,0.0646
11/28/06,4.59,5.24,201.5,4.5,83.20999908447266,92.1,60.97,7.61,3.2789289951324463,74.0219,0.34,0.0652
11/29/06,4.61,5.26,201.5,4.5,83.44000244140625,92.1,62.45,7.74,3.2785708904266357,73.9759,0.2813,0.0668
11/30/06,4.56,5.31,201.5,4.5,82.91999816894531,92.1,62.97,8.32,3.273571014404297,73.2895,0.2504,0.0655
12/1/06,4.54,5.27,201.8,4.4,82.48000336,91.7,63.43,8.42,3.2614290714263916,71.553,0.2467,0.0656
12/4/06,4.55,5.22,201.8,4.4,82.48999786376953,91.7,62.39,7.84,3.254286050796509,70.4949,0.2037,0.0643
12/5/06,4.57,5.21,201.8,4.4,82.44999694824219,91.7,62.4,7.32,3.259643077850342,70.8431,0.1887,0.0628
12/6/06,4.6,5.22,201.8,4.4,82.76999664,91.7,62.2,7.32,3.208214044570923,63.1387,0.1739,0.062
12/7/06,4.6,5.25,201.8,4.4,82.80000305175781,91.7,62.54,7.61,3.1085710525512695,51.4612,0.043,0.0653
12/8/06,4.66,5.25,201.8,4.4,83.33000183105469,91.7,62.06,7.45,3.1521430015563965,55.35,0.0725,0.0658
12/11/06,4.63,5.25,201.8,4.4,83.12000274658203,91.7,61.26,6.81,3.169642925262451,56.8454,0.0686,0.0638
12/12/06,4.6,5.23,201.8,4.4,82.97000122070312,91.7,61.06,6.93,3.0764288902282715,47.6841,-0.074,0.0664
12/13/06,4.69,5.23,201.8,4.4,82.97000122070312,91.7,61.34,7.21,3.180356979370117,56.1663,-0.0379,0.0679
12/14/06,4.72,5.29,201.8,4.4,83.65000153,91.7,62.48,7.26,3.1624999046325684,54.5303,-0.0927,0.0668
12/15/06,4.72,5.27,201.8,4.4,84.05999755859375,91.7,63.4,6.82,3.132857084274292,51.8315,-0.0548,0.0661
12/18/06,4.72,5.21,201.8,4.4,83.98000336,91.7,62.19,6.62,3.052500009536743,45.2879,-0.1908,0.0687
12/19/06,4.73,5.21,201.8,4.4,83.45999908447266,91.7,62.87,6.27,3.0824999809265137,47.9308,-0.1652,0.0704
12/20/06,4.73,5.26,201.8,4.4,83.51999664,91.7,63.08,6.43,3.0271430015563965,43.7328,-0.2076,0.0695
12/21/06,4.7,5.25,201.8,4.4,83.56999969482422,91.7,62.05,6.09,2.960714101791382,39.2861,-0.2534,0.0716
12/22/06,4.76,5.24,201.8,4.4,83.94000244140625,91.7,61.81,5.88,2.935714006,37.7312,-0.2684,0.0717
12/26/06,4.73,5.29,201.8,4.4,84.06999969482422,91.7,61.07,5.72,2.9110710620880127,36.2099,-0.2937,0.0702
12/27/06,4.78,5.17,201.8,4.4,83.94000244140625,91.7,60.31,5.54,2.911428928375244,36.25,-0.2501,0.0764
12/28/06,4.81,5.25,201.8,4.4,83.81999969482422,91.7,60.39,5.63,2.888214111328125,34.7214,-0.1857,0.075
12/29/06,4.81,5.17,201.8,4.4,83.72000122070312,91.7,60.85,5.5,3.0299999713897705,48.8955,-0.1029,0.0794
1/3/07,4.77,5.28,202.416,4.6,83.91999816894531,96.9,58.31,5.47,2.992856979370117,46.0732,-0.1489,0.0838
1/4/07,4.72,5.24,202.416,4.6,84.31999969482422,96.9,55.65,5.6,3.059286117553711,51.4685,-0.0144,0.0824
1/5/07,4.74,5.21,202.416,4.6,84.62999725341797,96.9,56.29,5.52,3.0374999046325684,49.7119,-0.1204,0.0804
1/8/07,4.74,5.23,202.416,4.6,84.59999847,96.9,56.08,6.02,3.052500009536743,50.9531,-0.0927,0.0778
1/9/07,4.74,5.25,202.416,4.6,84.73999786376953,96.9,55.65,6.15,3.3060710430145264,66.1592,0.1459,0.0891
1/10/07,4.77,5.26,202.416,4.6,85.08000183105469,96.9,53.95,6.42,3.4642860889434814,71.9936,0.3469,0.094
1/11/07,4.82,5.27,202.416,4.6,85.30999755859375,96.9,51.91,6.09,3.421428918838501,68.5462,0.2856,0.0913
1/12/07,4.86,5.22,202.416,4.6,85.02999877929688,96.9,52.96,5.97,3.379286050796509,65.238,0.2967,0.0903
1/16/07,4.85,5.28,202.416,4.6,85.05000305175781,96.9,51.23,6.82,3.4678568840026855,68.6613,0.4273,0.0895
1/17/07,4.88,5.25,202.416,4.6,84.98000336,96.9,52.3,6.57,3.391071081161499,62.88,0.3837,0.0891
1/18/07,4.85,5.23,202.416,4.6,84.91000366210938,96.9,50.51,6.29,3.1810710430145264,50.385,0.2275,0.0954
1/19/07,4.87,5.25,202.416,4.6,84.86000061035156,96.9,51.98,6.4,3.1607139110565186,49.361,0.21,0.0919
1/22/07,4.84,5.24,202.416,4.6,85.01999664,96.9,51.11,7.2,3.0996429920196533,46.3197,0.1781,0.0929
1/23/07,4.9,5.26,202.416,4.6,84.66999816894531,96.9,53.61,7.53,3.060714006,44.4401,0.0259,0.0905
1/24/07,4.91,5.27,202.416,4.6,84.94000244140625,96.9,54.24,7.58,3.0964291095733643,46.5818,0.0873,0.0872
1/25/07,4.96,5.31,202.416,4.6,85.11000061035156,96.9,53.49,7.18,3.080357074737549,45.7276,0.0178,0.0863
1/26/07,4.98,5.26,202.416,4.6,85.27999877929688,96.9,55.38,6.95,3.049285888671875,44.0459,0.0099,0.0852
1/29/07,4.99,5.26,202.416,4.6,85.09999847,96.9,54.01,7.35,3.0692861080169678,45.4369,0.0141,0.0819
1/30/07,4.98,5.23,202.416,4.6,85.02999877929688,96.9,57.03,7.32,3.055356979370117,44.6052,-0.2112,0.0787
1/31/07,4.93,5.33,202.416,4.6,84.61000061035156,96.9,58.17,7.76,3.061785936355591,45.1046,-0.3391,0.0766
2/1/07,4.93,5.29,203.499,4.5,84.62999725341797,91.3,57.35,7.93,3.0264289379119873,42.8182,-0.3328,0.0744
2/2/07,4.93,5.24,203.499,4.5,84.95999908447266,91.3,59.01,8.17,3.0267860889434814,42.8497,-0.297,0.0724
2/5/07,4.91,5.25,203.499,4.5,85.08000183105469,91.3,58.69,9.14,2.997857093811035,40.8842,-0.396,0.07
2/6/07,4.87,5.24,203.499,4.5,84.77999877929688,91.3,58.91,8.29,3.005357027053833,41.6317,-0.325,0.0685
2/7/07,4.86,5.23,203.499,4.5,84.75,91.3,57.75,7.9,3.0767860412597656,48.3326,-0.0879,0.0697
2/8/07,4.81,5.25,203.499,4.5,84.69999694824219,91.3,59.76,8.06,3.077857018,48.4282,-0.0698,0.0671
2/9/07,4.87,5.25,203.499,4.5,84.87000274658203,91.3,59.86,8.16,2.973928928375244,40.5812,-0.1059,0.0687
2/12/07,4.88,5.28,203.499,4.5,85.15000153,91.3,57.76,7.78,3.0314290523529053,45.8126,-0.0247,0.0679
2/13/07,4.9,5.26,203.499,4.5,84.73000336,91.3,58.98,8.09,3.0250000953674316,45.3321,-0.0602,0.0652
2/14/07,4.83,5.27,203.499,4.5,84.19999694824219,91.3,58,8.9,3.046428918838501,47.3159,-0.0286,0.0628
2/15/07,4.81,5.29,203.499,4.5,84.01000213623047,91.3,57.92,8.91,3.0432140827178955,47.0401,-0.0051,0.0601
2/16/07,4.79,5.24,203.499,4.5,84.08999633789062,91.3,59.38,8.45,3.0296430587768555,45.8258,-0.0334,0.0575
2/20/07,4.78,5.27,203.499,4.5,84.19000244140625,91.3,58.32,7.34,3.067857027053833,49.7587,0.0105,0.0577
2/21/07,4.79,5.23,203.499,4.5,84.20999908447266,91.3,59.4,7.51,3.185714006,59.5194,0.1044,0.0613
2/22/07,4.83,5.26,203.499,4.5,84.31999969482422,91.3,60.28,7.47,3.1967859268188477,60.2997,0.1435,0.0618
2/23/07,4.79,5.24,203.499,4.5,84.06999969482422,91.3,60.28,7.53,3.1810710430145264,58.5739,0.13,0.0606
2/26/07,4.73,5.3,203.499,4.5,83.93000030517578,91.3,61.41,7.73,3.1610710620880127,56.8999,0.1417,0.0614
2/27/07,4.62,5.27,203.499,4.5,83.48000336,91.3,61.46,7.44,2.997499942779541,42.277,-0.0066,0.0683
2/28/07,4.68,5.41,203.499,4.5,83.56999969482422,91.3,61.78,7.23,3.0217859745025635,44.4903,-0.0463,0.069
3/1/07,4.68,5.31,205.352,4.4,83.68000030517578,88.4,61.97,7.07,3.109286069869995,51.6793,0.0265,0.0738
3/2/07,4.65,5.23,205.352,4.4,83.73999786376953,88.4,61.58,7.22,3.0503571033477783,47.2419,0.0644,0.0736
3/5/07,4.64,5.27,205.352,4.4,84.15000153,88.4,60.05,7.36,3.0828568935394287,49.8016,0.0433,0.0753
3/6/07,4.66,5.22,205.352,4.4,84.06999969482422,88.4,60.66,7.55,3.1496429443359375,54.6697,0.105,0.0742
3/7/07,4.64,5.24,205.352,4.4,83.77999877929688,88.4,61.85,7.5,3.132857084274292,53.2714,0.0728,0.0722
3/8/07,4.65,5.24,205.352,4.4,84.09999847,88.4,61.63,7.14,3.142857074737549,54.0258,0.084,0.0697
3/9/07,4.72,5.24,205.352,4.4,84.23999786376953,88.4,60.06,7.05,3.1417860984802246,53.9254,0.0945,0.0678
3/12/07,4.69,5.25,205.352,4.4,83.86000061035156,88.4,58.94,6.81,3.2096428871154785,59.1107,0.1195,0.0673
3/13/07,4.66,5.25,205.352,4.4,83.73000336,88.4,58.03,6.78,3.1571431159973145,54.0431,-0.0241,0.0673
3/14/07,4.69,5.27,205.352,4.4,83.61000061035156,88.4,58.15,6.86,3.2142860889434814,58.2396,0.0147,0.0669
3/15/07,4.69,5.29,205.352,4.4,83.68000030517578,88.4,57.52,7.02,3.1989290714263916,56.74,0.015,0.0644
3/16/07,4.7,5.25,205.352,4.4,83.23000336,88.4,57.06,6.84,3.1996428966522217,56.7958,0.0283,0.0612
3/19/07,4.72,5.26,205.352,4.4,83.38999938964844,88.4,56.65,6.7,3.254642963409424,60.965,0.2167,0.0611
3/20/07,4.71,5.26,205.352,4.4,83.11000061035156,88.4,56.41,6.81,3.2671430110931396,61.8657,0.2067,0.0584
3/21/07,4.7,5.26,205.352,4.4,82.76999664,88.4,56.98,6.82,3.3524999618530273,67.3977,0.2049,0.0596
3/22/07,4.78,5.27,205.352,4.4,83.08999633789062,88.4,60.21,7.07,3.3557140827178955,67.5884,0.2573,0.0583
3/23/07,4.8,5.24,205.352,4.4,83.27999877929688,88.4,61.07,7.16,3.3399999141693115,65.5694,0.2167,0.0558
3/26/07,4.79,5.28,205.352,4.4,83.08000183105469,88.4,61.77,7.15,3.4232139587402344,70.5811,0.2305,0.0574
3/27/07,4.81,5.25,205.352,4.4,83.01000213623047,88.4,62.98,7.15,3.4092860221862793,68.7765,0.2329,0.0572
3/28/07,4.83,5.27,205.352,4.4,83.02999877929688,88.4,64.11,7.47,3.3299999237060547,59.4575,0.1577,0.0581
3/29/07,4.83,5.29,205.352,4.4,83.08999633789062,88.4,66.1,7.34,3.3482139110565186,60.7725,0.1739,0.0582
3/30/07,4.84,5.3,205.352,4.4,82.93000030517578,88.4,65.94,7.5,3.318213939666748,57.4664,0.0915,0.0582
4/2/07,4.84,5.25,206.686,4.5,82.87000274658203,87.1,66.03,7.62,3.3446431159973145,59.5539,0.158,0.0569
4/3/07,4.85,5.2,206.686,4.5,83.15000153,87.1,64.59,7.57,3.375,61.8689,0.1354,0.0562
4/4/07,4.85,5.21,206.686,4.5,82.95999908447266,87.1,64.4,7.46,3.366786003112793,60.8539,0.1414,0.0544
4/5/07,4.87,5.3,206.686,4.5,82.68000030517578,87.1,64.26,7.53,3.3814289569854736,62.0491,0.1532,0.053
4/9/07,4.92,5.28,206.686,4.5,83.09999847,87.1,61.51,7.65,3.3446431159973145,57.3148,0.0758,0.0541
4/10/07,4.91,5.26,206.686,4.5,82.69999694824219,87.1,61.92,7.65,3.3660709857940674,59.2646,0.0834,0.052
4/11/07,4.92,5.24,206.686,4.5,82.66999816894531,87.1,61.98,7.97,3.306786060333252,52.165,-0.0385,0.0524
4/12/07,4.91,5.27,206.686,4.5,82.37000274658203,87.1,63.87,7.95,3.2925000190734863,50.5922,-0.0533,0.0527
4/13/07,4.93,5.25,206.686,4.5,82.12999725341797,87.1,63.63,7.93,3.2228569984436035,43.6785,-0.0987,0.0535
4/16/07,4.89,5.29,206.686,4.5,82.06999969482422,87.1,63.63,7.66,3.265357018,48.3199,-0.133,0.0524
4/17/07,4.85,5.2,206.686,4.5,81.83000183105469,87.1,63.14,7.5,3.226785898208618,44.7181,-0.1538,0.0542
4/18/07,4.81,5.19,206.686,4.5,81.73999786376953,87.1,63.14,7.54,3.2285709381103516,44.9228,-0.0855,0.0531
4/19/07,4.84,5.23,206.686,4.5,81.63999938964844,87.1,61.81,7.54,3.223928928375244,44.4619,-0.1047,0.0523
4/20/07,4.85,5.25,206.686,4.5,81.63999938964844,87.1,63.56,7.32,3.248929023742676,47.5809,-0.0584,0.0505
4/23/07,4.83,5.23,206.686,4.5,81.73999786376953,87.1,65.33,7.24,3.3396430015563965,57.0143,-0.0042,0.053
4/24/07,4.8,5.2,206.686,4.5,81.55000305175781,87.1,64.1,7.57,3.3299999237060547,55.8635,-0.0379,0.0602
4/25/07,4.83,5.19,206.686,4.5,81.43000030517578,87.1,65.33,7.6,3.4053568840026855,62.2674,0.0324,0.0605
4/26/07,4.87,5.24,206.686,4.5,81.75,87.1,65.08,7.56,3.5299999713897705,70.026,0.1252,0.0716
4/27/07,4.89,5.24,206.686,4.5,81.52999877929688,87.1,66.45,7.44,3.568571090698242,71.9472,0.1887,0.0713
4/30/07,4.81,5.29,206.686,4.5,81.44999694824219,87.1,65.78,7.71,3.564285994,71.3996,0.167,0.0691
5/1/07,4.81,5.26,207.949,4.4,81.59999847,88.3,64.43,7.64,3.552500009536743,69.8257,0.207,0.068
5/2/07,4.82,5.21,207.949,4.4,81.73999786376953,88.3,63.78,7.64,3.5853569507598877,71.6988,0.2467,0.0655
5/3/07,4.84,5.24,207.949,4.4,81.94999694824219,88.3,63.23,7.58,3.585714101791382,71.7193,0.3057,0.0639
5/4/07,4.8,5.24,207.949,4.4,81.73999786376953,88.3,61.89,7.82,3.6003570556640625,72.5978,0.2823,0.0619
5/7/07,4.79,5.24,207.949,4.4,81.68000030517578,88.3,61.48,7.69,3.7114291191101074,78.144,0.4083,0.0651
5/8/07,4.8,5.21,207.949,4.4,81.94000244140625,88.3,62.26,7.5,3.752142906188965,79.7611,0.4411,0.0641
5/9/07,4.83,5.21,207.949,4.4,82.01999664,88.3,61.54,7.46,3.817142963409424,82.0451,0.4998,0.064
5/10/07,4.83,5.25,207.949,4.4,82.29000091552734,88.3,61.85,7.63,3.833570957183838,82.5801,0.4926,0.0657
5/11/07,4.85,5.27,207.949,4.4,82.12000274658203,88.3,62.35,7.53,3.883570909500122,84.1302,0.4583,0.0661
5/14/07,4.86,5.26,207.949,4.4,82.06999969482422,88.3,62.55,7.85,3.9057140350341797,84.7763,0.4851,0.0651
5/15/07,4.88,5.29,207.949,4.4,81.75,88.3,63.16,7.68,3.8399999141693115,75.0157,0.3663,0.0685
5/16/07,4.88,5.25,207.949,4.4,82.16000366210938,88.3,62.57,7.62,3.833570957183838,74.1167,0.2558,0.0752
5/17/07,4.91,5.25,207.949,4.4,82.31999969482422,88.3,64.83,7.69,3.9085710048675537,77.5039,0.2865,0.0757
5/18/07,4.96,5.24,207.949,4.4,82.19999694824219,88.3,64.93,7.87,3.929286003112793,78.3468,0.3075,0.0728
5/21/07,4.94,5.24,207.949,4.4,82.36000061035156,88.3,66.25,7.66,3.999285936355591,80.9449,0.3764,0.0729
5/22/07,4.98,5.23,207.949,4.4,82.38999938964844,88.3,64.91,7.6,4.054999828338623,82.7219,0.3957,0.0715
5/23/07,5.01,5.25,207.949,4.4,82.30999755859375,88.3,65.1,7.51,4.031785965,79.3994,0.3758,0.0715
5/24/07,5,5.24,207.949,4.4,82.41000366210938,88.3,63.62,7.56,3.953213930130005,69.2598,0.2973,0.0752
5/25/07,5.01,5.29,207.949,4.4,82.33000183105469,88.3,64.59,7.47,4.057857036590576,74.0186,0.2919,0.0765
5/29/07,5.01,5.29,207.949,4.4,82.30999755859375,88.3,63.19,7.51,4.083929061889648,75.0547,0.2795,0.0757
5/30/07,5.01,5.25,207.949,4.4,82.43000030517578,88.3,63.47,7.71,4.241786003112793,80.2028,0.3578,0.0818
5/31/07,5.01,5.28,207.949,4.4,82.30000305175781,88.3,64.02,7.8,4.328214168548584,82.3512,0.4168,0.0832
6/1/07,5.06,5.23,208.352,4.6,82.31999969482422,85.3,65.09,7.57,4.228570938110352,72.5733,0.2907,0.0835
6/4/07,5.02,5.24,208.352,4.6,82.05999755859375,85.3,66.17,7.73,4.333213806152344,75.8192,0.3602,0.0858
6/5/07,5.07,5.19,208.352,4.6,81.88999938964844,85.3,65.63,7.83,4.381071090698242,77.1511,0.4559,0.0844
6/6/07,5.08,5.25,208.352,4.6,81.90000153,85.3,65.97,7.83,4.415713787078857,78.0917,0.4905,0.0829
6/7/07,5.2,5.25,208.352,4.6,82.29000091552734,85.3,66.93,7.89,4.431070804595947,78.5131,0.4402,0.0864
6/8/07,5.22,5.26,208.352,4.6,82.69000244140625,85.3,64.78,7.52,4.446071147918701,78.9411,0.4354,0.0879
6/11/07,5.24,5.27,208.352,4.6,82.70999908447266,85.3,65.93,7.42,4.292500019073486,64.7532,0.247,0.0958
6/12/07,5.35,5.26,208.352,4.6,82.88999938964844,85.3,65.36,7.45,4.299285888671875,65.0521,0.2058,0.0963
6/13/07,5.28,5.26,208.352,4.6,83.04000091552734,85.3,66.17,7.6,4.1964287757873535,57.1423,0.1387,0.1018
6/14/07,5.3,5.28,208.352,4.6,83.12999725341797,85.3,67.62,7.48,4.2410712242126465,59.447,0.2425,0.1011
6/15/07,5.26,5.26,208.352,4.6,82.84999847,85.3,68.04,7.58,4.3035712242126465,62.4885,0.207,0.098
6/18/07,5.26,5.23,208.352,4.6,82.70999908447266,85.3,69.06,7.69,4.46750021,69.0459,0.3232,0.101
6/19/07,5.2,5.21,208.352,4.6,82.54000091552734,85.3,69.15,7.46,4.416429042816162,65.2206,0.1471,0.0985
6/20/07,5.24,5.27,208.352,4.6,82.51999664,85.3,68.5,7.39,4.341071128845215,59.9435,0.0108,0.0983
6/21/07,5.28,5.26,208.352,4.6,82.73000336,85.3,68.35,7.24,4.425000190734863,63.487,0.1655,0.0989
6/22/07,5.25,5.24,208.352,4.6,82.33999633789062,85.3,68.85,7.04,4.392857074737549,61.2522,0.0503,0.0963
6/25/07,5.2,5.29,208.352,4.6,82.31999969482422,85.3,68.83,6.77,4.369286060333252,59.5955,-0.0099,0.0981
6/26/07,5.22,5.25,208.352,4.6,82.29000091552734,85.3,67.78,6.85,4.273213863372803,53.2711,-0.1201,0.1024
6/27/07,5.2,5.26,208.352,4.6,82.31999969482422,85.3,68.98,6.74,4.353213787078857,57.3317,-0.0656,0.1011
6/28/07,5.22,5.26,208.352,4.6,82.33000183105469,85.3,69.61,6.79,4.305714130401611,54.3138,-0.1183,0.0992
6/29/07,5.12,5.31,208.352,4.6,81.91999816894531,85.3,70.47,6.4,4.3585710525512695,57.0248,0.0557,0.0995
7/2/07,5.09,5.31,208.299,4.7,81.38999938964844,90.4,71.11,6.24,4.330714225769043,55.1668,0.0265,0.0984
7/3/07,5.14,5.24,208.299,4.7,81.43000030517578,90.4,71.41,6.37,4.541786193847656,64.5827,0.291,0.1046
7/5/07,5.24,5.25,208.299,4.7,81.54000091552734,90.4,71.81,6.3,4.7410712242126465,70.815,0.4213,0.1096
7/6/07,5.28,5.22,208.299,4.7,81.45999908447266,90.4,72.8,6.15,4.724999904632568,69.7491,0.3551,0.1081
7/9/07,5.25,5.22,208.299,4.7,81.43000030517578,90.4,72.14,6.39,4.6546430587768555,65.1275,0.1577,0.1083
7/10/07,5.14,5.24,208.299,4.7,80.86000061035156,90.4,72.8,6.44,4.726786136627197,67.5051,0.2615,0.1128
7/11/07,5.18,5.24,208.299,4.7,80.73000336,90.4,72.58,6.66,4.728213787078857,67.5523,0.3262,0.1099
7/12/07,5.22,5.26,208.299,4.7,80.63999938964844,90.4,72.55,6.26,4.788214206695557,69.5517,0.306,0.106
7/13/07,5.19,5.25,208.299,4.7,80.58000183105469,90.4,73.89,6.27,4.918929100036621,73.398,0.4432,0.1066
7/16/07,5.14,5.32,208.299,4.7,80.51999664,90.4,74.11,6.32,4.932143211364746,73.7588,0.4742,0.1043
7/17/07,5.16,5.28,208.299,4.7,80.54000091552734,90.4,74.03,6.34,4.961071014404297,74.572,0.5795,0.1014
7/18/07,5.1,5.26,208.299,4.7,80.41999816894531,90.4,75.03,6.23,4.932857036590576,72.2214,0.4884,0.1003
7/19/07,5.12,5.25,208.299,4.7,80.41999816894531,90.4,75.9,6.5,5,74.2979,0.585,0.0989
7/20/07,5.07,5.25,208.299,4.7,80.29000091552734,90.4,75.53,6.46,5.1339287757873535,77.854,0.6533,0.1008
7/23/07,5.07,5.26,208.299,4.7,80.34999847,90.4,74.65,6,5.132143020629883,77.6997,0.6752,0.1029
7/24/07,5.05,5.25,208.299,4.7,80.08000183105469,90.4,73.38,5.66,4.817500114440918,56.4579,0.2323,0.116
7/25/07,5.04,5.32,208.299,4.7,80.65000153,90.4,75.74,5.56,4.9021430015563965,59.6535,0.1357,0.1152
7/26/07,4.95,5.28,208.299,4.7,80.44999694824219,90.4,74.96,5.83,5.214285850524902,68.7588,0.4122,0.1318
7/27/07,4.95,5.25,208.299,4.7,80.94999694824219,90.4,77.03,5.77,5.137499809265137,64.8799,0.4068,0.1334
7/30/07,4.97,5.29,208.299,4.7,80.84999847,90.4,76.82,6.31,5.0510711669921875,60.7272,0.2732,0.1365
7/31/07,4.92,5.28,208.299,4.7,80.76999664,90.4,78.2,6.53,4.705714225769043,47.6131,-0.019,0.1525
8/1/07,4.9,5.3,207.917,4.6,80.87000274658203,83.4,76.49,6.19,4.8214287757873535,51.4001,0.028,0.1579
8/2/07,4.91,5.24,207.917,4.6,80.70999908447266,83.4,76.84,6.34,4.874642848968506,53.0799,-0.0373,0.1527
8/3/07,4.87,5.24,207.917,4.6,80.18000030517578,83.4,75.41,6.11,4.708929061889648,47.5662,-0.1881,0.1525
8/6/07,4.89,5.26,207.917,4.6,80.25,83.4,72.03,6.1,4.830357074737549,51.5386,-0.1101,0.1566
8/7/07,4.92,5.26,207.917,4.6,80.48000336,83.4,72.25,6.38,4.822500228881836,51.2681,-0.093,0.1553
8/8/07,5.01,5.27,207.917,4.6,80.33999633789062,83.4,72.23,6.24,4.786070823669434,49.958,-0.1802,0.1547
8/9/07,5.02,5.41,207.917,4.6,80.73999786376953,83.4,71.62,6.45,4.5139288902282715,41.4397,-0.5224,0.1628
8/10/07,5.03,4.68,207.917,4.6,80.68000030517578,83.4,71.49,6.57,4.464285850524902,40.0966,-0.5627,0.1672
8/13/07,5.01,4.81,207.917,4.6,81.05000305175781,83.4,71.6,7.15,4.563929080963135,44.0186,-0.2136,0.1646
8/14/07,4.99,4.54,207.917,4.6,81.48999786376953,83.4,72.4,6.86,4.429643154144287,40.1988,-0.3981,0.1627
8/15/07,5,4.71,207.917,4.6,81.81999969482422,83.4,73.36,7.3,4.2821431159973145,36.4567,-0.7854,0.1623
8/16/07,4.92,4.97,207.917,4.6,81.73000336,83.4,70.99,6.96,4.180356979370117,34.0978,-0.8064,0.1685
8/17/07,5,4.91,207.917,4.6,81.43000030517578,83.4,71.9,7.14,4.359285831451416,41.2894,-0.5829,0.1703
8/20/07,4.98,5.03,207.917,4.6,81.40000153,83.4,71.12,6.47,4.364999771118164,41.509,-0.2871,0.1667
8/21/07,4.95,4.89,207.917,4.6,81.48999786376953,83.4,69.49,5.92,4.556070804595947,48.4499,-0.2236,0.1719
8/22/07,4.96,4.77,207.917,4.6,81.25,83.4,69.3,5.84,4.732500076293945,53.8908,-0.1198,0.1708
8/23/07,4.93,4.88,207.917,4.6,81.13999938964844,83.4,69.86,5.73,4.681070804595947,52.1625,-0.0235,0.1663
8/24/07,4.88,5.11,207.917,4.6,80.66999816894531,83.4,71.17,5.69,4.8321428298950195,56.5688,0.0015,0.1664
8/27/07,4.87,5.27,207.917,4.6,80.73999786376953,83.4,71.98,5.34,4.723214149475098,52.7929,-0.0837,0.1614
8/28/07,4.86,5.3,207.917,4.6,80.76000213623047,83.4,71.79,5.56,4.529285907745361,46.8032,-0.2164,0.1623
8/29/07,4.88,5,207.917,4.6,80.69999694824219,83.4,73.52,5.64,4.788570880889893,54.2732,0.2314,0.1665
8/30/07,4.83,5,207.917,4.6,80.79000091552734,83.4,73.37,5.54,4.8660712242126465,56.2507,0.3385,0.1674
8/31/07,4.83,4.96,207.917,4.6,80.79000091552734,83.4,73.98,5.49,4.945713996887207,58.2489,0.3217,0.1627
9/4/07,4.84,5.22,208.49,4.7,80.87999725341797,83.4,75.07,5.3,5.148571014404297,62.8973,0.6057,0.1667
9/5/07,4.78,5.18,208.49,4.7,80.62000274658203,83.4,75.74,5.8,4.884285926818848,54.3996,0.5073,0.1757
9/6/07,4.79,4.98,208.49,4.7,80.47000122070312,83.4,76.34,6.02,4.821785926818848,52.5901,0.5404,0.1736
9/7/07,4.7,4.86,208.49,4.7,79.95999908447266,83.4,76.7,5.53,4.706070899963379,49.3192,0.2922,0.172
9/10/07,4.65,5.07,208.49,4.7,79.81999969482422,83.4,77.53,5.56,4.882500171661377,54.0154,0.436,0.1732
9/11/07,4.65,5.06,208.49,4.7,79.69999694824219,83.4,78.16,5.98,4.838929176330566,52.7162,0.2383,0.1706
9/12/07,4.68,5.18,208.49,4.7,79.36000061035156,83.4,79.85,6.13,4.887499809265137,54.0432,0.1306,0.1668
9/13/07,4.75,5.09,208.49,4.7,79.51000213623047,83.4,80.05,6.27,4.900000095367432,54.3979,0.1845,0.1599
9/14/07,4.72,5.25,208.49,4.7,79.62000274658203,83.4,79.14,6.23,4.957499980926514,56.0772,0.1056,0.1545
9/17/07,4.72,5.33,208.49,4.7,79.72000122070312,83.4,80.55,6.38,4.943213939666748,55.5301,0.1854,0.1499
9/18/07,4.77,4.92,208.49,4.7,79.20999908447266,83.4,81.51,6.42,5.0328569412231445,58.2808,0.4243,0.15
9/19/07,4.83,4.74,208.49,4.7,79.30000305175781,83.4,81.99,6.25,5.027500152587891,58.0495,0.2013,0.1473
9/20/07,4.96,4.77,208.49,4.7,78.58000183105469,83.4,83.85,6.02,5.011071205,57.2994,0.1222,0.1421
9/21/07,4.89,4.76,208.49,4.7,78.59999847,83.4,83.38,5.96,5.148213863372803,61.7447,0.1706,0.1413
9/24/07,4.88,4.74,208.49,4.7,78.52999877929688,83.4,82.51,6.12,5.295713901519775,65.8612,0.124,0.1435
9/25/07,4.89,4.82,208.49,4.7,78.30999755859375,83.4,81.2,6.54,5.470714092254639,69.9875,0.4941,0.147
9/26/07,4.9,4.88,208.49,4.7,78.48999786376953,83.4,80.31,6.47,5.456070899963379,69.2334,0.5344,0.1445
9/27/07,4.84,4.93,208.49,4.7,78.33999633789062,83.4,82.86,6.38,5.517857074737549,70.6694,0.684,0.1389
9/28/07,4.83,4.58,208.49,4.7,77.72000122070312,83.4,81.64,6.15,5.4810709953308105,68.616,0.5043,0.133
10/1/07,4.79,4.92,208.936,4.7,77.90000153,80.9,80.31,6.07,5.583570957183838,71.1322,0.6274,0.1331
10/2/07,4.77,4.78,208.936,4.7,78.30000305175781,80.9,80,6.55,5.658928871154785,72.8566,0.65,0.1294
10/3/07,4.79,4.68,208.936,4.7,78.56999969482422,80.9,79.97,6.96,5.639999866485596,71.6988,0.6235,0.1248
10/4/07,4.77,4.74,208.936,4.7,78.48000336,80.9,81.48,6.91,5.579999923706055,68.0086,0.5245,0.1258
10/5/07,4.87,4.77,208.936,4.7,78.30999755859375,80.9,81.2,6.77,5.766070843,72.7007,0.6933,0.1283
10/8/07,.,4.77,208.936,4.7,78.66999816894531,80.9,78.97,6.69,5.996786117553711,77.1716,0.8122,0.133
10/9/07,4.87,4.91,208.936,4.7,78.52999877929688,80.9,80.23,6.63,5.994999885559082,77.0664,0.8152,0.133
10/10/07,4.86,4.52,208.936,4.7,78.37999725341797,80.9,81.3,6.79,5.956786155700684,74.719,0.7968,0.1284
10/11/07,4.87,4.75,208.936,4.7,78.08000183105469,80.9,83.05,6.85,5.793929100036621,65.5546,0.544,0.1594
10/12/07,4.91,4.75,208.936,4.7,78.22000122070312,80.9,83.73,6.46,5.973214149475098,69.9303,0.5709,0.1598
10/15/07,4.91,4.81,208.936,4.7,78.08999633789062,80.9,86.19,7.09,5.963571071624756,69.4129,0.4153,0.1614
10/16/07,4.9,4.68,208.936,4.7,78.25,80.9,87.58,7.29,6.056428909301758,71.565,0.5058,0.1607
10/17/07,4.82,4.7,208.936,4.7,78.12000274658203,80.9,87.19,7.12,6.169642925262451,73.9698,0.5492,0.1575
10/18/07,4.78,4.69,208.936,4.7,77.58999633789062,80.9,89.48,7.11,6.1964287757873535,74.5188,0.6027,0.153
10/19/07,4.68,4.77,208.936,4.7,77.41000366210938,80.9,88.58,6.91,6.086429119110107,68.1604,0.4237,0.152
10/22/07,4.68,4.71,208.936,4.7,78.05999755859375,80.9,87.6,6.63,6.227142810821533,71.5094,0.4787,0.1518
10/23/07,4.69,4.67,208.936,4.7,77.58999633789062,80.9,86.45,6.3,6.648571014404297,78.7264,0.8498,0.1715
10/24/07,4.64,4.74,208.936,4.7,77.55000305175781,80.9,88.3,6.11,6.640357018,78.3101,0.8934,0.1764
10/25/07,4.66,4.86,208.936,4.7,77.27999877929688,80.9,92.09,6.49,6.527856826782227,72.6431,0.6418,0.173
10/26/07,4.68,4.8,208.936,4.7,77.02999877929688,80.9,91.73,6.43,6.596428871154785,73.8837,0.5052,0.1662
10/29/07,4.66,4.84,208.936,4.7,76.83999633789062,80.9,93.45,6.66,6.610356808,74.1402,0.5185,0.1584
10/30/07,4.68,4.78,208.936,4.7,76.76999664,80.9,90.33,6.99,6.6785712242126465,75.4139,0.6081,0.1571
10/31/07,4.74,4.6,208.936,4.7,76.48000336,80.9,94.16,7.28,6.783928871154785,77.2755,0.8341,0.1569
11/1/07,4.64,4.59,210.177,4.7,76.58999633789062,76.1,93.53,7.09,6.694285869598389,72.2619,0.6074,0.1674
11/2/07,4.61,4.28,210.177,4.7,76.33999633789062,76.1,95.81,6.63,6.7096428871154785,72.59,0.6286,0.1683
11/5/07,4.63,4.29,210.177,4.7,76.43000030517578,76.1,94.06,6.71,6.649285793304443,69.1291,0.4995,0.1664
11/6/07,4.66,4.22,210.177,4.7,76.04000091552734,76.1,96.65,7.2,6.849643230438232,73.6245,0.5729,0.169
11/7/07,4.67,4.39,210.177,4.7,75.41000366210938,76.1,96.46,7.42,6.653571128845215,63.8287,0.3852,0.171
11/8/07,4.67,4.58,210.177,4.7,75.45999908447266,76.1,95.51,6.81,6.266786098480225,49.7595,0.1518,0.1999
11/9/07,4.61,4.49,210.177,4.7,75.40000153,76.1,96.36,6.59,5.906071186065674,40.7456,-0.2705,0.2077
11/12/07,.,4.49,210.177,4.7,75.90000153,76.1,94.4,6.83,5.491428852081299,33.2799,-0.9749,0.2295
11/13/07,4.61,4.61,210.177,4.7,75.87999725341797,76.1,91.18,7.22,6.070000171661377,47.6842,-0.4806,0.2501
11/14/07,4.61,4.6,210.177,4.7,75.80999755859375,76.1,94.02,7.28,5.932499885559082,45.1874,-0.5016,0.262
11/15/07,4.54,4.54,210.177,4.7,76.06999969482422,76.1,93.37,7.35,5.867856979370117,44.0204,-0.6139,0.2632
11/16/07,4.52,4.51,210.177,4.7,75.83000183105469,76.1,94.81,7.29,5.942500114440918,45.7622,-0.5627,0.261
11/19/07,4.47,4.51,210.177,4.7,75.77999877929688,76.1,95.75,7.38,5.8553571701049805,44.0394,-0.6936,0.2554
11/20/07,4.49,4.51,210.177,4.7,75.20999908447266,76.1,99.16,6.81,6.0303568840026855,48.2526,-0.6349,0.2549
11/21/07,4.46,4.5,210.177,4.7,75.06999969482422,76.1,98.57,6.67,6.0164289474487305,47.9432,-0.5711,0.2532
11/23/07,4.43,4.56,210.177,4.7,75.05000305175781,76.1,98.24,6.67,6.126429080963135,50.6352,-0.4914,0.2429
11/26/07,4.26,4.62,210.177,4.7,74.86000061035156,76.1,97.66,7.53,6.162143230438232,51.5136,-0.4104,0.2378
11/27/07,4.36,4.39,210.177,4.7,75.09999847,76.1,94.39,7.42,6.243214130401611,53.5295,-0.5109,0.2333
11/28/07,4.41,4.53,210.177,4.7,75.08000183105469,76.1,90.71,7.51,6.436429023742676,58.0135,-0.1829,0.2291
11/29/07,4.35,4.55,210.177,4.7,75.58999633789062,76.1,90.98,7.45,6.581786155700684,61.0579,0.2655,0.2256
11/30/07,4.4,4.66,210.177,4.7,76.15000153,76.1,88.6,7.29,6.507856845855713,58.7256,0.507,0.2267
12/3/07,4.34,4.52,210.036,5,75.93000030517578,75.5,89.29,6.97,6.387856960296631,55.0499,0.7553,0.2244
12/4/07,4.34,4.5,210.036,5,75.69000244140625,75.5,88.31,7.27,6.421785831451416,55.8906,0.2964,0.2167
12/5/07,4.39,4.31,210.036,5,76.41000366210938,75.5,87.45,7.04,6.625,60.6387,0.5835,0.2146
12/6/07,4.49,4.49,210.036,5,76.37999725341797,75.5,90.25,7.29,6.783928871154785,63.9126,0.7719,0.2091
12/7/07,4.58,4.41,210.036,5,76.29000091552734,75.5,88.23,7.04,6.939286231994629,66.8146,0.8398,0.2091
12/10/07,4.6,4.46,210.036,5,76.05999755859375,75.5,87.72,6.98,6.936070919036865,66.695,0.9105,0.2006
12/11/07,4.47,4.29,210.036,5,76.22000122070312,75.5,90.12,7.12,6.7335710525512695,59.4739,0.5925,0.2065
12/12/07,4.51,4.28,210.036,5,76.13999938964844,75.5,94.41,7.22,6.816429138183594,61.3192,0.674,0.2105
12/13/07,4.61,4.3,210.036,5,76.55999755859375,75.5,92.35,7.46,6.851070880889893,62.0964,0.6105,0.2047
12/14/07,4.66,4.24,210.036,5,77.44000244140625,75.5,91.31,7.09,6.799643039703369,60.1637,0.5371,0.2126
12/17/07,4.62,4.31,210.036,5,77.40000153,75.5,90.69,7.06,6.585713863372803,52.8019,0.2886,0.2182
12/18/07,4.55,4.16,210.036,5,77.41000366210938,75.5,89.93,7.16,6.534999847412109,51.2024,0.0831,0.2214
12/19/07,4.47,3.98,210.036,5,77.58999633789062,75.5,91.11,7.18,6.539999961853027,51.3588,-0.0352,0.2136
12/20/07,4.46,4.37,210.036,5,77.79000091552734,75.5,90.88,7.19,6.686070919036865,55.8156,0.1502,0.2085
12/21/07,4.58,4.28,210.036,5,77.72000122070312,75.5,93.19,7.03,6.925356864929199,61.9637,0.4529,0.208
12/24/07,4.62,4,210.036,5,77.56999969482422,75.5,94,7.03,7.099999904632568,65.7136,0.5714,0.2048
12/26/07,4.68,4.26,210.036,5,77.15000153,75.5,95.89,6.94,7.1053571701049805,65.8249,0.4047,0.199
12/27/07,4.61,4.15,210.036,5,76.61000061035156,75.5,96.63,6.8,7.091785907745361,65.2471,0.2593,0.1959
12/28/07,4.51,4.01,210.036,5,76.22000122070312,75.5,96.03,7.11,7.136785984039307,66.3034,0.1664,0.192
12/31/07,4.45,3.06,210.036,5,76.69999694824219,75.5,95.95,7.11,7.074285984039307,63.4202,0.1165,0.1842
1/2/08,4.35,4.11,211.08,5,75.97000122070312,78.4,99.64,7.83,6.958570957183838,58.3603,0.1896,0.1876
1/3/08,4.37,4.25,211.08,5,75.88999938964844,78.4,99.17,7.84,6.961785793304443,58.4594,0.1225,0.1843
1/4/08,4.36,4.18,211.08,5,75.79000091552734,78.4,97.9,7.51,6.430356979370117,41.0546,-0.3545,0.2056
1/7/08,4.34,4.27,211.08,5,76.16999816894531,78.4,95.08,7.61,6.344285965,39.0279,-0.3837,0.2197
1/8/08,4.35,4.27,211.08,5,76.11000061035156,78.4,96.43,7.59,6.1160712242126465,34.2062,-0.3957,0.229
1/9/08,4.32,4.26,211.08,5,76.41999816894531,78.4,95.64,7.89,6.4071431159973145,43.7513,-0.1077,0.2367
1/10/08,4.44,4.26,211.08,5,75.93000030517578,78.4,93.92,7.96,6.3578572273254395,42.6237,-0.1535,0.2318
1/11/08,4.39,4.23,211.08,5,75.98000336,78.4,92.74,8.13,6.167500019073486,38.4968,-0.4369,0.2325
1/14/08,4.37,4.24,211.08,5,75.61000061035156,78.4,94.23,8.45,6.385000228881836,45.0441,-0.4553,0.2304
1/15/08,4.28,4.24,211.08,5,75.56999969482422,78.4,91.87,8.43,6.037143230438232,38.0648,-0.8955,0.2452
1/16/08,4.32,4.22,211.08,5,76.26000213623047,78.4,90.8,8.23,5.7014288902282715,32.7852,-1.1829,0.2542
1/17/08,4.25,4.23,211.08,5,76.16999816894531,78.4,90.11,8.1,5.746070861816406,34.0943,-1.1338,0.251
1/18/08,4.28,4.17,211.08,5,76.37999725341797,78.4,90.55,8.42,5.762856960296631,34.61,-1.1576,0.2463
1/22/08,4.23,3.68,211.08,5,76.34999847,78.4,89.64,7.97,5.558570861816406,31.3907,-1.2771,0.2617
1/23/08,4.23,3.43,211.08,5,76.40000153,78.4,87.65,7.84,4.966785907745361,24.3313,-1.6781,0.3064
1/24/08,4.36,3.47,211.08,5,75.69000244140625,78.4,89.98,7.85,4.8428568840026855,23.156,-1.7853,0.3032
1/25/08,4.28,3.6,211.08,5,75.97000122070312,78.4,90.37,7.8,4.643214225769043,21.3666,-1.5057,0.3019
1/28/08,4.29,3.5,211.08,5,75.58000183105469,78.4,90.99,7.87,4.643214225769043,21.3666,-1.4332,0.2948
1/29/08,4.34,3.47,211.08,5,75.54000091552734,78.4,91.66,8.1,4.697856903076172,23.2493,-1.1949,0.2818
1/30/08,4.44,3.26,211.08,5,75.02999877929688,78.4,92.34,8.17,4.720714092254639,24.0683,-1.4209,0.2734
1/31/08,4.35,3.22,211.08,5,75.18000030517578,78.4,91.67,8.1,4.834286212921143,28.1697,-1.2837,0.2695
2/1/08,4.32,3.12,211.693,4.9,75.44999694824219,70.8,89.03,7.88,4.776785850524902,27.3638,-1.1717,0.2597
2/4/08,4.37,2.82,211.693,4.9,75.37000274658203,70.8,90.07,7.56,4.701786041259766,26.3067,-1.4182,0.2508
2/5/08,4.33,2.71,211.693,4.9,76.12000274658203,70.8,88.32,7.8,4.619999885559082,25.165,-1.194,0.2438
2/6/08,4.37,2.94,211.693,4.9,76.13999938964844,70.8,87.16,7.94,4.357142925262451,21.8785,-1.1326,0.2482
2/7/08,4.51,3.03,211.693,4.9,76.94000244140625,70.8,88.07,7.99,4.329999923706055,21.5653,-1.1931,0.2466
2/8/08,4.43,3.05,211.693,4.9,76.66999816894531,70.8,91.77,8.06,4.481429100036621,27.7769,-1.0797,0.2386
2/11/08,4.41,2.88,211.693,4.9,76.58000183105469,70.8,93.56,8.38,4.623213768005371,33.1178,-0.7881,0.2312
2/12/08,4.46,2.91,211.693,4.9,76.31999969482422,70.8,92.82,8.37,4.459286212921143,30.3256,-0.4277,0.2306
2/13/08,4.52,3.02,211.693,4.9,76.40000153,70.8,93.28,8.35,4.621428966522217,36.0673,-0.1866,0.2247
2/14/08,4.67,3.03,211.693,4.9,76.15000153,70.8,95.42,8.5,4.552143096923828,34.7495,-0.0767,0.2168
2/15/08,4.58,2.97,211.693,4.9,76.09999847,70.8,95.57,8.73,4.451070785522461,32.8632,-0.1619,0.2086
2/19/08,4.66,2.94,211.693,4.9,76,70.8,99.99,8.91,4.3635711669921875,31.2801,-0.2817,0.2051
2/20/08,4.65,3,211.693,4.9,76.12000274658203,70.8,100.86,9.08,4.422142982,33.5864,-0.2516,0.1967
2/21/08,4.54,3.01,211.693,4.9,75.59999847,70.8,98.57,8.9,4.340713977813721,31.9795,-0.4159,0.1947
2/22/08,4.58,2.97,211.693,4.9,75.51999664,70.8,99.03,8.65,4.2664289474487305,30.5439,-0.43,0.1951
2/25/08,4.67,3,211.693,4.9,75.52999877929688,70.8,99.4,9.15,4.276429176330566,30.993,-0.3584,0.1887
2/26/08,4.66,2.85,211.693,4.9,74.76000213623047,70.8,100.83,9.21,4.255356788635254,30.5448,-0.3072,0.1874
2/27/08,4.65,2.93,211.693,4.9,74.20999908447266,70.8,99.59,9.21,4.3914289474487305,36.8914,0.0289,0.1846
2/28/08,4.55,3.06,211.693,4.9,73.72000122070312,70.8,102.6,9.11,4.639643192,46.4957,0.2609,0.1913
2/29/08,4.41,3.01,211.693,4.9,73.70999908447266,70.8,101.78,9.1,4.465000152587891,41.6884,-0.0138,0.1893
3/3/08,4.42,3.1,213.528,5.1,73.69999694824219,69.5,102.42,9.07,4.347499847412109,38.783,-0.2323,0.1929
3/4/08,4.52,2.9,213.528,5.1,73.66000366210938,69.5,99.72,9.21,4.450714111328125,42.5693,-0.0072,0.1888
3/5/08,4.6,2.93,213.528,5.1,73.48000336,69.5,104.45,9.37,4.446071147918701,42.4421,-0.1477,0.1815
3/6/08,4.57,2.99,213.528,5.1,73,69.5,105.51,9.7,4.318929195404053,39.0058,-0.1965,0.1829
3/7/08,4.55,2.96,213.528,5.1,73.02999877929688,69.5,105.12,9.82,4.3660712242126465,40.916,-0.0716,0.1783
3/10/08,4.45,2.99,213.528,5.1,72.98999786376953,69.5,107.9,9.59,4.2746429443359375,38.404,-0.0749,0.1743
3/11/08,4.53,2.95,213.528,5.1,73.27999877929688,69.5,108.73,9.85,4.548213958740234,48.5773,0.1062,0.1786
3/12/08,4.4,2.97,213.528,5.1,72.40000153,69.5,109.86,9.69,4.501070976257324,47.1325,0.1351,0.1734
3/13/08,4.47,2.98,213.528,5.1,72.06999969482422,69.5,110.21,9.74,4.569285869598389,49.4739,0.2552,0.175
3/14/08,4.35,2.99,213.528,5.1,71.66000366210938,69.5,110.03,9.84,4.521786212921143,47.8836,0.2067,0.1756
3/17/08,4.29,2.69,213.528,5.1,71.45999908447266,69.5,105.74,9.59,4.526071071624756,48.0459,0.2281,0.1761
3/18/08,4.35,2.16,213.528,5.1,71.56999969482422,69.5,109.57,9.1,4.743570804595947,55.6013,0.2967,0.177
3/19/08,4.22,2.08,213.528,5.1,72.13999938964844,69.5,103.25,9.11,4.631071090698242,51.4348,-0.0072,0.1742
3/20/08,4.17,2.22,213.528,5.1,72.75,69.5,102.57,8.54,4.759643077850342,55.5356,0.2482,0.1706
3/24/08,4.33,2.08,213.528,5.1,72.94999694824219,69.5,101.7,8.99,4.983213901519775,61.6066,0.5356,0.1747
3/25/08,4.3,2.42,213.528,5.1,72.27999877929688,69.5,101.78,9.28,5.034999847412109,62.8712,0.4923,0.1747
3/26/08,4.33,2.3,213.528,5.1,71.51000213623047,69.5,105.83,9.25,5.180714130401611,66.2406,0.619,0.1731
3/27/08,4.38,2.27,213.528,5.1,71.66000366210938,69.5,107.56,9.3,5.0089287757873535,59.3971,0.5814,0.1722
3/28/08,4.33,2.09,213.528,5.1,71.68000030517578,69.5,105.59,9.36,5.107500076293945,61.8337,0.6247,0.1694
3/31/08,4.3,2.51,213.528,5.1,71.80000305175781,69.5,101.54,9.86,5.125,62.2666,0.7165,0.1641
4/1/08,4.4,2.38,214.823,5,72.55999755859375,62.6,100.92,9.92,5.340356826782227,67.1979,0.6674,0.1656
4/2/08,4.38,2.18,214.823,5,72.26000213623047,62.6,104.83,9.6,5.267499923706055,64.1437,0.6457,0.1653
4/3/08,4.4,2.19,214.823,5,72.22000122070312,62.6,103.92,9.68,5.414642810821533,67.3692,0.7123,0.1678
4/4/08,4.32,2.26,214.823,5,72.01999664,62.6,106.09,9.36,5.4671430587768555,68.4594,0.7965,0.1643
4/7/08,4.36,2.24,214.823,5,72.19999694824219,62.6,108.91,9.48,5.567500114440918,70.4891,0.8774,0.1668
4/8/08,4.37,2.23,214.823,5,72.23000336,62.6,108.54,9.78,5.458570957183838,65.5577,0.6024,0.1637
4/9/08,4.31,2.2,214.823,5,71.83000183105469,62.6,110.89,9.88,5.408570766448975,63.3664,0.6551,0.1594
4/10/08,4.34,2.3,214.823,5,72.12000274658203,62.6,110.07,10.18,5.5196428298950195,66.0789,0.6403,0.1584
4/11/08,4.3,2.37,214.823,5,71.80999755859375,62.6,110.14,10.07,5.255000114440918,55.5287,0.229,0.1646
4/14/08,4.35,2.32,214.823,5,71.87999725341797,62.6,111.71,10.03,5.277856826782227,56.1795,0.2046,0.163
4/15/08,4.42,2.32,214.823,5,72.01999664,62.6,113.77,10.16,5.299285888671875,56.8175,0.0999,0.1599
4/16/08,4.54,2.35,214.823,5,71.41000366210938,62.6,114.8,10.11,5.489285945892334,62.088,0.4047,0.1608
4/17/08,4.54,2.37,214.823,5,71.68000030517578,62.6,114.8,10.27,5.517499923706055,62.8138,0.3454,0.155
4/18/08,4.51,2.32,214.823,5,72.01000213623047,62.6,116.56,10.08,5.751429080963135,68.2424,0.5278,0.1606
4/21/08,4.48,2.28,214.823,5,71.65000153,62.6,117.48,10.5,6.005713939666748,72.8776,0.5606,0.1652
4/22/08,4.46,1.99,214.823,5,71.33000183105469,62.6,119.17,10.56,5.721428871154785,61.9852,0.3825,0.175
4/23/08,4.49,2.18,214.823,5,71.81999969482422,62.6,119.28,10.33,5.817500114440918,63.9463,0.3394,0.1725
4/24/08,4.56,2.26,214.823,5,72.54000091552734,62.6,117.1,10.58,6.033570766448975,67.9509,0.4772,0.1834
4/25/08,4.61,2.28,214.823,5,72.79000091552734,62.6,119.64,10.72,6.061786175,68.4438,0.4165,0.1803
4/28/08,4.57,2.29,214.823,5,72.79000091552734,62.6,118.78,10.95,6.151429176330566,70.0213,0.5838,0.1774
4/29/08,4.55,2.21,214.823,5,72.88999938964844,62.6,115.67,10.94,6.251786231994629,71.7254,0.7104,0.1763
4/30/08,4.49,2.37,214.823,5,72.51000213623047,62.6,113.7,10.81,6.212500095367432,70.0468,0.5838,0.179
5/1/08,4.49,2.16,216.632,5.4,73.27999877929688,59.8,112.6,10.66,6.4285712242126465,73.6934,0.9888,0.1792
5/2/08,4.57,1.88,216.632,5.4,73.5,59.8,116.36,10.37,6.4621429443359375,74.2186,0.9978,0.1736
5/5/08,4.58,1.85,216.632,5.4,73.19000244140625,59.8,119.94,10.77,6.597499847412109,76.2751,1.0938,0.1706
5/6/08,4.64,1.91,216.632,5.4,73,59.8,121.82,11.09,6.666429042816162,77.2695,0.9918,0.169
5/7/08,4.61,2.01,216.632,5.4,73.51000213623047,59.8,123.56,11.08,6.521070957183838,70.5539,0.8456,0.1734
5/8/08,4.5,1.99,216.632,5.4,73.48000336,59.8,123.77,11.33,6.609285831451416,72.1366,0.7228,0.1694
5/9/08,4.53,1.97,216.632,5.4,73.05000305175781,59.8,125.94,11.29,6.551785945892334,69.5138,0.4601,0.1653
5/12/08,4.53,1.88,216.632,5.4,72.94999694824219,59.8,124.02,11.38,6.71999979,72.647,0.8413,0.1664
5/13/08,4.62,1.93,216.632,5.4,73.26999664,59.8,125.83,11.18,6.784286022186279,73.757,0.8146,0.1622
5/14/08,4.63,2.03,216.632,5.4,73.40000153,59.8,124.21,11.52,6.6521430015563965,67.6773,0.5212,0.165
5/15/08,4.56,2.03,216.632,5.4,73.34999847,59.8,124.25,11.41,6.776071071624756,70.1614,0.6018,0.1655
5/16/08,4.58,1.91,216.632,5.4,72.83999633789062,59.8,126.5,11.31,6.700714111328125,66.7997,0.4628,0.1607
5/19/08,4.56,1.95,216.632,5.4,73.04000091552734,59.8,127.15,11.1,6.557143211364746,60.8202,0.2573,0.1651
5/20/08,4.53,1.99,216.632,5.4,72.40000153,59.8,128.93,10.94,6.639286041259766,62.8682,0.3596,0.1663
5/21/08,4.55,2.03,216.632,5.4,71.94000244140625,59.8,132.99,11.4,6.363928795,52.8884,-0.0545,0.1797
5/22/08,4.63,2.05,216.632,5.4,72.27999877929688,59.8,130.04,11.57,6.323214054107666,51.5845,-0.1171,0.1869
5/23/08,4.57,1.99,216.632,5.4,71.88999938964844,59.8,131.58,11.56,6.4703569412231445,55.8234,-0.1071,0.1842
5/27/08,4.65,2.23,216.632,5.4,72.33999633789062,59.8,128.81,11.85,6.658214092254639,60.5698,-0.0069,0.1823
5/28/08,4.71,2.08,216.632,5.4,72.55000305175781,59.8,131,11.6,6.678928852081299,61.0666,0.133,0.1784
5/29/08,4.76,2.01,216.632,5.4,73.01999664,59.8,126.7,11.81,6.667500019073486,60.6129,0.049,0.1715
5/30/08,4.72,1.98,216.632,5.4,72.87999725341797,59.8,127.35,11.43,6.7410712242126465,62.5422,0.1595,0.1653
6/2/08,4.68,2.06,218.815,5.6,72.93000030517578,56.4,127.75,11.8,6.646429061889648,58.5678,-0.062,0.1645
6/3/08,4.63,1.95,218.815,5.6,73.23999786376953,56.4,124.33,12.27,6.620357036590576,57.484,-0.1381,0.1654
6/4/08,4.71,1.98,218.815,5.6,73.41999816894531,56.4,122.3,12.17,6.613928795,57.203,-0.0322,0.1619
6/5/08,4.75,1.98,218.815,5.6,73.04000091552734,56.4,127.93,12.49,6.765357018,61.9255,-0.009,0.1603
6/6/08,4.65,2.01,218.815,5.6,72.38999938964844,56.4,138.51,12.71,6.630000114440918,55.9792,-0.0596,0.1583
6/9/08,4.64,2.02,218.815,5.6,72.84999847,56.4,134.44,12.71,6.4860711097717285,50.4336,-0.0599,0.1683
6/10/08,4.7,1.96,218.815,5.6,73.69999694824219,56.4,131.38,12.72,6.630000114440918,55.2119,-0.0078,0.1729
6/11/08,4.72,1.95,218.815,5.6,73.20999908447266,56.4,136.43,12.49,6.457499980926514,49.1023,0.0788,0.1743
6/12/08,4.77,2.01,218.815,5.6,73.86000061035156,56.4,136.91,12.51,6.187857151031494,41.3919,-0.114,0.1864
6/13/08,4.79,2.02,218.815,5.6,74.15000153,56.4,134.84,12.51,6.156071186065674,40.5829,-0.2648,0.1921
6/16/08,4.77,2.06,218.815,5.6,73.61000061035156,56.4,134.52,12.73,6.315713882446289,46.2636,-0.2886,0.1974
6/17/08,4.78,1.87,218.815,5.6,73.51000213623047,56.4,133.99,12.87,6.479642868041992,51.4017,-0.1679,0.1943
6/18/08,4.72,1.84,218.815,5.6,73.44000244140625,56.4,136.54,12.93,6.3839287757873535,48.4866,-0.2389,0.1909
6/19/08,4.76,1.94,218.815,5.6,73.48000336,56.4,131.88,13.09,6.460713863372803,50.8927,-0.2362,0.1891
6/20/08,4.71,1.99,218.815,5.6,73.02999877929688,56.4,134.78,12.76,6.259643077850342,44.9693,-0.3259,0.1885
6/23/08,4.71,1.98,218.815,5.6,73.43000030517578,56.4,135.98,12.92,6.184286117553711,42.9516,-0.3674,0.1844
6/24/08,4.65,1.93,218.815,5.6,73.23999786376953,56.4,136.49,12.96,6.1875,43.069,-0.3593,0.1801
6/25/08,4.65,1.97,218.815,5.6,72.93000030517578,56.4,133.92,12.76,6.335357189178467,48.3333,-0.3623,0.1792
6/26/08,4.62,2.05,218.815,5.6,72.48999786376953,56.4,138.91,12.7,6.009285926818848,39.6302,-0.523,0.1866
6/27/08,4.53,1.99,218.815,5.6,72.36000061035156,56.4,139.69,13.1,6.074643135070801,41.8889,-0.3466,0.1871
6/30/08,4.53,2.47,218.815,5.6,72.45999908447266,56.4,139.96,13.19,5.980000019073486,39.5796,-0.5477,0.1853
7/1/08,4.55,2.11,219.964,5.8,72.37000274658203,61.2,141.06,13.28,6.2385711669921875,48.0122,-0.1845,0.1951
7/2/08,4.51,1.95,219.964,5.8,72.02999877929688,61.2,143.74,13.31,6.006429195404053,42.3037,-0.1529,0.2011
7/3/08,4.53,1.92,219.964,5.8,72.73999786376953,61.2,145.31,13,6.075714111328125,44.4275,-0.0677,0.2005
7/7/08,4.51,1.99,219.964,5.8,72.66999816894531,61.2,141.38,12.96,6.255713939666748,49.6161,-0.0506,0.2012
7/8/08,4.46,1.97,219.964,5.8,73.01000213623047,61.2,136.06,12.47,6.412499904632568,53.6735,-0.0566,0.2018
7/9/08,4.42,1.99,219.964,5.8,72.58000183105469,61.2,135.88,12.1,6.223214149475098,48.5865,-0.1354,0.202
7/10/08,4.42,2.01,219.964,5.8,72.48999786376953,61.2,141.47,11.83,6.308214188,50.8397,-0.1285,0.2004
7/11/08,4.52,1.97,219.964,5.8,72.09999847,61.2,144.96,12.15,6.163570880889893,47.0601,-0.0809,0.1992
7/14/08,4.47,2.06,219.964,5.8,71.91999816894531,61.2,145.16,11.58,6.210000038146973,48.3865,0.0217,0.1994
7/15/08,4.48,2.16,219.964,5.8,71.87000274658203,61.2,138.68,11.79,6.058570861816406,44.4728,-0.1086,0.2013
7/16/08,4.59,1.95,219.964,5.8,72.05999755859375,61.2,134.63,11.15,6.171785831451416,47.8679,-0.1378,0.1962
7/17/08,4.65,2.03,219.964,5.8,72.23999786376953,61.2,129.43,11.43,6.136071205,46.8938,0.1068,0.1899
7/18/08,4.66,1.96,219.964,5.8,72.19000244140625,61.2,128.94,10.54,5.898213863372803,40.9214,-0.1486,0.191
7/21/08,4.64,1.98,219.964,5.8,71.98999786376953,61.2,131.43,10.58,5.938929080963135,42.2766,-0.0346,0.191
7/22/08,4.67,1.97,219.964,5.8,72.44999694824219,61.2,127.25,10.16,5.786428928375244,38.696,-0.381,0.2199
7/23/08,4.69,2.04,219.964,5.8,72.80999755859375,61.2,123.73,9.88,5.937857151031494,43.7871,-0.0578,0.2188
7/24/08,4.6,2.06,219.964,5.8,72.93000030517578,61.2,124.62,9.7,5.679643154144287,37.9931,-0.3337,0.22
7/25/08,4.69,2.13,219.964,5.8,72.86000061035156,61.2,122.59,9.34,5.789999961853027,41.5527,-0.3924,0.2136
7/28/08,4.63,2,219.964,5.8,72.65000153,61.2,124.72,9.26,5.514286041259766,35.9933,-0.7568,0.2165
7/29/08,4.64,2.05,219.964,5.8,73.30999755859375,61.2,122.21,9.17,5.610000133514404,39.0423,-0.5167,0.2135
7/30/08,4.64,2.03,219.964,5.8,73.31999969482422,61.2,126.74,9.01,5.710000038146973,42.1432,-0.504,0.2077
7/31/08,4.59,2.09,219.964,5.8,73.23000336,61.2,124.17,9.26,5.676785945892334,41.3901,-0.4101,0.2041
8/1/08,4.57,2.04,219.086,6.1,73.41999816894531,63,125.03,9.05,5.59499979,39.5174,-0.5182,0.1986
8/4/08,4.58,1.97,219.086,6.1,73.45999908447266,63,121.45,9.2,5.472499847412109,36.8295,-0.4938,0.1952
8/5/08,4.63,1.97,219.086,6.1,73.87999725341797,63,118.71,8.66,5.737143039703369,45.4602,-0.3662,0.1975
8/6/08,4.68,2.01,219.086,6.1,74.23999786376953,63,118.57,8.7,5.863928795,49.0516,-0.2293,0.2036
8/7/08,4.56,1.96,219.086,6.1,74.55000305175781,63,119.84,8.77,5.841785907745361,48.4515,-0.0475,0.1991
8/8/08,4.55,2.01,219.086,6.1,75.84999847,63,115.42,8.22,6.055356979370117,54.2633,0.0981,0.1979
8/11/08,4.61,1.99,219.086,6.1,76.12999725341797,63,114.44,8.18,6.198571205,57.7067,0.3472,0.1987
8/12/08,4.55,1.95,219.086,6.1,76.15000153,63,113.1,8.23,6.311786175,60.2542,0.3151,0.1969
8/13/08,4.57,1.98,219.086,6.1,76.20999908447266,63,115.96,8.11,6.403571128845215,62.24,0.6099,0.1917
8/14/08,4.52,2.09,219.086,6.1,76.66999816894531,63,115.05,8.15,6.404285907745361,62.2558,0.5176,0.1836
8/15/08,4.47,2.08,219.086,6.1,77.18000030517578,63,113.46,7.82,6.276429176330566,57.6078,0.6421,0.1806
8/18/08,4.44,1.91,219.086,6.1,77.12000274658203,63,112.92,7.74,6.2639288902282715,57.1585,0.551,0.1763
8/19/08,4.47,1.94,219.086,6.1,76.83999633789062,63,114.39,7.73,6.197500228881836,54.7162,0.4107,0.175
8/20/08,4.43,1.98,219.086,6.1,76.95999908447266,63,115.48,8.02,6.28000021,57.1642,0.5082,0.1698
8/21/08,4.46,2.01,219.086,6.1,76.19999694824219,63,121.23,8.04,6.224643230438232,55.0151,0.5305,0.1662
8/22/08,4.46,2.02,219.086,6.1,76.80999755859375,63,114.48,7.98,6.313929080963135,57.7726,0.7089,0.1612
8/25/08,4.4,2.01,219.086,6.1,76.79000091552734,63,114.85,7.63,6.162499904632568,51.9557,0.3584,0.1607
8/26/08,4.4,1.88,219.086,6.1,77.25,63,116.31,8.02,6.2014288902282715,53.2587,0.2844,0.1542
8/27/08,4.38,1.98,219.086,6.1,77.05000305175781,63,118.17,8.54,6.238214015960693,54.514,0.334,0.1509
8/28/08,4.38,1.99,219.086,6.1,77.15000153,63,115.58,8.36,6.204999923706055,53.1266,0.1261,0.1476
8/29/08,4.43,1.94,219.086,6.1,77.37999725341797,63,115.55,8.24,6.054643154144287,47.2627,-0.1213,0.1472
9/2/08,4.36,1.96,218.783,6.1,78.05999755859375,70.3,109.63,8.24,5.935357093811035,43.1898,-0.3172,0.155
9/3/08,4.32,2.01,218.783,6.1,78.08999633789062,70.3,109.38,7.26,5.962856769561768,44.3798,-0.3713,0.1539
9/4/08,4.27,1.99,218.783,6.1,78.61000061035156,70.3,107.99,7.24,5.757856845855713,37.9912,-0.5446,0.1582
9/5/08,4.27,1.97,218.783,6.1,78.93000030517578,70.3,106.47,7.4,5.720714092254639,36.9532,-0.4682,0.1571
9/8/08,4.26,1.92,218.783,6.1,79.58999633789062,70.3,106.35,7.68,5.639999866485596,34.7325,-0.5257,0.1748
9/9/08,4.2,1.96,218.783,6.1,79.25,70.3,103.23,7.28,5.417142868041992,29.467,-0.6575,0.1841
9/10/08,4.23,2.12,218.783,6.1,79.84999847,70.3,102.66,7.65,5.414642810821533,29.4131,-0.7291,0.1843
9/11/08,4.2,2,218.783,6.1,80.15000153,70.3,100.95,7.83,5.451786041259766,31.4191,-0.6512,0.1862
9/12/08,4.32,2.1,218.783,6.1,78.97000122070312,70.3,101.19,8.02,5.319285869598389,28.3265,-0.838,0.1861
9/15/08,4.12,2.64,218.783,6.1,78.91000366210938,70.3,95.52,8.02,5.012856960296631,22.7495,-0.9686,0.1912
9/16/08,4.08,1.98,218.783,6.1,79.06999969482422,70.3,91.49,7.76,4.995714188,22.4829,-1.0159,0.1998
9/17/08,4.08,2.8,218.783,6.1,78.09999847,70.3,97.39,7.72,4.565357208251953,17.0723,-1.4095,0.2114
9/18/08,4.14,2.16,218.783,6.1,78.01999664,70.3,97.5,8.26,4.788928985595703,26.9126,-1.1931,0.2379
9/19/08,4.36,1.48,218.783,6.1,77.68000030517578,70.3,104.05,7.79,5.03249979,35.8444,-0.8612,0.2426
9/22/08,4.41,1.51,218.783,6.1,76.15000153,70.3,122.61,7.66,4.680356979370117,30.1144,-1.0574,0.2473
9/23/08,4.43,1.46,218.783,6.1,76.47000122070312,70.3,107.85,7.84,4.53000021,28.0524,-1.2072,0.2493
9/24/08,4.4,1.19,218.783,6.1,76.79000091552734,70.3,106.84,8.15,4.596786022186279,30.3342,-0.9783,0.2439
9/25/08,4.4,1.23,218.783,6.1,76.98999786376953,70.3,111.54,7.63,4.711785793304443,34.2038,-0.8501,0.24
9/26/08,4.36,1.08,218.783,6.1,76.94999694824219,70.3,106.77,7.42,4.579999923706055,32.0096,-0.8931,0.242
9/29/08,4.13,1.56,218.783,6.1,77.47000122070312,70.3,96.29,7.13,3.7592859268188477,22.3806,-1.3968,0.2842
9/30/08,4.31,2.03,218.783,6.1,79.44999694824219,70.3,100.7,7.17,4.059286117553711,30.5989,-1.1419,0.2848
10/1/08,4.22,1.15,216.573,6.5,79.45999908447266,57.6,98.23,7.41,3.8971428871154785,28.8226,-1.3099,0.278
10/2/08,4.16,0.67,216.573,6.5,80.44000244140625,57.6,93.84,7.64,3.575000047683716,25.6382,-1.4696,0.2777
10/3/08,4.11,1.1,216.573,6.5,80.30999755859375,57.6,93.91,7.16,3.4667859077453613,24.6529,-1.3026,0.2833
10/6/08,3.99,1.96,216.573,6.5,81.68000030517578,57.6,88.15,6.87,3.505000114440918,25.7383,-1.256,0.2873
10/7/08,4.01,2.97,216.573,6.5,80.97000122070312,57.6,90.18,6.74,3.184286117553711,22.7733,-1.1636,0.2937
10/8/08,4.09,2.24,216.573,6.5,80.91000366210938,57.6,88.94,6.58,3.2067859172821045,23.4397,-1.333,0.2956
10/9/08,4.14,1.4,216.573,6.5,81.16000366210938,57.6,86.5,6.69,3.169286012649536,23.0822,-1.5698,0.2943
10/10/08,4.15,0.79,216.573,6.5,83,57.6,77.44,6.52,3.4571430683135986,31.6936,-1.0306,0.3055
10/13/08,.,0.79,216.573,6.5,81.87999725341797,57.6,81.17,6.62,3.937856912612915,43.1418,-0.4989,0.3132
10/14/08,4.27,1.1,216.573,6.5,81.36000061035156,57.6,78.69,6.74,3.7171430587768555,39.8402,-0.7411,0.3193
10/15/08,4.25,1.04,216.573,6.5,82.05000305175781,57.6,74.38,6.64,3.498214006,36.8294,-1.0225,0.3161
10/16/08,4.25,0.83,216.573,6.5,82.45999908447266,57.6,69.81,6.65,3.6389288902282715,39.9696,-0.7929,0.3186
10/17/08,4.32,0.6,216.573,6.5,82.41000366210938,57.6,71.9,6.76,3.4785709381103516,37.6714,-0.2365,0.3306
10/20/08,4.26,0.7,216.573,6.5,83.09999847,57.6,74.08,6.98,3.515713930130005,38.5527,-0.458,0.3207
10/21/08,4.2,0.67,216.573,6.5,83.98999786376953,57.6,71.29,6.76,3.2674999237060547,34.992,-0.5305,0.3135
10/22/08,4.07,0.81,216.573,6.5,85.37000274658203,57.6,66.92,6.94,3.4596428871154785,39.6395,-0.0972,0.312
10/23/08,3.99,0.93,216.573,6.5,85.36000061035156,57.6,67.17,6.77,3.508213996887207,40.7918,0.0349,0.3056
10/24/08,4.11,0.95,216.573,6.5,86.44000244140625,57.6,63.34,6.29,3.442142963409424,39.6821,-0.053,0.3012
10/27/08,4.12,0.92,216.573,6.5,86.93000030517578,57.6,61.92,6.27,3.288928985595703,37.1575,0.0882,0.2921
10/28/08,4.19,0.67,216.573,6.5,87.02999877929688,57.6,62.8,6.4,3.568213939666748,44.1345,0.3045,0.2893
10/29/08,4.26,0.36,216.573,6.5,85.06999969482422,57.6,67.45,6.58,3.733928918838501,47.8352,0.4757,0.2893
10/30/08,4.3,0.3,216.573,6.5,84.55999755859375,57.6,65.79,6.75,3.9657139778137207,52.568,0.4285,0.2851
10/31/08,4.35,0.22,216.573,6.5,85.62999725341797,57.6,68.1,6.18,3.8424999713897705,49.9725,-0.0803,0.2774
11/3/08,4.33,0.23,212.425,6.8,86.34999847,55.3,63.93,6.45,3.819999933242798,49.4919,0.0867,0.2667
11/4/08,4.2,0.23,212.425,6.8,84.77999877929688,55.3,70.41,6.79,3.9639289379119873,52.6301,0.3924,0.2586
11/5/08,4.13,0.23,212.425,6.8,84.61000061035156,55.3,65.41,6.94,3.689285994,46.6711,0.0424,0.2574
11/6/08,4.19,0.23,212.425,6.8,85.88999938964844,55.3,60.72,7.04,3.539285898208618,43.7571,0.0512,0.2504
11/7/08,4.25,0.27,212.425,6.8,85.91000366210938,55.3,61.06,6.6,3.508570909500122,43.1628,-0.006,0.2414
11/10/08,4.21,0.29,212.425,6.8,85.91000366210938,55.3,62.19,7.07,3.424285888671875,41.4973,0.1321,0.2368
11/11/08,.,0.29,212.425,6.8,87.06999969482422,55.3,59.38,7.02,3.384643077850342,40.7018,-0.0632,0.2304
11/12/08,4.17,0.35,212.425,6.8,87.47000122070312,55.3,55.95,6.65,3.2185709476470947,37.4618,-0.244,0.2242
11/13/08,4.34,0.35,212.425,6.8,86.94000244140625,55.3,58.31,6.31,3.4442861080169678,43.9879,0.0018,0.2306
11/14/08,4.22,0.34,212.425,6.8,86.36000061035156,55.3,57.18,6.33,3.2228569984436035,39.6199,-0.0557,0.228
11/17/08,4.2,0.37,212.425,6.8,86.80999755859375,55.3,55.14,6.55,3.1478569507598877,38.235,-0.3542,0.2188
11/18/08,4.14,0.38,212.425,6.8,87.37000274658203,55.3,54.42,6.74,3.211071014404297,40.1345,-0.4405,0.212
11/19/08,3.96,0.38,212.425,6.8,87.30999755859375,55.3,53.64,6.76,3.0817859172821045,37.5885,-0.7447,0.2084
11/20/08,3.64,0.49,212.425,6.8,87.97000122070312,55.3,48.86,6.76,2.874643087387085,33.88,-0.8155,0.2074
11/21/08,3.7,0.57,212.425,6.8,88.19000244140625,55.3,49.22,6.56,2.9492859840393066,36.3181,-0.7336,0.2033
11/24/08,3.78,0.62,212.425,6.8,86.08000183105469,55.3,53.63,6.85,3.319643020629883,46.8002,-0.5428,0.215
11/25/08,3.63,0.59,212.425,6.8,85,55.3,50.02,6.71,3.242856979370117,45.1412,-0.3761,0.2137
11/26/08,3.54,0.53,212.425,6.8,85.66999816894531,55.3,54.2,6.43,3.392857074737549,48.9484,-0.1234,0.2101
11/28/08,3.45,0.52,212.425,6.8,86.51999664,55.3,55.21,6.43,3.309643030166626,46.9997,-0.1676,0.2018
12/1/08,3.22,0.52,210.228,7.3,86.72000122070312,60.1,49.34,6.48,3.1760709285736084,43.9735,-0.2091,0.1954
12/2/08,3.18,0.47,210.228,7.3,86.69999694824219,60.1,47.05,6.68,3.302500009536743,47.4242,-0.0692,0.1947
12/3/08,3.17,0.36,210.228,7.3,87.02999877929688,60.1,46.79,6.48,3.424999952316284,50.599,0.1739,0.1968
12/4/08,3.06,0.2,210.228,7.3,86.44000244140625,60.1,43.8,6.55,3.2646429538726807,46.6295,-0.1514,0.1974
12/5/08,3.11,0.12,210.228,7.3,87.12000274658203,60.1,41.01,5.99,3.357142925262451,49.1096,0.1131,0.1954
12/8/08,3.16,0.12,210.228,7.3,85.55999755859375,60.1,43.69,5.73,3.561429023742676,54.1743,0.3485,0.1961
12/9/08,3.06,0.13,210.228,7.3,85.83999633789062,60.1,42,5.57,3.573570966720581,54.4644,0.3054,0.1958
12/10/08,3.09,0.11,210.228,7.3,85.48000336,60.1,43.1,5.67,3.507499933242798,52.5164,0.3587,0.1895
12/11/08,3.07,0.14,210.228,7.3,83.83000183105469,60.1,47.77,5.86,3.392857074737549,49.2263,0.4366,0.1897
12/12/08,3.07,0.15,210.228,7.3,83.63999938964844,60.1,46.27,5.56,3.509643077850342,52.4915,0.4721,0.1901
12/15/08,2.98,0.18,210.228,7.3,82.26999664,60.1,44.61,5.75,3.3839290142059326,48.8497,0.0542,0.1878
12/16/08,2.86,0.17,210.228,7.3,80.68000030517578,60.1,43.84,5.75,3.4082140922546387,49.5775,0.1393,0.1824
12/17/08,2.66,0.12,210.228,7.3,78.91000366210938,60.1,40.17,5.79,3.184286117553711,43.4401,-0.1757,0.1853
12/18/08,2.53,0.11,210.228,7.3,79.47000122070312,60.1,36.73,5.63,3.1939289569854736,43.763,-0.0975,0.1772
12/19/08,2.55,0.11,210.228,7.3,81.30000305175781,60.1,33.17,5.66,3.2142860889434814,44.4834,0.0322,0.1692
12/22/08,2.6,0.11,210.228,7.3,81.08999633789062,60.1,31.1,5.39,3.062143087387085,40.3254,-0.2025,0.1686
12/23/08,2.63,0.11,210.228,7.3,81.23999786376953,60.1,30.28,5.37,3.0850000381469727,41.2144,-0.2865,0.1611
12/24/08,2.63,0.11,210.228,7.3,81.20999908447266,60.1,32.94,5.44,3.0371429920196533,39.875,-0.1917,0.1535
12/26/08,2.61,0.09,210.228,7.3,80.88999938964844,60.1,37.58,5.44,3.064642906188965,41.0604,-0.2464,0.1477
12/29/08,2.63,0.1,210.228,7.3,80.68000030517578,60.1,39.89,5.81,3.0932140350341797,42.3325,-0.3945,0.1426
12/30/08,2.58,0.09,210.228,7.3,80.90000153,60.1,38.95,5.71,3.0817859172821045,41.9425,-0.4144,0.1396
12/31/08,2.69,0.14,210.228,7.3,81.30999755859375,60.1,44.6,5.63,3.0482139587402344,40.7549,-0.387,0.1348
1/2/09,2.83,0.08,211.143,7.8,81.83999633789062,61.2,46.17,5.41,3.2410709857940674,49.5863,-0.1279,0.1378
1/5/09,3,0.11,211.143,7.8,82.63999938964844,61.2,48.61,5.83,3.377856969833374,54.7396,-0.111,0.1396
1/6/09,3.04,0.09,211.143,7.8,82.84999847,61.2,48.56,6.1,3.322143077850342,52.3905,-0.0521,0.1399
1/7/09,3.05,0.11,211.143,7.8,82.27999877929688,61.2,42.75,5.89,3.250356912612915,49.4462,-0.133,0.1358
1/8/09,3.04,0.1,211.143,7.8,81.54000091552734,61.2,41.68,5.96,3.310714006,51.8941,0.1065,0.1328
1/9/09,3.04,0.09,211.143,7.8,82.66000366210938,61.2,40.69,5.6,3.234999895095825,48.7078,0.0346,0.1303
1/12/09,2.99,0.1,211.143,7.8,83.01999664,61.2,37.65,5.59,3.166429042816162,45.9558,-0.0403,0.1284
1/13/09,3,0.1,211.143,7.8,84.26999664,61.2,37.77,5.7,3.132499933242798,44.6126,0.0593,0.1265
1/14/09,2.89,0.15,211.143,7.8,84.41999816894531,61.2,37.43,5.47,3.047499895095825,41.3519,-0.0316,0.1239
1/15/09,2.86,0.18,211.143,7.8,84.44000244140625,61.2,35.41,5.27,2.9778571128845215,38.8466,-0.05,0.1264
1/16/09,2.89,0.19,211.143,7.8,84.20999908447266,61.2,35.38,5.09,2.940356969833374,37.5282,-0.1047,0.1259
1/20/09,2.97,0.2,211.143,7.8,86.22000122070312,61.2,38.57,4.86,2.7928569316864014,32.8111,-0.2531,0.1258
1/21/09,3.15,0.23,211.143,7.8,85.81999969482422,61.2,42.56,4.87,2.958214044570923,41.6637,-0.1041,0.1269
1/22/09,3.25,0.21,211.143,7.8,85.51999664,61.2,42.33,4.72,3.1557140350341797,50.1174,0.0906,0.1332
1/23/09,3.32,0.18,211.143,7.8,85.61000061035156,61.2,45.12,4.75,3.1557140350341797,50.1174,-0.0719,0.131
1/26/09,3.39,0.19,211.143,7.8,84.73000336,61.2,46.5,4.62,3.2014288902282715,51.9852,-0.1486,0.1273
1/27/09,3.26,0.18,211.143,7.8,84.43000030517578,61.2,41.67,4.76,3.240356922149658,53.5793,-0.0689,0.1223
1/28/09,3.44,0.19,211.143,7.8,84.66999816894531,61.2,42.04,4.84,3.364285945892334,58.3229,0.096,0.1228
1/29/09,3.57,0.23,211.143,7.8,85.27999877929688,61.2,41.58,4.71,3.3214290142059326,56.1847,0.009,0.1178
1/30/09,3.58,0.23,211.143,7.8,86,61.2,41.73,4.77,3.2189290523529053,51.337,-0.0135,0.1171
2/2/09,3.47,0.24,212.193,8.3,86.06999969482422,56.3,41.35,4.48,3.268213987350464,53.4182,0.0858,0.1154
2/3/09,3.64,0.24,212.193,8.3,85.05000305175781,56.3,40.87,5.04,3.320713996887207,55.5967,0.1586,0.1138
2/4/09,3.65,0.24,212.193,8.3,85.69999694824219,56.3,40.27,5.01,3.3410708904266357,56.4472,0.2473,0.1127
2/5/09,3.63,0.23,212.193,8.3,86.05999755859375,56.3,41.15,4.84,3.444999933242798,60.5969,0.3936,0.1146
2/6/09,3.7,0.23,212.193,8.3,85.34999847,56.3,40.24,4.67,3.561429023742676,64.6592,0.5233,0.114
2/9/09,3.69,0.22,212.193,8.3,84.79000091552734,56.3,39.58,4.76,3.6610710620880127,67.726,0.7315,0.1134
2/10/09,3.54,0.24,212.193,8.3,85.80999755859375,56.3,37.54,4.84,3.493928909301758,58.5482,0.4514,0.117
2/11/09,3.45,0.22,212.193,8.3,85.77999877929688,56.3,35.93,4.68,3.4578568935394287,56.7605,0.2546,0.1141
2/12/09,3.47,0.23,212.193,8.3,86.55000305175781,56.3,34.03,4.73,3.5453569889068604,59.9547,0.3283,0.1144
2/13/09,3.68,0.22,212.193,8.3,86.04000091552734,56.3,37.63,4.6,3.541429042816162,59.7413,0.2865,0.1101
2/17/09,3.47,0.25,212.193,8.3,87.58000183105469,56.3,34.96,4.35,3.376070976257324,51.4422,0.1143,0.1128
2/18/09,3.54,0.23,212.193,8.3,88.01000213623047,56.3,34.67,4.35,3.370357036590576,51.1776,0.0051,0.1114
2/19/09,3.68,0.21,212.193,8.3,87.44000244140625,56.3,39.6,4.46,3.237143039703369,45.3249,-0.071,0.1126
2/20/09,3.56,0.2,212.193,8.3,86.48999786376953,56.3,39.35,4.21,3.257143020629883,46.3175,0.0322,0.1119
2/23/09,3.53,0.19,212.193,8.3,87.23999786376953,56.3,37.66,4.23,3.1053569316864014,40.3331,-0.1372,0.1157
2/24/09,3.49,0.21,212.193,8.3,86.88999938964844,56.3,38.86,4.21,3.2232139110565186,46.151,-0.0821,0.1159
2/25/09,3.59,0.21,212.193,8.3,87.91000366210938,56.3,41.64,4.2,3.255713939666748,47.6664,-0.0719,0.1155
2/26/09,3.66,0.22,212.193,8.3,87.73000336,56.3,43.18,4.08,3.185357093811035,44.7316,-0.2188,0.1158
2/27/09,3.71,0.22,212.193,8.3,88.01000213623047,56.3,44.15,4.04,3.189642906188965,44.9539,-0.3132,0.1153
3/2/09,3.64,0.22,212.709,8.7,88.94000244140625,57.3,40.07,4.36,3.140713930130005,42.8354,-0.4384,0.1147
3/3/09,3.67,0.2,212.709,8.7,88.91000366210938,57.3,41.57,4.43,3.1560709476470947,43.7317,-0.2847,0.1126
3/4/09,3.69,0.21,212.709,8.7,88.58000183105469,57.3,45.28,4.23,3.256071090698242,49.3058,-0.17,0.114
3/5/09,3.51,0.2,212.709,8.7,89.11000061035156,57.3,43.54,4.22,3.1728570461273193,45.2856,-0.3138,0.1132
3/6/09,3.5,0.2,212.709,8.7,88.51000213623047,57.3,45.43,3.93,3.046428918838501,39.9552,-0.4171,0.1191
3/9/09,3.59,0.2,212.709,8.7,89.01000213623047,57.3,47.01,3.86,2.9682140350341797,37.0498,-0.3436,0.1214
3/10/09,3.7,0.2,212.709,8.7,88.93000030517578,57.3,45.68,3.88,3.1653571128845215,47.423,-0.1728,0.1258
3/11/09,3.67,0.19,212.709,8.7,87.87000274658203,57.3,42.46,3.92,3.309999942779541,53.4857,0.0614,0.1285
3/12/09,3.63,0.18,212.709,8.7,87.66000366210938,57.3,46.91,3.87,3.441071033477783,58.1879,0.155,0.1292
3/13/09,3.66,0.15,212.709,8.7,87.43000030517578,57.3,46.22,3.9,3.4260709285736084,57.4719,0.2702,0.1247
3/16/09,3.76,0.2,212.709,8.7,86.94999694824219,57.3,47.33,3.78,3.4078569412231445,56.5617,0.1556,0.1226
3/17/09,3.83,0.2,212.709,8.7,86.93000030517578,57.3,48.97,3.78,3.559286117553711,61.9561,0.2558,0.1238
3/18/09,3.57,0.18,212.709,8.7,84.59999847,57.3,48.12,3.75,3.625714063644409,64.0644,0.371,0.1232
3/19/09,3.62,0.17,212.709,8.7,83.12999725341797,57.3,51.46,3.68,3.629286050796509,64.1793,0.3704,0.1207
3/20/09,3.65,0.18,212.709,8.7,83.83999633789062,57.3,51.55,3.99,3.628213882446289,64.1131,0.4107,0.1176
3/23/09,3.69,0.17,212.709,8.7,83.43000030517578,57.3,53.05,4.17,3.8450000286102295,70.7027,0.5805,0.1233
3/24/09,3.6,0.17,212.709,8.7,83.86000061035156,57.3,53.36,4.13,3.8035709857940674,68.8413,0.4712,0.1232
3/25/09,3.73,0.17,212.709,8.7,83.80999755859375,57.3,52.24,4.13,3.8032140731811523,68.0509,0.5311,0.1241
3/26/09,3.66,0.16,212.709,8.7,84.16999816894531,57.3,53.87,4.16,3.923928976,71.5481,0.7393,0.1227
3/27/09,3.62,0.15,212.709,8.7,85.11000061035156,57.3,52.41,3.73,3.816071033477783,64.7303,0.7144,0.1214
3/30/09,3.6,0.16,212.709,8.7,85.87000274658203,57.3,48.49,3.63,3.731786012649536,59.9248,0.4773,0.1218
3/31/09,3.56,0.16,212.709,8.7,85.43000030517578,57.3,49.64,3.58,3.754286050796509,60.7623,0.3743,0.1195
4/1/09,3.51,0.16,213.24,9,85.5,65.1,48.46,3.56,3.8817861080169678,65.2,0.3713,0.1219
4/2/09,3.57,0.16,213.24,9,84.44999694824219,65.1,52.61,3.69,4.025356769561768,69.3973,0.5049,0.1263
4/3/09,3.7,0.13,213.24,9,84.16999816894531,65.1,52.52,3.66,4.142499923706055,72.3297,0.619,0.1246
4/6/09,3.73,0.14,213.24,9,84.56999969482422,65.1,51.1,3.74,4.2303571701049805,74.3174,0.5654,0.1274
4/7/09,3.72,0.14,213.24,9,85.29000091552734,65.1,49.13,3.6,4.107142925262451,67.0435,0.4056,0.1275
4/8/09,3.66,0.14,213.24,9,85.36000061035156,65.1,49.37,3.5,4.154285907745361,68.3211,0.4423,0.1231
4/9/09,3.76,0.14,213.24,9,85.79000091552734,65.1,52.24,3.59,4.270357131958008,71.2738,0.541,0.1223
4/13/09,3.69,0.13,213.24,9,84.63999938964844,65.1,50.22,3.46,4.2935709953308105,71.8391,0.3779,0.1178
4/14/09,3.64,0.16,213.24,9,84.63999938964844,65.1,49.51,3.59,4.2253570556640625,67.6274,0.3454,0.1158
4/15/09,3.66,0.16,213.24,9,85.08000183105469,65.1,49.26,3.6,4.2014288902282715,66.1621,0.3355,0.113
4/16/09,3.72,0.15,213.24,9,85.23000336,65.1,49.97,3.54,4.337500095367432,70.1261,0.3485,0.1167
4/17/09,3.79,0.13,213.24,9,85.98000336,65.1,50.36,3.47,4.4078569412231445,71.9555,0.4986,0.117
4/20/09,3.69,0.14,213.24,9,86.63999938964844,65.1,45.82,3.55,4.3035712242126465,65.5482,0.4818,0.1178
4/21/09,3.74,0.15,213.24,9,86.58000183105469,65.1,46.65,3.43,4.348570823669434,66.9172,0.5007,0.117
4/22/09,3.82,0.15,213.24,9,86.19000244140625,65.1,47.41,3.48,4.3396430015563965,66.3538,0.3858,0.1176
4/23/09,3.8,0.17,213.24,9,85.51999664,65.1,48.46,3.46,4.478570938110352,70.5136,0.3819,0.1214
4/24/09,3.89,0.16,213.24,9,84.70999908447266,65.1,50.65,3.31,4.425000190734863,67.0701,0.238,0.1179
4/27/09,3.84,0.17,213.24,9,85.69999694824219,65.1,49.29,3.19,4.4546427726745605,68.0013,0.189,0.1145
4/28/09,3.97,0.16,213.24,9,85.16000366210938,65.1,49.01,3.29,4.425000190734863,65.9964,0.2679,0.1127
4/29/09,4.01,0.18,213.24,9,84.47000122070312,65.1,50.19,3.43,4.469285965,67.5375,0.2654,0.1111
4/30/09,4.05,0.2,213.24,9,84.61000061035156,65.1,50.35,3.25,4.493928909301758,68.3972,0.1884,0.1077
5/1/09,4.09,0.22,213.856,9.4,84.55000305175781,68.7,52.18,3.3,4.544285774230957,70.1376,0.2112,0.1046
5/4/09,4.06,0.22,213.856,9.4,83.97000122070312,68.7,54.45,3.47,4.716785907745361,75.1799,0.414,0.1079
5/5/09,4.06,0.2,213.856,9.4,84.16000366210938,68.7,53.81,3.62,4.739643096923828,75.7639,0.4535,0.1039
5/6/09,4.09,0.18,213.856,9.4,83.80000305175781,68.7,56.29,3.67,4.732142925262451,75.1392,0.3325,0.1036
5/7/09,4.25,0.18,213.856,9.4,83.94000244140625,68.7,56.67,3.96,4.609285831451416,65.5975,0.1697,0.1061
5/8/09,4.28,0.17,213.856,9.4,82.52999877929688,68.7,58.58,4.16,4.613928795,65.7744,0.2615,0.1092
5/11/09,4.18,0.17,213.856,9.4,82.68000030517578,68.7,57.79,4.24,4.627500057220459,66.3195,0.235,0.1096
5/12/09,4.16,0.16,213.856,9.4,82.30999755859375,68.7,58.81,4.41,4.443571090698242,53.8107,0.0876,0.1157
5/13/09,4.09,0.16,213.856,9.4,82.5,68.7,58,4.42,4.267499923706055,45.0507,-0.1778,0.1182
5/14/09,4.06,0.16,213.856,9.4,82.27999877929688,68.7,58.58,4.1,4.391070843,51.0709,-0.0286,0.1185
5/15/09,4.09,0.17,213.856,9.4,83.01999664,68.7,56.52,4.05,4.372142791748047,50.1643,-0.0695,0.1165
5/18/09,4.18,0.16,213.856,9.4,82.66999816894531,68.7,58.99,4.02,4.523213863372803,56.7617,0.0827,0.1192
5/19/09,4.21,0.15,213.856,9.4,81.98000336,68.7,59.52,3.99,4.551785945892334,57.897,0.0695,0.1184
5/20/09,4.14,0.14,213.856,9.4,80.98999786376953,68.7,61.45,3.75,4.495357036590576,54.8348,0.0012,0.1183
5/21/09,4.3,0.17,213.856,9.4,80.55999755859375,68.7,60.49,3.77,4.434999942779541,51.686,-0.0921,0.1182
5/22/09,4.38,0.17,213.856,9.4,79.95999908447266,68.7,61.15,3.41,4.375,48.6926,-0.288,0.115
5/26/09,4.45,0.18,213.856,9.4,80.12999725341797,68.7,62.48,3.35,4.670713901519775,60.7561,-0.0581,0.1247
5/27/09,4.59,0.17,213.856,9.4,80.33000183105469,68.7,63.41,3.49,4.751786231994629,63.3035,0.0165,0.1248
5/28/09,4.54,0.17,213.856,9.4,80.43000030517578,68.7,65.09,3.55,4.8239288330078125,65.4525,0.1808,0.1231
5/29/09,4.34,0.19,213.856,9.4,80.43000030517578,68.7,66.31,3.92,4.8503570556640625,66.2327,0.1992,0.1187
6/1/09,4.55,0.21,215.693,9.5,79.16999816894531,70.8,68.59,3.86,4.976786136627197,69.7518,0.2943,0.1192
6/2/09,4.5,0.2,215.693,9.5,78.40000153,70.8,68.58,4.05,4.981785774230957,69.8854,0.4535,0.1171
6/3/09,4.45,0.21,215.693,9.5,79.5,70.8,66.14,3.81,5.033928871154785,71.3093,0.6457,0.1132
6/4/09,4.58,0.2,215.693,9.5,79.41000366210938,70.8,68.8,3.58,5.133571147918701,73.8534,0.6256,0.114
6/5/09,4.63,0.21,215.693,9.5,80.66999816894531,70.8,68.43,3.51,5.166786193847656,74.6601,0.6695,0.1127
6/8/09,4.65,0.21,215.693,9.5,80.91000366210938,70.8,68.05,3.53,5.137499809265137,72.5353,0.5176,0.1159
6/9/09,4.64,0.18,215.693,9.5,79.79000091552734,70.8,70.02,3.53,5.097143173217773,69.5958,0.4595,0.1162
6/10/09,4.76,0.18,215.693,9.5,80.33000183105469,70.8,71.38,3.56,5.0089287757873535,63.535,0.4327,0.1174
6/11/09,4.69,0.17,215.693,9.5,79.41000366210938,70.8,72.69,3.51,4.998213768005371,62.8194,0.4745,0.1155
6/12/09,4.65,0.17,215.693,9.5,80.13999938964844,70.8,72.13,3.54,4.891786098480225,56.0647,0.4354,0.1157
6/15/09,4.61,0.22,215.693,9.5,81.13999938964844,70.8,70.54,3.8,4.860356808,54.211,0.1598,0.1119
6/16/09,4.48,0.22,215.693,9.5,80.70999908447266,70.8,70.47,4.16,4.869643211364746,54.6877,0.0993,0.109
6/17/09,4.5,0.24,215.693,9.5,80.16999816894531,70.8,71.07,3.99,4.8421430587768555,52.9302,0.0153,0.1075
6/18/09,4.63,0.25,215.693,9.5,80.61000061035156,70.8,71.42,4.19,4.8528571128845215,53.5564,0.0021,0.105
6/19/09,4.52,0.25,215.693,9.5,80.26000213623047,70.8,69.6,4.04,4.981429100036621,60.3703,0.0039,0.1053
6/22/09,4.45,0.24,215.693,9.5,80.77999877929688,70.8,67.09,4.01,4.906071186065674,55.2535,-0.0638,0.109
6/23/09,4.37,0.24,215.693,9.5,79.83999633789062,70.8,68.81,3.91,4.786070823669434,48.2417,-0.2088,0.1109
6/24/09,4.44,0.21,215.693,9.5,80.55999755859375,70.8,68.14,3.8,4.864999771118164,52.5105,-0.2263,0.1105
6/25/09,4.33,0.19,215.693,9.5,80.40000153,70.8,69.7,3.82,4.994999885559082,58.5712,-0.1447,0.1133
6/26/09,4.3,0.18,215.693,9.5,79.87999725341797,70.8,69.16,3.81,5.0871429443359375,62.2488,-0.0424,0.1134
6/29/09,4.31,0.17,215.693,9.5,79.83999633789062,70.8,71.47,3.88,5.070356845855713,61.1833,-0.0226,0.1105
6/30/09,4.32,0.22,215.693,9.5,80.12999725341797,70.8,69.82,3.72,5.086785793304443,61.8712,0.0656,0.1069
7/1/09,4.34,0.2,215.351,9.5,79.62999725341797,66,69.32,3.63,5.101070880889893,62.4936,0.0867,0.1041
7/2/09,4.32,0.17,215.351,9.5,80.15000153,66,66.68,3.49,5.000713825,55.624,0.0918,0.1032
7/6/09,4.35,0.18,215.351,9.5,80.44999694824219,66,64.06,3.24,4.950356960296631,52.5051,0.0758,0.1039
7/7/09,4.31,0.18,215.351,9.5,80.62000274658203,66,62.88,3.3,4.835713863372803,46.1596,-0.0286,0.1061
7/8/09,4.17,0.16,215.351,9.5,80.76999664,66,60.15,3.22,4.900713920593262,49.8596,0.0493,0.1063
7/9/09,4.31,0.15,215.351,9.5,79.86000061035156,66,60.36,3.36,4.869999885559082,48.1749,0.0144,0.1032
7/10/09,4.2,0.15,215.351,9.5,80.23000336,66,59.93,3.24,4.947143077850342,52.5148,-0.0289,0.1015
7/13/09,4.25,0.13,215.351,9.5,80.12999725341797,66,59.69,3.17,5.083570957183838,59.0464,0.1496,0.1046
7/14/09,4.38,0.13,215.351,9.5,80.18000030517578,66,59.62,3.29,5.081070899963379,58.8866,0.2486,0.1015
7/15/09,4.48,0.14,215.351,9.5,79.31999969482422,66,61.49,3.37,5.245714188,65.5088,0.3208,0.1044
7/16/09,4.45,0.15,215.351,9.5,79.22000122070312,66,62.07,3.21,5.268570899963379,66.3199,0.2305,0.1022
7/17/09,4.53,0.15,215.351,9.5,79.34999847,66,63.56,3.39,5.419642925262451,71.1489,0.2801,0.1046
7/20/09,4.47,0.15,215.351,9.5,78.91000366210938,66,63.93,3.49,5.461071014404297,72.3199,0.3292,0.106
7/21/09,4.38,0.14,215.351,9.5,78.93000030517578,66,64.81,3.48,5.411070823669434,68.6953,0.2732,0.1063
7/22/09,4.45,0.14,215.351,9.5,78.70999908447266,66,64.58,3.49,5.5978569984436035,73.9514,0.4186,0.1143
7/23/09,4.58,0.15,215.351,9.5,78.80000305175781,66,66.1,3.66,5.6364288330078125,74.889,0.5356,0.1123
7/24/09,4.55,0.15,215.351,9.5,78.75,66,66.96,3.37,5.713929176330566,76.7003,0.6432,0.1118
7/27/09,4.62,0.16,215.351,9.5,78.62999725341797,66,68.34,3.46,5.7178568840026855,76.7952,0.7432,0.1116
7/28/09,4.56,0.15,215.351,9.5,78.84999847,66,67.24,3.49,5.714285850524902,76.5009,0.6855,0.109
7/29/09,4.5,0.17,215.351,9.5,79.62999725341797,66,63.42,3.41,5.715356826782227,76.53,0.7123,0.1059
7/30/09,4.44,0.17,215.351,9.5,79.29000091552734,66,66.9,3.34,5.813929080963135,79.0914,0.7303,0.1085
7/31/09,4.31,0.18,215.351,9.5,78.34999847,66,69.26,3.34,5.835357189178467,79.6123,0.6334,0.1055
8/3/09,4.42,0.18,215.834,9.6,77.63999938964844,65.7,71.59,3.43,5.943929195404053,82.0521,0.727,0.1049
8/4/09,4.45,0.17,215.834,9.6,77.76999664,65.7,71.4,3.53,5.912499904632568,79.1011,0.5618,0.1022
8/5/09,4.57,0.17,215.834,9.6,77.51999664,65.7,71.97,3.61,5.896786212921143,77.5984,0.5293,0.1017
8/6/09,4.53,0.17,215.834,9.6,78.06999969482422,65.7,71.96,3.78,5.853929042816162,73.4975,0.3659,0.1018
8/7/09,4.61,0.17,215.834,9.6,78.97000122070312,65.7,70.97,3.57,5.911070823669434,75.3667,0.3792,0.1003
8/10/09,4.52,0.17,215.834,9.6,79.26000213623047,65.7,70.59,3.55,5.882856845855713,72.6424,0.3975,0.0995
8/11/09,4.44,0.16,215.834,9.6,79.18000030517578,65.7,69.46,3.54,5.815357208251953,66.4533,0.1833,0.0985
8/12/09,4.53,0.15,215.834,9.6,78.79000091552734,65.7,70.08,3.36,5.903929233551025,70.0581,0.2254,0.1006
8/13/09,4.44,0.15,215.834,9.6,78.48999786376953,65.7,70.57,3.34,6.014999866485596,73.8527,0.2538,0.1006
8/14/09,4.41,0.15,215.834,9.6,78.88999938964844,65.7,67.51,3.18,5.9564290046691895,68.8944,0.201,0.0996
8/17/09,4.33,0.17,215.834,9.6,79.29000091552734,65.7,66.72,3.11,5.699643135070801,52.3123,-0.0123,0.1083
8/18/09,4.35,0.17,215.834,9.6,78.94000244140625,65.7,69.22,3.12,5.857142925262451,58.8538,0.1195,0.1106
8/19/09,4.28,0.17,215.834,9.6,78.47000122070312,65.7,72.54,3.03,5.878571033477783,59.6645,0.0545,0.1088
8/20/09,4.24,0.17,215.834,9.6,78.37999725341797,65.7,72.4,3.03,5.940357208251953,61.99,0.0885,0.1056
8/21/09,4.36,0.16,215.834,9.6,78.04000091552734,65.7,73.12,2.78,6.0435709953308105,65.5618,0.084,0.1046
8/24/09,4.27,0.16,215.834,9.6,78.26999664,65.7,73.68,2.69,6.0378570556640625,65.1965,0.1056,0.1024
8/25/09,4.22,0.15,215.834,9.6,78.23999786376953,65.7,71.6,2.85,6.050000190734863,65.6347,0.1291,0.0991
8/26/09,4.2,0.15,215.834,9.6,78.66000366210938,65.7,71.38,2.76,5.978929042816162,60.8092,0.1053,0.098
8/27/09,4.23,0.14,215.834,9.6,78.01000213623047,65.7,72.49,2.76,6.051785945892334,63.7513,0.1186,0.1012
8/28/09,4.21,0.14,215.834,9.6,78.37000274658203,65.7,72.72,2.52,6.073214054107666,64.5933,0.1604,0.1025
8/31/09,4.18,0.15,215.834,9.6,78.16999816894531,65.7,69.97,2.42,6.007500171661377,59.9915,0.1619,0.1028
9/1/09,4.19,0.15,215.969,9.8,78.76000213623047,73.5,68.11,2.36,5.903571128845215,53.496,-0.0004,0.1063
9/2/09,4.09,0.16,215.969,9.8,78.37999725341797,73.5,68.03,2.25,5.899285793304443,53.2444,-0.0975,0.1063
9/3/09,4.15,0.15,215.969,9.8,78.45999908447266,73.5,67.9,2.06,5.948214054107666,55.8409,-0.0069,0.1032
9/4/09,4.27,0.15,215.969,9.8,78.13999938964844,73.5,67.95,1.83,6.082499980926514,62.0672,0.3226,0.1047
9/8/09,4.31,0.15,215.969,9.8,77.31999969482422,73.5,71.08,2.43,6.1760711669921875,65.6967,0.2687,0.1033
9/9/09,4.33,0.15,215.969,9.8,77.08999633789062,73.5,71.27,2.72,6.112143039703369,61.3759,0.1968,0.1062
9/10/09,4.19,0.16,215.969,9.8,76.81999969482422,73.5,71.95,2.68,6.1628570556640625,63.4306,0.1875,0.1039
9/11/09,4.18,0.15,215.969,9.8,76.61000061035156,73.5,69.34,2.94,6.148571014404297,62.4232,0.0885,0.1014
9/14/09,4.22,0.16,215.969,9.8,76.69999694824219,73.5,68.86,2.84,6.204286098480225,64.773,0.1402,0.102
9/15/09,4.27,0.17,215.969,9.8,76.54000091552734,73.5,70.81,3.21,6.255713939666748,66.8347,0.1733,0.0992
9/16/09,4.26,0.17,215.969,9.8,76.23999786376953,73.5,72.5,3.28,6.495357036590576,74.3637,0.4351,0.1084
9/17/09,4.19,0.16,215.969,9.8,76.19000244140625,73.5,72.48,3.5,6.591071128845215,76.6443,0.4544,0.1112
9/18/09,4.24,0.16,215.969,9.8,76.43000030517578,73.5,71.95,3.21,6.6078572273254395,77.0302,0.4505,0.1076
9/21/09,4.23,0.15,215.969,9.8,76.77999877929688,73.5,69.74,3.35,6.572143077850342,74.2202,0.4757,0.1075
9/22/09,4.2,0.15,215.969,9.8,76.12000274658203,73.5,71.5,3.37,6.588571071624756,74.6778,0.5772,0.1053
9/23/09,4.21,0.15,215.969,9.8,76.05000305175781,73.5,68.74,3.43,6.625,75.7075,0.6114,0.1072
9/24/09,4.17,0.14,215.969,9.8,76.90000153,73.5,65.74,3.56,6.565000057220459,70.6142,0.5197,0.1102
9/25/09,4.1,0.13,215.969,9.8,76.80999755859375,73.5,65.91,3.61,6.513214111328125,66.4584,0.3629,0.111
9/28/09,4.04,0.13,215.969,9.8,77.05000305175781,73.5,66.69,3.54,6.648213863372803,71.2165,0.3979,0.1124
9/29/09,4.03,0.11,215.969,9.8,77.12000274658203,73.5,66.56,3.3,6.620714188,69.0631,0.4285,0.111
9/30/09,4.03,0.07,215.969,9.8,76.65000153,73.5,70.46,3.25,6.619643211364746,68.9758,0.3849,0.1113
10/1/09,3.97,0.11,216.177,10,77.19000244140625,70.6,70.67,2.91,6.459286212921143,57.3015,0.2618,0.1152
10/2/09,4.01,0.13,216.177,10,77,70.6,69.8,2.32,6.603570938110352,63.3176,0.3364,0.1179
10/5/09,4.01,0.13,216.177,10,76.63999938964844,70.6,70.26,2.89,6.643570899963379,64.8034,0.3269,0.115
10/6/09,4.07,0.12,216.177,10,76.33999633789062,70.6,70.71,3.23,6.786070823669434,69.5185,0.2449,0.1154
10/7/09,3.99,0.13,216.177,10,76.48999786376953,70.6,69.6,3.7,6.794642925262451,69.781,0.1715,0.1104
10/8/09,4.09,0.12,216.177,10,75.97000122070312,70.6,71.69,4.24,6.759643077850342,67.2348,0.1279,0.108
10/9/09,4.22,0.12,216.177,10,76.43000030517578,70.6,71.75,3.92,6.802499771118164,68.739,0.1941,0.1048
10/12/09,.,0.12,216.177,10,76.12999725341797,70.6,73.24,3.96,6.814642906188965,69.1708,0.1905,0.1013
10/13/09,4.16,0.12,216.177,10,75.98000336,70.6,74.1,4.03,6.786428928375244,66.8597,0.136,0.0972
10/14/09,4.28,0.12,216.177,10,75.55000305175781,70.6,75.2,3.82,6.831786155700684,68.6719,0.2248,0.0952
10/15/09,4.31,0.13,216.177,10,75.48000336,70.6,77.55,3.88,6.805714130401611,66.4235,0.2464,0.0922
10/16/09,4.24,0.12,216.177,10,75.59999847,70.6,78.54,3.94,6.716071128845215,59.2415,0.0571,0.0915
10/19/09,4.21,0.12,216.177,10,75.51000213623047,70.6,79.47,4.22,6.780714035,62.3988,0.1348,0.0945
10/20/09,4.16,0.12,216.177,10,75.56999969482422,70.6,78.87,4.6,7.098570823669434,73.3362,0.4035,0.1133
10/21/09,4.22,0.11,216.177,10,74.97000122070312,70.6,81.03,4.8,7.318571090698242,78.0872,0.724,0.1266
10/22/09,4.24,0.11,216.177,10,75.08999633789062,70.6,80.82,4.98,7.328570843,78.2767,0.6108,0.129
10/23/09,4.29,0.11,216.177,10,75.47000122070312,70.6,80.11,4.88,7.283570766448975,75.1285,0.5391,0.1253
10/26/09,4.37,0.11,216.177,10,76.05999755859375,70.6,78.61,4.52,7.231429100036621,71.5383,0.3752,0.1307
10/27/09,4.29,0.11,216.177,10,76.13999938964844,70.6,79.45,4.52,7.048929214477539,60.6192,0.2142,0.135
10/28/09,4.25,0.11,216.177,10,76.43000030517578,70.6,77.39,4.59,6.871428966522217,52.2637,0.0942,0.1403
10/29/09,4.35,0.11,216.177,10,75.91999816894531,70.6,79.84,4.11,7.012499809265137,57.3011,0.1769,0.1403
10/30/09,4.23,0.11,216.177,10,76.30000305175781,70.6,77.04,4.11,6.732142925262451,46.7441,-0.0695,0.1533
11/2/09,4.26,0.12,216.33,9.9,76.29000091552734,67.4,78.08,4.32,6.761071205,47.8126,-0.0214,0.1581
11/3/09,4.34,0.12,216.33,9.9,76.38999938964844,67.4,79.58,4.33,6.7410712242126465,47.1089,-0.0764,0.1545
11/4/09,4.41,0.13,216.33,9.9,75.63999938964844,67.4,80.3,4.49,6.814642906188965,50.0227,0.0075,0.1545
11/5/09,4.41,0.13,216.33,9.9,75.73999786376953,67.4,79.64,4.3,6.929643154144287,54.2642,0.1799,0.1524
11/6/09,4.4,0.12,216.33,9.9,75.81999969482422,67.4,77.4,3.95,6.940713882446289,54.663,0.1348,0.1475
11/9/09,4.4,0.12,216.33,9.9,75.02999877929688,67.4,79.44,3.78,7.195000171661377,62.7082,0.0812,0.1532
11/10/09,4.41,0.13,216.33,9.9,75.01999664,67.4,79.01,3.76,7.249286175,64.1699,-0.0584,0.1508
11/11/09,.,0.13,216.33,9.9,75.16000366210938,67.4,79.16,3.59,7.2589287757873535,64.4366,-0.0587,0.1469
11/12/09,4.41,0.12,216.33,9.9,75.59999847,67.4,77.25,3.24,7.213929176330566,62.1133,-0.0587,0.1438
11/13/09,4.36,0.12,216.33,9.9,75.33000183105469,67.4,76.34,2.51,7.301785945892334,64.7831,0.0593,0.1396
11/16/09,4.26,0.12,216.33,9.9,74.91000366210938,67.4,78.91,2.65,7.379642963409424,67.0022,0.2786,0.1373
11/17/09,4.26,0.12,216.33,9.9,75.37000274658203,67.4,79.08,3.47,7.392857074737549,67.3779,0.4393,0.1327
11/18/09,4.29,0.11,216.33,9.9,75.18000030517578,67.4,79.55,3.74,7.355713844299316,65.133,0.2892,0.1297
11/19/09,4.29,0.11,216.33,9.9,75.29000091552734,67.4,77.47,3.57,7.161070823669434,54.8243,0.3614,0.1337
11/20/09,4.3,0.11,216.33,9.9,75.66000366210938,67.4,76.83,3.09,7.139999866485596,53.8311,0.3193,0.13
11/23/09,4.29,0.12,216.33,9.9,75.08999633789062,67.4,76.49,3.79,7.3528571128845215,61.4326,0.5155,0.1338
11/24/09,4.25,0.12,216.33,9.9,75.06999969482422,67.4,74.88,3.63,7.301428795,58.9089,0.4101,0.1306
11/25/09,4.23,0.11,216.33,9.9,74.26999664,67.4,77.25,3.32,7.292500019073486,58.4599,0.3057,0.1254
11/27/09,4.21,0.12,216.33,9.9,75,67.4,75.95,3.32,7.163928985595703,52.2803,0.1881,0.1289
11/30/09,4.2,0.13,216.33,9.9,74.87999725341797,67.4,77.19,4.41,7.139643192,51.1798,-0.0466,0.126
12/1/09,4.26,0.13,215.949,9.9,74.36000061035156,72.5,78.39,4.3,7.034643173217773,46.6114,-0.1808,0.1297
12/2/09,4.26,0.13,215.949,9.9,74.66999816894531,72.5,76.62,4.67,7.008213996887207,45.5102,-0.2112,0.1327
12/3/09,4.33,0.13,215.949,9.9,74.62999725341797,72.5,76.42,4.57,7.0171427726745605,45.9746,-0.1658,0.1291
12/4/09,4.4,0.12,215.949,9.9,75.91000366210938,72.5,75.41,4.53,6.904285907745361,41.1958,-0.3349,0.1405
12/7/09,4.4,0.12,215.949,9.9,75.76999664,72.5,73.89,4.78,6.748213768005371,35.6735,-0.532,0.1414
12/8/09,4.39,0.12,215.949,9.9,76.30999755859375,72.5,72.59,5.1,6.781071186065674,37.5709,-0.5155,0.1392
12/9/09,4.41,0.12,215.949,9.9,76.04000091552734,72.5,70.67,5.27,7.064286231994629,50.9897,-0.2455,0.147
12/10/09,4.5,0.12,215.949,9.9,76.04000091552734,72.5,70.54,5.02,7.015357018,49.029,-0.1228,0.1442
12/11/09,4.49,0.12,215.949,9.9,76.56999969482422,72.5,69.86,5.21,6.952499866485596,46.5524,-0.158,0.1437
12/14/09,4.49,0.12,215.949,9.9,76.34999847,72.5,69.48,5.41,7.034999847412109,50.1141,-0.2678,0.1439
12/15/09,4.52,0.13,215.949,9.9,76.95999908447266,72.5,70.62,5.53,6.934642791748047,46.0905,-0.309,0.1428
12/16/09,4.52,0.14,215.949,9.9,77,72.5,72.64,5.57,6.965356826782227,47.4803,-0.2756,0.1376
12/17/09,4.42,0.13,215.949,9.9,77.69000244140625,72.5,72.58,5.65,6.852142810821533,43.0723,-0.2627,0.1364
12/18/09,4.46,0.12,215.949,9.9,77.81999969482422,72.5,73.3,5.87,6.979642868041992,48.8334,-0.1348,0.1345
12/21/09,4.56,0.12,215.949,9.9,78.04000091552734,72.5,72.71,5.79,7.0796427726745605,52.8626,0.0379,0.1342
12/22/09,4.6,0.12,215.949,9.9,78.25,72.5,73.48,5.56,7.155714035,55.7193,0.1243,0.1302
12/23/09,4.61,0.11,215.949,9.9,77.90000153,72.5,76.03,5.55,7.2178568840026855,57.9606,0.1691,0.1253
12/24/09,4.68,0.11,215.949,9.9,77.83999633789062,72.5,76.83,5.75,7.465713977813721,65.4682,0.473,0.1319
12/28/09,4.69,0.12,215.949,9.9,77.62999725341797,72.5,78.67,5.91,7.557499885559082,67.764,0.6819,0.133
12/29/09,4.64,0.12,215.949,9.9,77.83000183105469,72.5,78.87,6.01,7.4678568840026855,63.3351,0.5786,0.1321
12/30/09,4.61,0.11,215.949,9.9,77.91000366210938,72.5,79.35,5.78,7.558570861816406,65.773,0.4165,0.1306
12/31/09,4.63,0.05,215.949,9.9,77.86000061035156,72.5,79.39,5.82,7.526071071624756,64.1314,0.4304,0.1273
1/4/10,4.65,0.12,216.687,9.8,77.52999877929688,74.4,81.52,6.09,7.643214225769043,67.304,0.582,0.1263
1/5/10,4.59,0.12,216.687,9.8,77.62000274658203,74.4,81.74,6.19,7.656428813934326,67.6518,0.5236,0.1223
1/6/10,4.7,0.12,216.687,9.8,77.48999786376953,74.4,83.12,6.47,7.534643173217773,61.1913,0.5055,0.1232
1/7/10,4.69,0.1,216.687,9.8,77.91000366210938,74.4,82.6,7.51,7.520713806152344,60.48,0.4679,0.1207
1/8/10,4.7,0.11,216.687,9.8,77.47000122070312,74.4,82.74,6.56,7.570713996887207,62.1797,0.6054,0.1184
1/11/10,4.74,0.11,216.687,9.8,77,74.4,82.54,5.77,7.503929138183594,58.557,0.4417,0.1197
1/12/10,4.62,0.11,216.687,9.8,76.94999694824219,74.4,80.79,5.57,7.4185709953308105,54.2098,0.2856,0.1191
1/13/10,4.71,0.11,216.687,9.8,76.84999847,74.4,79.66,5.61,7.523213863372803,58.2972,0.3096,0.1253
1/14/10,4.63,0.11,216.687,9.8,76.73000336,74.4,79.35,5.77,7.479642868041992,56.0536,0.2206,0.1198
1/15/10,4.58,0.12,216.687,9.8,77.31999969482422,74.4,77.96,5.66,7.354642868041992,50.0968,-0.0936,0.1236
1/19/10,4.6,0.13,216.687,9.8,77.5,74.4,78.98,5.51,7.679999828338623,61.5502,0.1032,0.1347
1/20/10,4.54,0.13,216.687,9.8,78.33999633789062,74.4,77.42,5.54,7.561786175,56.4712,0.079,0.1381
1/21/10,4.5,0.12,216.687,9.8,78.31999969482422,74.4,75.84,5.52,7.431070804595947,51.4343,-0.1074,0.1413
1/22/10,4.5,0.11,216.687,9.8,78.27999877929688,74.4,74.25,5.67,7.0625,40.4545,-0.3906,0.1547
1/25/10,4.55,0.12,216.687,9.8,78.19000244140625,74.4,74.9,5.76,7.252500057220459,46.7678,-0.329,0.1586
1/26/10,4.56,0.12,216.687,9.8,78.43000030517578,74.4,74.67,5.61,7.355000019073486,49.8487,-0.254,0.1712
1/27/10,4.55,0.12,216.687,9.8,78.68000030517578,74.4,73.64,5.42,7.424285888671875,51.8837,-0.0929,0.1827
1/28/10,4.57,0.12,216.687,9.8,78.90000153,74.4,73.62,5.32,7.117499828338623,43.4836,-0.3397,0.1894
1/29/10,4.51,0.12,216.687,9.8,79.45999908447266,74.4,72.85,5.26,6.859285831451416,37.9232,-0.5993,0.2015
2/1/10,4.56,0.14,216.741,9.8,79.23999786376953,73.6,74.41,5.3,6.9546427726745605,40.9254,-0.4628,0.1972
2/2/10,4.55,0.14,216.741,9.8,79.01000213623047,73.6,77.21,5.47,6.994999885559082,42.2008,-0.3569,0.1895
2/3/10,4.62,0.13,216.741,9.8,79.37000274658203,73.6,76.96,5.51,7.115356922149658,45.9488,-0.3436,0.1884
2/4/10,4.53,0.14,216.741,9.8,79.91999816894531,73.6,73.13,5.47,6.858929157,39.9978,-0.523,0.1914
2/5/10,4.51,0.13,216.741,9.8,80.44000244140625,73.6,71.15,5.61,6.980713844299316,43.7255,-0.3151,0.1888
2/8/10,4.52,0.13,216.741,9.8,80.30000305175781,73.6,71.87,5.73,6.932857036590576,42.6054,-0.6295,0.1836
2/9/10,4.58,0.13,216.741,9.8,79.86000061035156,73.6,73.71,5.54,7.006785869598389,44.9514,-0.4675,0.1778
2/10/10,4.65,0.12,216.741,9.8,80.02999877929688,73.6,74.48,5.48,6.968571186065674,43.9477,-0.3899,0.1701
2/11/10,4.69,0.12,216.741,9.8,79.98999786376953,73.6,75.23,5.53,7.0953569412231445,48.0793,0.0277,0.1702
2/12/10,4.66,0.12,216.741,9.8,80.31999969482422,73.6,74.11,5.48,7.156428813934326,49.9894,-0.0811,0.1712
2/16/10,4.63,0.13,216.741,9.8,79.69999694824219,73.6,76.98,5.65,7.264286041259766,53.2597,-0.0764,0.1661
2/17/10,4.7,0.12,216.741,9.8,80.37999725341797,73.6,77.27,5.47,7.233929157,52.2246,-0.1605,0.1617
2/18/10,4.74,0.12,216.741,9.8,80.40000153,73.6,78.97,5.4,7.247499942779541,52.6652,0.1095,0.1565
2/19/10,4.71,0.13,216.741,9.8,80.63999938964844,73.6,79.77,5.1,7.202499866485596,50.9801,0.2891,0.1498
2/22/10,4.73,0.12,216.741,9.8,80.51000213623047,73.6,80.04,4.92,7.1578569412231445,49.2872,0.1711,0.1462
2/23/10,4.63,0.12,216.741,9.8,80.84999847,73.6,78.61,4.91,7.0378570556640625,44.981,0.0361,0.1479
2/24/10,4.63,0.11,216.741,9.8,80.84999847,73.6,79.75,4.91,7.166429042816162,50.0199,0.0429,0.1467
2/25/10,4.58,0.12,216.741,9.8,80.79000091552734,73.6,77.99,4.84,7.214285850524902,51.7963,0.2994,0.1491
2/26/10,4.55,0.13,216.741,9.8,80.36000061035156,73.6,79.72,4.76,7.307857036590576,55.1433,0.2756,0.1452
3/1/10,4.56,0.14,217.631,9.9,80.66000366210938,73.6,78.71,4.83,7.463929176330566,60.1175,0.4475,0.1453
3/2/10,4.57,0.14,217.631,9.9,80.51999664,73.6,79.62,4.78,7.458929061889648,59.8884,0.381,0.1416
3/3/10,4.58,0.15,217.631,9.9,79.98000336,73.6,80.91,4.76,7.476070880889893,60.4451,0.4277,0.1356
3/4/10,4.56,0.16,217.631,9.9,80.55999755859375,73.6,80.21,4.78,7.525356769561768,62.0745,0.3623,0.1309
3/5/10,4.64,0.17,217.631,9.9,80.43000030517578,73.6,81.5,4.56,7.819643020629883,70.0171,0.5588,0.1408
3/8/10,4.68,0.15,217.631,9.9,80.43000030517578,73.6,81.85,4.47,7.824285984039307,70.1234,0.4718,0.1347
3/9/10,4.68,0.14,217.631,9.9,80.58999633789062,73.6,81.5,4.51,7.965000152587891,73.2222,0.616,0.1404
3/10/10,4.69,0.14,217.631,9.9,80.44999694824219,73.6,82.07,4.44,8.029999732971191,74.5361,0.6594,0.1357
3/11/10,4.66,0.15,217.631,9.9,80.31999969482422,73.6,82.1,4.47,8.053570747375488,75.0149,0.7171,0.1307
3/12/10,4.62,0.17,217.631,9.9,79.83000183105469,73.6,81.26,4.35,8.092857360839844,75.8305,0.7879,0.1261
3/15/10,4.63,0.2,217.631,9.9,80.25,73.6,79.79,4.29,7.994286060333252,69.6838,0.8059,0.1308
3/16/10,4.59,0.2,217.631,9.9,79.75,73.6,81.75,4.38,8.016071319580078,70.2576,0.716,0.1267
3/17/10,4.56,0.18,217.631,9.9,79.63999938964844,73.6,82.93,4.27,8.004285812,69.4913,0.6656,0.1245
3/18/10,4.59,0.18,217.631,9.9,80.22000122070312,73.6,82.16,4.19,8.023214340209961,70.0562,0.6027,0.1208
3/19/10,4.58,0.18,217.631,9.9,80.72000122070312,73.6,80.58,4.01,7.9375,64.2541,0.399,0.1207
3/22/10,4.57,0.18,217.631,9.9,80.65000153,73.6,81.26,4.02,8.026785850524902,67.2928,0.4784,0.1247
3/23/10,4.6,0.17,217.631,9.9,80.90000153,73.6,81.68,4.08,8.155714035,71.1116,0.5726,0.1258
3/24/10,4.72,0.17,217.631,9.9,81.83999633789062,73.6,80.29,4.02,8.191785812,72.0933,0.5615,0.1226
3/25/10,4.77,0.17,217.631,9.9,82.12000274658203,73.6,80.25,4.01,8.094642639160156,65.6254,0.2317,0.124
3/26/10,4.75,0.17,217.631,9.9,81.68000030517578,73.6,79.75,3.92,8.246429443359375,70.1341,0.3557,0.1266
3/29/10,4.76,0.16,217.631,9.9,81.36000061035156,73.6,81.92,3.83,8.299642562866211,71.5433,0.282,0.1239
3/30/10,4.75,0.16,217.631,9.9,81.47000122070312,73.6,82.14,3.79,8.423213958740234,74.5429,0.3311,0.126
3/31/10,4.72,0.09,217.631,9.9,81.06999969482422,73.6,83.45,3.93,8.392856598,72.5292,0.2859,0.1216
4/1/10,4.74,0.17,218.009,9.9,80.77999877929688,72.2,84.53,3.72,8.427499771118164,73.417,0.282,0.1258
4/5/10,4.85,0.2,218.009,9.9,81.08999633789062,72.2,86.36,3.93,8.517499923706055,75.6211,0.4408,0.1248
4/6/10,4.84,0.2,218.009,9.9,81.38999938964844,72.2,86.54,4.16,8.555000305175781,76.4956,0.4541,0.1229
4/7/10,4.74,0.19,218.009,9.9,81.44000244140625,72.2,85.64,4.08,8.592857360839844,77.3778,0.4959,0.1211
4/8/10,4.75,0.19,218.009,9.9,81.52999877929688,72.2,85.17,3.92,8.569643020629883,75.5063,0.4604,0.12
4/9/10,4.74,0.19,218.009,9.9,81.08999633789062,72.2,84.6,3.9,8.635356903076172,77.1883,0.588,0.1156
4/12/10,4.7,0.19,218.009,9.9,80.55999755859375,72.2,84.07,4.04,8.653214454650879,77.6377,0.5278,0.1101
4/13/10,4.68,0.2,218.009,9.9,80.51000213623047,72.2,83.8,3.97,8.658213615,77.7697,0.4234,0.1058
4/14/10,4.72,0.2,218.009,9.9,80.19000244140625,72.2,85.62,4.15,8.774642944335938,80.6372,0.4911,0.1056
4/15/10,4.72,0.22,218.009,9.9,80.48000336,72.2,85.25,4.16,8.890000343322754,82.9797,0.6701,0.1056
4/16/10,4.67,0.21,218.009,9.9,80.81999969482422,72.2,82.97,3.97,8.835714340209961,78.186,0.4965,0.1122
4/19/10,4.7,0.2,218.009,9.9,81,72.2,81.52,4.02,8.823928833007812,77.144,0.4417,0.1173
4/20/10,4.67,0.2,218.009,9.9,81.05000305175781,72.2,82.98,3.93,8.735357284545898,69.6336,0.2631,0.1225
4/21/10,4.61,0.2,218.009,9.9,81.16000366210938,72.2,82.78,3.96,9.257857322692871,81.2379,0.7288,0.1474
4/22/10,4.65,0.2,218.009,9.9,81.56999969482422,72.2,82.89,3.95,9.516785621643066,84.416,0.9178,0.1595
4/23/10,4.67,0.2,218.009,9.9,81.34999847,72.2,84.34,4.07,9.672499656677246,85.9568,0.9731,0.1604
4/26/10,4.67,0.2,218.009,9.9,81.48000336,72.2,84.2,4.23,9.625,83.253,0.9015,0.1581
4/27/10,4.56,0.2,218.009,9.9,82.15000153,72.2,82.43,4.18,9.358571053,69.9602,0.6451,0.1661
4/28/10,4.63,0.2,218.009,9.9,82.37999725341797,72.2,83.22,4.19,9.342857360839844,69.2578,0.6515,0.1706
4/29/10,4.6,0.19,218.009,9.9,82,72.2,85.17,4.24,9.594285965,73.7917,0.8079,0.1765
4/30/10,4.53,0.2,218.009,9.9,81.87000274658203,72.2,86.07,3.94,9.324643135,63.0519,0.5657,0.1844
5/3/10,4.53,0.2,218.178,9.6,82.26999664,73.6,86.19,3.86,9.512499809265137,66.6893,0.7198,0.1858
5/4/10,4.43,0.21,218.178,9.6,83.30000305175781,73.6,82.73,3.96,9.238571166992188,57.7599,0.3909,0.1932
5/5/10,4.39,0.21,218.178,9.6,84.08000183105469,73.6,80,4,9.142499923706055,54.9745,0.2126,0.2008
5/6/10,4.19,0.2,218.178,9.6,84.88999938964844,73.6,77.18,3.97,8.794643402,46.2907,-0.0346,0.3133
5/7/10,4.28,0.2,218.178,9.6,84.44999694824219,73.6,75.1,3.91,8.423570633,39.1778,-0.3373,0.3368
5/10/10,4.41,0.2,218.178,9.6,84.16000366210938,73.6,76.89,4.08,9.071070671081543,52.8053,0.2829,0.3531
5/11/10,4.42,0.2,218.178,9.6,84.47000122070312,73.6,76.37,4.15,9.161429405212402,54.3426,-0.0812,0.3481
5/12/10,4.47,0.2,218.178,9.6,84.83000183105469,73.6,75.65,4.18,9.360357284545898,57.6161,-0.1318,0.3374
5/13/10,4.47,0.2,218.178,9.6,85.20999908447266,73.6,74.38,4.26,9.227143287658691,54.7835,-0.3752,0.3318
5/14/10,4.32,0.2,218.178,9.6,86.09999847,73.6,71.61,4.27,9.06499958,51.4669,-0.4718,0.3272
5/17/10,4.35,0.21,218.178,9.6,86.20999908447266,73.6,70.08,4.34,9.079285621643066,51.7441,-0.2353,0.322
5/18/10,4.26,0.21,218.178,9.6,87.16000366210938,73.6,69.38,4.42,9.012857437133789,50.3053,-0.278,0.3168
5/19/10,4.24,0.2,218.178,9.6,86.38999938964844,73.6,69.91,4.28,8.869285583496094,47.2475,-0.6108,0.3115
5/20/10,4.13,0.2,218.178,9.6,85.56999969482422,73.6,68.28,4.12,8.491429328918457,40.3038,-0.702,0.3153
5/21/10,4.07,0.2,218.178,9.6,85.37000274658203,73.6,68.03,4.12,8.654286385,44.1159,-0.7231,0.3211
5/24/10,4.12,0.21,218.178,9.6,86.20999908447266,73.6,68.23,4.08,8.812856674194336,47.6231,-0.3587,0.3166
5/25/10,4.07,0.21,218.178,9.6,86.77999877929688,73.6,64.78,4.08,8.757857322692871,46.5323,-0.3239,0.3146
5/26/10,4.11,0.2,218.178,9.6,87.12000274658203,73.6,71.52,4.19,8.718214035,45.7187,-0.0644,0.3102
5/27/10,4.24,0.2,218.178,9.6,86.18000030517578,73.6,74.56,4.22,9.048213958740234,53.0689,0.5263,0.309
5/28/10,4.22,0.19,218.178,9.6,86.48000336,73.6,74,4.31,9.174285888671875,55.5452,0.087,0.2999
6/1/10,4.19,0.2,217.965,9.4,86.63999938964844,76,72.7,4.39,9.315357208251953,58.2029,0.1297,0.298
6/2/10,4.24,0.2,217.965,9.4,86.79000091552734,76,72.88,4.32,9.426786422729492,60.2255,0.056,0.2863
6/3/10,4.29,0.19,217.965,9.4,87.13999938964844,76,74.62,4.46,9.397143363952637,59.402,0.1432,0.2769
6/4/10,4.13,0.19,217.965,9.4,88.23000336,76,71.43,4.6,9.141428947,52.7105,0.0645,0.2754
6/7/10,4.11,0.19,217.965,9.4,88.40000153,76,71.55,4.67,8.962142944335938,48.5722,-0.0987,0.2742
6/8/10,4.1,0.19,217.965,9.4,88.38999938964844,76,71.88,4.89,8.904643058776855,47.2911,-0.0912,0.2721
6/9/10,4.12,0.18,217.965,9.4,87.90000153,76,74.38,4.75,8.685713768005371,42.6759,-0.1547,0.2729
6/10/10,4.25,0.18,217.965,9.4,87.16999816894531,76,75.48,4.68,8.946785926818848,49.0602,0.3837,0.2723
6/11/10,4.15,0.18,217.965,9.4,87.51000213623047,76,73.89,4.68,9.053929328918457,51.4499,0.3367,0.2668
6/14/10,4.2,0.18,217.965,9.4,86.51000213623047,76,74.99,4.94,9.081428527832031,52.0714,0.2263,0.2599
6/15/10,4.23,0.19,217.965,9.4,85.98000336,76,76.84,5.11,9.274642944335938,56.3038,0.4354,0.2533
6/16/10,4.18,0.19,217.965,9.4,86.08000183105469,76,77.67,5.13,9.544643402,61.4296,0.6963,0.2525
6/17/10,4.13,0.19,217.965,9.4,85.69000244140625,76,76.82,5.14,9.709643363952637,64.1938,0.5573,0.2466
6/18/10,4.15,0.18,217.965,9.4,85.69999694824219,76,77.18,5.17,9.788213729858398,65.4654,0.5174,0.2367
6/21/10,4.17,0.17,217.965,9.4,85.93000030517578,76,77.84,5.15,9.648928642,61.312,0.281,0.2419
6/22/10,4.1,0.18,217.965,9.4,86.11000061035156,76,77.15,4.87,9.780357360839844,63.6529,0.2979,0.2371
6/23/10,4.05,0.17,217.965,9.4,85.73999786376953,76,75.9,4.9,9.677499771118164,60.5644,0.2362,0.2347
6/24/10,4.09,0.16,217.965,9.4,85.73000336,76,75.96,4.88,9.607143402,58.4743,0.3922,0.2289
6/25/10,4.07,0.16,217.965,9.4,85.30999755859375,76,78.45,4.84,9.524999618530273,56.0426,0.4742,0.2221
6/28/10,4.01,0.17,217.965,9.4,85.65000153,76,78.26,4.85,9.58214283,57.3707,0.5708,0.2175
6/29/10,3.94,0.15,217.965,9.4,86.02999877929688,76,75.93,4.68,9.148928642,46.0191,0.3903,0.232
6/30/10,3.91,0.09,217.965,9.4,86.01999664,76,75.59,4.53,8.983214378356934,42.5508,0.0307,0.2326
7/1/10,3.88,0.17,218.011,9.4,84.72000122070312,67.8,72.95,4.54,8.874285697937012,40.3956,-0.1514,0.2408
7/2/10,3.94,0.18,218.011,9.4,84.43000030517578,67.8,72.06,4.72,8.819286346435547,39.3129,-0.2209,0.2403
7/6/10,3.89,0.18,218.011,9.4,84.08000183105469,67.8,71.96,4.85,8.879643440246582,41.1762,-0.3328,0.2374
7/7/10,3.96,0.18,218.011,9.4,83.81999969482422,67.8,74.05,4.76,9.238213539123535,50.8301,-0.2583,0.2422
7/8/10,4,0.17,218.011,9.4,83.81999969482422,67.8,75.46,4.61,9.217499732971191,50.3205,-0.4147,0.2421
7/9/10,4.04,0.18,218.011,9.4,83.94999694824219,67.8,76.08,4.36,9.272143363952637,51.7078,-0.4349,0.235
7/12/10,4.05,0.17,218.011,9.4,84.19999694824219,67.8,74.93,4.42,9.188928604125977,49.4387,-0.3877,0.2332
7/13/10,4.1,0.17,218.011,9.4,83.63999938964844,67.8,77.16,4.46,8.992856979370117,44.4971,-0.6636,0.2399
7/14/10,4.03,0.17,218.011,9.4,83.43000030517578,67.8,77.02,4.39,9.026070594787598,45.4905,-0.5489,0.2374
7/15/10,3.97,0.19,218.011,9.4,82.55999755859375,67.8,76.67,4.43,8.98035717,44.3163,-0.5281,0.2412
7/16/10,3.95,0.19,218.011,9.4,82.48999786376953,67.8,75.96,4.68,8.925000190734863,42.8699,-0.5055,0.2381
7/19/10,3.99,0.19,218.011,9.4,82.51000213623047,67.8,76.53,4.56,8.770713806152344,39.0448,-0.6837,0.2432
7/20/10,3.99,0.18,218.011,9.4,82.75,67.8,77.32,4.59,8.996070861816406,46.547,-0.1288,0.2536
7/21/10,3.89,0.18,218.011,9.4,83.38999938964844,67.8,76.27,4.7,9.079999923706055,49.0615,0.0815,0.2639
7/22/10,3.95,0.18,218.011,9.4,82.59999847,67.8,79.01,4.67,9.250714302062988,53.8237,0.3173,0.2575
7/23/10,4.01,0.19,218.011,9.4,82.45999908447266,67.8,78.68,4.69,9.283571243286133,54.697,0.3912,0.2479
7/26/10,4.03,0.19,218.011,9.4,82.08999633789062,67.8,78.93,4.65,9.260000228881836,53.9059,0.3205,0.2353
7/27/10,4.08,0.19,218.011,9.4,82.18000030517578,67.8,77.46,4.72,9.431428909301758,58.596,0.1629,0.2304
7/28/10,4.07,0.2,218.011,9.4,82.18000030517578,67.8,77.06,4.75,9.319999694824219,54.7,0.0864,0.2263
7/29/10,4.08,0.19,218.011,9.4,81.63999938964844,67.8,78.3,4.8,9.218214035,51.3418,-0.0454,0.2242
7/30/10,3.98,0.18,218.011,9.4,81.54000091552734,67.8,78.85,4.81,9.1875,50.3375,-0.0011,0.2185
8/2/10,4.06,0.19,218.312,9.5,80.94000244140625,68.9,81.25,4.94,9.351785659790039,55.3665,0.3025,0.2144
8/3/10,4.04,0.19,218.312,9.5,80.59999847,68.9,82.52,4.78,9.354642868041992,55.451,0.2769,0.2073
8/4/10,4.07,0.19,218.312,9.5,80.88999938964844,68.9,82.49,4.77,9.392143249511719,56.6119,0.3469,0.201
8/5/10,4.05,0.19,218.312,9.5,80.81999969482422,68.9,82,4.84,9.346428871154785,54.7392,0.3551,0.1923
8/6/10,4,0.18,218.312,9.5,80.41000366210938,68.9,80.67,4.67,9.288928985595703,52.393,0.4366,0.1873
8/9/10,4.01,0.18,218.312,9.5,80.70999908447266,68.9,81.46,4.52,9.348214149475098,54.5558,0.2967,0.1795
8/10/10,4,0.18,218.312,9.5,80.80000305175781,68.9,80.24,4.43,9.264642715454102,51.0341,0.1556,0.1757
8/11/10,3.93,0.17,218.312,9.5,82.29000091552734,68.9,78.09,4.38,8.935357093811035,40.0608,-0.2658,0.1838
8/12/10,3.94,0.18,218.312,9.5,82.63999938964844,68.9,75.68,4.42,8.992500305175781,42.3763,-0.2452,0.1857
8/13/10,3.87,0.19,218.312,9.5,82.94999694824219,68.9,75.39,4.35,8.896429061889648,39.606,-0.3063,0.1784
8/16/10,3.72,0.2,218.312,9.5,82.52999877929688,68.9,75.17,4.37,8.844285965,38.1484,-0.4947,0.1729
8/17/10,3.77,0.2,218.312,9.5,82.23000336,68.9,75.76,4.28,8.998929023742676,44.6542,-0.2705,0.1756
8/18/10,3.73,0.19,218.312,9.5,82.22000122070312,68.9,75.39,4.35,9.038213729858398,46.2023,-0.1517,0.1697
8/19/10,3.66,0.19,218.312,9.5,82.44999694824219,68.9,74.45,4.29,8.924285888671875,42.4904,-0.2218,0.1679
8/20/10,3.67,0.2,218.312,9.5,83.05999755859375,68.9,73.45,4.19,8.915714263916016,42.2156,-0.3674,0.1665
8/23/10,3.65,0.19,218.312,9.5,83.12000274658203,68.9,72.71,4.12,8.778571128845215,37.983,-0.4854,0.1691
8/24/10,3.57,0.19,218.312,9.5,83.15000153,68.9,71.24,4.07,8.568928718566895,32.6019,-0.6936,0.1724
8/25/10,3.59,0.19,218.312,9.5,83.26000213623047,68.9,72.07,3.99,8.674642562866211,37.4167,-0.566,0.1747
8/26/10,3.53,0.19,218.312,9.5,82.93000030517578,68.9,73.36,3.85,8.581428527832031,35.0397,-0.5961,0.174
8/27/10,3.69,0.19,218.312,9.5,82.91999816894531,68.9,75.17,3.75,8.629285812,37.244,-0.6057,0.1767
8/30/10,3.6,0.19,218.312,9.5,83.16000366210938,68.9,74.69,3.77,8.660714149475098,38.7147,-0.5088,0.175
8/31/10,3.52,0.21,218.312,9.5,83.19999694824219,68.9,71.93,3.8,8.682143211364746,39.7515,-0.2133,0.1715
9/1/10,3.65,0.19,218.439,9.5,82.51999664,68.2,73.97,3.73,8.940357208251953,50.597,-0.0439,0.1772
9/2/10,3.72,0.19,218.439,9.5,82.45999908447266,68.2,74.99,3.74,9.006071090698242,52.9197,0.0924,0.1723
9/3/10,3.79,0.19,218.439,9.5,83.09999847,68.2,74.52,3.74,9.241786003112793,60.1562,0.3349,0.1742
9/7/10,3.67,0.2,218.439,9.5,82.81999969482422,68.2,73.98,3.82,9.207500457763672,58.7418,0.1757,0.1688
9/8/10,3.72,0.19,218.439,9.5,82.58999633789062,68.2,74.65,3.81,9.390000343322754,63.6419,0.2964,0.1709
9/9/10,3.84,0.18,218.439,9.5,82.66999816894531,68.2,74.25,3.79,9.395357131958008,63.7779,0.3969,0.1664
9/10/10,3.88,0.18,218.439,9.5,82.69999694824219,68.2,76.4,3.79,9.407500267028809,64.1056,0.4144,0.1612
9/13/10,3.83,0.18,218.439,9.5,81.91000366210938,68.2,77.17,3.83,9.537142753601074,67.4878,0.6391,0.1602
9/14/10,3.79,0.19,218.439,9.5,81.08000183105469,68.2,76.78,3.98,9.573571205,68.3892,0.8465,0.1566
9/15/10,3.87,0.21,218.439,9.5,81.48999786376953,68.2,75.92,4.06,9.650713920593262,70.2689,0.8224,0.1508
9/16/10,3.92,0.21,218.439,9.5,81.23999786376953,68.2,74.58,4.09,9.87749958,74.9793,1.092,0.1555
9/17/10,3.9,0.21,218.439,9.5,81.40000153,68.2,73.63,4.11,9.834643363952637,72.6372,1.0156,0.1536
9/20/10,3.87,0.21,218.439,9.5,81.33999633789062,68.2,74.81,4.01,10.115357398986816,77.5777,1.2256,0.1607
9/21/10,3.79,0.2,218.439,9.5,80.44000244140625,68.2,72.96,3.95,10.134642601013184,77.8733,1.2238,0.159
9/22/10,3.74,0.21,218.439,9.5,79.83000183105469,68.2,72.98,4.02,10.276785850524902,79.9692,1.126,0.1596
9/23/10,3.73,0.2,218.439,9.5,80.01000213623047,68.2,73.4,4.08,10.318571090698242,80.5524,1.1058,0.1627
9/24/10,3.79,0.21,218.439,9.5,79.38999938964844,68.2,74.63,3.97,10.43999958,82.1763,1.0095,0.161
9/27/10,3.7,0.19,218.439,9.5,79.33999633789062,68.2,76.51,3.8,10.398571014404297,79.7383,1.0036,0.1575
9/28/10,3.66,0.19,218.439,9.5,79.01000213623047,68.2,76.15,3.8,10.244999885559082,71.2611,0.7204,0.1823
9/29/10,3.69,0.19,218.439,9.5,78.69000244140625,68.2,77.85,3.81,10.263214111328125,71.6457,0.7312,0.1775
9/30/10,3.69,0.15,218.439,9.5,78.72000122070312,68.2,79.95,3.85,10.133929252624512,64.9957,0.612,0.1836
10/1/10,3.71,0.2,218.711,9.4,78.08999633789062,67.7,81.57,3.67,10.09000015258789,62.8607,0.4658,0.1817
10/4/10,3.71,0.2,218.711,9.4,78.44999694824219,67.7,81.43,3.56,9.951429367,56.5504,0.3184,0.1798
10/5/10,3.74,0.2,218.711,9.4,77.75,67.7,82.83,3.51,10.319286346435547,66.2393,0.5633,0.1902
10/6/10,3.67,0.19,218.711,9.4,77.38999938964844,67.7,83.21,3.56,10.328213691711426,66.435,0.3797,0.1911
10/7/10,3.72,0.18,218.711,9.4,77.38999938964844,67.7,81.34,3.62,10.329285621643066,66.4601,0.4168,0.1851
10/8/10,3.75,0.18,218.711,9.4,77.31999969482422,67.7,82.66,3.36,10.50249958,70.3262,0.3262,0.1832
10/11/10,.,0.18,218.711,9.4,77.44000244140625,67.7,82.18,3.43,10.54857063293457,71.2746,0.3488,0.1769
10/12/10,3.8,0.18,218.711,9.4,77.36000061035156,67.7,81.67,3.4,10.662142753601074,73.5214,0.3247,0.1794
10/13/10,3.84,0.18,218.711,9.4,77.06999969482422,67.7,83.03,3.58,10.71928596496582,74.5979,0.3376,0.1739
10/14/10,3.91,0.19,218.711,9.4,76.65000153,67.7,82.71,3.58,10.796786308288574,76.0218,0.3006,0.1665
10/15/10,3.98,0.2,218.711,9.4,77.04000091552734,67.7,81.23,3.47,11.240714073181152,82.1828,0.7094,0.1819
10/18/10,3.93,0.19,218.711,9.4,76.93000030517578,67.7,83.06,3.36,11.35714340209961,83.3883,0.937,0.179
10/19/10,3.9,0.19,218.711,9.4,78.18000030517578,67.7,79.57,3.36,11.053214073181152,70.0618,0.6656,0.2049
10/20/10,3.89,0.19,218.711,9.4,77.16999816894531,67.7,81.93,3.46,11.090356826782227,70.6786,0.8058,0.2061
10/21/10,3.95,0.19,218.711,9.4,77.41999816894531,67.7,80.03,3.46,11.054286003112793,69.188,0.8125,0.2084
10/22/10,3.94,0.19,218.711,9.4,77.47000122070312,67.7,81.15,3.19,10.981071472167969,66.139,0.8675,0.2016
10/25/10,3.91,0.19,218.711,9.4,77.09999847,67.7,82,3.18,11.029999732971191,67.1799,0.5988,0.1961
10/26/10,4,0.19,218.711,9.4,77.70999908447266,67.7,82.6,3.28,11.001786231994629,65.9215,0.5675,0.1909
10/27/10,4.06,0.19,218.711,9.4,78.15000153,67.7,81.9,3.37,10.993928909301758,65.5532,0.56,0.1865
10/28/10,4.05,0.19,218.711,9.4,77.30999755859375,67.7,82.2,3.36,10.901429176330566,61.2174,0.3361,0.1884
10/29/10,3.99,0.2,218.711,9.4,77.26999664,67.7,81.45,3.36,10.749285697937012,54.7974,0.1691,0.1857
11/1/10,4.01,0.2,218.803,9.8,77.30000305175781,71.6,82.94,3.42,10.863571166992188,58.3324,0.1697,0.1824
11/2/10,3.93,0.2,218.803,9.8,76.72000122070312,71.6,83.91,3.2,11.04857063293457,63.3313,0.2774,0.1823
11/3/10,4.09,0.2,218.803,9.8,76.48000336,71.6,84.45,3.35,11.171428680419922,66.2289,0.3157,0.1786
11/4/10,4.04,0.19,218.803,9.8,75.87999725341797,71.6,86.49,3.53,11.366786003112793,70.2541,0.1062,0.1817
11/5/10,4.12,0.18,218.803,9.8,76.55000305175781,71.6,86.85,3.47,11.326070785522461,68.4237,-0.0262,0.1748
11/8/10,4.12,0.18,218.803,9.8,77.02999877929688,71.6,87.07,3.49,11.37928581237793,69.5407,0.2747,0.1688
11/9/10,4.25,0.17,218.803,9.8,77.44000244140625,71.6,87.04,3.76,11.28857135772705,65.2999,0.167,0.1713
11/10/10,4.25,0.17,218.803,9.8,77.62999725341797,71.6,87.77,4,11.358214378356934,66.9655,0.2561,0.1703
11/11/10,.,0.17,218.803,9.8,78.22000122070312,71.6,87.77,3.73,11.308929443359375,64.6105,0.2764,0.1671
11/12/10,4.26,0.19,218.803,9.8,78.08000183105469,71.6,84.89,3.5,11.001070976257324,52.2079,-0.0244,0.1831
11/15/10,4.38,0.21,218.803,9.8,78.51999664,71.6,84.88,3.56,10.965714454650879,50.9919,-0.0305,0.1792
11/16/10,4.26,0.21,218.803,9.8,79.20999908447266,71.6,82.33,3.66,10.771071434020996,44.837,-0.1878,0.1842
11/17/10,4.31,0.2,218.803,9.8,79.08000183105469,71.6,80.43,3.77,10.73214340209961,43.6999,-0.1426,0.1845
11/18/10,4.29,0.2,218.803,9.8,78.62000274658203,71.6,81.88,3.89,11.01535701751709,53.0325,0.2242,0.191
11/19/10,4.25,0.21,218.803,9.8,78.5,71.6,81.65,3.79,10.954643249511719,51.0778,0.0767,0.1842
11/22/10,4.2,0.19,218.803,9.8,78.68000030517578,71.6,81.24,4.02,11.191429138183594,57.636,0.1204,0.1871
11/23/10,4.18,0.2,218.803,9.8,79.68000030517578,71.6,80.79,3.93,11.026070594787598,52.3575,-0.1225,0.1884
11/24/10,4.29,0.2,218.803,9.8,79.87000274658203,71.6,83.21,3.82,11.242856979370117,57.8085,-0.1046,0.1893
11/26/10,4.21,0.2,218.803,9.8,80.36000061035156,71.6,83.87,3.82,11.25,57.9835,-0.0641,0.186
11/29/10,4.16,0.2,218.803,9.8,80.83999633789062,71.6,85.73,4.12,11.31678581237793,59.6284,-0.0527,0.1858
11/30/10,4.12,0.2,218.803,9.8,81.19999694824219,71.6,84.12,4.16,11.112500190734863,52.8171,-0.1483,0.1854
12/1/10,4.24,0.2,219.179,9.3,80.70999908447266,74.5,86.75,4.21,11.300000190734863,57.604,-0.049,0.1864
12/2/10,4.27,0.19,219.179,9.3,80.30000305175781,74.5,87.98,4.28,11.362500190734863,59.0937,0.045,0.1819
12/3/10,4.32,0.18,219.179,9.3,79.37999725341797,74.5,89.18,4.23,11.337142944335938,58.2002,0.2832,0.1739
12/6/10,4.25,0.18,219.179,9.3,79.56999969482422,74.5,89.33,4.47,11.433929443359375,60.6462,0.3946,0.172
12/7/10,4.39,0.17,219.179,9.3,79.86000061035156,74.5,88.69,4.48,11.364643096923828,58.0283,0.5001,0.1723
12/8/10,4.45,0.17,219.179,9.3,80,74.5,88.3,4.47,11.464642524719238,60.6673,0.6172,0.1684
12/9/10,4.41,0.16,219.179,9.3,80.06999969482422,74.5,88.35,4.52,11.420000076293945,58.8838,0.3409,0.1638
12/10/10,4.43,0.16,219.179,9.3,80.06999969482422,74.5,87.81,4.37,11.44857120513916,59.7013,0.4162,0.1574
12/13/10,4.39,0.17,219.179,9.3,79.27999877929688,74.5,88.62,4.55,11.488213539123535,60.8604,0.2501,0.1558
12/14/10,4.54,0.19,219.179,9.3,79.37000274658203,74.5,88.33,4.35,11.438928604125977,58.6035,0.3479,0.1523
12/15/10,4.59,0.2,219.179,9.3,80.26000213623047,74.5,88.66,4.22,11.441429138183594,58.6872,0.1675,0.1496
12/16/10,4.57,0.2,219.179,9.3,80.18000030517578,74.5,87.71,4.19,11.473214149475098,59.8,0.1881,0.1443
12/17/10,4.41,0.2,219.179,9.3,80.37000274658203,74.5,88.02,3.99,11.450357437133789,58.5781,0.1125,0.1374
12/20/10,4.44,0.21,219.179,9.3,80.62999725341797,74.5,88.68,4.1,11.507499694824219,60.7379,0.3328,0.1383
12/21/10,4.44,0.2,219.179,9.3,80.72000122070312,74.5,89.3,4.17,11.578571319580078,63.3071,0.2349,0.1335
12/22/10,4.45,0.19,219.179,9.3,80.73000336,74.5,89.83,4.01,11.61285686,64.5044,0.2109,0.1286
12/23/10,4.47,0.19,219.179,9.3,80.5,74.5,90.84,4.08,11.557143211364746,61.0026,0.1854,0.1237
12/27/10,4.42,0.19,219.179,9.3,80.37000274658203,74.5,90.99,4.05,11.59571361541748,62.5196,0.1363,0.1233
12/28/10,4.53,0.18,219.179,9.3,80.36000061035156,74.5,91.48,4.1,11.623929023742676,63.634,0.2185,0.1188
12/29/10,4.41,0.18,219.179,9.3,79.80000305175781,74.5,91.13,4.19,11.617500305175781,63.1731,0.1288,0.1132
12/30/10,4.43,0.19,219.179,9.3,79.51999664,74.5,89.85,4.22,11.559286117553711,59.0053,0.1174,0.1104
12/31/10,4.34,0.13,219.179,9.3,79.02999877929688,74.5,91.38,4.22,11.520000457763672,56.3056,0.0602,0.1075
1/3/11,4.39,0.19,220.223,9.1,79.12999725341797,74.2,91.59,4.54,11.770357131958008,66.7471,0.2377,0.1164
1/4/11,4.44,0.18,220.223,9.1,79.44000244140625,74.2,89.39,4.61,11.831786155700684,68.7222,0.331,0.1174
1/5/11,4.55,0.18,220.223,9.1,80.26000213623047,74.2,90.3,4.52,11.928570747375488,71.5857,0.4104,0.1195
1/6/11,4.53,0.17,220.223,9.1,80.79000091552734,74.2,88.37,4.49,11.918929100036621,70.8894,0.3755,0.116
1/7/11,4.48,0.17,220.223,9.1,81.01000213623047,74.2,88.07,4.42,12.00428581237793,73.3597,0.4667,0.1173
1/10/11,4.47,0.17,220.223,9.1,80.87999725341797,74.2,89.24,4.49,12.23035717010498,78.5546,0.6092,0.1242
1/11/11,4.49,0.17,220.223,9.1,80.84999847,74.2,91.11,4.42,12.20142936706543,76.4881,0.5246,0.1271
1/12/11,4.52,0.16,220.223,9.1,80.02999877929688,74.2,91.85,4.55,12.300713539123535,78.5599,0.5795,0.124
1/13/11,4.5,0.16,220.223,9.1,79.19000244140625,74.2,91.39,4.48,12.34571361541748,79.4441,0.6644,0.1212
1/14/11,4.53,0.16,220.223,9.1,79.16000366210938,74.2,91.53,4.38,12.445713996887207,81.2904,0.7162,0.1212
1/18/11,4.56,0.19,220.223,9.1,78.95999908447266,74.2,91.38,4.52,12.166070938110352,63.9829,0.4568,0.1608
1/19/11,4.53,0.18,220.223,9.1,78.63999938964844,74.2,90.85,4.48,12.101428985595703,60.7623,0.4077,0.1745
1/20/11,4.6,0.18,220.223,9.1,78.81999969482422,74.2,88.56,4.57,11.881428718566895,51.2986,0.2714,0.1808
1/21/11,4.57,0.17,220.223,9.1,78.20999908447266,74.2,88.22,4.72,11.668571472167969,44.136,0.1252,0.1856
1/24/11,4.55,0.18,220.223,9.1,78.05000305175781,74.2,86.74,4.72,12.051786422729492,56.0371,0.2371,0.1954
1/25/11,4.48,0.17,220.223,9.1,78,74.2,85.08,4.46,12.192856788635254,59.461,0.3042,0.1962
1/26/11,4.59,0.17,220.223,9.1,77.90000153,74.2,86.15,4.4,12.280357360839844,61.4656,0.2964,0.1913
1/27/11,4.57,0.17,220.223,9.1,77.73000336,74.2,84.45,4.41,12.257499694824219,60.6223,0.2853,0.1816
1/28/11,4.53,0.17,220.223,9.1,78.12999725341797,74.2,88.15,4.27,12.003570556640625,52.0745,-0.0006,0.192
1/31/11,4.58,0.17,220.223,9.1,77.73999786376953,74.2,90.99,4.42,12.118571281433105,55.1582,-0.0943,0.1906
2/1/11,4.62,0.18,221.309,9,77.06999969482422,77.5,89.54,4.42,12.322500228881836,60.0653,0.102,0.1906
2/2/11,4.64,0.18,221.309,9,77.16000366210938,77.5,89.78,4.55,12.29714298248291,59.1978,-0.003,0.1806
2/3/11,4.67,0.17,221.309,9,77.75,77.5,89.42,4.69,12.265713691711426,58.0783,-0.0674,0.1801
2/4/11,4.73,0.17,221.309,9,78.04000091552734,77.5,87.87,4.48,12.375,60.8509,-0.0596,0.1743
2/7/11,4.71,0.17,221.309,9,78.02999877929688,77.5,86.3,4.32,12.567143440246582,65.2078,0.3379,0.1763
2/8/11,4.76,0.16,221.309,9,78,77.5,85.85,4.24,12.685713768005371,67.6038,0.4923,0.1716
2/9/11,4.71,0.15,221.309,9,77.63999938964844,77.5,85.59,4.22,12.791428565979004,69.6131,0.7667,0.1682
2/10/11,4.75,0.15,221.309,9,78.25,77.5,85.44,4.11,12.662142753601074,64.3562,0.8371,0.182
2/11/11,4.71,0.15,221.309,9,78.45999908447266,77.5,84.39,3.96,12.744643211364746,66.1147,0.5838,0.1781
2/14/11,4.67,0.15,221.309,9,78.61000061035156,77.5,83.66,3.89,12.82785701751709,67.8382,0.535,0.1714
2/15/11,4.66,0.16,221.309,9,78.56999969482422,77.5,83.13,3.92,12.853570938110352,68.3735,0.483,0.1643
2/16/11,4.67,0.15,221.309,9,78.22000122070312,77.5,83.8,3.93,12.968929290771484,70.7275,0.5994,0.1633
2/17/11,4.66,0.15,221.309,9,78,77.5,85.05,3.9,12.796428680419922,63.1574,0.668,0.1659
2/18/11,4.7,0.15,221.309,9,77.66000366210938,77.5,85.03,3.84,12.520000457763672,53.3104,0.3382,0.1755
2/22/11,4.6,0.15,221.309,9,77.76999664,77.5,92.65,3.89,12.09321403503418,42.3355,-0.1932,0.1905
2/23/11,4.59,0.15,221.309,9,77.41000366210938,77.5,96.04,3.83,12.236429214477539,46.3285,-0.0512,0.1899
2/24/11,4.54,0.15,221.309,9,77.05999755859375,77.5,95.83,3.83,12.24571418762207,46.5867,-0.0169,0.1909
2/25/11,4.51,0.15,221.309,9,77.27999877929688,77.5,96.52,3.81,12.434286117553711,51.6723,0.05,0.1892
2/28/11,4.49,0.16,221.309,9,76.88999938964844,77.5,97.1,3.93,12.614643096923828,55.9885,0.04,0.1905
3/1/11,4.48,0.15,223.467,9,77.05000305175781,67.5,99.63,3.93,12.475357055664062,52.1173,-0.1772,0.1942
3/2/11,4.54,0.16,223.467,9,76.66999816894531,67.5,102.27,3.79,12.575714111328125,54.5554,-0.1817,0.1931
3/3/11,4.64,0.15,223.467,9,76.48000336,67.5,101.92,3.75,12.841428756713867,60.3169,0.1511,0.1958
3/4/11,4.6,0.15,223.467,9,76.40000153,67.5,104.34,3.7,12.85714340209961,60.6348,0.0948,0.1872
3/7/11,4.61,0.14,223.467,9,76.5,67.5,105.37,3.73,12.691429138183594,55.579,-0.1149,0.1961
3/8/11,4.66,0.14,223.467,9,76.80000305175781,67.5,105.06,3.83,12.705714225769043,55.9202,-0.1246,0.1932
3/9/11,4.6,0.14,223.467,9,76.72000122070312,67.5,104.39,3.81,12.588213920593262,52.3578,-0.3208,0.1905
3/10/11,4.53,0.14,223.467,9,77.27999877929688,67.5,102.73,3.87,12.381071090698242,46.7086,-0.35,0.1932
3/11/11,4.54,0.13,223.467,9,76.77999877929688,67.5,101.14,3.78,12.571070671081543,51.8414,0.043,0.1951
3/14/11,4.52,0.14,223.467,9,76.34999847,67.5,101.2,3.9,12.627142906188965,53.2717,0.4499,0.1923
3/15/11,4.47,0.14,223.467,9,76.33000183105469,67.5,97.23,3.81,12.336786270141602,45.702,0.0846,0.2075
3/16/11,4.38,0.14,223.467,9,76.68000030517578,67.5,97.99,3.86,11.786070823669434,35.4212,-0.3873,0.2339
3/17/11,4.42,0.14,223.467,9,76.04000091552734,67.5,101.47,3.85,11.95142936706543,39.8001,-0.4068,0.2378
3/18/11,4.43,0.15,223.467,9,75.72000122070312,67.5,101.06,3.98,11.809642791748047,37.4549,-0.6782,0.2384
3/21/11,4.45,0.14,223.467,9,75.40000153,67.5,102.36,3.99,12.117856979370117,45.0368,-0.3012,0.2409
3/22/11,4.44,0.14,223.467,9,75.43000030517578,67.5,104.53,4.05,12.185713768005371,46.5723,-0.3286,0.2312
3/23/11,4.44,0.14,223.467,9,75.79000091552734,67.5,105.21,4.18,12.11392879486084,45.1357,-0.613,0.2259
3/24/11,4.48,0.13,223.467,9,75.66000366210938,67.5,105.04,4.27,12.320357322692871,49.9198,-0.4523,0.2251
3/25/11,4.51,0.13,223.467,9,76.22000122070312,67.5,104.89,4.13,12.555000305175781,54.7499,-0.1149,0.2243
3/28/11,4.51,0.13,223.467,9,76.12999725341797,67.5,103.54,4.35,12.515713691711426,53.8141,-0.1601,0.2166
3/29/11,4.54,0.13,223.467,9,76.25,67.5,104.34,4.27,12.534285545349121,54.2125,-0.0454,0.2117
3/30/11,4.52,0.13,223.467,9,76.12000274658203,67.5,103.8,4.25,12.451070785522461,52.046,0.059,0.2041
3/31/11,4.51,0.1,223.467,9,75.86000061035156,67.5,106.19,4.32,12.446785926818848,51.9285,-0.1048,0.1976
4/1/11,4.48,0.11,224.906,9.1,75.83000183105469,69.8,107.55,4.32,12.305713653564453,48.1556,-0.2708,0.2013
4/4/11,4.49,0.09,224.906,9.1,75.91000366210938,69.8,108.14,4.21,12.185357093811035,45.1403,-0.1276,0.2002
4/5/11,4.51,0.09,224.906,9.1,75.87999725341797,69.8,107.82,4.22,12.103214263916016,43.1543,0.2672,0.1994
4/6/11,4.58,0.1,224.906,9.1,75.51000213623047,69.8,108.38,4.17,12.072856903076172,42.4117,0.1023,0.1997
4/7/11,4.63,0.1,224.906,9.1,75.58999633789062,69.8,109.82,4.12,12.074286460876465,42.4619,0.223,0.1948
4/8/11,4.63,0.09,224.906,9.1,75.06999969482422,69.8,112.27,4.05,11.966428756713867,39.6525,-0.1276,0.1943
4/11/11,4.64,0.09,224.906,9.1,75.05999755859375,69.8,109.5,4.05,11.814286231994629,36.0312,-0.3129,0.1925
4/12/11,4.58,0.08,224.906,9.1,74.84999847,69.8,105.75,4.08,11.871429443359375,38.31,-0.2043,0.1864
4/13/11,4.55,0.08,224.906,9.1,74.98000336,69.8,106.6,4.14,12.004643440246582,43.3744,-0.266,0.1811
4/14/11,4.53,0.09,224.906,9.1,74.68000030517578,69.8,107.73,4.12,11.872142791748047,39.8685,-0.5753,0.1769
4/15/11,4.47,0.12,224.906,9.1,74.83000183105469,69.8,109.17,4.21,11.694999694824219,35.7125,-0.6915,0.179
4/18/11,4.45,0.1,224.906,9.1,75.5,69.8,106.7,4.23,11.851785659790039,41.5228,-0.575,0.1921
4/19/11,4.43,0.11,224.906,9.1,75.02999877929688,69.8,107.18,4.19,12.066429138183594,48.3987,-0.3241,0.1919
4/20/11,4.47,0.1,224.906,9.1,74.37000274658203,69.8,110.84,4.33,12.228928565979004,52.9127,-0.1835,0.1951
4/21/11,4.47,0.1,224.906,9.1,74,69.8,111.72,4.33,12.524999618530273,59.8082,0.1846,0.2085
4/25/11,4.46,0.1,224.906,9.1,73.98999786376953,69.8,111.68,4.37,12.607500076293945,61.5029,0.3556,0.2011
4/26/11,4.39,0.09,224.906,9.1,73.83999633789062,69.8,111.72,4.32,12.515000343322754,58.528,0.3469,0.1988
4/27/11,4.45,0.09,224.906,9.1,73.51999664,69.8,112.31,4.35,12.505356788635254,58.2118,0.3644,0.1959
4/28/11,4.42,0.09,224.906,9.1,73.12000274658203,69.8,112.38,4.38,12.383929252624512,54.2377,0.2609,0.1919
4/29/11,4.4,0.09,224.906,9.1,72.93000030517578,69.8,113.39,4.51,12.504643440246582,57.3546,0.4535,0.1938
5/2/11,4.38,0.09,225.964,9,72.94999694824219,74.3,113.03,4.6,12.367142677307129,52.9322,0.4658,0.1906
5/3/11,4.36,0.09,225.964,9,73.13999938964844,74.3,110.6,4.6,12.435713768005371,54.8038,0.4754,0.1862
5/4/11,4.33,0.09,225.964,9,73.02999877929688,74.3,108.79,4.59,12.48464298248291,56.1439,0.4044,0.1835
5/5/11,4.26,0.09,225.964,9,74.19000244140625,74.3,99.89,4.49,12.383929252624512,52.6813,0.4312,0.181
5/6/11,4.29,0.09,225.964,9,74.83999633789062,74.3,96.87,4.24,12.380714416503906,52.5699,0.5777,0.1762
5/9/11,4.3,0.09,225.964,9,74.73999786376953,74.3,100.32,4.28,12.414285659790039,53.6721,0.4739,0.1693
5/10/11,4.34,0.09,225.964,9,74.61000061035156,74.3,103.39,4.19,12.48035717010498,55.8468,0.3488,0.1638
5/11/11,4.31,0.09,225.964,9,75.33000183105469,74.3,97.88,4.23,12.401070594787598,52.6527,0.145,0.1623
5/12/11,4.37,0.09,225.964,9,75.23999786376953,74.3,98.53,4.1,12.37749958,51.7059,-0.1242,0.1614
5/13/11,4.32,0.09,225.964,9,75.76000213623047,74.3,99.21,4.09,12.160714149475098,43.8891,-0.3764,0.1632
5/16/11,4.28,0.1,225.964,9,75.47000122070312,74.3,96.91,4.21,11.903571128845215,36.7853,-0.5152,0.1701
5/17/11,4.23,0.09,225.964,9,75.40000153,74.3,96.4,4.25,12.005000114440918,40.852,-0.4216,0.1696
5/18/11,4.29,0.1,225.964,9,75.47000122070312,74.3,99.52,4.15,12.138214111328125,45.7851,-0.207,0.1683
5/19/11,4.3,0.09,225.964,9,75.12000274658203,74.3,97.99,4.1,12.161786079406738,46.6333,-0.2889,0.1643
5/20/11,4.3,0.1,225.964,9,75.43000030517578,74.3,99.15,4.05,11.972143173217773,41.0668,-0.3328,0.1653
5/23/11,4.27,0.1,225.964,9,76.09999847,74.3,97.06,4.27,11.942856788635254,40.2674,-0.4153,0.1676
5/24/11,4.26,0.1,225.964,9,75.87999725341797,74.3,99.13,4.37,11.86392879486084,38.1142,-0.523,0.1654
5/25/11,4.28,0.09,225.964,9,75.93000030517578,74.3,100.78,4.36,12.027856826782227,44.7253,-0.3,0.1673
5/26/11,4.23,0.09,225.964,9,75.55000305175781,74.3,100.18,4.37,11.964285850524902,42.8151,-0.3509,0.1606
5/27/11,4.24,0.1,225.964,9,74.94999694824219,74.3,100.58,4.36,12.05035686,46.1675,-0.3066,0.1563
5/31/11,4.22,0.1,225.964,9,74.63999938964844,74.3,102.7,4.63,12.422499656677246,57.7108,-0.0487,0.1675
6/1/11,4.15,0.1,225.722,9.1,74.68000030517578,71.5,100.3,4.62,12.339642524719238,54.8887,-0.0518,0.1717
6/2/11,4.25,0.1,225.722,9.1,74.33000183105469,71.5,100.41,4.64,12.360713958740234,55.4869,-0.0141,0.1673
6/3/11,4.22,0.11,225.722,9.1,73.77999877929688,71.5,100.28,4.72,12.265713691711426,52.139,0.0885,0.1641
6/6/11,4.25,0.1,225.722,9.1,73.94999694824219,71.5,99.07,4.83,12.072856903076172,46.0668,0.1426,0.1723
6/7/11,4.27,0.09,225.722,9.1,73.51999664,71.5,99.18,4.83,11.85857105255127,40.4324,-0.1234,0.1736
6/8/11,4.2,0.09,225.722,9.1,73.93000030517578,71.5,100.77,4.83,11.865714073181152,40.6928,-0.2296,0.1701
6/9/11,4.22,0.09,225.722,9.1,74.19000244140625,71.5,101.95,4.92,11.838929176330566,39.9869,-0.272,0.1642
6/10/11,4.18,0.09,225.722,9.1,74.79000091552734,71.5,99.3,4.72,11.639286041259766,35.0995,-0.2804,0.1657
6/13/11,4.2,0.1,225.722,9.1,74.51000213623047,71.5,97.2,4.75,11.664285659790039,36.1519,-0.2347,0.1608
6/14/11,4.3,0.1,225.722,9.1,74.33000183105469,71.5,99.37,4.59,11.872857093811035,44.271,0.0075,0.1636
6/15/11,4.19,0.1,225.722,9.1,75.59999847,71.5,94.83,4.53,11.66964340209961,39.0594,-0.3018,0.1682
6/16/11,4.16,0.1,225.722,9.1,75.75,71.5,94.95,4.54,11.61285686,37.7231,-0.2961,0.1784
6/17/11,4.19,0.1,225.722,9.1,74.98999786376953,71.5,93.02,4.39,11.437856674194336,33.8764,-0.5161,0.1869
6/20/11,4.19,0.09,225.722,9.1,75.02999877929688,71.5,93.23,4.33,11.261428833007812,30.4997,-0.9783,0.1946
6/21/11,4.21,0.09,225.722,9.1,74.54000091552734,71.5,93.7,4.37,11.617856979370117,42.8856,-0.6081,0.2035
6/22/11,4.22,0.09,225.722,9.1,74.77999877929688,71.5,94.96,4.42,11.521785736083984,40.7762,-0.7069,0.2029
6/23/11,4.17,0.08,225.722,9.1,75.44999694824219,71.5,90.7,4.31,11.829643249511719,49.37,-0.3674,0.2176
6/24/11,4.17,0.08,225.722,9.1,75.66999816894531,71.5,90.89,4.2,11.655357360839844,45.3573,-0.3518,0.2194
6/27/11,4.28,0.08,225.722,9.1,75.38999938964844,71.5,90.65,4.25,11.85857105255127,50.4177,0,0.2199
6/28/11,4.33,0.08,225.722,9.1,75.05999755859375,71.5,92.9,4.34,11.973570823669434,53.0665,0.0909,0.2142
6/29/11,4.39,0.07,225.722,9.1,74.69000244140625,71.5,94.85,4.4,11.930000305175781,51.9344,0.0767,0.2086
6/30/11,4.38,0.07,225.722,9.1,74.30000305175781,71.5,95.3,4.28,11.988213539123535,53.3659,0.294,0.2008
7/1/11,4.4,0.08,225.922,9,74.34999847,63.7,94.81,4.33,12.259285926818848,59.4253,0.5013,0.2064
7/5/11,4.39,0.08,225.922,9,74.69000244140625,63.7,96.92,4.4,12.479642868041992,63.5693,0.5112,0.2074
7/6/11,4.35,0.07,225.922,9,75.12000274658203,63.7,96.67,4.34,12.562856674194336,65.0221,0.7526,0.2085
7/7/11,4.37,0.07,225.922,9,74.95999908447266,63.7,98.7,4.25,12.757143020629883,68.2097,0.9641,0.207
7/8/11,4.27,0.07,225.922,9,75.18000030517578,63.7,96.2,4.19,12.846785545349121,69.5869,1.1871,0.209
7/11/11,4.2,0.07,225.922,9,75.98999786376953,63.7,95.16,4.35,12.64285659790039,62.9101,1.1639,0.209
7/12/11,4.19,0.06,225.922,9,75.80999755859375,63.7,97.41,4.38,12.633929252624512,62.6268,0.8561,0.2135
7/13/11,4.17,0.06,225.922,9,75.20999908447266,63.7,98.04,4.43,12.786429405212402,65.486,1.0655,0.2117
7/14/11,4.25,0.06,225.922,9,75.25,63.7,95.75,4.42,12.77750015258789,65.1716,0.7986,0.2079
7/15/11,4.26,0.06,225.922,9,75.12999725341797,63.7,97.24,4.49,13.032856941223145,69.6578,1.1606,0.2086
7/18/11,4.29,0.06,225.922,9,75.48000336,63.7,95.94,4.6,13.350000381469727,74.117,1.2566,0.2146
7/19/11,4.19,0.06,225.922,9,75.22000122070312,63.7,97.49,4.6,13.458929061889648,75.4515,1.2515,0.2108
7/20/11,4.25,0.06,225.922,9,74.79000091552734,63.7,98.11,4.64,13.817856788635254,79.2481,1.5906,0.2374
7/21/11,4.31,0.06,225.922,9,74.01999664,63.7,98.96,4.58,13.831786155700684,79.3814,1.5533,0.2337
7/22/11,4.26,0.06,225.922,9,74.19999694824219,63.7,99.53,4.46,14.046428680419922,81.3671,1.5057,0.2337
7/25/11,4.31,0.06,225.922,9,74.05999755859375,63.7,98.97,4.45,14.23214340209961,82.9016,1.4766,0.2393
7/26/11,4.28,0.06,225.922,9,73.47000122070312,63.7,99.61,4.43,14.407500267028809,84.2227,1.5542,0.2351
7/27/11,4.29,0.07,225.922,9,74.08999633789062,63.7,97.4,4.46,14.021071434020996,71.1718,1.0649,0.2425
7/28/11,4.26,0.08,225.922,9,74.22000122070312,63.7,97.48,4.41,13.993571281433105,70.3365,0.9662,0.2443
7/29/11,4.12,0.11,225.922,9,73.90000153,63.7,95.68,4.26,13.945713996887207,68.8228,1.0977,0.2508
8/1/11,4.07,0.17,226.545,9,74.26000213623047,55.8,94.98,4.29,14.16964340209961,71.8731,1.2939,0.2522
8/2/11,3.93,0.16,226.545,9,74.51000213623047,55.8,93.78,4.3,13.889642715454102,63.5063,0.9295,0.2548
8/3/11,3.89,0.12,226.545,9,74.04000091552734,55.8,91.87,4.26,14.020357131958008,65.524,1.0472,0.2609
8/4/11,3.7,0.09,226.545,9,75.12000274658203,55.8,86.75,4.2,13.477499961853027,52.5334,0.3746,0.2749
8/5/11,3.82,0.08,226.545,9,74.59999847,55.8,86.89,4,13.343570709228516,49.9047,-0.0054,0.3003
8/8/11,3.68,0.11,226.545,9,74.79000091552734,55.8,81.27,4,12.614643096923828,38.5873,-0.7113,0.3231
8/9/11,3.56,0.1,226.545,9,74.61000061035156,55.8,79.32,4.06,13.357500076293945,50.8263,-0.3879,0.346
8/10/11,3.54,0.1,226.545,9,74.63999938964844,55.8,83.05,4.09,12.98892879486084,45.9349,-0.7101,0.3474
8/11/11,3.82,0.09,226.545,9,74.68000030517578,55.8,85.48,4.06,13.346428871154785,50.8734,-0.5898,0.3479
8/12/11,3.72,0.1,226.545,9,74.61000061035156,55.8,85.19,4.17,13.463929176330566,52.412,-0.6473,0.3358
8/15/11,3.75,0.1,226.545,9,73.83999633789062,55.8,87.88,4.05,13.693214416503906,55.3506,-0.6018,0.329
8/16/11,3.67,0.09,226.545,9,74.01000213623047,55.8,86.65,4.03,13.588570594787598,53.7202,-0.3644,0.3213
8/17/11,3.57,0.09,226.545,9,73.66999816894531,55.8,87.58,3.98,13.587142944335938,53.697,-0.3424,0.3123
8/18/11,3.45,0.09,226.545,9,74.23999786376953,55.8,82.38,3.98,13.073213577270508,45.9849,-0.7351,0.331
8/19/11,3.39,0.09,226.545,9,73.98999786376953,55.8,82.33,3.99,12.715356826782227,41.5139,-1.2253,0.331
8/22/11,3.42,0.09,226.545,9,74.06999969482422,55.8,84.42,3.97,12.729999542236328,41.7634,-0.977,0.3284
8/23/11,3.47,0.08,226.545,9,73.87000274658203,55.8,85.35,4.01,13.342857360839844,51.1556,-0.5708,0.3419
8/24/11,3.63,0.08,226.545,9,74.01000213623047,55.8,84.99,4.1,13.43500042,52.3986,-0.0358,0.3355
8/25/11,3.6,0.08,226.545,9,74.27999877929688,55.8,85.15,4.01,13.347143173217773,51.0642,0.003,0.3355
8/26/11,3.54,0.09,226.545,9,73.80999755859375,55.8,85.37,3.96,13.699286460876465,55.9107,0.9139,0.3395
8/29/11,3.63,0.09,226.545,9,73.72000122070312,55.8,87.27,3.93,13.927499771118164,58.7611,0.4802,0.3323
8/30/11,3.53,0.08,226.545,9,73.94000244140625,55.8,88.9,3.85,13.928214073181152,58.7701,0.7914,0.3206
8/31/11,3.6,0.08,226.545,9,74.12999725341797,55.8,88.81,3.97,13.743928909301758,55.4155,0.3349,0.3197
9/1/11,3.51,0.08,226.889,9,74.48000336,59.5,88.93,4.18,13.608214378356934,53.0156,0.1216,0.3111
9/2/11,3.32,0.08,226.889,9,74.75,59.5,86.45,4.12,13.358928680419922,48.8322,-0.2817,0.3087
9/6/11,3.26,0.09,226.889,9,75.91999816894531,59.5,85.99,3.93,13.562143325805664,52.1471,-0.0223,0.3164
9/7/11,3.36,0.09,226.889,9,75.45999908447266,59.5,89.34,3.96,13.711786270141602,54.4855,0.105,0.3064
9/8/11,3.32,0.09,226.889,9,76.23999786376953,59.5,89.05,3.99,13.71928596496582,54.6053,0.5443,0.298
9/9/11,3.26,0.09,226.889,9,77.19000244140625,59.5,87.24,3.96,13.481429100036621,50.1037,0.6454,0.3003
9/12/11,3.24,0.09,226.889,9,77.56999969482422,59.5,88.19,3.92,13.569286346435547,51.688,0.7071,0.2982
9/13/11,3.32,0.09,226.889,9,76.91000366210938,59.5,90.21,3.96,13.736429214477539,54.6388,0.3316,0.2904
9/14/11,3.32,0.08,226.889,9,76.83000183105469,59.5,88.91,4.01,13.903571128845215,57.4383,0.3948,0.2859
9/15/11,3.36,0.09,226.889,9,76.23999786376953,59.5,89.4,4.04,14.034285545349121,59.5413,0.5789,0.2749
9/16/11,3.34,0.09,226.889,9,76.58000183105469,59.5,87.96,3.84,14.303570747375488,63.5383,0.5091,0.2715
9/19/11,3.22,0.09,226.889,9,77.38999938964844,59.5,85.7,3.78,14.701070785522461,68.4872,0.6518,0.2908
9/20/11,3.2,0.09,226.889,9,77.02999877929688,59.5,86.92,3.84,14.766071319580078,69.2228,0.7059,0.2951
9/21/11,3.03,0.08,226.889,9,77.33999633789062,59.5,85.77,3.78,14.71928596496582,67.9925,0.8218,0.2947
9/22/11,2.78,0.08,226.889,9,78.37999725341797,59.5,80.29,3.72,14.350713729858398,59.0834,0.6256,0.3068
9/23/11,2.89,0.08,226.889,9,78.30000305175781,59.5,79.58,3.74,14.439286231994629,60.4254,0.9102,0.2997
9/26/11,2.99,0.08,226.889,9,78.36000061035156,59.5,79.97,3.8,14.39892864227295,59.4683,0.705,0.3062
9/27/11,3.08,0.08,226.889,9,77.51000213623047,59.5,84.18,3.92,14.259285926818848,56.1541,0.4613,0.3084
9/28/11,3.1,0.08,226.889,9,77.84999847,59.5,80.94,3.88,14.178929328918457,54.2794,0.3873,0.3019
9/29/11,3.03,0.08,226.889,9,77.91999816894531,59.5,81.87,3.77,13.948928833007812,49.215,0.3939,0.3147
9/30/11,2.9,0.06,226.889,9,78.55000305175781,59.5,78.93,3.68,13.618571281433105,43.0079,0.0415,0.3124
10/3/11,2.76,0.08,226.421,8.8,79.44999694824219,60.8,77.34,3.57,13.378570556640625,39.1453,-0.3015,0.3105
10/4/11,2.77,0.07,226.421,8.8,79.59999847,60.8,75.4,3.56,13.303570747375488,37.9969,-0.5055,0.3475
10/5/11,2.87,0.07,226.421,8.8,78.91000366210938,60.8,79.41,3.63,13.508929252624512,42.9337,-0.4426,0.3647
10/6/11,2.96,0.07,226.421,8.8,78.52999877929688,60.8,82.32,3.49,13.477499961853027,42.3776,-0.696,0.3665
10/7/11,3.02,0.07,226.421,8.8,78.72000122070312,60.8,82.7,3.4,13.20714282989502,37.8372,-1.2587,0.3602
10/10/11,.,0.07,226.421,8.8,77.59999847,60.8,85.14,3.41,13.88607120513916,51.8024,-0.7414,0.3753
10/11/11,3.11,0.07,226.421,8.8,77.58000183105469,60.8,85.54,3.52,14.29607105255127,57.9466,-0.3566,0.3794
10/12/11,3.19,0.07,226.421,8.8,76.98999786376953,60.8,85.3,3.54,14.36392879486084,58.8809,0.0111,0.3719
10/13/11,3.15,0.07,226.421,8.8,76.98999786376953,60.8,83.96,3.42,14.586786270141602,61.8765,0.1243,0.3587
10/14/11,3.22,0.07,226.421,8.8,76.62000274658203,60.8,86.8,3.49,15.071429252624512,67.433,0.5666,0.3623
10/17/11,3.13,0.07,226.421,8.8,77.13999938964844,60.8,86.38,3.72,14.999643325805664,65.9008,0.6238,0.3595
10/18/11,3.17,0.07,226.421,8.8,77.12999725341797,60.8,88.34,3.63,15.079999923706055,66.8099,0.7592,0.3528
10/19/11,3.17,0.07,226.421,8.8,77.11000061035156,60.8,86.11,3.59,14.236429214477539,51.3369,0.2422,0.3801
10/20/11,3.19,0.07,226.421,8.8,76.97000122070312,60.8,86.07,3.61,14.118213653564453,49.6032,0.421,0.3662
10/21/11,3.26,0.07,226.421,8.8,76.30000305175781,60.8,87.19,3.54,14.031070709228516,48.3081,0.5498,0.3581
10/24/11,3.27,0.07,226.421,8.8,76.01999664,60.8,91.12,3.61,14.491786003112793,54.998,1.0011,0.3618
10/25/11,3.13,0.07,226.421,8.8,76.25,60.8,92.98,3.62,14.206070899963379,50.6225,0.5874,0.3556
10/26/11,3.22,0.08,226.421,8.8,76.19999694824219,60.8,90.2,3.65,14.307143211364746,52.075,0.699,0.3504
10/27/11,3.45,0.07,226.421,8.8,74.87000274658203,60.8,93.96,3.59,14.453213691711426,54.1732,1.0499,0.3435
10/28/11,3.36,0.07,226.421,8.8,75.08999633789062,60.8,93.32,3.63,14.462499618530273,54.3101,0.4857,0.3272
10/31/11,3.16,0.09,226.421,8.8,76.16999816894531,60.8,93.19,3.66,14.456428527832031,54.1961,0.1351,0.3216
11/1/11,2.99,0.08,226.23,8.6,77.26000213623047,63.7,92.19,3.49,14.161070823669434,48.8253,-0.1709,0.3235
11/2/11,3.03,0.08,226.23,8.6,77.01000213623047,63.7,92.51,3.39,14.193214416503906,49.4128,-0.3316,0.3118
11/3/11,3.1,0.09,226.23,8.6,76.66999816894531,63.7,94.07,3.39,14.395357131958008,53.0625,-0.5696,0.3068
11/4/11,3.09,0.08,226.23,8.6,76.91000366210938,63.7,94.26,3.44,14.294285774230957,51.0782,-0.5943,0.2941
11/7/11,3.05,0.08,226.23,8.6,76.95999908447266,63.7,95.52,3.35,14.276070594787598,50.7102,-0.6773,0.282
11/8/11,3.13,0.08,226.23,8.6,76.66999816894531,63.7,96.8,3.42,14.508213996887207,55.146,0.229,0.2796
11/9/11,3.03,0.08,226.23,8.6,77.93000030517578,63.7,95.74,3.55,14.117142677307129,47.4061,-0.0009,0.2854
11/10/11,3.12,0.08,226.23,8.6,77.63999938964844,63.7,97.78,3.48,13.757857322692871,41.6257,-0.2302,0.2974
11/11/11,.,0.08,226.23,8.6,76.94000244140625,63.7,98.99,3.29,13.736429214477539,41.3022,-0.6364,0.2943
11/14/11,3.09,0.08,226.23,8.6,77.55999755859375,63.7,98.14,3.17,13.545000076293945,38.4293,-0.557,0.2884
11/15/11,3.1,0.09,226.23,8.6,77.87999725341797,63.7,99.37,3.12,13.886786460876465,45.6928,-0.3542,0.2898
11/16/11,3.05,0.08,226.23,8.6,78.16000366210938,63.7,102.59,3.11,13.741786003112793,43.356,-0.5994,0.2838
11/17/11,2.98,0.08,226.23,8.6,78.29000091552734,63.7,98.82,3.11,13.478928565979004,39.4202,-0.8287,0.2834
11/18/11,2.99,0.08,226.23,8.6,78.01999664,63.7,97.67,3.01,13.390713691711426,38.168,-0.8979,0.2742
11/21/11,2.96,0.08,226.23,8.6,78.30000305175781,63.7,96.73,2.94,13.178929328918457,35.2712,-0.8275,0.274
11/22/11,2.91,0.08,226.23,8.6,78.23000336,63.7,97.76,3.06,13.446785926818848,41.3356,-0.6289,0.2736
11/23/11,2.82,0.09,226.23,8.6,79,63.7,96.16,2.84,13.106785774230957,36.6427,-1.0857,0.2748
11/25/11,2.92,0.07,226.23,8.6,79.61000061035156,63.7,96.91,2.84,12.98464298248291,35.101,-1.1034,0.272
11/28/11,2.93,0.08,226.23,8.6,79.29000091552734,63.7,98.21,3.09,13.432856559753418,44.3535,-0.7104,0.2808
11/29/11,2.96,0.08,226.23,8.6,79,63.7,99.79,3.39,13.328571319580078,42.8238,-0.9939,0.2793
11/30/11,3.06,0.1,226.23,8.6,78.38999938964844,63.7,100.36,3.53,13.649999618530273,48.6972,-0.3936,0.2788
12/1/11,3.12,0.08,225.672,8.5,78.31999969482422,69.9,100.2,3.49,13.854642868041992,52.0728,0.0815,0.2767
12/2/11,3.03,0.08,225.672,8.5,78.62999725341797,69.9,100.97,3.35,13.91785717010498,53.0994,0.1529,0.2692
12/5/11,3.02,0.08,225.672,8.5,78.61000061035156,69.9,100.94,3.38,14.036070823669434,55.0389,0.4137,0.2643
12/6/11,3.09,0.08,225.672,8.5,78.51000213623047,69.9,101.25,3.43,13.962499618530273,53.5545,0.0638,0.2568
12/7/11,3.04,0.08,225.672,8.5,78.48000336,69.9,100.45,3.45,13.896071434020996,52.186,0.13,0.2474
12/8/11,3,0.07,225.672,8.5,78.80999755859375,69.9,98.35,3.42,13.952142715454102,53.2715,0.3987,0.2435
12/9/11,3.1,0.07,225.672,8.5,78.62999725341797,69.9,99.4,3.29,14.057856559753418,55.3304,0.5621,0.2334
12/12/11,3.06,0.07,225.672,8.5,79.56999969482422,69.9,97.77,3.13,13.994285583496094,53.7954,0.687,0.2263
12/13/11,2.98,0.07,225.672,8.5,80.25,69.9,100.24,3.12,13.88607120513916,51.1919,0.3701,0.228
12/14/11,2.91,0.07,225.672,8.5,80.52999877929688,69.9,94.92,3.08,13.578213691711426,44.5816,0.3972,0.2356
12/15/11,2.92,0.07,225.672,8.5,80.23999786376953,69.9,93.84,3.05,13.533571243286133,43.7004,0.4625,0.2304
12/16/11,2.86,0.07,225.672,8.5,80.25,69.9,93.55,3.01,13.607856750488281,45.6264,0.1474,0.2252
12/19/11,2.79,0.07,225.672,8.5,80.25,69.9,93.86,3.03,13.650357246398926,46.7488,0.2711,0.2185
12/20/11,2.93,0.07,225.672,8.5,79.87999725341797,69.9,97.16,3.06,14.141071319580078,57.6254,0.4137,0.2327
12/21/11,3,0.07,225.672,8.5,80.01999664,69.9,98.54,3.05,14.158928871154785,57.9586,0.2562,0.2275
12/22/11,2.99,0.07,225.672,8.5,79.91999816894531,69.9,99.42,3.08,14.233928680419922,59.4197,0.2663,0.2177
12/23/11,3.05,0.08,225.672,8.5,80.01000213623047,69.9,99.72,2.97,14.404643058776855,62.5985,0.3105,0.213
12/27/11,3.04,0.07,225.672,8.5,79.79000091552734,69.9,101.29,3.09,14.518928527832031,64.5978,0.4688,0.2109
12/28/11,2.91,0.07,225.672,8.5,80.48999786376953,69.9,99.44,3.07,14.380000114440918,60.3729,0.4077,0.2106
12/29/11,2.9,0.07,225.672,8.5,80.48000336,69.9,99.68,3.03,14.468570709228516,62.0758,0.4351,0.2066
12/30/11,2.89,0.04,225.672,8.5,80.16999816894531,69.9,98.83,2.98,14.464285850524902,61.9371,0.3424,0.1979
1/3/12,2.98,0.07,226.665,8.3,79.61000061035156,75,102.96,2.97,14.686785697937012,66.164,0.5835,0.1999
1/4/12,3.03,0.07,226.665,8.3,80.08999633789062,75,103.22,2.96,14.765713691711426,67.5411,0.7411,0.1972
1/5/12,3.06,0.07,226.665,8.3,80.94000244140625,75,101.81,2.91,14.929642677307129,70.2492,1.1386,0.1958
1/6/12,3.02,0.07,226.665,8.3,81.23999786376953,75,101.56,2.85,15.085714340209961,72.5936,1.3077,0.1919
1/9/12,3.02,0.08,226.665,8.3,81.05000305175781,75,101.31,2.89,15.061785697937012,71.6612,1.225,0.192
1/10/12,3.04,0.08,226.665,8.3,80.80000305175781,75,102.24,2.97,15.115714073181152,72.518,1.2346,0.1879
1/11/12,2.96,0.08,226.665,8.3,81.34999847,75,100.89,2.81,15.091071128845215,71.4549,0.8004,0.1829
1/12/12,2.97,0.08,226.665,8.3,80.76999664,75,99.03,2.7,15.049642562866211,69.6076,0.7506,0.1788
1/13/12,2.91,0.09,226.665,8.3,81.43000030517578,75,98.69,2.67,14.993213653564453,67.0643,0.6397,0.1719
1/17/12,2.89,0.09,226.665,8.3,81.18000030517578,75,100.7,2.51,15.16785717010498,70.6398,0.643,0.1729
1/18/12,2.96,0.09,226.665,8.3,80.59999847,75,100.61,2.49,15.325357437133789,73.4401,0.6795,0.1708
1/19/12,3.05,0.1,226.665,8.3,80.20999908447266,75,100.32,2.36,15.276785850524902,71.1852,0.7556,0.169
1/20/12,3.1,0.09,226.665,8.3,80.22000122070312,75,98.15,2.23,15.010713577270508,60.2687,0.4568,0.1742
1/23/12,3.15,0.09,226.665,8.3,79.69000244140625,75,99.47,2.39,15.264642715454102,65.6776,0.6743,0.1792
1/24/12,3.15,0.09,226.665,8.3,79.86000061035156,75,98.84,2.6,15.014642715454102,57.3934,0.2762,0.1833
1/25/12,3.13,0.08,226.665,8.3,79.56999969482422,75,99.23,2.61,15.952142715454102,71.7736,0.9996,0.2434
1/26/12,3.1,0.08,226.665,8.3,79.41000366210938,75,99.76,2.68,15.879643440246582,69.8113,0.8004,0.2382
1/27/12,3.07,0.09,226.665,8.3,78.90000153,75,99.47,2.59,15.974286079406738,70.9287,0.7487,0.2313
1/30/12,2.99,0.09,226.665,8.3,79.16000366210938,75,98.75,2.71,16.17892837524414,73.2355,0.9412,0.233
1/31/12,2.94,0.11,226.665,8.3,79.27999877929688,75,98.46,2.51,16.30285645,74.5524,1.0002,0.2276
2/1/12,3.01,0.11,227.663,8.3,78.91999816894531,75.3,97.63,2.32,16.292499542236328,74.2237,1.0123,0.2188
2/2/12,3.01,0.11,227.663,8.3,78.97000122070312,75.3,96.36,2.3,16.25428581237793,72.9458,1.015,0.21
2/3/12,3.13,0.11,227.663,8.3,78.94000244140625,75.3,97.8,2.4,16.417142868041992,74.927,1.1997,0.2055
2/6/12,3.08,0.11,227.663,8.3,79.08999633789062,75.3,96.89,2.46,16.570356369018555,76.6588,1.1817,0.2054
2/7/12,3.14,0.11,227.663,8.3,78.56999969482422,75.3,98.55,2.6,16.743928909301758,78.4728,1.1952,0.2031
2/8/12,3.14,0.11,227.663,8.3,78.63999938964844,75.3,98.8,2.48,17.02428627,81.0364,1.4723,0.2057
2/9/12,3.2,0.11,227.663,8.3,78.55999755859375,75.3,99.88,2.5,17.61321449279785,85.061,2.1927,0.2342
2/10/12,3.11,0.12,227.663,8.3,79.11000061035156,75.3,98.68,2.51,17.622142791748047,85.1126,1.9863,0.2369
2/13/12,3.14,0.12,227.663,8.3,78.94000244140625,75.3,100.39,2.42,17.950000762939453,86.9012,2.4732,0.2424
2/14/12,3.06,0.12,227.663,8.3,79.58000183105469,75.3,100.82,2.48,18.19499969482422,88.056,1.8897,0.2413
2/15/12,3.09,0.12,227.663,8.3,79.66999816894531,75.3,101.82,2.54,17.773929595947266,75.703,1.596,0.2873
2/16/12,3.14,0.11,227.663,8.3,79.33999633789062,75.3,102.33,2.47,17.936071395874023,77.0388,1.6529,0.306
2/17/12,3.16,0.09,227.663,8.3,79.33000183105469,75.3,103.27,2.67,17.932857513427734,76.9485,1.4778,0.3002
2/21/12,3.2,0.1,227.663,8.3,79.04000091552734,75.3,105.88,2.63,18.387500762939453,80.4412,1.7564,0.3061
2/22/12,3.15,0.08,227.663,8.3,79.20999908447266,75.3,105.99,2.6,18.322856903076172,78.6172,1.7107,0.2981
2/23/12,3.13,0.08,227.663,8.3,78.80999755859375,75.3,107.44,2.68,18.44249916,79.5418,1.8437,0.2947
2/24/12,3.1,0.09,227.663,8.3,78.34999847,75.3,109.39,2.6,18.657499313354492,81.1216,1.8876,0.2876
2/27/12,3.04,0.1,227.663,8.3,78.55999755859375,75.3,108.49,2.55,18.777143478393555,81.9565,1.8593,0.2933
2/28/12,3.07,0.1,227.663,8.3,78.26999664,75.3,106.59,2.44,19.12178611755371,84.1335,2.0034,0.2931
2/29/12,3.08,0.1,227.663,8.3,78.73000336,75.3,107.08,2.44,19.37285614013672,85.5055,1.9788,0.2984
3/1/12,3.15,0.11,229.392,8.2,78.77999877929688,76.2,108.76,2.45,19.445356369018555,85.8851,1.5437,0.2974
3/2/12,3.11,0.11,229.392,8.2,79.40000153,76.2,106.68,2.38,19.470714569091797,86.0229,1.5575,0.2853
3/5/12,3.13,0.11,229.392,8.2,79.31999969482422,76.2,106.7,2.31,19.04142951965332,73.0203,0.9196,0.3111
3/6/12,3.08,0.11,229.392,8.2,79.86000061035156,76.2,104.71,2.3,18.937856674194336,70.2609,0.6259,0.3265
3/7/12,3.12,0.11,229.392,8.2,79.70999908447266,76.2,106.16,2.24,18.953214645385742,70.4393,0.9936,0.3343
3/8/12,3.18,0.11,229.392,8.2,79.16000366210938,76.2,106.65,2.24,19.356786727905273,74.729,1.197,0.3368
3/9/12,3.19,0.12,229.392,8.2,80.04000091552734,76.2,107.4,2.21,19.47035789489746,75.7936,1.2954,0.3251
3/12/12,3.17,0.12,229.392,8.2,79.87000274658203,76.2,106.34,2.17,19.71428680419922,77.9428,1.1179,0.3166
3/13/12,3.26,0.12,229.392,8.2,80.19000244140625,76.2,106.7,2.15,20.28928565979004,81.9999,1.6568,0.3287
3/14/12,3.43,0.13,229.392,8.2,80.55999755859375,76.2,105.49,2.13,21.056428909301758,85.7625,2.2023,0.3625
3/15/12,3.41,0.14,229.392,8.2,80.15000153,76.2,105.19,2.07,20.912857055664062,82.2954,1.9002,0.3827
3/16/12,3.41,0.15,229.392,8.2,79.77999877929688,76.2,107.03,2.01,20.91321373,82.2973,1.7997,0.3794
3/19/12,3.48,0.15,229.392,8.2,79.44999694824219,76.2,108.09,2.14,21.467857360839844,85.0118,1.9767,0.3872
3/20/12,3.46,0.15,229.392,8.2,79.58999633789062,76.2,105.68,2.19,21.641429901123047,85.7483,1.9114,0.413
3/21/12,3.38,0.15,229.392,8.2,79.62999725341797,76.2,106.87,2.21,21.51785659790039,82.6351,1.7462,0.4012
3/22/12,3.37,0.14,229.392,8.2,79.73999786376953,76.2,104.98,2.19,21.405000686645508,79.786,1.6297,0.3919
3/23/12,3.31,0.14,229.392,8.2,79.33999633789062,76.2,106.43,2.07,21.287500381469727,76.8165,1.8924,0.3798
3/26/12,3.33,0.14,229.392,8.2,78.93000030517578,76.2,107.07,2.16,21.67785645,79.5408,2.3086,0.3782
3/27/12,3.29,0.14,229.392,8.2,79.04000091552734,76.2,107.32,2.09,21.945714950561523,81.1755,2.5213,0.3731
3/28/12,3.31,0.13,229.392,8.2,79.16000366210938,76.2,105.4,2.05,22.057857513427734,81.83,2.2758,0.3704
3/29/12,3.27,0.13,229.392,8.2,79.18000030517578,76.2,102.79,2.02,21.78071403503418,74.8988,1.9466,0.3663
3/30/12,3.35,0.09,229.392,8.2,78.93000030517578,76.2,103.03,2,21.412500381469727,66.8027,1.4308,0.3673
4/2/12,3.35,0.15,230.085,8.2,78.81999969482422,76.4,105.25,1.88,22.093929290771484,72.6868,1.5205,0.3823
4/3/12,3.41,0.15,230.085,8.2,79.48000336,76.4,104.02,1.94,22.47571373,75.3256,1.1958,0.3842
4/4/12,3.37,0.15,230.085,8.2,79.76000213623047,76.4,101.53,2.06,22.296785354614258,71.8233,1.166,0.3833
4/5/12,3.32,0.15,230.085,8.2,80.06999969482422,76.4,103.29,1.98,22.63142967224121,74.236,1.4477,0.3801
4/9/12,3.18,0.16,230.085,8.2,79.73000336,76.4,102.45,1.99,22.72249984741211,74.8668,1.0571,0.3842
4/10/12,3.13,0.15,230.085,8.2,79.88999938964844,76.4,101.12,1.99,22.444286346435547,69.2864,0.6764,0.3954
4/11/12,3.18,0.16,230.085,8.2,79.77999877929688,76.4,102.66,1.91,22.364286422729492,67.7232,0.7132,0.3963
4/12/12,3.22,0.15,230.085,8.2,79.27999877929688,76.4,103.69,1.87,22.241785049438477,65.294,0.705,0.3912
4/13/12,3.14,0.15,230.085,8.2,79.87999725341797,76.4,102.84,1.87,21.61535645,54.5237,0.2762,0.4088
4/16/12,3.12,0.15,230.085,8.2,79.55000305175781,76.4,102.92,1.88,20.718929290771484,43.4727,-0.8079,0.4485
4/17/12,3.15,0.16,230.085,8.2,79.47000122070312,76.4,104.23,1.89,21.774999618530273,55.0352,-0.1438,0.4983
4/18/12,3.13,0.15,230.085,8.2,79.52999877929688,76.4,102.65,1.87,21.726428985595703,54.4832,-0.2792,0.5004
4/19/12,3.12,0.13,230.085,8.2,79.55999755859375,76.4,102.38,1.85,20.979999542236328,46.727,-0.6746,0.5159
4/20/12,3.12,0.12,230.085,8.2,79.18000030517578,76.4,103.58,1.82,20.463571548461914,42.246,-0.7995,0.531
4/23/12,3.08,0.13,230.085,8.2,79.41999816894531,76.4,102.68,1.89,20.417856216430664,41.8633,-1.4122,0.5362
4/24/12,3.12,0.14,230.085,8.2,79.22000122070312,76.4,103.1,1.97,20.010000228881836,38.5112,-2.0775,0.5338
4/25/12,3.15,0.15,230.085,8.2,79.01000213623047,76.4,103.72,1.99,21.78571319580078,55.2948,-0.4306,0.6197
4/26/12,3.13,0.14,230.085,8.2,78.91000366210938,76.4,104.56,2.1,21.703571319580078,54.553,-0.7818,0.6025
4/27/12,3.12,0.13,230.085,8.2,78.69999694824219,76.4,104.86,2.05,21.53571319580078,52.9886,-0.9999,0.5749
4/30/12,3.12,0.16,230.085,8.2,78.79000091552734,76.4,104.89,2.1,20.856428146362305,47.1021,-1.3378,0.5768
5/1/12,3.16,0.16,229.815,8.2,78.86000061035156,79.3,106.17,2.29,20.79035758972168,46.5603,-1.3261,0.569
5/2/12,3.11,0.15,229.815,8.2,79.12999725341797,79.3,105.25,2.31,20.92785645,47.9033,-1.107,0.5467
5/3/12,3.12,0.15,229.815,8.2,79.22000122070312,79.3,102.56,2.29,20.779285430908203,46.5422,-0.7044,0.5315
5/4/12,3.07,0.16,229.815,8.2,79.47000122070312,79.3,98.49,2.3,20.1875,41.4859,-0.4478,0.5293
5/7/12,3.07,0.16,229.815,8.2,79.59999847,79.3,97.86,2.3,20.338571548461914,43.1829,-1.2103,0.5163
5/8/12,3.03,0.16,229.815,8.2,79.73000336,79.3,97.13,2.27,20.292142868041992,42.7723,-1.2084,0.5069
5/9/12,3.03,0.15,229.815,8.2,80.08000183105469,79.3,96.8,2.36,20.327856063842773,43.2195,-0.5495,0.4989
5/10/12,3.07,0.15,229.815,8.2,80.11000061035156,79.3,97.1,2.36,20.375713348388672,43.8526,-0.074,0.4793
5/11/12,3.02,0.15,229.815,8.2,80.27999877929688,79.3,96.03,2.37,20.239643096923828,42.4048,-0.1502,0.4668
5/14/12,2.95,0.16,229.815,8.2,80.59999847,79.3,94.75,2.41,19.93642807006836,39.2917,-0.062,0.4547
5/15/12,2.91,0.16,229.815,8.2,81.22000122070312,79.3,93.97,2.38,19.756071090698242,37.5269,-1.7101,0.4469
5/16/12,2.9,0.16,229.815,8.2,81.37000274658203,79.3,92.78,2.5,19.502857208251953,35.139,-1.8543,0.4491
5/17/12,2.8,0.16,229.815,8.2,81.37999725341797,79.3,92.53,2.6,18.932857513427734,30.447,-2.193,0.4543
5/18/12,2.8,0.16,229.815,8.2,81.29000091552734,79.3,91.51,2.56,18.942142486572266,30.6096,-1.6129,0.4675
5/21/12,2.8,0.16,229.815,8.2,81.08000183105469,79.3,92.57,2.6,20.045713424682617,46.5904,-0.6274,0.5011
5/22/12,2.88,0.16,229.815,8.2,81.66999816894531,79.3,91.44,2.55,19.891786575317383,45.0326,-0.8729,0.5111
5/23/12,2.81,0.15,229.815,8.2,82.08999633789062,79.3,89.4,2.6,20.37714385986328,50.6374,-0.3388,0.5166
5/24/12,2.86,0.15,229.815,8.2,82.29000091552734,79.3,90.36,2.66,20.190000534057617,48.5805,0.0021,0.5126
5/25/12,2.85,0.15,229.815,8.2,82.40000153,79.3,90.64,2.56,20.081785202026367,47.3819,-0.2164,0.4918
5/29/12,2.85,0.16,229.815,8.2,82.44000244140625,79.3,90.75,2.5,20.438213348388672,51.616,0.1231,0.4818
5/30/12,2.72,0.16,229.815,8.2,83.01000213623047,79.3,87.79,2.39,20.684642791748047,54.3511,0.3006,0.4763
5/31/12,2.67,0.16,229.815,8.2,83.04000091552734,79.3,86.52,2.34,20.633214950561523,53.6692,0.217,0.4639
6/1/12,2.53,0.16,229.478,8.2,82.88999938964844,73.2,83.17,2.24,20.035356521606445,46.3843,-0.1721,0.4677
6/4/12,2.56,0.17,229.478,8.2,82.55000305175781,73.2,83.95,2.32,20.153213500976562,47.8861,0.1827,0.4751
6/5/12,2.63,0.17,229.478,8.2,82.80000305175781,73.2,84.31,2.39,20.101070404052734,47.2554,0.2907,0.4587
6/6/12,2.73,0.16,229.478,8.2,82.31999969482422,73.2,85.05,2.41,20.409286499023438,51.3351,0.7639,0.4496
6/7/12,2.75,0.16,229.478,8.2,82.05000305175781,73.2,84.78,2.33,20.41857147216797,51.4569,1.2518,0.4322
6/8/12,2.77,0.17,229.478,8.2,82.51000213623047,73.2,84.08,2.22,20.72571373,55.4311,1.5027,0.4262
6/11/12,2.71,0.17,229.478,8.2,82.51000213623047,73.2,82.58,2.22,20.398929595947266,50.6773,0.2976,0.4342
6/12/12,2.77,0.16,229.478,8.2,82.41000366210938,73.2,83.35,2.17,20.57714272,53.0425,0.5774,0.4245
6/13/12,2.7,0.17,229.478,8.2,82.05000305175781,73.2,82.56,2.18,20.43428611755371,50.934,0.0481,0.4116
6/14/12,2.73,0.17,229.478,8.2,81.90000153,73.2,83.83,2.2,20.411785125732422,50.5929,0.1869,0.3956
6/15/12,2.7,0.18,229.478,8.2,81.58999633789062,73.2,84.03,2.44,20.504642486572266,52.021,0.3563,0.3782
6/18/12,2.67,0.17,229.478,8.2,81.94000244140625,73.2,83.26,2.45,20.920713424682617,57.8939,0.4065,0.3889
6/19/12,2.73,0.17,229.478,8.2,81.37000274658203,73.2,83.99,2.59,20.97892951965332,58.6564,0.2479,0.3759
6/20/12,2.72,0.16,229.478,8.2,81.48999786376953,73.2,81.06,2.6,20.919286727905273,57.508,0.2411,0.3672
6/21/12,2.68,0.17,229.478,8.2,82.31999969482422,73.2,77.91,2.48,20.631071090698242,52.187,0.5019,0.3642
6/22/12,2.75,0.17,229.478,8.2,82.22000122070312,73.2,79.33,2.5,20.78928565979004,54.6664,0.5359,0.3527
6/25/12,2.69,0.17,229.478,8.2,82.45999908447266,73.2,78.76,2.7,20.38464355,47.8317,0.2388,0.3527
6/26/12,2.71,0.16,229.478,8.2,82.37000274658203,73.2,79.34,2.7,20.429643630981445,48.601,0.017,0.3429
6/27/12,2.7,0.15,229.478,8.2,82.55999755859375,73.2,80.27,2.87,20.51785659790039,50.1558,0.0837,0.3288
6/28/12,2.67,0.15,229.478,8.2,82.66999816894531,73.2,77.72,2.81,20.323213577270508,46.7987,-0.3391,0.3244
6/29/12,2.76,0.09,229.478,8.2,81.65000153,73.2,85.04,2.74,20.85714340209961,55.5816,0.3861,0.3334
7/2/12,2.69,0.18,229.104,8.2,81.87000274658203,72.3,83.72,2.73,21.161428451538086,59.6681,0.4923,0.3308
7/3/12,2.74,0.17,229.104,8.2,81.77999877929688,72.3,87.74,2.78,21.407499313354492,62.6598,0.82,0.3232
7/5/12,2.72,0.17,229.104,8.2,82.80999755859375,72.3,87.11,2.9,21.783571243286133,66.7226,1.1558,0.3322
7/6/12,2.66,0.17,229.104,8.2,83.29000091552734,72.3,84.37,2.94,21.63857078552246,63.8385,0.9554,0.3265
7/9/12,2.62,0.17,229.104,8.2,83.16000366210938,72.3,85.93,2.79,21.92464256286621,66.8802,0.8459,0.3242
7/10/12,2.6,0.17,229.104,8.2,83.36000061035156,72.3,83.92,2.87,21.721786499023438,62.8435,0.6259,0.3323
7/11/12,2.6,0.17,229.104,8.2,83.56999969482422,72.3,85.88,2.72,21.58678627,60.2377,0.5624,0.3322
7/12/12,2.57,0.18,229.104,8.2,83.65000153,72.3,86.02,2.83,21.389286041259766,56.5439,0.6388,0.3337
7/13/12,2.58,0.19,229.104,8.2,83.30000305175781,72.3,87.15,2.88,21.60607147216797,59.481,0.6882,0.3277
7/16/12,2.56,0.18,229.104,8.2,83.08999633789062,72.3,88.41,2.92,21.675357818603516,60.4021,1.0876,0.3186
7/17/12,2.59,0.17,229.104,8.2,83.02999877929688,72.3,89.07,2.83,21.676429748535156,60.4171,1.0506,0.3138
7/18/12,2.59,0.16,229.104,8.2,82.94999694824219,72.3,89.88,2.84,21.652143478393555,59.8641,0.9557,0.3016
7/19/12,2.61,0.13,229.104,8.2,82.90000153,72.3,92.78,2.99,21.940000534057617,64.0631,1.3622,0.3002
7/20/12,2.55,0.13,229.104,8.2,83.47000122070312,72.3,91.56,3.03,21.582143783569336,56.1925,0.6108,0.3018
7/23/12,2.52,0.14,229.104,8.2,83.70999908447266,72.3,87.77,3.05,21.565357208251953,55.8459,0.3403,0.3194
7/24/12,2.47,0.15,229.104,8.2,84.01000213623047,72.3,88.28,3.16,21.461429595947266,53.64,0.0454,0.3206
7/25/12,2.46,0.15,229.104,8.2,83.51999664,72.3,88.8,3.19,20.534643173217773,38.8881,-1.0523,0.3641
7/26/12,2.49,0.14,229.104,8.2,82.80999755859375,72.3,89.4,3.13,20.531429290771484,38.8482,-0.9328,0.3597
7/27/12,2.63,0.14,229.104,8.2,82.70999908447266,72.3,90.13,3.1,20.898571014404297,45.7019,-0.8645,0.3646
7/30/12,2.58,0.14,229.104,8.2,82.79000091552734,72.3,89.8,3.14,21.25107192993164,51.3407,-0.3966,0.3693
7/31/12,2.56,0.13,229.104,8.2,82.63999938964844,72.3,88.08,3.2,21.812856674194336,58.7016,0.1905,0.3787
8/1/12,2.6,0.14,230.379,8.1,83.05999755859375,74.3,88.99,3.2,21.671785354614258,56.3946,0.238,0.3805
8/2/12,2.55,0.14,230.379,8.1,83.33000183105469,74.3,87.22,3.16,21.706785202026367,56.8477,0.0849,0.3757
8/3/12,2.65,0.14,230.379,8.1,82.37999725341797,74.3,91.4,2.91,21.989286422729492,60.4226,0.2645,0.3708
8/6/12,2.65,0.14,230.379,8.1,82.26999664,74.3,92.3,2.9,22.233928680419922,63.2611,0.4697,0.365
8/7/12,2.72,0.13,230.379,8.1,82.20999908447266,74.3,93.68,2.99,22.175357818603516,62.1153,0.441,0.3539
8/8/12,2.75,0.13,230.379,8.1,82.38999938964844,74.3,93.39,2.97,22.13785743713379,61.3444,0.1667,0.3431
8/9/12,2.78,0.13,230.379,8.1,82.63999938964844,74.3,93.39,2.89,22.168928146362305,62.9961,0.5741,0.3284
8/10/12,2.74,0.13,230.379,8.1,82.55000305175781,74.3,92.94,2.84,22.203571319580078,63.4614,0.6176,0.3115
8/13/12,2.74,0.13,230.379,8.1,82.44000244140625,74.3,92.76,2.77,22.5,67.2556,0.956,0.3072
8/14/12,2.82,0.13,230.379,8.1,82.48000336,74.3,93.4,2.79,22.56035614013672,67.9846,1.7879,0.3038
8/15/12,2.9,0.13,230.379,8.1,82.65000153,74.3,94.35,2.82,22.52964210510254,67.1651,1.7646,0.2956
8/16/12,2.96,0.13,230.379,8.1,82.36000061035156,74.3,95.66,2.78,22.726428985595703,69.6862,1.6218,0.288
8/17/12,2.93,0.13,230.379,8.1,82.59999847,74.3,96,2.7,23.146785736083984,74.2367,1.6805,0.293
8/20/12,2.93,0.13,230.379,8.1,82.45999908447266,74.3,96.03,2.75,23.75535774230957,79.1229,1.7221,0.3089
8/21/12,2.9,0.13,230.379,8.1,81.91000366210938,74.3,96.55,2.8,23.430713653564453,71.3506,1.5663,0.3398
8/22/12,2.82,0.13,230.379,8.1,81.48999786376953,74.3,96.89,2.8,23.888214111328125,75.0677,1.9239,0.3606
8/23/12,2.79,0.13,230.379,8.1,81.36000061035156,74.3,95.87,2.81,23.66535758972168,70.2833,1.4973,0.3537
8/24/12,2.79,0.13,230.379,8.1,81.58999633789062,74.3,95.78,2.81,23.68642807006836,70.4755,1.3091,0.3585
8/27/12,2.76,0.13,230.379,8.1,81.66000366210938,74.3,95.54,2.8,24.13142967224121,74.2509,1.7348,0.371
8/28/12,2.75,0.13,230.379,8.1,81.37000274658203,74.3,96.3,2.71,24.100000381469727,73.5356,1.7399,0.3562
8/29/12,2.77,0.13,230.379,8.1,81.55000305175781,74.3,95.5,2.64,24.052499771118164,72.397,1.5936,0.3417
8/30/12,2.75,0.14,230.379,8.1,81.68000030517578,74.3,94.61,2.72,23.70964241027832,64.6418,1.2743,0.3402
8/31/12,2.68,0.13,230.379,8.1,81.25,74.3,96.47,2.72,23.75857162475586,65.2154,1.0649,0.3404
9/4/12,2.69,0.14,231.407,7.8,81.31999969482422,78.3,95.34,2.81,24.10607147216797,69.0501,1.3079,0.3391
9/5/12,2.7,0.16,231.407,7.8,81.23999786376953,78.3,95.37,2.87,23.936786651611328,65.2749,1.1906,0.3294
9/6/12,2.8,0.16,231.407,7.8,81.08000183105469,78.3,95.58,2.85,24.15250015258789,67.6984,1.2067,0.3233
9/7/12,2.81,0.15,231.407,7.8,80.25,78.3,96.41,2.73,24.301429748535156,69.2918,0.977,0.3147
9/10/12,2.83,0.15,231.407,7.8,80.36000061035156,78.3,96.52,2.66,23.669286727905273,56.542,-0.0728,0.338
9/11/12,2.84,0.15,231.407,7.8,79.86000061035156,78.3,97.03,2.82,23.592500686645508,55.213,0.1368,0.3432
9/12/12,2.92,0.15,231.407,7.8,79.73999786376953,78.3,97.02,2.96,23.921070098876953,59.5899,0.0278,0.3487
9/13/12,2.95,0.15,231.407,7.8,79.26000213623047,78.3,98.3,3.01,24.39214324951172,64.8879,0.615,0.3577
9/14/12,3.09,0.16,231.407,7.8,78.84999847,78.3,98.94,2.94,24.68857192993164,67.753,0.8479,0.3623
9/17/12,3.03,0.16,231.407,7.8,79.01000213623047,78.3,96.51,2.83,24.992143630981445,70.4156,0.7283,0.3548
9/18/12,3,0.16,231.407,7.8,79.25,78.3,95.25,2.74,25.068214416503906,71.0601,0.8192,0.3423
9/19/12,2.97,0.15,231.407,7.8,79.05999755859375,78.3,91.97,2.7,25.075000762939453,71.1206,0.8653,0.3274
9/20/12,2.96,0.16,231.407,7.8,79.41000366210938,78.3,92.14,2.76,24.953571319580078,68.3678,1.0526,0.3223
9/21/12,2.95,0.15,231.407,7.8,79.33000183105469,78.3,92.64,2.76,25.00321388244629,68.8997,1.0533,0.313
9/24/12,2.91,0.16,231.407,7.8,79.51999664,78.3,91.68,2.82,24.671070098876953,61.4745,0.4781,0.3275
9/25/12,2.86,0.15,231.407,7.8,79.55000305175781,78.3,91.07,2.84,24.05500030517578,50.59,0.1,0.3468
9/26/12,2.79,0.15,231.407,7.8,79.88999938964844,78.3,89.92,2.92,23.75642967224121,46.3104,-0.3351,0.3487
9/27/12,2.83,0.14,231.407,7.8,79.55000305175781,78.3,91.89,3.01,24.332857131958008,54.3409,0.0266,0.3709
9/28/12,2.82,0.09,231.407,7.8,79.94000244140625,78.3,92.18,3.08,23.825000762939453,47.5895,0.1319,0.3759
10/1/12,2.81,0.15,231.317,7.8,79.81999969482422,82.6,92.44,3.19,23.54964256286621,44.3677,-0.0363,0.3927
10/2/12,2.81,0.16,231.317,7.8,79.73999786376953,82.6,91.88,3.21,23.618213653564453,45.3591,-0.2563,0.3986
10/3/12,2.82,0.16,231.317,7.8,79.97000122070312,82.6,88.19,3.21,23.980356216430664,50.3877,-0.3484,0.3929
10/4/12,2.89,0.15,231.317,7.8,79.34999847,82.6,91.69,3.23,23.814285278320312,48.1972,-0.7398,0.3836
10/5/12,2.96,0.15,231.317,7.8,79.33999633789062,82.6,89.87,3.26,23.306785583496094,42.1647,-1.4261,0.3897
10/8/12,.,0.15,231.317,7.8,79.54000091552734,82.6,89.43,3.18,22.791786193847656,37.0912,-1.9262,0.3974
10/9/12,2.93,0.16,231.317,7.8,79.94999694824219,82.6,92.42,3.18,22.70892906188965,36.3337,-2.002,0.4056
10/10/12,2.89,0.16,231.317,7.8,79.91999816894531,82.6,91.24,3.26,22.88964272,39.2479,-1.7464,0.3963
10/11/12,2.86,0.16,231.317,7.8,79.77999877929688,82.6,92.19,3.28,22.43214225769043,34.8935,-2.1756,0.4093
10/12/12,2.83,0.16,231.317,7.8,79.69000244140625,82.6,91.83,3.38,22.489643096923828,35.859,-1.8457,0.4018
10/15/12,2.85,0.16,231.317,7.8,79.73999786376953,82.6,91.84,3.35,22.670000076293945,38.9095,-1.1719,0.3974
10/16/12,2.91,0.16,231.317,7.8,79.37000274658203,82.6,92.07,3.27,23.206785202026367,46.9967,-0.465,0.4107
10/17/12,2.98,0.15,231.317,7.8,79.01999664,82.6,92.04,3.24,23.021785736083984,44.7965,-1.1092,0.4003
10/18/12,3.02,0.15,231.317,7.8,79.37000274658203,82.6,92,3.28,22.59428596496582,40.12,-1.0415,0.4033
10/19/12,2.94,0.16,231.317,7.8,79.63999938964844,82.6,90,3.43,21.780000686645508,33.0456,-1.4974,0.4242
10/22/12,2.95,0.15,231.317,7.8,79.65000153,82.6,88.3,3.49,22.64392852783203,44.273,-0.8244,0.449
10/23/12,2.91,0.15,231.317,7.8,79.98000336,82.6,86.65,3.34,21.90571403503418,38.3534,-1.7556,0.4651
10/24/12,2.93,0.17,231.317,7.8,79.97000122070312,82.6,85.39,3.43,22.02964210510254,39.81,-1.5101,0.4662
10/25/12,2.98,0.16,231.317,7.8,80.04000091552734,82.6,85.59,3.39,21.769285202026367,37.7919,-1.301,0.4685
10/26/12,2.92,0.16,231.317,7.8,80.06999969482422,82.6,85.84,3.38,21.571428298950195,36.2873,-1.0326,0.4846
10/31/12,2.85,0.18,231.317,7.8,79.91999816894531,82.6,86.23,3.5,21.261428833007812,34.0025,-1.2248,0.4852
11/1/12,2.89,0.17,230.221,7.7,80.05000305175781,82.7,87.05,3.5,21.30500030517578,34.6255,-1.3408,0.4696
11/2/12,2.91,0.16,230.221,7.7,80.58999633789062,82.7,84.9,3.4,20.600000381469727,29.734,-1.5503,0.484
11/5/12,2.88,0.17,230.221,7.7,80.75,82.7,85.64,3.34,20.87928581237793,33.7287,-1.3627,0.4731
11/6/12,2.92,0.16,230.221,7.7,80.61000061035156,82.7,88.62,3.41,20.816070556640625,33.2673,-1.5687,0.4623
11/7/12,2.83,0.16,230.221,7.7,80.76000213623047,82.7,84.5,3.47,19.928571701049805,28.0839,-2.6938,0.4821
11/8/12,2.77,0.16,230.221,7.7,80.79000091552734,82.7,85.07,3.45,19.20535659790039,24.3401,-3.1522,0.5061
11/9/12,2.75,0.16,230.221,7.7,81.02999877929688,82.7,86.08,3.33,19.537857055664062,29.0243,-2.5077,0.5158
11/12/12,.,0.16,230.221,7.7,81.04000091552734,82.7,85.56,3.4,19.38678550720215,28.1709,-1.9471,0.5133
11/13/12,2.72,0.16,230.221,7.7,81.08000183105469,82.7,85.38,3.57,19.389286041259766,28.2075,-2.676,0.5073
11/14/12,2.73,0.16,230.221,7.7,81.05999755859375,82.7,86.32,3.66,19.174285888671875,26.9029,-2.234,0.4955
11/15/12,2.72,0.16,230.221,7.7,81.08000183105469,82.7,85.45,3.63,18.77214241027832,24.6096,-2.6809,0.4967
11/16/12,2.73,0.16,230.221,7.7,81.26000213623047,82.7,86.62,3.46,18.845714569091797,25.8537,-2.398,0.5138
11/19/12,2.76,0.16,230.221,7.7,80.87000274658203,82.7,89.05,3.63,20.20464324951172,44.1914,-1.0753,0.5635
11/20/12,2.82,0.16,230.221,7.7,80.95999908447266,82.7,86.46,3.62,20.032499313354492,42.7501,-0.9592,0.5609
11/21/12,2.83,0.16,230.221,7.7,80.93000030517578,82.7,87.08,3.59,20.060714721679688,43.0766,-0.9722,0.5442
11/23/12,2.83,0.16,230.221,7.7,80.19000244140625,82.7,87.01,3.59,20.41071319580078,47.1228,-0.0781,0.5277
11/26/12,2.8,0.16,230.221,7.7,80.25,82.7,87.28,3.75,21.054643630981445,53.6504,0.2329,0.5301
11/27/12,2.79,0.16,230.221,7.7,80.40000153,82.7,86.81,3.77,20.885000228881836,51.8349,0.1423,0.5146
11/28/12,2.79,0.16,230.221,7.7,80.33999633789062,82.7,86.1,3.71,20.819286346435547,51.1134,0.7572,0.5072
11/29/12,2.79,0.16,230.221,7.7,80.19999694824219,82.7,87.64,3.61,21.04857063293457,53.5433,1.567,0.4955
11/30/12,2.81,0.16,230.221,7.7,80.15000153,82.7,88.54,3.46,20.902856826782227,51.7818,1.1605,0.4746
12/3/12,2.8,0.16,229.601,7.9,79.87999725341797,72.9,88.69,3.44,20.93535614013672,52.1598,1.3165,0.4609
12/4/12,2.78,0.17,229.601,7.9,79.63999938964844,72.9,88.04,3.38,20.566070556640625,47.5919,1.0004,0.4585
12/5/12,2.78,0.16,229.601,7.9,79.76999664,72.9,87.36,3.41,19.24250030517578,35.5744,0.0581,0.5061
12/6/12,2.76,0.16,229.601,7.9,80.26000213623047,72.9,85.47,3.48,19.544286727905273,39.3374,0.6566,0.5452
12/7/12,2.81,0.16,229.601,7.9,80.41999816894531,72.9,85.45,3.33,19.04464340209961,35.627,0.1692,0.5609
12/10/12,2.8,0.16,229.601,7.9,80.33000183105469,72.9,85.14,3.35,18.922143936157227,34.7617,-1.0903,0.5576
12/11/12,2.83,0.17,229.601,7.9,80.05999755859375,72.9,85.36,3.39,19.335357666015625,40.0506,-0.5928,0.5605
12/12/12,2.9,0.17,229.601,7.9,79.88999938964844,72.9,86.35,3.33,19.25,39.3415,-0.6892,0.5459
12/13/12,2.9,0.16,229.601,7.9,79.93000030517578,72.9,85.39,3.27,18.917499542236328,36.6194,-1.2695,0.5356
12/14/12,2.87,0.17,229.601,7.9,79.59999847,72.9,86.32,3.15,18.206785202026367,31.5891,-2.421,0.5496
12/17/12,2.94,0.16,229.601,7.9,79.56999969482422,72.9,86.71,3.2,18.52964210510254,35.896,-2.0024,0.5511
12/18/12,3,0.17,229.601,7.9,79.36000061035156,72.9,87.46,3.29,19.06785774230957,42.4081,-1.489,0.5466
12/19/12,2.99,0.17,229.601,7.9,79.25,72.9,89.09,3.25,18.796785354614258,40.1934,-1.9144,0.5257
12/20/12,2.98,0.17,229.601,7.9,79.26000213623047,72.9,89.76,3.35,18.633214950561523,38.8742,-1.9296,0.5127
12/21/12,2.93,0.17,229.601,7.9,79.62000274658203,72.9,88.2,3.42,18.547500610351562,38.1672,-2.0301,0.501
12/24/12,2.94,0.18,229.601,7.9,79.63999938964844,72.9,88.29,3.3,18.577499389648438,38.5872,-1.6905,0.4773
12/26/12,2.94,0.17,229.601,7.9,79.62000274658203,72.9,90.71,3.35,18.321428298950195,36.315,-0.7831,0.4628
12/27/12,2.89,0.17,229.601,7.9,79.62000274658203,72.9,90.91,3.31,18.395000457763672,37.455,-0.9772,0.4549
12/28/12,2.88,0.17,229.601,7.9,79.68000030517578,72.9,90.66,3.4,18.199642181396484,35.6312,-0.7184,0.4374
12/31/12,2.95,0.09,229.601,7.9,79.76999664,72.9,91.83,3.43,19.006071090698242,47.0856,0.0714,0.4634
1/2/13,3.04,0.17,230.28,8,79.84999847,73.8,93.14,3.3,19.608213424682617,53.7074,0.232,0.4798
1/3/13,3.12,0.17,230.28,8,80.43000030517578,73.8,92.97,3.19,19.360713958740234,50.8865,0.094,0.4644
1/4/13,3.1,0.16,230.28,8,80.5,73.8,93.12,3.2,18.821428298950195,45.3071,-0.0817,0.4665
1/7/13,3.1,0.16,230.28,8,80.26000213623047,73.8,93.2,3.3,18.71071434020996,44.2345,0.4283,0.4637
1/8/13,3.06,0.15,230.28,8,80.34999847,73.8,93.21,3.21,18.761070251464844,44.8738,0.1968,0.4537
1/9/13,3.06,0.14,230.28,8,80.55999755859375,73.8,93.08,3.14,18.467857360839844,41.8645,-0.5101,0.4415
1/10/13,3.08,0.14,230.28,8,79.73999786376953,73.8,93.81,3.08,18.696786880493164,44.9675,-0.085,0.4386
1/11/13,3.05,0.14,230.28,8,79.55999755859375,73.8,93.6,3.18,18.582143783569336,43.7093,-0.0434,0.4209
1/14/13,3.05,0.14,230.28,8,79.48999786376953,73.8,94.27,3.39,17.91964340209961,37.227,-0.5338,0.4381
1/15/13,3.02,0.15,230.28,8,79.77999877929688,73.8,93.26,3.4,17.354286193847656,32.7618,-1.0399,0.4467
1/16/13,3.01,0.14,230.28,8,79.80000305175781,73.8,94.28,3.43,18.074642181396484,42.2643,-0.2098,0.4658
1/17/13,3.06,0.14,230.28,8,79.65000153,73.8,95.49,3.44,17.952856063842773,41.2041,-0.3759,0.4514
1/18/13,3.03,0.14,230.28,8,80.05000305175781,73.8,95.61,3.54,17.85714340209961,40.3475,-0.2912,0.4328
1/22/13,3.02,0.14,230.28,8,79.87000274658203,73.8,96.09,3.63,18.02750015258789,42.6335,-0.832,0.4263
1/23/13,3.02,0.13,230.28,8,79.91999816894531,73.8,95.06,3.53,18.357500076293945,46.8781,-1.0635,0.418
1/24/13,3.04,0.15,230.28,8,79.94999694824219,73.8,95.35,3.56,16.08928680419922,30.2842,-2.7811,0.5264
1/25/13,3.14,0.14,230.28,8,79.75,73.8,95.15,3.42,15.710000038146973,28.4692,-2.6452,0.5348
1/28/13,3.15,0.14,230.28,8,79.77999877929688,73.8,95.95,3.25,16.065357208251953,32.5479,-2.249,0.5343
1/29/13,3.18,0.12,230.28,8,79.55999755859375,73.8,97.62,3.14,16.366785049438477,35.8874,-2.0355,0.5186
1/30/13,3.19,0.12,230.28,8,79.27999877929688,73.8,97.98,3.24,16.315357208251953,35.5639,-1.83,0.4991
1/31/13,3.17,0.15,230.28,8,79.20999908447266,73.8,97.65,3.33,16.267499923706055,35.2455,-2.0653,0.4728
2/1/13,3.21,0.14,232.166,7.7,79.12999725341797,77.6,97.46,3.34,16.200714111328125,34.7775,-2.0246,0.4632
2/4/13,3.17,0.13,232.166,7.7,79.55000305175781,77.6,96.21,3.27,15.79714298248291,32.0108,-1.8046,0.4603
2/5/13,3.21,0.13,232.166,7.7,79.48999786376953,77.6,96.68,3.34,16.351428985595703,39.1698,-0.8525,0.4654
2/6/13,3.18,0.13,232.166,7.7,79.72000122070312,77.6,96.44,3.41,16.33392906188965,39.029,-1.4799,0.4624
2/7/13,3.17,0.13,232.166,7.7,80.19000244140625,77.6,95.84,3.39,16.722143173217773,44.8697,-0.9658,0.464
2/8/13,3.17,0.14,232.166,7.7,80.25,77.6,95.71,3.26,16.963571548461914,47.5885,-0.6781,0.4539
2/11/13,3.16,0.14,232.166,7.7,80.30999755859375,77.6,97.01,3.2,17.140356063842773,49.5505,-0.6717,0.447
2/12/13,3.19,0.13,232.166,7.7,80.11000061035156,77.6,97.48,3.3,16.71071434020996,45.1291,-1.3195,0.447
2/13/13,3.23,0.14,232.166,7.7,80.08999633789062,77.6,97.03,3.29,16.67892837524414,44.8105,0.5815,0.4378
2/14/13,3.17,0.14,232.166,7.7,80.45999908447266,77.6,97.3,3.3,16.663928985595703,44.6503,0.8912,0.4231
2/15/13,3.18,0.16,232.166,7.7,80.58000183105469,77.6,95.95,3.19,16.43428611755371,42.1652,0.3927,0.4153
2/19/13,3.21,0.15,232.166,7.7,80.47000122070312,77.6,96.69,3.23,16.428213119506836,42.0985,0.1313,0.405
2/20/13,3.2,0.15,232.166,7.7,81.08999633789062,77.6,94.92,3.34,16.030357360839844,37.8702,-0.1652,0.4004
2/21/13,3.17,0.16,232.166,7.7,81.45999908447266,77.6,92.79,3.29,15.930713653564453,36.8714,-0.2097,0.3857
2/22/13,3.15,0.16,232.166,7.7,81.48000336,77.6,93.12,3.27,16.100357055664062,39.7834,-0.0078,0.3702
2/25/13,3.08,0.15,232.166,7.7,81.66999816894531,77.6,92.74,3.42,15.814286231994629,36.7083,0.0908,0.3712
2/26/13,3.08,0.14,232.166,7.7,81.87000274658203,77.6,92.63,3.46,16.034643173217773,40.522,-0.1923,0.3749
2/27/13,3.11,0.14,232.166,7.7,81.59999847,77.6,92.84,3.49,15.87749958,38.7298,-0.3116,0.3738
2/28/13,3.1,0.14,232.166,7.7,81.98000336,77.6,92.03,3.48,15.764286041259766,37.4448,-0.8189,0.3613
3/1/13,3.06,0.14,232.773,7.5,82.30999755859375,78.6,90.71,3.54,15.373929023742676,33.3379,-1.3591,0.3604
3/4/13,3.08,0.16,232.773,7.5,82.22000122070312,78.6,90.13,3.53,15.001786231994629,29.9638,-1.8284,0.3596
3/5/13,3.1,0.15,232.773,7.5,82.08999633789062,78.6,90.88,3.63,15.397856712341309,37.246,-1.1223,0.367
3/6/13,3.15,0.15,232.773,7.5,82.45999908447266,78.6,90.47,3.57,15.202142715454102,35.2932,-1.2625,0.3644
3/7/13,3.2,0.16,232.773,7.5,82.08000183105469,78.6,91.53,3.54,15.377857208251953,38.4141,-1.0995,0.3622
3/8/13,3.25,0.15,232.773,7.5,82.69999694824219,78.6,92.01,3.57,15.418571472167969,39.1452,-0.8684,0.3512
3/11/13,3.26,0.16,232.773,7.5,82.56999969482422,78.6,92.07,3.64,15.638214111328125,43.078,-0.6754,0.3564
3/12/13,3.22,0.15,232.773,7.5,82.58000183105469,78.6,92.44,3.71,15.301071166992188,38.9202,-0.6235,0.3556
3/13/13,3.22,0.14,232.773,7.5,82.88999938964844,78.6,92.47,3.72,15.298213958740234,38.886,-0.5408,0.3501
3/14/13,3.25,0.15,232.773,7.5,82.61000061035156,78.6,93.03,3.74,15.446429252624512,41.7499,-0.5591,0.3388
3/15/13,3.22,0.16,232.773,7.5,82.26000213623047,78.6,93.49,3.89,15.845000267028809,48.7107,0.0263,0.3402
3/18/13,3.18,0.16,232.773,7.5,82.69000244140625,78.6,93.71,3.98,16.275714874267578,54.9726,0.2061,0.3514
3/19/13,3.13,0.15,232.773,7.5,82.98999786376953,78.6,92.44,3.96,16.231786727905273,54.2452,0.3029,0.3535
3/20/13,3.19,0.15,232.773,7.5,82.77999877929688,78.6,93.21,3.97,16.145713806152344,52.7717,0.3261,0.3458
3/21/13,3.15,0.16,232.773,7.5,82.80000305175781,78.6,92.46,4.01,16.168928146362305,53.1414,0.6797,0.3383
3/22/13,3.13,0.15,232.773,7.5,82.52999877929688,78.6,93.41,4.01,16.49678611755371,58.1267,1.2782,0.3345
3/25/13,3.14,0.15,232.773,7.5,82.87000274658203,78.6,94.55,4.08,16.556428909301758,58.9817,0.9904,0.3285
3/26/13,3.13,0.14,232.773,7.5,82.87999725341797,78.6,95.99,3.99,16.46928596496582,57.1429,1.0832,0.3166
3/27/13,3.09,0.12,232.773,7.5,83.20999908447266,78.6,96.53,4.08,16.145713806152344,50.8206,0.6564,0.3167
3/28/13,3.1,0.13,232.773,7.5,82.98999786376953,78.6,97.24,4.03,15.809286117553711,45.2164,0.334,0.3169
4/1/13,3.08,0.16,232.531,7.6,82.73000336,76.4,97.1,3.97,15.318214416503906,38.5364,-0.2736,0.329
4/2/13,3.1,0.15,232.531,7.6,82.94000244140625,76.4,97.23,4.07,15.349642753601074,39.1573,0.0416,0.3311
4/3/13,3.05,0.14,232.531,7.6,82.72000122070312,76.4,95.02,4,15.428214073181152,40.7634,0.1111,0.3238
4/4/13,2.99,0.14,232.531,7.6,82.68000030517578,76.4,93.26,3.94,15.275713920593262,38.63,-0.146,0.3219
4/5/13,2.87,0.15,232.531,7.6,82.5,76.4,92.76,3.98,15.114286422729492,36.4551,-0.6247,0.3165
4/8/13,2.91,0.15,232.531,7.6,82.75,76.4,93.36,4.18,15.221785545349121,38.9213,-0.9011,0.3048
4/9/13,2.94,0.15,232.531,7.6,82.30999755859375,76.4,94.18,4.08,15.249285697937012,39.5674,-0.84,0.2956
4/10/13,3.01,0.15,232.531,7.6,82.52999877929688,76.4,94.59,4.07,15.560357093811035,46.4661,-0.5005,0.2986
4/11/13,3.01,0.15,232.531,7.6,82.25,76.4,93.44,4.11,15.511786460876465,45.591,-0.5618,0.292
4/12/13,2.92,0.15,232.531,7.6,82.30999755859375,76.4,91.23,4.21,15.350000381469727,42.7058,-0.9805,0.2826
4/15/13,2.88,0.15,232.531,7.6,82.41999816894531,76.4,88.75,4.23,14.994643211364746,37.1453,-1.3353,0.2848
4/16/13,2.91,0.15,232.531,7.6,81.75,76.4,88.73,4.19,15.222857475280762,42.3378,-1.0655,0.2792
4/17/13,2.89,0.15,232.531,7.6,82.66000366210938,76.4,86.65,4.24,14.385713577270508,31.9206,-1.5047,0.3206
4/18/13,2.87,0.15,232.531,7.6,82.55000305175781,76.4,87.83,4.23,14.001786231994629,28.4618,-1.5454,0.3327
4/19/13,2.88,0.15,232.531,7.6,82.70999908447266,76.4,88.04,4.38,13.947500228881836,27.9998,-1.1719,0.3406
4/22/13,2.88,0.15,232.531,7.6,82.68000030517578,76.4,88.81,4.33,14.238213539123535,34.1629,-0.9503,0.3417
4/23/13,2.9,0.14,232.531,7.6,83.02999877929688,76.4,89.21,4.27,14.504643440246582,39.2917,-0.7896,0.3385
4/24/13,2.89,0.13,232.531,7.6,82.93000030517578,76.4,91.07,4.25,14.480713844299316,38.9988,-0.6796,0.3639
4/25/13,2.91,0.13,232.531,7.6,82.73999786376953,76.4,93.27,4.19,14.585000038146973,41.0659,-0.4525,0.3564
4/26/13,2.87,0.13,232.531,7.6,82.48000336,76.4,92.63,4.16,14.899999618530273,46.9239,-0.275,0.3539
4/29/13,2.88,0.13,232.531,7.6,82.15000153,76.4,94.09,4.28,15.361429214477539,54.1125,0.0959,0.3644
4/30/13,2.88,0.14,232.531,7.6,81.73000336,76.4,93.22,4.3,15.813570976257324,59.8526,0.2165,0.3714
5/1/13,2.83,0.14,232.945,7.5,81.63999938964844,84.5,90.74,4.31,15.688928604125977,57.7095,0.1515,0.3678
5/2/13,2.82,0.15,232.945,7.5,82.20999908447266,84.5,93.7,4.28,15.911429405212402,60.4331,0.48,0.3618
5/3/13,2.96,0.14,232.945,7.5,82.09999847,84.5,95.25,3.98,16.070714950561523,62.3048,0.92,0.3528
5/6/13,2.98,0.14,232.945,7.5,82.31999969482422,84.5,95.8,3.93,16.453929901123047,66.4202,1.0525,0.3543
5/7/13,3,0.12,232.945,7.5,82.30000305175781,84.5,95.28,3.88,16.380714416503906,64.9596,1.7056,0.3552
5/8/13,2.99,0.12,232.945,7.5,81.90000153,84.5,96.24,3.86,16.56571388244629,66.937,2.1921,0.3507
5/9/13,3.01,0.12,232.945,7.5,82.79000091552734,84.5,96.09,3.87,16.313213348388672,63.9233,2.1157,0.342
5/10/13,3.1,0.12,232.945,7.5,83.13999938964844,84.5,95.81,3.9,16.177499771118164,61.1041,1.7504,0.3378
5/13/13,3.13,0.12,232.945,7.5,83.26000213623047,84.5,94.76,3.87,16.240713119506836,61.946,1.577,0.3277
5/14/13,3.17,0.11,232.945,7.5,83.56999969482422,84.5,93.96,3.93,15.852143287658691,54.1828,1.263,0.333
5/15/13,3.16,0.12,232.945,7.5,83.83000183105469,84.5,93.95,4.03,15.316070556640625,45.6779,0.7125,0.3564
5/16/13,3.09,0.11,232.945,7.5,83.76999664,84.5,94.85,4.01,15.520713806152344,48.9698,0.6191,0.3725
5/17/13,3.17,0.1,232.945,7.5,84.27999877929688,84.5,95.72,3.89,15.473570823669434,48.2453,0.1842,0.3659
5/20/13,3.18,0.1,232.945,7.5,83.80999755859375,84.5,96.29,4.1,15.818928718566895,53.6619,0.0949,0.3742
5/21/13,3.14,0.09,232.945,7.5,83.86000061035156,84.5,95.55,4.13,15.702142715454102,51.6917,0.1009,0.3722
5/22/13,3.21,0.08,232.945,7.5,84.25,84.5,93.98,4.16,15.762499809265137,52.6613,-0.0372,0.3679
5/23/13,3.2,0.08,232.945,7.5,83.80000305175781,84.5,94.12,4.15,15.790714263916016,53.1314,-0.1492,0.3644
5/24/13,3.18,0.09,232.945,7.5,83.69999694824219,84.5,93.84,4.15,15.898214340209961,54.9752,-0.3844,0.35
5/28/13,3.31,0.09,232.945,7.5,84.13999938964844,84.5,94.65,4.19,15.765713691711426,52.2462,-0.4358,0.3475
5/29/13,3.27,0.08,232.945,7.5,83.63999938964844,84.5,93.13,4.15,15.891071319580078,54.5452,-0.4861,0.3405
5/30/13,3.28,0.08,232.945,7.5,83.01000213623047,84.5,93.57,4.12,16.127857208251953,58.5986,-0.1595,0.3381
5/31/13,3.3,0.09,232.945,7.5,83.37999725341797,84.5,91.93,4.02,16.061786651611328,57.0734,-0.0994,0.3306
6/3/13,3.27,0.1,233.504,7.5,82.68000030517578,84.1,93.41,4,16.097143173217773,57.7063,-0.1236,0.3287
6/4/13,3.3,0.11,233.504,7.5,82.76999664,84.1,93.36,4,16.046785354614258,56.4238,0.1675,0.3207
6/5/13,3.25,0.09,233.504,7.5,82.56999969482422,84.1,93.66,3.99,15.896785736083984,52.6689,0.4998,0.3132
6/6/13,3.23,0.1,233.504,7.5,81.51999664,84.1,94.71,3.93,15.659285545349121,47.3015,0.1193,0.3192
6/7/13,3.33,0.09,233.504,7.5,81.69000244140625,84.1,96.11,3.79,15.778928756713867,50.0631,0.2628,0.3194
6/10/13,3.36,0.09,233.504,7.5,81.65000153,84.1,95.82,3.85,15.674642562866211,47.7158,-0.1242,0.3236
6/11/13,3.33,0.09,233.504,7.5,81.05999755859375,84.1,95.5,3.77,15.628570556640625,46.6749,-0.0633,0.3212
6/12/13,3.37,0.08,233.504,7.5,80.95999908447266,84.1,95.98,3.74,15.435357093811035,42.489,-0.2817,0.3196
6/13/13,3.33,0.09,233.504,7.5,80.62000274658203,84.1,96.66,3.73,15.569999694824219,46.1201,-0.1898,0.3152
6/14/13,3.28,0.1,233.504,7.5,80.66999816894531,84.1,97.83,3.76,15.358928680419922,41.6796,-0.4642,0.3098
6/17/13,3.35,0.11,233.504,7.5,80.56999969482422,84.1,97.86,3.78,15.428570747375488,43.6073,-0.2901,0.3001
6/18/13,3.34,0.12,233.504,7.5,80.62000274658203,84.1,98.46,3.9,15.420356750488281,43.4249,-0.4051,0.289
6/19/13,3.41,0.1,233.504,7.5,81.43000030517578,84.1,98.24,3.93,15.10714340209961,37.062,-0.8785,0.2876
6/20/13,3.49,0.1,233.504,7.5,81.83999633789062,84.1,94.89,3.9,14.88714314,33.363,-1.0112,0.2908
6/21/13,3.56,0.1,233.504,7.5,82.31999969482422,84.1,93.81,3.85,14.76785659790039,31.5273,-1.1441,0.2961
6/24/13,3.56,0.1,233.504,7.5,82.43000030517578,84.1,95.07,3.81,14.376428604125977,26.3926,-1.4376,0.3089
6/25/13,3.6,0.09,233.504,7.5,82.58000183105469,84.1,95.25,3.77,14.379643440246582,26.4984,-1.3058,0.3065
6/26/13,3.58,0.09,233.504,7.5,82.94999694824219,84.1,95.47,3.72,14.21678638458252,24.5703,-1.2415,0.3047
6/27/13,3.54,0.09,233.504,7.5,82.91000366210938,84.1,97,3.73,14.063570976257324,22.8833,-1.4764,0.3001
6/28/13,3.52,0.07,233.504,7.5,83.16999816894531,84.1,96.36,3.57,14.161786079406738,26.3731,-1.3021,0.3037
7/1/13,3.48,0.1,233.596,7.3,82.98000336,85.1,97.94,3.52,14.614999771118164,39.891,-0.8724,0.3166
7/2/13,3.47,0.1,233.596,7.3,83.54000091552734,85.1,99.65,3.58,14.946070671081543,47.4771,-0.4211,0.3212
7/3/13,3.49,0.1,233.596,7.3,83.23000336,85.1,101.92,3.54,15.028571128845215,49.1978,-0.4662,0.3104
7/5/13,3.68,0.1,233.596,7.3,84.41999816894531,85.1,103.09,3.52,14.907856941223145,46.7828,-0.3882,0.3057
7/8/13,3.63,0.1,233.596,7.3,84.19999694824219,85.1,103.03,3.65,14.823213577270508,45.1107,-0.521,0.3066
7/9/13,3.64,0.1,233.596,7.3,84.58000183105469,85.1,103.46,3.69,15.083929061889648,50.9286,-0.2896,0.3135
7/10/13,3.68,0.09,233.596,7.3,84.04000091552734,85.1,106.41,3.69,15.026070594787598,49.6704,-0.0698,0.3055
7/11/13,3.64,0.09,233.596,7.3,82.75,85.1,104.77,3.64,15.260356903076172,54.564,0.3212,0.3002
7/12/13,3.64,0.09,233.596,7.3,82.98999786376953,85.1,105.85,3.61,15.232500076293945,53.8945,0.3999,0.2927
7/15/13,3.61,0.09,233.596,7.3,83.04000091552734,85.1,106.2,3.67,15.265713691711426,54.6114,0.7654,0.2864
7/16/13,3.58,0.09,233.596,7.3,82.43000030517578,85.1,105.88,3.69,15.364286422729492,56.7566,0.8473,0.2803
7/17/13,3.57,0.09,233.596,7.3,82.70999908447266,85.1,106.39,3.67,15.368213653564453,56.8483,0.991,0.2691
7/18/13,3.63,0.09,233.596,7.3,82.81999969482422,85.1,107.94,3.66,15.420000076293945,58.0541,1.1674,0.2599
7/19/13,3.56,0.09,233.596,7.3,82.58000183105469,85.1,108,3.78,15.176786422729492,50.858,0.8736,0.2625
7/22/13,3.55,0.09,233.596,7.3,82.22000122070312,85.1,106.61,3.71,15.225357055664062,52.1344,0.5253,0.2543
7/23/13,3.58,0.09,233.596,7.3,82.01000213623047,85.1,107.13,3.68,14.963929176330566,45.3124,0.0154,0.2542
7/24/13,3.65,0.09,233.596,7.3,82.30000305175781,85.1,105.41,3.7,15.732500076293945,61.3321,0.6059,0.2923
7/25/13,3.65,0.09,233.596,7.3,81.97000122070312,85.1,105.47,3.68,15.660714149475098,59.5767,0.648,0.2837
7/26/13,3.61,0.09,233.596,7.3,81.62000274658203,85.1,104.76,3.59,15.749643325805664,61.0634,0.7974,0.2781
7/29/13,3.66,0.08,233.596,7.3,81.66000366210938,85.1,104.61,3.49,15.992500305175781,64.864,0.782,0.2797
7/30/13,3.67,0.09,233.596,7.3,81.83000183105469,85.1,103.14,3.48,16.190000534057617,67.6311,1.0018,0.2803
7/31/13,3.64,0.09,233.596,7.3,81.44999694824219,85.1,105.1,3.46,16.161785125732422,66.8215,0.7759,0.2777
8/1/13,3.77,0.08,233.877,7.2,82.33999633789062,82.1,107.93,3.44,16.309999465942383,68.924,0.9273,0.2672
8/2/13,3.69,0.09,233.877,7.2,81.91000366210938,82.1,106.94,3.39,16.519285202026367,71.6595,1.0789,0.2617
8/5/13,3.73,0.08,233.877,7.2,81.87999725341797,82.1,106.61,3.33,16.766071319580078,74.5073,1.2066,0.2617
8/6/13,3.73,0.09,233.877,7.2,81.59999847,82.1,105.32,3.35,16.616071701049805,69.9091,1.074,0.2644
8/7/13,3.68,0.09,233.877,7.2,81.29000091552734,82.1,104.41,3.32,16.606428146362305,69.6117,1.0212,0.257
8/8/13,3.65,0.09,233.877,7.2,81.01000213623047,82.1,103.45,3.27,16.464643478393555,68.5417,1.2022,0.2522
8/9/13,3.63,0.08,233.877,7.2,81.12999725341797,82.1,106.04,3.32,16.230356216430664,61.2627,0.9574,0.2505
8/12/13,3.67,0.08,233.877,7.2,81.33000183105469,82.1,106.19,3.34,16.691429138183594,68.3796,1.5819,0.264
8/13/13,3.75,0.08,233.877,7.2,81.73000336,82.1,106.78,3.34,17.484643936157227,76.4095,1.6076,0.3054
8/14/13,3.75,0.09,233.877,7.2,81.69999694824219,82.1,106.89,3.36,17.803571701049805,78.7465,1.9457,0.3161
8/15/13,3.81,0.08,233.877,7.2,81.12999725341797,82.1,107.43,3.34,17.782499313354492,78.1953,1.8509,0.3229
8/16/13,3.86,0.09,233.877,7.2,81.26000213623047,82.1,107.58,3.35,17.940357208251953,79.3608,1.7786,0.311
8/19/13,3.89,0.09,233.877,7.2,81.23000336,82.1,107.14,3.46,18.13357162475586,80.7192,1.776,0.314
8/20/13,3.86,0.09,233.877,7.2,80.91000366210938,82.1,104.9,3.48,17.895357131958008,74.2321,1.5939,0.3131
8/21/13,3.9,0.08,233.877,7.2,81.31999969482422,82.1,103.93,3.51,17.941429138183594,74.6563,1.5064,0.3042
8/22/13,3.88,0.09,233.877,7.2,81.48999786376953,82.1,104.93,3.52,17.96285629272461,74.8636,1.3447,0.2988
8/23/13,3.8,0.08,233.877,7.2,81.33999633789062,82.1,106.48,3.5,17.893571853637695,72.7906,1.0723,0.2863
8/26/13,3.77,0.08,233.877,7.2,81.37000274658203,82.1,105.88,3.55,17.963214874267578,73.5824,1.2617,0.2873
8/27/13,3.7,0.07,233.877,7.2,81.16999816894531,82.1,109.11,3.5,17.449642181396484,59.7688,0.8251,0.3036
8/28/13,3.75,0.07,233.877,7.2,81.41999816894531,82.1,110.17,3.54,17.532142639160156,61.0322,0.9247,0.3036
8/29/13,3.7,0.08,233.877,7.2,81.94999694824219,82.1,108.51,3.58,17.560714721679688,61.4863,1.1526,0.2943
8/30/13,3.7,0.07,233.877,7.2,82.08999633789062,82.1,107.98,3.57,17.400714874267578,57.4643,0.6144,0.2875
9/3/13,3.79,0.09,234.149,7.2,82.36000061035156,77.5,108.67,3.64,17.44928550720215,58.3566,-0.0306,0.2965
9/4/13,3.8,0.08,234.149,7.2,82.16999816894531,77.5,107.29,3.68,17.81035614013672,64.3305,0.0059,0.3056
9/5/13,3.88,0.08,234.149,7.2,82.62999725341797,77.5,108.5,3.7,17.688213348388672,61.135,-0.0817,0.2993
9/6/13,3.87,0.08,234.149,7.2,82.15000153,77.5,110.62,3.55,17.79357147216797,62.8487,-0.1272,0.2988
9/9/13,3.84,0.08,234.149,7.2,81.79000091552734,77.5,109.62,3.62,18.077499389648438,67.0637,-0.0486,0.2989
9/10/13,3.88,0.08,234.149,7.2,81.81999969482422,77.5,107.48,3.65,17.665714263916016,56.9687,-0.199,0.3172
9/11/13,3.85,0.08,234.149,7.2,81.51999664,77.5,107.65,3.6,16.703929901123047,41.3228,-1.0721,0.3605
9/12/13,3.85,0.08,234.149,7.2,81.48999786376953,77.5,108.72,3.57,16.881786346435547,44.3657,-0.9366,0.3555
9/13/13,3.84,0.08,234.149,7.2,81.44999694824219,77.5,108.31,3.6,16.60357093811035,40.8013,-1.1176,0.3477
9/16/13,3.87,0.08,234.149,7.2,81.25,77.5,106.54,3.64,16.075714111328125,35.048,-1.6353,0.362
9/17/13,3.84,0.08,234.149,7.2,81.16999816894531,77.5,105.36,3.77,16.261428833007812,38.3422,-1.0294,0.3631
9/18/13,3.75,0.08,234.149,7.2,80.23999786376953,77.5,108.23,3.72,16.595714569091797,43.8614,-0.8112,0.3615
9/19/13,3.8,0.09,234.149,7.2,80.36000061035156,77.5,106.26,3.73,16.867856979370117,47.9464,-0.6003,0.3604
9/20/13,3.77,0.08,234.149,7.2,80.44000244140625,77.5,104.7,3.68,16.693214416503906,45.6507,-0.6128,0.3624
9/23/13,3.73,0.09,234.149,7.2,80.44999694824219,77.5,103.62,3.66,17.522857666015625,56.3445,0.0637,0.4017
9/24/13,3.67,0.09,234.149,7.2,80.55999755859375,77.5,103.22,3.59,17.467857360839844,55.5639,-0.2968,0.3899
9/25/13,3.65,0.08,234.149,7.2,80.33000183105469,77.5,102.68,3.52,17.197500228881836,51.7677,-0.4251,0.3802
9/26/13,3.69,0.08,234.149,7.2,80.51999664,77.5,103.1,3.49,17.364999771118164,53.8705,-0.3713,0.3686
9/27/13,3.68,0.08,234.149,7.2,80.26999664,77.5,102.86,3.51,17.241071701049805,52.062,-0.7247,0.3544
9/30/13,3.69,0.06,234.149,7.2,80.22000122070312,77.5,102.36,3.48,17.02678680419922,48.9989,-0.5536,0.3475
10/1/13,3.72,0.08,233.546,7.2,80.09999847,73.2,102.09,3.56,17.427143096923828,54.3974,0.6266,0.3501
10/2/13,3.7,0.07,233.546,7.2,79.87999725341797,73.2,104.15,3.63,17.484285354614258,55.1275,0.522,0.3429
10/3/13,3.71,0.08,233.546,7.2,79.76999664,73.2,103.29,3.58,17.26464272,51.7012,0.5727,0.344
10/4/13,3.73,0.08,233.546,7.2,80.12000274658203,73.2,103.83,3.57,17.25107192993164,51.4882,1.0183,0.3327
10/7/13,3.7,0.08,233.546,7.2,79.94000244140625,73.2,103.07,3.62,17.41964340209961,54.0214,1.0034,0.3302
10/8/13,3.7,0.08,233.546,7.2,80.05999755859375,73.2,103.54,3.72,17.176429748535156,49.9673,0.5031,0.3289
10/9/13,3.73,0.09,233.546,7.2,80.37000274658203,73.2,101.63,3.7,17.37821388244629,53.1102,0.4421,0.3265
10/10/13,3.75,0.09,233.546,7.2,80.41999816894531,73.2,103.08,3.74,17.48714256286621,54.7628,0.6878,0.316
10/11/13,3.74,0.1,233.546,7.2,80.36000061035156,73.2,102.17,3.74,17.600357055664062,56.4817,0.0672,0.3126
10/14/13,.,0.1,233.546,7.2,80.26000213623047,73.2,102.46,3.82,17.715713500976562,58.2204,0.2147,0.3084
10/15/13,3.78,0.1,233.546,7.2,80.48000336,73.2,101.15,3.83,17.809999465942383,59.6406,0.5307,0.3007
10/16/13,3.72,0.11,233.546,7.2,80.5,73.2,102.34,3.84,17.896785736083984,60.9583,0.4608,0.2878
10/17/13,3.66,0.1,233.546,7.2,79.65000153,73.2,100.72,3.75,18.01785659790039,62.779,0.673,0.2785
10/18/13,3.65,0.1,233.546,7.2,79.63999938964844,73.2,100.87,3.72,18.17464256286621,65.0543,0.9945,0.2691
10/21/13,3.68,0.09,233.546,7.2,79.68000030517578,73.2,99.28,3.77,18.62000084,70.5604,1.0335,0.2839
10/22/13,3.61,0.08,233.546,7.2,79.23999786376953,73.2,97.63,3.7,18.56678581237793,69.1543,0.9378,0.3088
10/23/13,3.59,0.08,233.546,7.2,79.26000213623047,73.2,96.9,3.66,18.748571395874023,71.2562,1.2856,0.3015
10/24/13,3.61,0.08,233.546,7.2,79.19000244140625,73.2,96.65,3.65,18.99678611755371,73.8729,1.5124,0.3021
10/25/13,3.6,0.08,233.546,7.2,79.18000030517578,73.2,97.4,3.69,18.784286499023438,68.151,1.1822,0.2985
10/28/13,3.61,0.08,233.546,7.2,79.25,73.2,98.74,3.61,18.924285888671875,69.8087,1.5142,0.2944
10/29/13,3.62,0.08,233.546,7.2,79.62999725341797,73.2,98.29,3.57,18.452856063842773,58.7208,0.931,0.3279
10/30/13,3.63,0.08,233.546,7.2,79.75,73.2,96.81,3.55,18.746429443359375,62.6942,1.091,0.3285
10/31/13,3.63,0.07,233.546,7.2,80.19999694824219,73.2,96.29,3.57,18.667856216430664,61.0059,0.9249,0.3188
11/1/13,3.69,0.08,233.069,6.9,80.73000336,75.1,94.56,3.45,18.572500228881836,58.9247,0.7423,0.3158
11/4/13,3.7,0.08,233.069,6.9,80.55000305175781,75.1,94.58,3.38,18.8125,62.3989,0.8685,0.3109
11/5/13,3.76,0.08,233.069,6.9,80.70999908447266,75.1,93.4,3.37,18.766071319580078,61.3176,0.753,0.3017
11/6/13,3.77,0.08,233.069,6.9,80.48000336,75.1,94.74,3.46,18.604286193847656,60.0437,0.6024,0.295
11/7/13,3.71,0.08,233.069,6.9,80.81999969482422,75.1,94.25,3.59,18.303213119506836,53.2191,0.2043,0.298
11/8/13,3.84,0.08,233.069,6.9,81.20999908447266,75.1,94.56,3.54,18.591428756713867,58.1258,0.0695,0.2959
11/11/13,.,0.08,233.069,6.9,81.08999633789062,75.1,95.13,3.62,18.537500381469727,56.9209,0.0687,0.2909
11/12/13,3.86,0.08,233.069,6.9,81.19000244140625,75.1,93.12,3.69,18.571786880493164,57.5242,-0.059,0.2855
11/13/13,3.83,0.08,233.069,6.9,80.93000030517578,75.1,93.91,3.69,18.593929290771484,57.9357,-0.2546,0.2769
11/14/13,3.79,0.09,233.069,6.9,80.98000336,75.1,93.76,3.52,18.862857818603516,62.6372,0.1638,0.2763
11/15/13,3.8,0.09,233.069,6.9,80.83999633789062,75.1,93.8,3.56,18.749643325805664,59.6157,-0.056,0.2668
11/18/13,3.76,0.09,233.069,6.9,80.83000183105469,75.1,93.03,3.71,18.522499084472656,53.9854,0.1543,0.2677
11/19/13,3.8,0.09,233.069,6.9,80.69999694824219,75.1,93.35,3.63,18.555356979370117,54.6531,-0.0713,0.2606
11/20/13,3.9,0.09,233.069,6.9,81.11000061035156,75.1,93.34,3.63,18.39285659790039,50.7363,-0.145,0.2555
11/21/13,3.89,0.09,233.069,6.9,81.05000305175781,75.1,95.35,3.68,18.61214256286621,55.3804,0.1286,0.2541
11/22/13,3.84,0.09,233.069,6.9,80.70999908447266,75.1,94.53,3.78,18.564285278320312,54.1827,-0.1209,0.244
11/25/13,3.83,0.09,233.069,6.9,80.91999816894531,75.1,93.86,3.85,18.704999923706055,57.1274,0.042,0.24
11/26/13,3.8,0.09,233.069,6.9,80.61000061035156,75.1,93.41,3.87,19.049999237060547,63.3472,0.3884,0.2505
11/27/13,3.81,0.09,233.069,6.9,80.73999786376953,75.1,92.05,3.87,19.498571395874023,69.5357,1.0416,0.2606
11/29/13,3.82,0.07,233.069,6.9,80.68000030517578,75.1,92.55,3.87,19.859643936157227,73.4252,1.1052,0.2695
12/2/13,3.86,0.09,233.049,6.7,80.91000366210938,82.5,93.61,3.85,19.686786651611328,68.8906,1.0016,0.2803
12/3/13,3.84,0.09,233.049,6.7,80.62000274658203,82.5,95.83,3.84,20.22571373,74.2341,1.4414,0.2939
12/4/13,3.9,0.09,233.049,6.7,80.62999725341797,82.5,96.97,3.89,20.178571701049805,73.0505,1.3808,0.2915
12/5/13,3.92,0.09,233.049,6.7,80.26999664,82.5,97.14,3.97,20.282142639160156,74.0291,1.2369,0.2932
12/6/13,3.9,0.09,233.049,6.7,80.26999664,82.5,97.48,4.15,20.000713348388672,66.9196,1.0902,0.2908
12/9/13,3.88,0.09,233.049,6.7,80.12999725341797,82.5,97.1,4.24,20.229642868041992,69.4864,1.4877,0.2913
12/10/13,3.83,0.09,233.049,6.7,79.97000122070312,82.5,98.32,4.24,20.198213577270508,68.6983,1.4317,0.2853
12/11/13,3.87,0.08,233.049,6.7,79.88999938964844,82.5,97.25,4.24,20.04857063293457,64.9227,1.4429,0.29
12/12/13,3.91,0.09,233.049,6.7,80.19999694824219,82.5,97.21,4.4,20.019285202026367,64.1793,1.2264,0.2811
12/13/13,3.88,0.08,233.049,6.7,80.20999908447266,82.5,96.27,4.44,19.801071166992188,58.7786,1.0778,0.2815
12/16/13,3.9,0.09,233.049,6.7,80.06999969482422,82.5,97.18,4.21,19.91071319580078,60.5739,1.0507,0.2797
12/17/13,3.88,0.09,233.049,6.7,80.05999755859375,82.5,96.99,4.2,19.82107162475586,58.3369,0.6719,0.2732
12/18/13,3.9,0.09,233.049,6.7,80.11000061035156,82.5,97.59,4.25,19.67035675048828,54.6806,0.1497,0.2896
12/19/13,3.91,0.09,233.049,6.7,80.62999725341797,82.5,98.4,4.25,19.44499969482422,49.6679,-0.3613,0.2846
12/20/13,3.82,0.09,233.049,6.7,80.58000183105469,82.5,99.11,4.35,19.60785675048828,53.0197,-0.0688,0.2802
12/23/13,3.85,0.09,233.049,6.7,80.44999694824219,82.5,98.62,4.52,20.36035728,64.7128,0.1173,0.3084
12/24/13,3.9,0.08,233.049,6.7,80.52999877929688,82.5,98.87,4.52,20.273929595947266,62.7801,0.0831,0.2994
12/26/13,3.92,0.08,233.049,6.7,80.48000336,82.5,99.18,4.4,20.139286041259766,59.7845,-0.1245,0.2916
12/27/13,3.94,0.08,233.049,6.7,80.38999938964844,82.5,99.94,4.34,20.00321388244629,56.8331,0.0022,0.2817
12/30/13,3.9,0.08,233.049,6.7,80,82.5,98.9,4.41,19.804285049438477,52.7344,-0.3707,0.2788
12/31/13,3.96,0.07,233.049,6.7,80.04000091552734,82.5,98.17,4.31,20.036428451538086,56.6622,-0.141,0.2751
1/2/14,3.92,0.08,233.916,6.6,80.62999725341797,81.2,95.14,4.32,19.754642486572266,51.11,-0.2561,0.2755
1/3/14,3.93,0.08,233.916,6.6,80.79000091552734,81.2,93.66,4.39,19.320714950561523,43.9656,-0.6088,0.2853
1/6/14,3.9,0.08,233.916,6.6,80.65000153,81.2,93.12,4.5,19.426071166992188,45.9414,-0.3268,0.2943
1/7/14,3.88,0.07,233.916,6.6,80.83000183105469,81.2,93.31,4.58,19.28714370727539,43.7493,-0.5435,0.2911
1/8/14,3.9,0.07,233.916,6.6,81.04000091552734,81.2,91.9,4.36,19.409286499023438,46.1809,-0.3588,0.2856
1/9/14,3.88,0.07,233.916,6.6,81.01000213623047,81.2,91.36,4.15,19.161428451538086,42.197,-0.4435,0.2908
1/10/14,3.8,0.07,233.916,6.6,80.66000366210938,81.2,92.39,3.95,19.033571243286133,40.268,-0.3585,0.2915
1/13/14,3.77,0.07,233.916,6.6,80.51000213623047,81.2,91.45,4.19,19.133214950561523,42.4756,-0.4136,0.2988
1/14/14,3.8,0.07,233.916,6.6,80.61000061035156,81.2,92.15,4.36,19.51392936706543,50.069,-0.7376,0.3019
1/15/14,3.81,0.07,233.916,6.6,81,81.2,93.78,4.45,19.90571403503418,56.4412,-0.3209,0.311
1/16/14,3.77,0.07,233.916,6.6,80.90000153,81.2,93.54,4.55,19.79464340209961,54.3245,-0.3003,0.3014
1/17/14,3.75,0.07,233.916,6.6,81.26000213623047,81.2,93.96,4.39,19.309642791748047,46.1805,-0.6044,0.3118
1/21/14,3.74,0.07,233.916,6.6,81.09999847,81.2,94.51,4.61,19.609643936157227,51.0671,-0.1696,0.311
1/22/14,3.75,0.07,233.916,6.6,81.16999816894531,81.2,96.35,4.92,19.696786880493164,52.4186,-0.296,0.3098
1/23/14,3.68,0.07,233.916,6.6,80.44000244140625,81.2,97.23,5.64,19.863571166992188,54.9813,0.0949,0.3137
1/24/14,3.64,0.07,233.916,6.6,80.45999908447266,81.2,96.66,5.17,19.502500534057617,48.8475,0.1584,0.3167
1/27/14,3.67,0.07,233.916,6.6,80.5,81.2,95.82,5.66,19.66071319580078,51.4057,0.2045,0.3142
1/28/14,3.68,0.07,233.916,6.6,80.56999969482422,81.2,97.49,5.25,18.08928680419922,33.4904,-1.0438,0.3994
1/29/14,3.62,0.07,233.916,6.6,80.51000213623047,81.2,97.34,5.23,17.883928298950195,31.9246,-1.3293,0.3903
1/30/14,3.65,0.07,233.916,6.6,81.08999633789062,81.2,98.25,5.27,17.849285125732422,31.6563,-1.1434,0.3843
1/31/14,3.61,0.07,233.916,6.6,81.26999664,81.2,97.55,5.04,17.878570556640625,32.1751,-1.0065,0.3745
2/3/14,3.55,0.07,234.781,6.7,81.01000213623047,81.6,96.44,5.04,17.911785125732422,32.7996,-1.0644,0.3665
2/4/14,3.59,0.07,234.781,6.7,81.12000274658203,81.6,97.24,5.78,18.171070098876953,37.6282,-1.1702,0.358
2/5/14,3.66,0.07,234.781,6.7,81.02999877929688,81.6,97.4,8.12,18.306785583496094,40.0561,-1.3934,0.3525
2/6/14,3.67,0.07,234.781,6.7,80.88999938964844,81.6,97.84,6.9,18.30392837524414,41.9578,-1.2042,0.34
2/7/14,3.67,0.06,234.781,6.7,80.69000244140625,81.6,99.98,5.92,18.559999465942383,46.4046,-0.557,0.339
2/10/14,3.66,0.07,234.781,6.7,80.66999816894531,81.6,100.12,8.15,18.892499923706055,51.5907,-0.527,0.3461
2/11/14,3.69,0.06,234.781,6.7,80.62999725341797,81.6,99.96,7.75,19.141429901123047,55.0941,-0.3847,0.341
2/12/14,3.72,0.07,234.781,6.7,80.68000030517578,81.6,100.38,5.96,19.139999389648438,55.0695,-0.5313,0.3308
2/13/14,3.7,0.06,234.781,6.7,80.29000091552734,81.6,100.27,5.34,19.44392967224121,59.2442,0.0498,0.3309
2/14/14,3.69,0.06,234.781,6.7,80.12999725341797,81.6,100.31,5.54,19.428213119506836,58.9392,-0.1019,0.318
2/18/14,3.68,0.07,234.781,6.7,80.01000213623047,81.6,102.54,5.8,19.499643325805664,59.9483,1.3302,0.3114
2/19/14,3.71,0.07,234.781,6.7,80.16999816894531,81.6,103.46,6,19.19178581237793,53.8103,1.2393,0.3172
2/20/14,3.73,0.07,234.781,6.7,80.29000091552734,81.6,103.2,5.96,18.969642639160156,49.8444,1.0746,0.3132
2/21/14,3.69,0.07,234.781,6.7,80.23999786376953,81.6,102.53,6.24,18.758928298950195,46.3545,0.8645,0.3132
2/24/14,3.7,0.07,234.781,6.7,80.20999908447266,81.6,103.17,6.08,18.84107018,47.8863,0.9075,0.3076
2/25/14,3.66,0.07,234.781,6.7,80.15000153,81.6,102.2,5.21,18.645000457763672,44.6118,0.5097,0.3047
2/26/14,3.63,0.07,234.781,6.7,80.41000366210938,81.6,102.93,4.81,18.47678565979004,41.9607,0.244,0.304
2/27/14,3.6,0.07,234.781,6.7,80.29000091552734,81.6,102.68,4.61,18.84535789489746,49.0982,0.4746,0.3108
2/28/14,3.59,0.06,234.781,6.7,79.77999877929688,81.6,102.88,4.8,18.794286727905273,48.2134,0.2054,0.3123
3/3/14,3.55,0.07,236.293,6.7,80.06999969482422,80,105.34,7.09,18.84857177734375,49.2601,-0.0385,0.3076
3/4/14,3.64,0.07,236.293,6.7,80.16000366210938,80,103.64,7.98,18.972856521606445,51.6686,-0.1478,0.2965
3/5/14,3.64,0.08,236.293,6.7,80.11000061035156,80,101.75,6.46,19.01285743713379,52.4508,-0.1115,0.2879
3/6/14,3.68,0.08,236.293,6.7,79.68000030517578,80,101.82,4.89,18.95535659790039,51.1687,-0.4283,0.2815
3/7/14,3.72,0.08,236.293,6.7,79.72000122070312,80,102.82,4.78,18.944286346435547,50.9107,-0.4242,0.2747
3/10/14,3.73,0.08,236.293,6.7,79.75,80,101.39,4.67,18.961429595947266,51.3201,-0.4718,0.2662
3/11/14,3.7,0.08,236.293,6.7,79.76999664,80,100.29,4.67,19.14607048034668,55.6135,-0.0401,0.2647
3/12/14,3.66,0.08,236.293,6.7,79.61000061035156,80,98.29,4.72,19.164642333984375,56.0336,0.1709,0.2577
3/13/14,3.6,0.08,236.293,6.7,79.62000274658203,80,98.57,4.41,18.951786041259766,50.1732,0.1691,0.2628
3/14/14,3.59,0.08,236.293,6.7,79.44000244140625,80,99.23,4.4,18.738929748535156,45.0941,-0.0895,0.2617
3/17/14,3.63,0.08,236.293,6.7,79.38999938964844,80,98.43,4.57,18.812143325805664,47.0785,0.1465,0.2548
3/18/14,3.62,0.08,236.293,6.7,79.41000366210938,80,100.08,4.42,18.97857093811035,51.3803,0.4399,0.2517
3/19/14,3.66,0.08,236.293,6.7,79.98999786376953,80,100.71,4.43,18.97357177734375,51.2455,0.1124,0.2499
3/20/14,3.67,0.08,236.293,6.7,80.20999908447266,80,99.68,4.39,18.882143020629883,48.7285,0.077,0.244
3/21/14,3.61,0.08,236.293,6.7,80.11000061035156,80,99.97,4.33,19.031070709228516,52.7957,0.16,0.2432
3/24/14,3.57,0.09,236.293,6.7,79.93000030517578,80,100.05,4.42,19.256786346435547,58.2067,0.2489,0.2428
3/25/14,3.59,0.09,236.293,6.7,79.94000244140625,80,99.66,4.53,19.46392822265625,62.4597,0.3954,0.2402
3/26/14,3.55,0.08,236.293,6.7,79.98000336,80,100.61,4.44,19.277856826782227,56.8621,0.2827,0.2457
3/27/14,3.52,0.08,236.293,6.7,80.11000061035156,80,101.25,4.39,19.19499969482422,54.519,0.2198,0.2424
3/28/14,3.55,0.08,236.293,6.7,80.18000030517578,80,101.73,4.5,19.17357063293457,53.9004,0.186,0.2356
3/31/14,3.56,0.06,236.293,6.7,80.09999847,80,101.57,4.48,19.169286727905273,53.769,0.0204,0.2297
4/1/14,3.6,0.08,237.072,6.2,80.08000183105469,84.1,99.69,4.39,19.344642639160156,58.2535,0.1578,0.2247
4/2/14,3.65,0.09,237.072,6.2,80.22000122070312,84.1,99.6,4.39,19.376785278320312,59.0379,0.3726,0.2159
4/3/14,3.62,0.08,237.072,6.2,80.47000122070312,84.1,100.29,4.51,19.24250030517578,54.4363,0.4414,0.2114
4/4/14,3.59,0.08,237.072,6.2,80.41999816894531,84.1,101.16,4.49,18.99357032775879,47.1065,0.159,0.2174
4/7/14,3.56,0.09,237.072,6.2,80.22000122070312,84.1,100.43,4.58,18.695356369018555,40.1345,-0.2483,0.2241
4/8/14,3.54,0.08,237.072,6.2,79.75,84.1,102.57,4.57,18.694286346435547,40.1115,-0.2448,0.2247
4/9/14,3.57,0.08,237.072,6.2,79.48000336,84.1,103.55,4.67,18.940000534057617,47.5284,0.0507,0.2276
4/10/14,3.52,0.08,237.072,6.2,79.37999725341797,84.1,103.37,4.67,18.695714950561523,41.9641,-0.294,0.2316
4/11/14,3.48,0.09,237.072,6.2,79.44999694824219,84.1,103.68,4.67,18.55750084,39.17,-0.613,0.2292
4/14/14,3.48,0.09,237.072,6.2,79.73000336,84.1,104.05,4.64,18.63142967224121,41.4169,-0.7298,0.2239
4/15/14,3.46,0.1,237.072,6.2,79.80000305175781,84.1,103.7,4.69,18.498571395874023,38.6536,-0.6832,0.2311
4/16/14,3.45,0.09,237.072,6.2,79.81999969482422,84.1,103.71,4.64,18.53607177734375,39.8731,-0.5776,0.2301
4/17/14,3.52,0.09,237.072,6.2,79.83000183105469,84.1,104.33,4.64,18.74785614013672,46.358,-0.3732,0.2333
4/21/14,3.52,0.1,237.072,6.2,79.94999694824219,84.1,104.35,4.76,18.97035789489746,52.1919,-0.1744,0.2349
4/22/14,3.5,0.1,237.072,6.2,79.91000366210938,84.1,101.69,4.76,18.989286422729492,52.6627,-0.3115,0.23
4/23/14,3.47,0.1,237.072,6.2,79.86000061035156,84.1,101.47,4.81,18.741071701049805,46.2236,-0.5573,0.2298
4/24/14,3.46,0.1,237.072,6.2,79.80000305175781,84.1,102.2,4.81,20.27750015258789,70.374,0.9073,0.3146
4/25/14,3.45,0.09,237.072,6.2,79.76999664,84.1,100.85,4.83,20.426429748535156,71.7007,1.2561,0.3101
4/28/14,3.47,0.09,237.072,6.2,79.68000030517578,84.1,101.13,4.72,21.217500686645508,77.4715,2.211,0.3412
4/29/14,3.49,0.1,237.072,6.2,79.80999755859375,84.1,101.56,4.78,21.15464210510254,76.1429,2.1568,0.3313
4/30/14,3.47,0.09,237.072,6.2,79.48999786376953,84.1,100.07,4.79,21.074642181396484,74.3941,1.8713,0.3291
5/1/14,3.41,0.09,237.9,6.3,79.52999877929688,81.9,99.69,4.79,21.124286651611328,74.7811,2.129,0.3245
5/2/14,3.37,0.09,237.9,6.3,79.51999664,81.9,100.09,4.73,21.163570404052734,75.1019,2.2846,0.3114
5/5/14,3.41,0.09,237.9,6.3,79.48999786376953,81.9,99.74,4.73,21.46285629272461,77.4545,2.4821,0.3137
5/6/14,3.38,0.09,237.9,6.3,79.13999938964844,81.9,99.81,4.8,21.22892951965332,71.748,2.3935,0.3137
5/7/14,3.4,0.08,237.9,6.3,79.22000122070312,81.9,101.06,4.82,21.15464210510254,69.9847,2.2955,0.3127
5/8/14,3.45,0.08,237.9,6.3,79.43000030517578,81.9,100.52,4.77,20.999643325805664,69.062,2.077,0.3083
5/9/14,3.47,0.08,237.9,6.3,79.90000153,81.9,100.32,4.59,20.91214370727539,66.8375,1.8049,0.3035
5/12/14,3.49,0.08,237.9,6.3,79.90000153,81.9,100.89,4.52,21.172500610351562,69.942,2.0178,0.3001
5/13/14,3.45,0.09,237.9,6.3,80.13999938964844,81.9,102.01,4.47,21.205713272094727,70.3238,2.2646,0.2873
5/14/14,3.37,0.08,237.9,6.3,80.06999969482422,81.9,102.63,4.47,21.20964241027832,70.3717,0.9212,0.2795
5/15/14,3.33,0.09,237.9,6.3,80,81.9,101.74,4.42,21.029285430908203,65.1672,0.6316,0.2788
5/16/14,3.34,0.09,237.9,6.3,80.04000091552734,81.9,102.31,4.42,21.339643478393555,69.3658,0.2117,0.2862
5/19/14,3.39,0.09,237.9,6.3,79.98999786376953,81.9,102.95,4.54,21.592500686645508,72.2957,0.4898,0.2882
5/20/14,3.38,0.09,237.9,6.3,80.04000091552734,81.9,102.8,4.53,21.596786499023438,72.344,0.5637,0.2804
5/21/14,3.42,0.09,237.9,6.3,80.09999847,81.9,104.31,4.57,21.653928756713867,73.0192,0.5705,0.2708
5/22/14,3.43,0.09,237.9,6.3,80.25,81.9,104.03,4.57,21.688213348388672,73.4382,0.5663,0.2644
5/23/14,3.4,0.09,237.9,6.3,80.38999938964844,81.9,105.01,4.4,21.93321418762207,76.2737,0.5199,0.2641
5/27/14,3.37,0.09,237.9,6.3,80.34999847,81.9,104.78,4.4,22.343929290771484,80.1074,1.087,0.2716
5/28/14,3.29,0.09,237.9,6.3,80.56999969482422,81.9,103.37,4.56,22.28607177734375,78.1907,1.1012,0.2658
5/29/14,3.31,0.09,237.9,6.3,80.48999786376953,81.9,104.26,4.63,22.692142486572266,81.5308,1.492,0.2757
5/30/14,3.33,0.08,237.9,6.3,80.37000274658203,81.9,103.4,4.49,22.60714340209961,78.81,1.4941,0.2904
6/2/14,3.38,0.09,238.343,6.1,80.63999938964844,82.5,103.07,4.49,22.451786041259766,73.9524,1.1277,0.2974
6/3/14,3.43,0.1,238.343,6.1,80.55000305175781,82.5,103.34,4.62,22.769285202026367,77.0638,1.3783,0.2997
6/4/14,3.45,0.09,238.343,6.1,80.66999816894531,82.5,103.27,4.62,23.029285430908203,79.2497,1.6041,0.3048
6/5/14,3.44,0.09,238.343,6.1,80.37000274658203,82.5,103.17,4.66,23.11964225769043,79.9643,1.8427,0.2982
6/6/14,3.44,0.09,238.343,6.1,80.41000366210938,82.5,103.32,4.66,23.05607032775879,77.9308,1.5131,0.2922
6/9/14,3.45,0.09,238.343,6.1,80.65000153,82.5,105.09,4.67,23.424999237060547,80.9575,1.6154,0.3048
6/10/14,3.47,0.09,238.343,6.1,80.81999969482422,82.5,105.02,4.67,23.5625,81.951,1.7329,0.3064
6/11/14,3.47,0.09,238.343,6.1,80.79000091552734,82.5,105.04,4.51,23.46500015258789,78.8111,1.5965,0.3048
6/12/14,3.41,0.09,238.343,6.1,80.58000183105469,82.5,107.2,4.51,23.072500228881836,67.5851,1.2203,0.318
6/13/14,3.41,0.1,238.343,6.1,80.58000183105469,82.5,107.49,4.7,22.81999969482422,61.5147,0.7818,0.3198
6/16/14,3.4,0.1,238.343,6.1,80.47000122070312,82.5,107.52,4.71,23.049999237060547,64.631,0.6224,0.3201
6/17/14,3.44,0.1,238.343,6.1,80.62999725341797,82.5,106.95,4.68,23.020000457763672,63.9041,0.647,0.3114
6/18/14,3.43,0.1,238.343,6.1,80.58000183105469,82.5,106.64,4.68,23.045000076293945,64.2648,0.3111,0.304
6/19/14,3.47,0.1,238.343,6.1,80.31999969482422,82.5,107.08,4.67,22.96500015258789,62.1255,0.3155,0.2974
6/20/14,3.44,0.1,238.343,6.1,80.37000274658203,82.5,107.95,4.53,22.727500915527344,56.1497,0.2431,0.3021
6/23/14,3.45,0.1,238.343,6.1,80.26000213623047,82.5,106.83,4.53,22.707500457763672,55.6642,-0.0544,0.2966
6/24/14,3.41,0.1,238.343,6.1,80.33000183105469,82.5,106.64,4.49,22.56999969482422,52.3146,-0.4049,0.2998
6/25/14,3.38,0.1,238.343,6.1,80.22000122070312,82.5,107.04,4.58,22.59000015258789,52.7599,-0.4669,0.2949
6/26/14,3.35,0.1,238.343,6.1,80.23000336,82.5,106.49,4.58,22.725000381469727,55.7627,-0.2918,0.2935
6/27/14,3.36,0.1,238.343,6.1,80.04000091552734,82.5,106.46,4.39,22.99500084,61.0898,-0.3791,0.2919
6/30/14,3.34,0.09,238.343,6.1,79.77999877929688,82.5,106.07,4.39,23.232500076293945,65.074,-0.2909,0.2985
7/1/14,3.4,0.1,238.25,6.2,79.81999969482422,81.8,106.06,4.47,23.37999916,67.3125,-0.0749,0.2952
7/2/14,3.46,0.1,238.25,6.2,79.95999908447266,81.8,105.18,4.47,23.37000084,66.999,0.2623,0.2894
7/3/14,3.47,0.09,238.25,6.2,80.20999908447266,81.8,104.76,4.31,23.50749969482422,69.1283,0.6061,0.2829
7/7/14,3.44,0.1,238.25,6.2,80.22000122070312,81.8,104.19,4.31,23.99250030517578,75.2002,0.8304,0.2935
7/8/14,3.38,0.09,238.25,6.2,80.18000030517578,81.8,104.06,4.18,23.837499618530273,70.4423,0.7207,0.3179
7/9/14,3.37,0.09,238.25,6.2,79.98999786376953,81.8,102.93,4.17,23.84749984741211,70.5721,0.7074,0.3139
7/10/14,3.38,0.09,238.25,6.2,80.12999725341797,81.8,103.61,4.15,23.760000228881836,67.7297,0.6997,0.3234
7/11/14,3.34,0.09,238.25,6.2,80.19000244140625,81.8,101.48,4.13,23.80500030517578,68.443,0.9499,0.3165
7/14/14,3.36,0.09,238.25,6.2,80.19000244140625,81.8,101.73,4.13,24.112499237060547,72.7549,1.2386,0.3202
7/15/14,3.37,0.09,238.25,6.2,80.38999938964844,81.8,100.56,4.13,23.829999923706055,64.0907,1.1107,0.326
7/16/14,3.35,0.09,238.25,6.2,80.55999755859375,81.8,101.88,4.16,23.69499969482422,60.3896,0.9741,0.3398
7/17/14,3.27,0.09,238.25,6.2,80.51999664,81.8,103.84,4.04,23.272499084472656,50.5504,0.4826,0.3582
7/18/14,3.29,0.09,238.25,6.2,80.51999664,81.8,103.83,4.08,23.607500076293945,56.5899,0.5399,0.3597
7/21/14,3.26,0.1,238.25,6.2,80.55999755859375,81.8,105.34,3.87,23.485000610351562,53.9881,0.2224,0.3542
7/22/14,3.25,0.09,238.25,6.2,80.77999877929688,81.8,104.59,3.81,23.68000030517578,57.3472,0.2645,0.3438
7/23/14,3.26,0.09,238.25,6.2,80.80999755859375,81.8,103.81,3.83,24.297500610351562,65.8409,0.8176,0.369
7/24/14,3.3,0.09,238.25,6.2,80.87000274658203,81.8,102.76,3.83,24.25749969482422,64.9388,0.6612,0.3568
7/25/14,3.24,0.09,238.25,6.2,81.02999877929688,81.8,105.23,3.86,24.417499542236328,66.8957,0.3753,0.3502
7/28/14,3.26,0.09,238.25,6.2,81.02999877929688,81.8,105.68,3.84,24.75499916,70.6131,0.8088,0.3518
7/29/14,3.22,0.09,238.25,6.2,81.20999908447266,81.8,104.91,3.79,24.594999313354492,66.7816,0.6589,0.3454
7/30/14,3.31,0.09,238.25,6.2,81.41999816894531,81.8,104.29,3.78,24.537500381469727,65.4081,0.6865,0.337
7/31/14,3.32,0.08,238.25,6.2,81.45999908447266,81.8,98.23,3.78,23.899999618530273,52.5125,0.0837,0.3573
8/1/14,3.29,0.09,237.852,6.1,81.30000305175781,82.5,97.86,3.77,24.032499313354492,54.5195,-0.0705,0.3603
8/4/14,3.3,0.09,237.852,6.1,81.33000183105469,82.5,98.26,3.87,23.897499084472656,52.1032,0.0595,0.3567
8/5/14,3.28,0.09,237.852,6.1,81.51999664,82.5,97.34,3.87,23.780000686645508,50.0251,0.0749,0.352
8/6/14,3.27,0.09,237.852,6.1,81.44000244140625,82.5,96.93,3.92,23.739999771118164,49.3042,0.4121,0.339
8/7/14,3.23,0.09,237.852,6.1,81.51999664,82.5,97.34,3.99,23.62000084,49.2564,0.1146,0.344
8/8/14,3.23,0.09,237.852,6.1,81.38999938964844,82.5,97.61,3.94,23.684999465942383,50.6034,0.2804,0.3438
8/11/14,3.24,0.09,237.852,6.1,81.47000122070312,82.5,98.09,4,23.997499465942383,56.572,0.3851,0.3405
8/12/14,3.27,0.09,237.852,6.1,81.5,82.5,97.36,3.94,23.99250030517578,56.4544,-0.1637,0.3362
8/13/14,3.24,0.09,237.852,6.1,81.59999847,82.5,97.57,3.9,24.309999465942383,61.8717,0.1529,0.3323
8/14/14,3.2,0.09,237.852,6.1,81.58999633789062,82.5,95.54,3.85,24.375,62.8896,0.0692,0.3208
8/15/14,3.13,0.09,237.852,6.1,81.41999816894531,82.5,97.3,3.8,24.49500084,64.76,-0.1218,0.3189
8/18/14,3.2,0.09,237.852,6.1,81.58000183105469,82.5,96.44,3.78,24.790000915527344,68.9085,0.2806,0.3181
8/19/14,3.21,0.09,237.852,6.1,81.87999725341797,82.5,94.35,3.84,25.13249969482422,72.8978,0.6347,0.3194
8/20/14,3.22,0.09,237.852,6.1,82.25,82.5,96.4,3.88,25.142499923706055,73.0067,1.2056,0.3146
8/21/14,3.19,0.09,237.852,6.1,82.15000153,82.5,93.97,3.88,25.145000457763672,73.0359,1.091,0.3053
8/22/14,3.16,0.09,237.852,6.1,82.33999633789062,82.5,93.61,3.88,25.329999923706055,75.1739,1.3739,0.3037
8/25/14,3.13,0.09,237.852,6.1,82.55000305175781,82.5,95.39,3.94,25.385000228881836,75.7885,1.5262,0.2961
8/26/14,3.15,0.09,237.852,6.1,82.65000153,82.5,95.78,3.99,25.22249984741211,70.2464,1.4173,0.2857
8/27/14,3.11,0.09,237.852,6.1,82.43000030517578,82.5,95.82,4.02,25.532499313354492,74.1301,1.6943,0.2949
8/28/14,3.08,0.09,237.852,6.1,82.48000336,82.5,96.44,4.06,25.5625,74.477,1.6633,0.2931
8/29/14,3.09,0.07,237.852,6.1,82.75,82.5,97.86,4.04,25.625,75.2225,1.4418,0.2833
9/2/14,3.17,0.09,238.031,5.9,82.98999786376953,84.6,92.92,4.01,25.825000762939453,77.4884,1.6235,0.2827
9/3/14,3.15,0.09,238.031,5.9,82.87000274658203,84.6,95.5,3.94,24.735000610351562,50.4237,0.3765,0.3371
9/4/14,3.21,0.09,238.031,5.9,83.81999969482422,84.6,94.51,3.91,24.530000686645508,47.0923,0.1373,0.3494
9/5/14,3.23,0.09,238.031,5.9,83.76000213623047,84.6,93.32,3.86,24.74250030517578,50.7264,0.2193,0.3446
9/8/14,3.23,0.09,238.031,5.9,84.23000336,84.6,92.64,3.86,24.59000015258789,48.1693,-0.1772,0.3399
9/9/14,3.23,0.09,238.031,5.9,84.27999877929688,84.6,92.73,3.93,24.497499465942383,46.6338,-0.5626,0.4254
9/10/14,3.26,0.09,238.031,5.9,84.25,84.6,91.71,3.98,25.25,58.2843,0.0952,0.448
9/11/14,3.27,0.09,238.031,5.9,84.30000305175781,84.6,92.89,3.94,25.357500076293945,59.6399,0.1883,0.4448
9/12/14,3.35,0.09,238.031,5.9,84.23999786376953,84.6,92.18,3.82,25.415000915527344,60.3814,0.0753,0.4306
9/15/14,3.34,0.09,238.031,5.9,84.26000213623047,84.6,92.86,3.92,25.407499313354492,60.226,0.0199,0.4253
9/16/14,3.36,0.09,238.031,5.9,84.06999969482422,84.6,94.91,3.85,25.21500015258789,56.2251,-0.0064,0.4383
9/17/14,3.37,0.09,238.031,5.9,84.69999694824219,84.6,94.33,3.97,25.395000457763672,58.9699,-0.1218,0.4261
9/18/14,3.36,0.09,238.031,5.9,84.31999969482422,84.6,93.07,3.99,25.447500228881836,59.7623,-0.1019,0.4081
9/19/14,3.29,0.09,238.031,5.9,84.80000305175781,84.6,92.43,3.99,25.239999771118164,55.2225,-0.3411,0.4022
9/22/14,3.28,0.09,238.031,5.9,84.66999816894531,84.6,91.46,3.88,25.264999389648438,55.6596,-0.4961,0.3982
9/23/14,3.25,0.09,238.031,5.9,84.66000366210938,84.6,91.55,3.9,25.65999984741211,61.9745,0.8195,0.4077
9/24/14,3.28,0.09,238.031,5.9,85.05000305175781,84.6,93.6,3.84,25.4375,57.046,0.804,0.4047
9/25/14,3.22,0.09,238.031,5.9,85.19999694824219,84.6,93.59,3.89,24.467500686645508,41.5376,-0.2436,0.4395
9/26/14,3.22,0.09,238.031,5.9,85.63999938964844,84.6,95.55,3.89,25.1875,51.9743,0.5293,0.4537
9/29/14,3.18,0.08,238.031,5.9,85.58999633789062,84.6,94.53,3.89,25.02750015258789,49.8448,0.4695,0.4548
9/30/14,3.21,0.07,238.031,5.9,85.94000244140625,84.6,91.17,4.14,25.1875,51.9643,-0.0554,0.445
10/1/14,3.12,0.09,237.433,5.7,85.97000122070312,86.9,90.74,4.14,24.795000076293945,46.7456,-0.4983,0.4456
10/2/14,3.15,0.09,237.433,5.7,85.59999847,86.9,91.02,4,24.975000381469727,49.2621,-0.3898,0.4483
10/3/14,3.13,0.09,237.433,5.7,86.69000244140625,86.9,89.76,3.94,24.905000686645508,48.3061,-0.4452,0.4348
10/6/14,3.12,0.09,237.433,5.7,85.70999908447266,86.9,90.33,3.89,24.905000686645508,48.3061,-0.2746,0.4232
10/7/14,3.06,0.09,237.433,5.7,85.66999816894531,86.9,88.89,3.88,24.6875,45.1487,-0.6268,0.4149
10/8/14,3.07,0.09,237.433,5.7,85.30000305175781,86.9,87.29,3.88,25.200000762939453,52.9522,-0.2193,0.4296
10/9/14,3.07,0.08,237.433,5.7,85.51999664,86.9,85.76,3.87,25.25499916,53.7132,0.0133,0.4269
10/10/14,3.03,0.09,237.433,5.7,85.91000366210938,86.9,85.87,3.86,25.18250084,52.5075,-0.0731,0.4238
10/13/14,.,0.09,237.433,5.7,85.43000030517578,86.9,85.73,3.87,24.952499389648438,48.7674,-0.6268,0.4247
10/14/14,2.95,0.09,237.433,5.7,85.81999969482422,86.9,81.72,3.91,24.6875,44.8073,-0.6644,0.4252
10/15/14,2.92,0.09,237.433,5.7,85.15000153,86.9,81.82,3.81,24.385000228881836,40.7404,-0.0731,0.4576
10/16/14,2.94,0.09,237.433,5.7,85,86.9,82.33,3.8,24.065000534057617,36.9226,-0.9944,0.4615
10/17/14,2.98,0.09,237.433,5.7,85.19000244140625,86.9,82.8,3.73,24.417499542236328,43.2333,-0.5404,0.4719
10/20/14,2.96,0.09,237.433,5.7,84.94999694824219,86.9,82.76,3.69,24.940000534057617,51.0507,-0.2193,0.4744
10/21/14,3,0.09,237.433,5.7,85.30999755859375,86.9,83.25,3.62,25.61750030517578,58.9455,0.7287,0.4921
10/22/14,3.01,0.09,237.433,5.7,85.73999786376953,86.9,80.52,3.69,25.747499465942383,60.2696,0.6844,0.4829
10/23/14,3.05,0.09,237.433,5.7,85.83999633789062,86.9,82.81,3.6,26.207500457763672,64.6183,1.1539,0.481
10/24/14,3.05,0.09,237.433,5.7,85.73000336,86.9,81.27,3.53,26.30500030517578,65.4807,1.2403,0.4618
10/27/14,3.04,0.09,237.433,5.7,85.5,86.9,81.26,3.56,26.27750015258789,64.9994,1.4086,0.4412
10/28/14,3.06,0.09,237.433,5.7,85.41000366210938,86.9,81.36,3.53,26.684999465942383,68.6735,1.3156,0.4354
10/29/14,3.06,0.09,237.433,5.7,85.94999694824219,86.9,82.25,3.6,26.834999084472656,69.925,1.3998,0.4203
10/30/14,3.04,0.09,237.433,5.7,86.15000153,86.9,81.06,3.76,26.74500084,68.1654,1.3843,0.4132
10/31/14,3.07,0.07,237.433,5.7,86.87999725341797,86.9,80.53,3.82,27,70.4354,1.8139,0.4005
11/3/14,3.07,0.09,236.151,5.8,87.30999755859375,88.8,78.77,3.82,27.350000381469727,73.2544,2.3588,0.4083
11/4/14,3.05,0.1,236.151,5.8,86.98000336,88.8,77.15,3.67,27.149999618530273,69.1943,2.4496,0.4071
11/5/14,3.06,0.09,236.151,5.8,87.44000244140625,88.8,78.71,3.83,27.21500015258789,69.7805,2.7907,0.3966
11/6/14,3.09,0.09,236.151,5.8,88.01000213623047,88.8,77.87,3.92,27.174999237060547,70.5013,2.547,0.384
11/7/14,3.04,0.09,236.151,5.8,87.63999938964844,88.8,78.71,3.92,27.252500534057617,71.2431,2.1531,0.3688
11/10/14,3.09,0.09,236.151,5.8,87.80999755859375,88.8,77.43,4.18,27.207500457763672,70.1401,1.5128,0.353
11/11/14,.,0.09,236.151,5.8,87.52999877929688,88.8,77.85,4.18,27.424999237060547,72.367,1.5912,0.3492
11/12/14,3.09,0.09,236.151,5.8,87.81999969482422,88.8,77.16,4.2,27.8125,75.826,1.5284,0.357
11/13/14,3.08,0.09,236.151,5.8,87.66999816894531,88.8,74.13,4.2,28.204999923706055,78.7303,1.7913,0.3664
11/14/14,3.04,0.09,236.151,5.8,87.52999877929688,88.8,75.91,4.05,28.545000076293945,80.8739,2.1182,0.362
11/17/14,3.06,0.1,236.151,5.8,87.93000030517578,88.8,75.64,4.26,28.497499465942383,79.666,1.7149,0.3994
11/18/14,3.05,0.11,236.151,5.8,87.58000183105469,88.8,74.55,4.33,28.86750030517578,81.93,1.9112,0.3995
11/19/14,3.08,0.1,236.151,5.8,87.65000153,88.8,74.55,4.41,28.667499542236328,76.9429,1.813,0.4018
11/20/14,3.05,0.1,236.151,5.8,87.58999633789062,88.8,75.63,4.41,29.077499389648438,79.6743,1.9519,0.4079
11/21/14,3.02,0.1,236.151,5.8,88.30999755859375,88.8,76.52,4.32,29.11750030517578,79.9242,1.6774,0.4032
11/24/14,3.01,0.1,236.151,5.8,88.15000153,88.8,75.74,4.09,29.657499313354492,82.9623,2.3339,0.4109
11/25/14,2.97,0.1,236.151,5.8,87.91999816894531,88.8,74.04,4.09,29.399999618530273,76.9941,2.0484,0.4181
11/26/14,2.95,0.1,236.151,5.8,87.61000061035156,88.8,73.7,4.15,29.75,79.1955,2.2911,0.4121
11/28/14,2.89,0.08,236.151,5.8,88.36000061035156,88.8,65.94,4.3,29.732500076293945,78.7896,2.2066,0.4041
12/1/14,2.95,0.13,234.812,5.6,87.94999694824219,93.6,68.98,4.3,28.767499923706055,60.4022,1.388,0.502
12/2/14,3,0.12,234.812,5.6,88.65000153,93.6,66.99,3.77,28.657499313354492,58.72,1.0966,0.5138
12/3/14,2.99,0.12,234.812,5.6,88.95999908447266,93.6,67.3,3.63,28.982500076293945,62.0802,1.041,0.5045
12/4/14,2.94,0.12,234.812,5.6,88.69999694824219,93.6,66.73,3.63,28.872499465942383,60.2913,0.5939,0.4988
12/5/14,2.97,0.12,234.812,5.6,89.33000183105469,93.6,65.89,3.42,28.75,58.2773,0.1824,0.486
12/8/14,2.9,0.12,234.812,5.6,89.04000091552734,93.6,63.13,3.42,28.100000381469727,48.9363,-0.3537,0.505
12/9/14,2.87,0.12,234.812,5.6,88.69000244140625,93.6,63.74,3.63,28.530000686645508,54.1697,-0.3003,0.5476
12/10/14,2.83,0.12,234.812,5.6,88.26999664,93.6,60.99,3.65,27.987499237060547,47.5486,-0.605,0.5611
12/11/14,2.84,0.12,234.812,5.6,88.66000366210938,93.6,60.01,3.68,27.905000686645508,46.6155,-1.0432,0.5601
12/12/14,2.75,0.12,234.812,5.6,88.36000061035156,93.6,57.81,3.91,27.43250084,41.5823,-1.4992,0.5565
12/15/14,2.74,0.11,234.812,5.6,88.45999908447266,93.6,55.96,3.72,27.05750084,38.0584,-2.3134,0.6001
12/16/14,2.69,0.12,234.812,5.6,88.12999725341797,93.6,55.97,3.58,26.6875,34.924,-2.4146,0.6192
12/17/14,2.74,0.13,234.812,5.6,89.12999725341797,93.6,56.43,3.72,27.352500915527344,43.8858,-2.1332,0.6242
12/18/14,2.82,0.13,234.812,5.6,89.23999786376953,93.6,54.18,3.71,28.162500381469727,52.4578,-1.3969,0.6311
12/19/14,2.77,0.13,234.812,5.6,89.59999847,93.6,56.91,3.71,27.94499969482422,50.2386,-0.7318,0.6111
12/22/14,2.75,0.13,234.812,5.6,89.76999664,93.6,55.25,3.05,28.235000610351562,53.0883,-0.3759,0.5946
12/23/14,2.85,0.13,234.812,5.6,90.05999755859375,93.6,56.78,2.99,28.135000228881836,51.9828,-0.7541,0.566
12/24/14,2.83,0.13,234.812,5.6,89.97000122070312,93.6,55.7,2.99,28.002500534057617,50.4828,-0.7741,0.5367
12/26/14,2.81,0.13,234.812,5.6,90.02999877929688,93.6,54.59,2.74,28.497499465942383,55.6335,-0.2247,0.5382
12/29/14,2.78,0.13,234.812,5.6,90.19000244140625,93.6,53.46,3.07,28.477500915527344,55.3828,0.3359,0.5168
12/30/14,2.76,0.13,234.812,5.6,89.98999786376953,93.6,54.14,3.14,28.12999916,51.0766,-0.3559,0.5086
12/31/14,2.75,0.06,234.812,5.6,90.26999664,93.6,53.45,3.14,27.594999313354492,45.244,-0.3492,0.5187
1/2/15,2.69,0.12,233.707,5.7,91.08000183105469,98.1,52.72,3.01,27.332500457763672,42.6694,-0.5094,0.5466
1/5/15,2.6,0.12,233.707,5.7,91.37999725341797,98.1,50.05,3.22,26.5625,36.1677,-0.7741,0.5699
1/6/15,2.52,0.12,233.707,5.7,91.5,98.1,47.98,2.98,26.565000534057617,36.2017,-0.4371,0.5736
1/7/15,2.52,0.12,233.707,5.7,91.88999938964844,98.1,48.69,3.08,26.9375,41.2238,0.2236,0.5635
1/8/15,2.59,0.12,233.707,5.7,92.37000274658203,98.1,48.8,2.92,27.97249984741211,52.4289,0.5516,0.5931
1/9/15,2.55,0.12,233.707,5.7,91.94000244140625,98.1,48.35,2.96,28.002500534057617,52.7103,-0.1424,0.5991
1/12/15,2.49,0.12,233.707,5.7,91.98000336,98.1,46.06,2.9,27.3125,45.9739,-0.5628,0.6171
1/13/15,2.49,0.12,233.707,5.7,92.30999755859375,98.1,45.92,2.92,27.55500030517578,48.4666,-0.605,0.6349
1/14/15,2.47,0.12,233.707,5.7,92.16000366210938,98.1,48.49,3.15,27.450000762939453,47.4458,-0.6095,0.6211
1/15/15,2.4,0.12,233.707,5.7,92.34999847,98.1,46.37,3.32,26.704999923706055,40.8689,-1.1545,0.6308
1/16/15,2.44,0.13,233.707,5.7,92.51999664,98.1,48.49,3.11,26.497499465942383,39.2374,-1.7795,0.6235
1/20/15,2.39,0.12,233.707,5.7,93.05000305175781,98.1,46.79,2.94,27.18000030517578,46.7649,-1.1545,0.6263
1/21/15,2.44,0.12,233.707,5.7,92.90000153,98.1,47.85,2.94,27.387500762939453,48.84,-0.6606,0.6259
1/22/15,2.46,0.12,233.707,5.7,94.23999786376953,98.1,45.93,2.95,28.100000381469727,55.2854,0.4493,0.6276
1/23/15,2.38,0.12,233.707,5.7,95,98.1,45.26,2.96,28.24500084,56.4868,0.8119,0.618
1/26/15,2.4,0.12,233.707,5.7,94.80000305175781,98.1,44.8,2.92,28.274999618530273,56.7458,1.5237,0.5987
1/27/15,2.4,0.11,233.707,5.7,94.01999664,98.1,45.84,2.96,27.28499984741211,46.8395,0.6406,0.6206
1/28/15,2.29,0.12,233.707,5.7,94.47000122070312,98.1,44.08,2.89,28.827499389648438,58.8834,1.6816,0.719
1/29/15,2.33,0.11,233.707,5.7,94.77999877929688,98.1,44.12,2.88,29.725000381469727,63.9948,1.5593,0.7293
1/30/15,2.25,0.06,233.707,5.7,94.80000305175781,98.1,47.79,2.88,29.290000915527344,60.0954,1.1456,0.7272
2/2/15,2.25,0.12,234.722,5.5,94.5,95.4,49.25,2.88,29.657499313354492,62.1914,2.0865,0.7244
2/3/15,2.37,0.12,234.722,5.5,93.59999847,95.4,53.04,2.67,29.662500381469727,62.2205,1.8752,0.6961
2/4/15,2.39,0.11,234.722,5.5,93.98999786376953,95.4,48.45,2.73,29.889999389648438,63.5924,2.171,0.6814
2/5/15,2.42,0.12,234.722,5.5,94.69999694824219,95.4,50.48,2.66,29.985000610351562,64.8755,3.0229,0.6508
2/6/15,2.51,0.11,234.722,5.5,94.69999694824219,95.4,51.66,2.66,29.732500076293945,62.0656,2.982,0.6331
2/9/15,2.52,0.12,234.722,5.5,94.44999694824219,95.4,52.99,2.62,29.93000030517578,63.4009,2.5512,0.6103
2/10/15,2.58,0.12,234.722,5.5,94.76000213623047,95.4,50.06,2.67,30.50499916,67.0386,2.8802,0.6055
2/11/15,2.57,0.12,234.722,5.5,94.98999786376953,95.4,48.8,2.86,31.219999313354492,70.9104,2.8849,0.6085
2/12/15,2.58,0.12,234.722,5.5,94.08999633789062,95.4,51.17,2.86,31.614999771118164,72.8106,3.1087,0.6065
2/13/15,2.63,0.12,234.722,5.5,94.19999694824219,95.4,52.66,2.75,31.770000457763672,73.5409,3.2205,0.5892
2/17/15,2.73,0.12,234.722,5.5,94.05999755859375,95.4,53.56,2.75,31.957500457763672,74.4356,4.2688,0.5784
2/18/15,2.7,0.12,234.722,5.5,94.19999694824219,95.4,52.13,2.92,32.18000030517578,75.4887,3.094,0.5583
2/19/15,2.73,0.12,234.722,5.5,94.40000153,95.4,51.12,2.92,32.11249923706055,74.499,2.2363,0.5296
2/20/15,2.73,0.12,234.722,5.5,94.25,95.4,49.95,3.02,32.375,75.8439,2.8567,0.5149
2/23/15,2.66,0.11,234.722,5.5,94.56999969482422,95.4,49.56,3.22,33.25,79.7093,3.3124,0.534
2/24/15,2.6,0.11,234.722,5.5,94.48999786376953,95.4,48.48,3.22,33.04249954223633,76.5841,3.1226,0.5346
2/25/15,2.56,0.11,234.722,5.5,94.20999908447266,95.4,50.25,3.21,32.19749832,65.3478,2.1654,0.5606
2/26/15,2.63,0.11,234.722,5.5,95.29000091552734,95.4,47.65,3.21,32.60499954223633,67.7943,2.3392,0.5885
2/27/15,2.6,0.06,234.722,5.5,95.25,95.4,49.84,2.79,32.11500168,62.1127,2.1281,0.5836
3/2/15,2.68,0.12,236.119,5.4,95.45999908447266,93,49.59,2.79,32.272499084472656,63.1835,2.0924,0.5735
3/3/15,2.71,0.12,236.119,5.4,95.37999725341797,93,50.43,3,32.34000015258789,63.6575,1.6391,0.5553
3/4/15,2.72,0.11,236.119,5.4,95.97000122070312,93,51.53,3.27,32.13499832,61.0851,0.8173,0.5354
3/5/15,2.71,0.11,236.119,5.4,96.37999725341797,93,50.76,3.27,31.602500915527344,54.881,-0.0112,0.5449
3/6/15,2.83,0.12,236.119,5.4,97.62000274658203,93,49.61,2.89,31.649999618530273,55.317,-0.1072,0.5556
3/9/15,2.8,0.12,236.119,5.4,97.58999633789062,93,49.95,2.75,31.78499984741211,56.6005,-0.1541,0.5878
3/10/15,2.73,0.12,236.119,5.4,98.62000274658203,93,48.42,2.76,31.127500534057617,49.1896,-0.939,0.6004
3/11/15,2.69,0.11,236.119,5.4,99.80000305175781,93,48.06,2.76,30.559999465942383,43.8526,-1.3868,0.5999
3/12/15,2.69,0.11,236.119,5.4,99.15000153,93,47.12,2.82,31.112499237060547,49.5874,-1.1266,0.6092
3/13/15,2.7,0.11,236.119,5.4,100.33000183105469,93,44.88,2.72,30.897499084472656,47.552,-2.1013,0.6106
3/16/15,2.67,0.12,236.119,5.4,99.59999847,93,43.93,2.68,31.237499237060547,50.9787,-1.6123,0.6002
3/17/15,2.61,0.12,236.119,5.4,99.58999633789062,93,43.39,2.82,31.760000228881836,55.7622,-0.3908,0.5951
3/18/15,2.51,0.11,236.119,5.4,98.55000305175781,93,44.63,2.8,32.11750030517578,58.7295,-0.4343,0.5971
3/19/15,2.54,0.12,236.119,5.4,99.09999847,93,44.02,2.86,31.875,55.9727,-0.2155,0.5839
3/20/15,2.5,0.12,236.119,5.4,97.91000366210938,93,46,2.86,31.475000381469727,51.6975,-0.7124,0.5939
3/23/15,2.51,0.12,236.119,5.4,97.02999877929688,93,47.4,2.72,31.802499771118164,54.7542,-0.4801,0.5826
3/24/15,2.46,0.11,236.119,5.4,97.19000244140625,93,47.03,2.79,31.672500610351562,53.312,-0.4131,0.5646
3/25/15,2.5,0.12,236.119,5.4,96.98000336,93,48.75,2.77,30.844999313354492,45.1583,-0.6766,0.5791
3/26/15,2.6,0.11,236.119,5.4,97.44000244140625,93,51.41,2.77,31.059999465942383,47.4089,-0.527,0.5741
3/27/15,2.53,0.12,236.119,5.4,97.29000091552734,93,48.83,2.89,30.8125,45.1137,-0.8687,0.5616
3/30/15,2.55,0.12,236.119,5.4,97.98000336,93,48.66,2.64,31.592500686645508,52.8594,0.4154,0.5718
3/31/15,2.54,0.06,236.119,5.4,98.36000061035156,93,47.72,2.65,31.107500076293945,48.2955,0.489,0.565
4/1/15,2.47,0.12,236.599,5.4,98.19000244140625,95.9,50.12,2.62,31.0625,47.8824,-0.0447,0.5569
4/2/15,2.53,0.12,236.599,5.4,97.44000244140625,95.9,49.13,2.63,31.329999923706055,50.588,0.3863,0.5389
4/6/15,2.57,0.13,236.599,5.4,97.11000061035156,95.9,52.08,2.63,31.837499618530273,55.3264,0.5359,0.5512
4/7/15,2.52,0.12,236.599,5.4,97.83000183105469,95.9,53.95,2.71,31.502500534057617,51.7955,-0.23,0.546
4/8/15,2.53,0.12,236.599,5.4,98.06999969482422,95.9,50.44,2.71,31.399999618530273,50.7287,-0.6409,0.5298
4/9/15,2.61,0.12,236.599,5.4,99.16000366210938,95.9,50.79,2.72,31.639999389648438,53.1612,-0.2088,0.5225
4/10/15,2.58,0.12,236.599,5.4,99.38999938964844,95.9,51.63,2.58,31.774999618530273,54.5213,0.268,0.5163
4/13/15,2.58,0.13,236.599,5.4,99.48999786376953,95.9,51.95,2.58,31.712499618530273,53.7433,-0.0804,0.5107
4/14/15,2.54,0.13,236.599,5.4,98.76000213623047,95.9,53.3,2.58,31.575000762939453,51.9856,-0.0871,0.4962
4/15/15,2.55,0.13,236.599,5.4,98.33000183105469,95.9,56.25,2.62,31.69499969482422,53.4174,0.7593,0.4787
4/16/15,2.56,0.13,236.599,5.4,97.41999816894531,95.9,56.69,2.61,31.542499542236328,51.3228,0.431,0.4603
4/17/15,2.51,0.13,236.599,5.4,97.51999664,95.9,55.71,2.67,31.1875,46.729,0.335,0.4547
4/20/15,2.56,0.13,236.599,5.4,97.94000244140625,95.9,56.37,2.57,31.899999618530273,55.3644,0.2747,0.4759
4/21/15,2.58,0.13,236.599,5.4,97.98000336,95.9,55.58,2.59,31.727500915527344,53.1193,0.5538,0.4664
4/22/15,2.66,0.13,236.599,5.4,98.01999664,95.9,56.17,2.63,32.154998779296875,57.6975,0.9759,0.4737
4/23/15,2.63,0.13,236.599,5.4,97.27999877929688,95.9,56.59,2.59,32.41749954223633,60.2636,0.9714,0.4762
4/24/15,2.62,0.13,236.599,5.4,96.91999816894531,95.9,55.98,2.59,32.56999969482422,61.7165,0.6543,0.4646
4/27/15,2.61,0.13,236.599,5.4,96.76999664,95.9,55.56,2.5,33.162498474121094,66.7963,1.4828,0.4768
4/28/15,2.68,0.13,236.599,5.4,96.08999633789062,95.9,57.05,2.55,32.63999938964844,59.3211,1.1076,0.5221
4/29/15,2.76,0.13,236.599,5.4,95.12000274658203,95.9,58.55,2.55,32.15999984741211,53.408,0.4645,0.5372
4/30/15,2.75,0.08,236.599,5.4,94.59999847,95.9,59.62,2.56,31.287500381469727,44.6881,-0.4355,0.5636
5/1/15,2.82,0.13,237.805,5.6,95.30000305175781,90.7,59.1,2.68,32.23749923706055,53.5758,0.469,0.6028
5/4/15,2.88,0.13,237.805,5.6,95.48000336,90.7,58.92,2.72,32.17499923706055,52.9728,0.5359,0.5966
5/5/15,2.9,0.13,237.805,5.6,95.12999725341797,90.7,60.38,2.76,31.450000762939453,46.4422,-0.2188,0.6006
5/6/15,2.98,0.13,237.805,5.6,94.12999725341797,90.7,60.93,2.76,31.252500534057617,44.8211,-0.259,0.6117
5/7/15,2.9,0.13,237.805,5.6,94.62000274658203,90.7,58.99,2.74,31.315000534057617,46.7713,0.23,0.601
5/8/15,2.9,0.13,237.805,5.6,94.79000091552734,90.7,59.41,2.78,31.905000686645508,52.3528,0.1228,0.5959
5/11/15,3.03,0.13,237.805,5.6,95.01000213623047,90.7,59.23,2.85,31.579999923706055,49.2869,-0.0146,0.5853
5/12/15,3.02,0.13,237.805,5.6,94.52999877929688,90.7,60.72,2.85,31.467500686645508,48.2225,-0.4985,0.5765
5/13/15,3.07,0.13,237.805,5.6,93.62000274658203,90.7,60.5,2.85,31.502500534057617,48.6035,-0.7005,0.5565
5/14/15,3.03,0.13,237.805,5.6,93.36000061035156,90.7,59.89,2.87,32.23749923706055,55.7174,-0.1775,0.5639
5/15/15,2.93,0.13,237.805,5.6,93.13999938964844,90.7,59.73,2.96,32.192501068115234,55.2135,-0.7471,0.5441
5/18/15,3.02,0.13,237.805,5.6,94.19000244140625,90.7,59.44,3.01,32.54750061035156,58.409,0.0381,0.543
5/19/15,3.05,0.12,237.805,5.6,95.26999664,90.7,57.3,3.01,32.51750183105469,58.0322,0.4399,0.5241
5/20/15,3.06,0.12,237.805,5.6,95.44999694824219,90.7,58.96,3.04,32.51499938964844,57.9986,1.217,0.5129
5/21/15,2.98,0.12,237.805,5.6,95.26000213623047,90.7,60.18,2.96,32.84749984741211,61.2133,0.6667,0.5051
5/22/15,2.99,0.13,237.805,5.6,96.01000213623047,90.7,58.88,2.96,33.13499832,63.7937,0.9804,0.4943
5/26/15,2.89,0.12,237.805,5.6,97.30000305175781,90.7,57.29,2.82,32.404998779296875,53.9748,0.9732,0.5197
5/27/15,2.88,0.12,237.805,5.6,97.37000274658203,90.7,57.51,2.82,33.00999832,59.5439,1.6934,0.5249
5/28/15,2.89,0.12,237.805,5.6,96.97000122070312,90.7,57.69,2.78,32.94499969482422,58.7079,1.462,0.5025
5/29/15,2.88,0.08,237.805,5.6,96.91000366210938,90.7,60.25,2.78,32.56999969482422,54.0795,0.5965,0.4968
6/1/15,2.94,0.12,238.638,5.3,97.38999938964844,96.1,60.24,2.78,32.63499832,54.7328,0.9452,0.4827
6/2/15,3.02,0.12,238.638,5.3,95.83999633789062,96.1,61.3,2.63,32.49000168,52.905,0.9183,0.4696
6/3/15,3.11,0.13,238.638,5.3,95.47000122070312,96.1,59.67,2.65,32.529998779296875,53.3716,0.9216,0.4528
6/4/15,3.03,0.13,238.638,5.3,95.45999908447266,96.1,58,2.6,32.34000015258789,50.7969,0.0919,0.4472
6/5/15,3.11,0.13,238.638,5.3,96.30999755859375,96.1,59.11,2.6,32.162498474121094,48.4456,-0.0269,0.4365
6/8/15,3.11,0.13,238.638,5.3,95.30000305175781,96.1,58.15,2.6,31.950000762939453,45.7173,-0.5359,0.4435
6/9/15,3.15,0.13,238.638,5.3,95.16999816894531,96.1,60.15,2.72,31.854999542236328,44.5105,-0.5942,0.4512
6/10/15,3.22,0.13,238.638,5.3,94.65000153,96.1,61.36,2.81,32.220001220703125,49.9745,-0.2646,0.4497
6/11/15,3.11,0.13,238.638,5.3,94.98000336,96.1,60.74,2.88,32.147499084472656,48.9436,-0.6279,0.4449
6/12/15,3.1,0.13,238.638,5.3,94.97000122070312,96.1,59.96,2.88,31.792499542236328,44.1418,-1.2042,0.4368
6/15/15,3.09,0.13,238.638,5.3,94.80999755859375,96.1,59.53,2.89,31.729999542236328,43.3357,-0.6054,0.4301
6/16/15,3.06,0.14,238.638,5.3,95,96.1,60.01,2.94,31.899999618530273,46.2129,-0.9967,0.4231
6/17/15,3.09,0.14,238.638,5.3,94.30000305175781,96.1,59.89,2.93,31.825000762939453,45.1243,-1.0046,0.4112
6/18/15,3.14,0.14,238.638,5.3,94.04000091552734,96.1,60.41,2.93,31.969999313354492,47.6899,-0.5382,0.3992
6/19/15,3.05,0.13,238.638,5.3,94.08999633789062,96.1,59.62,2.81,31.649999618530273,42.9207,-0.8824,0.3944
6/22/15,3.16,0.13,238.638,5.3,94.33000183105469,96.1,60.01,2.79,31.90250015258789,47.3913,-0.527,0.3896
6/23/15,3.2,0.13,238.638,5.3,95.43000030517578,96.1,61.05,2.83,31.75749969482422,45.2019,-0.6929,0.3735
6/24/15,3.16,0.13,238.638,5.3,95.26000213623047,96.1,60.01,2.83,32.02750015258789,49.8482,-0.2803,0.3912
6/25/15,3.16,0.13,238.638,5.3,95.19000244140625,96.1,59.59,2.8,31.875,47.4034,-0.2579,0.3905
6/26/15,3.25,0.13,238.638,5.3,95.47000122070312,96.1,59.41,2.77,31.6875,44.5128,-0.2354,0.3863
6/29/15,3.09,0.14,238.638,5.3,94.79000091552734,96.1,58.34,2.77,31.13249969482422,37.2684,-0.648,0.3951
6/30/15,3.11,0.08,238.638,5.3,95.48999786376953,96.1,59.48,2.8,31.357500076293945,41.4085,-0.7747,0.3923
7/1/15,3.2,0.13,238.654,5.2,96.30999755859375,93.1,56.94,2.78,31.649999618530273,46.4089,-0.4462,0.3886
7/2/15,3.19,0.13,238.654,5.2,96.11000061035156,93.1,56.93,2.79,31.610000610351562,45.8353,-0.1637,0.3755
7/6/15,3.08,0.13,238.654,5.2,96.30000305175781,93.1,52.48,2.79,31.5,44.2167,-0.2063,0.3742
7/7/15,3.04,0.13,238.654,5.2,96.87000274658203,93.1,52.33,2.77,31.422500610351562,43.0628,-0.4283,0.3856
7/8/15,2.99,0.13,238.654,5.2,96.29000091552734,93.1,51.61,2.77,30.642499923706055,33.5685,-1.0606,0.4085
7/9/15,3.11,0.13,238.654,5.2,96.61000061035156,93.1,52.76,2.7,30.017499923706055,28.2029,-1.7513,0.4568
7/10/15,3.2,0.13,238.654,5.2,96.02999877929688,93.1,52.74,2.7,30.81999969482422,41.1993,-0.7445,0.4847
7/13/15,3.21,0.13,238.654,5.2,96.86000061035156,93.1,52.19,2.88,31.415000915527344,48.6248,-0.4373,0.4898
7/14/15,3.2,0.13,238.654,5.2,96.63999938964844,93.1,53.05,2.88,31.40250015258789,48.4863,-0.3184,0.4761
7/15/15,3.13,0.13,238.654,5.2,97.12999725341797,93.1,51.4,2.93,31.704999923706055,52.0467,-0.2893,0.4672
7/16/15,3.11,0.14,238.654,5.2,97.66000366210938,93.1,50.9,2.9,32.127498626708984,56.5624,0.2265,0.4619
7/17/15,3.08,0.13,238.654,5.2,97.86000061035156,93.1,50.88,2.88,32.404998779296875,59.2751,0.6436,0.4499
7/20/15,3.1,0.14,238.654,5.2,98.02999877929688,93.1,50.11,2.88,33.01750183105469,64.539,1.6907,0.4714
7/21/15,3.08,0.13,238.654,5.2,97.33000183105469,93.1,50.59,2.84,32.6875,60.0365,1.1941,0.4794
7/22/15,3.04,0.13,238.654,5.2,97.59999847,93.1,49.27,2.84,31.30500030517578,45.6637,-0.3094,0.5854
7/23/15,2.98,0.13,238.654,5.2,97.12000274658203,93.1,48.11,2.92,31.290000915527344,45.5364,-0.287,0.5761
7/24/15,2.96,0.13,238.654,5.2,97.23999786376953,93.1,47.98,2.92,31.125,44.0798,-0.3364,0.5645
7/27/15,2.93,0.14,238.654,5.2,96.5,93.1,47.17,2.92,30.69249916,40.4292,-0.6548,0.5623
7/28/15,2.96,0.14,238.654,5.2,96.76999664,93.1,47.97,2.89,30.844999313354492,42.2455,0.1816,0.5439
7/29/15,2.99,0.14,238.654,5.2,96.98000336,93.1,48.77,2.91,30.747499465942383,41.3768,0.6548,0.5247
7/30/15,2.96,0.14,238.654,5.2,97.55999755859375,93.1,48.53,2.87,30.592500686645508,39.9699,-0.2041,0.5077
7/31/15,2.92,0.08,238.654,5.2,97.37000274658203,93.1,47.11,2.76,30.325000762939453,37.594,-0.9777,0.4992
8/3/15,2.86,0.14,238.316,5.1,97.48999786376953,91.9,45.25,2.76,29.610000610351562,32.1014,-1.6078,0.5445
8/4/15,2.9,0.14,238.316,5.1,97.93000030517578,91.9,45.75,2.83,28.65999984741211,26.5508,-2.7312,0.5887
8/5/15,2.94,0.14,238.316,5.1,97.95999908447266,91.9,45.13,2.85,28.850000381469727,29.1879,-2.9398,0.6322
8/6/15,2.9,0.14,238.316,5.1,97.83000183105469,91.9,44.69,2.76,28.782499313354492,30.0773,-3.1326,0.6254
8/7/15,2.83,0.14,238.316,5.1,97.55999755859375,91.9,43.87,2.76,28.87999916,31.5286,-3.5941,0.6089
8/10/15,2.89,0.14,238.316,5.1,97.16000366210938,91.9,44.94,2.85,29.93000030517578,44.8129,-2.3521,0.6373
8/11/15,2.81,0.15,238.316,5.1,97.29000091552734,91.9,43.11,2.84,28.372499465942383,34.2103,-2.5154,0.6946
8/12/15,2.84,0.15,238.316,5.1,96.26000213623047,91.9,43.22,2.93,28.809999465942383,38.6045,-2.1077,0.7381
8/13/15,2.86,0.15,238.316,5.1,96.44999694824219,91.9,42.27,2.93,28.787500381469727,38.4622,-1.98,0.7153
8/14/15,2.84,0.14,238.316,5.1,96.56999969482422,91.9,42.45,2.83,28.989999771118164,40.5847,-1.4096,0.7012
8/17/15,2.81,0.15,238.316,5.1,96.81999969482422,91.9,41.93,2.79,29.290000915527344,43.6836,-1.2761,0.6858
8/18/15,2.87,0.15,238.316,5.1,96.97000122070312,91.9,42.58,2.71,29.125,42.3745,-1.3373,0.6598
8/19/15,2.81,0.15,238.316,5.1,96.45999908447266,91.9,40.75,2.77,28.752500534057617,39.4969,-1.5339,0.6423
8/20/15,2.76,0.15,238.316,5.1,95.75,91.9,41,2.77,28.162500381469727,35.3967,-1.8256,0.6508
8/21/15,2.74,0.15,238.316,5.1,94.83000183105469,91.9,40.45,2.7,26.440000534057617,26.6866,-2.7362,0.717
8/24/15,2.73,0.15,238.316,5.1,93.30999755859375,91.9,38.22,2.65,25.780000686645508,24.2267,-2.4788,0.9361
8/25/15,2.84,0.15,238.316,5.1,94.52999877929688,91.9,39.15,2.71,25.934999465942383,25.953,-2.5095,0.9978
8/26/15,2.94,0.14,238.316,5.1,95.09999847,91.9,38.5,2.73,27.422500610351562,40.0649,-1.2254,1.0254
8/27/15,2.93,0.14,238.316,5.1,95.61000061035156,91.9,42.47,2.69,28.229999542236328,46.0732,-0.5857,1.0093
8/28/15,2.92,0.14,238.316,5.1,96.11000061035156,91.9,45.29,2.69,28.322500228881836,46.7319,-1.4484,0.9657
8/31/15,2.95,0.08,238.316,5.1,95.94999694824219,91.9,49.2,2.7,28.190000534057617,45.8676,-0.1644,0.9374
9/1/15,2.93,0.14,237.945,5,95.44999694824219,87.2,45.38,2.7,26.93000030517578,38.5632,-1.6939,0.9573
9/2/15,2.97,0.14,237.945,5,95.83000183105469,87.2,46.3,2.7,28.084999084472656,46.9094,-0.633,0.9633
9/3/15,2.95,0.14,237.945,5,96.41000366210938,87.2,46.75,2.67,27.592500686645508,44.1549,-1.2591,0.9386
9/4/15,2.89,0.14,237.945,5,96.23000336,87.2,46.02,2.67,27.31749916,42.649,-1.7772,0.9027
9/8/15,2.97,0.14,237.945,5,95.87999725341797,87.2,45.92,2.74,28.077499389648438,47.934,-0.9438,0.8912
9/9/15,2.96,0.14,237.945,5,96.01000213623047,87.2,44.13,2.74,27.537500381469727,44.7767,-1.0947,0.8959
9/10/15,2.98,0.14,237.945,5,95.45999908447266,87.2,45.85,2.71,28.142499923706055,48.8424,-0.018,0.8864
9/11/15,2.95,0.14,237.945,5,95.19000244140625,87.2,44.75,2.67,28.552499771118164,51.451,1.9034,0.8625
9/14/15,2.95,0.14,237.945,5,95.25,87.2,44.07,2.7,28.827499389648438,53.1756,2.7458,0.844
9/15/15,3.06,0.14,237.945,5,95.61000061035156,87.2,44.58,2.74,29.06999969482422,54.7037,2.8246,0.8176
9/16/15,3.08,0.14,237.945,5,95.41999816894531,87.2,47.12,2.69,29.102500915527344,54.9161,1.5137,0.7769
9/17/15,3.02,0.14,237.945,5,94.55000305175781,87.2,46.93,2.69,28.479999542236328,50.0739,0.2253,0.7661
9/18/15,2.93,0.14,237.945,5,94.86000061035156,87.2,44.71,2.69,28.362499237060547,49.1922,0.036,0.7505
9/21/15,3.02,0.14,237.945,5,95.88999938964844,87.2,46.67,2.61,28.802499771118164,52.5608,0.5519,0.7277
9/22/15,2.94,0.14,237.945,5,96.27999877929688,87.2,46.17,2.61,28.350000381469727,48.9653,1.2794,0.719
9/23/15,2.95,0.14,237.945,5,96.06999969482422,87.2,44.53,2.62,28.579999923706055,50.8073,0.446,0.6905
9/24/15,2.91,0.14,237.945,5,95.98999786376953,87.2,44.94,2.62,28.75,52.1811,1.0429,0.6916
9/25/15,2.96,0.13,237.945,5,96.26999664,87.2,45.55,2.6,28.677499771118164,51.5203,1.2254,0.6851
9/28/15,2.87,0.13,237.945,5,96.02999877929688,87.2,44.4,2.66,28.110000610351562,46.5508,0.0293,0.6727
9/29/15,2.85,0.13,237.945,5,95.88999938964844,87.2,45.24,2.57,27.264999389648438,40.3153,-0.2455,0.7156
9/30/15,2.87,0.07,237.945,5,96.34999847,87.2,45.06,2.47,27.575000762939453,42.4994,-0.5902,0.7097
10/1/15,2.85,0.13,237.838,5,96.19000244140625,90,44.75,2.37,27.395000457763672,41.8143,-1.0429,0.7015
10/2/15,2.82,0.13,237.838,5,95.83000183105469,90,45.54,2.37,27.594999313354492,43.9193,-1.1105,0.7071
10/5/15,2.9,0.13,237.838,5,96.11000061035156,90,46.28,2.34,27.69499969482422,44.9908,-1.2389,0.6936
10/6/15,2.88,0.13,237.838,5,95.45999908447266,90,48.53,2.35,27.827499389648438,46.4508,-1.1488,0.6758
10/7/15,2.89,0.13,237.838,5,95.5,90,47.86,2.35,27.69499969482422,45.16,-0.7073,0.6655
10/8/15,2.96,0.13,237.838,5,95.31999969482422,90,49.46,2.35,27.375,42.1161,-0.8897,0.6593
10/9/15,2.94,0.13,237.838,5,94.80999755859375,90,49.67,2.49,28.030000686645508,49.6039,-0.696,0.6571
10/12/15,.,0.13,237.838,5,94.83999633789062,90,47.09,2.48,27.899999618530273,48.2693,-0.4055,0.6313
10/13/15,2.89,0.13,237.838,5,94.76000213623047,90,46.7,2.47,27.947500228881836,48.8112,-0.5699,0.6146
10/14/15,2.84,0.13,237.838,5,93.93000030517578,90,46.63,2.47,27.552499771118164,44.6246,-1.0789,0.6066
10/15/15,2.87,0.13,237.838,5,94.37000274658203,90,46.38,2.54,27.96500015258789,49.4963,-0.642,0.5937
10/16/15,2.87,0.13,237.838,5,94.54000091552734,90,47.3,2.42,27.760000228881836,47.2706,-0.3154,0.5749
10/19/15,2.89,0.13,237.838,5,94.95999908447266,90,45.91,2.43,27.93250084,49.3351,0.6014,0.5603
10/20/15,2.92,0.13,237.838,5,94.84999847,90,45.84,2.46,28.44249916,54.9509,0.8605,0.5741
10/21/15,2.87,0.13,237.838,5,95.05000305175781,90,45.22,2.37,28.440000534057617,54.9188,0.9415,0.5634
10/22/15,2.87,0.12,237.838,5,96.33999633789062,90,44.9,2.37,28.875,59.3711,1.1533,0.5511
10/23/15,2.9,0.12,237.838,5,97.06999969482422,90,43.91,2.28,29.770000457763672,66.6655,1.8696,0.5717
10/26/15,2.87,0.12,237.838,5,96.86000061035156,90,43.19,2.18,28.81999969482422,55.3135,0.8942,0.5978
10/27/15,2.86,0.12,237.838,5,96.91000366210938,90,43.21,2.14,28.637500762939453,53.4311,0.8492,0.5962
10/28/15,2.87,0.12,237.838,5,97.77999877929688,90,45.93,2.14,29.81749916,62.352,2.2007,0.63
10/29/15,2.96,0.12,237.838,5,97.27999877929688,90,46.02,2.15,30.13249969482422,64.3171,1.8944,0.6239
10/30/15,2.93,0.07,237.838,5,96.94999694824219,90,46.6,1.98,29.875,61.4915,1.7795,0.6079
11/2/15,2.95,0.12,237.336,5.1,96.93000030517578,91.3,46.12,1.92,30.295000076293945,64.2503,2.1151,0.5944
11/3/15,3,0.12,237.336,5.1,97.16000366210938,91.3,47.88,1.92,30.642499923706055,66.3954,2.7841,0.5968
11/4/15,3,0.12,237.336,5.1,97.94999694824219,91.3,46.32,2.04,30.5,64.6814,2.284,0.5896
11/5/15,3.01,0.12,237.336,5.1,97.94000244140625,91.3,45.27,2.04,30.229999542236328,62.9618,2.3426,0.588
11/6/15,3.09,0.12,237.336,5.1,99.16000366210938,91.3,44.32,2.19,30.264999389648438,63.2261,2.2188,0.5652
11/9/15,3.12,0.12,237.336,5.1,98.98000336,91.3,43.87,2.19,30.142499923706055,61.5698,1.6485,0.5533
11/10/15,3.1,0.12,237.336,5.1,99.29000091552734,91.3,44.23,2.14,29.19249916,50.5171,0.7911,0.5866
11/11/15,.,0.12,237.336,5.1,99.01000213623047,91.3,42.95,2.13,29.02750015258789,48.876,0.2499,0.5804
11/12/15,3.09,0.12,237.336,5.1,98.65000153,91.3,41.74,2.05,28.93000030517578,47.8861,-0.6447,0.5579
11/13/15,3.06,0.12,237.336,5.1,98.98999786376953,91.3,40.69,2.02,28.084999084472656,40.2728,-0.5534,0.5738
11/16/15,3.07,0.13,237.336,5.1,99.44000244140625,91.3,41.68,2.02,28.545000076293945,45.3525,0.0261,0.5852
11/17/15,3.04,0.13,237.336,5.1,99.62999725341797,91.3,40.73,2.05,28.422500610351562,44.2805,-1.1468,0.5713
11/18/15,3.04,0.12,237.336,5.1,99.65000153,91.3,40.75,2.1,29.322500228881836,53.135,-0.6162,0.5919
11/19/15,3,0.12,237.336,5.1,98.98999786376953,91.3,40.55,2.1,29.69499969482422,56.2349,-0.0471,0.5979
11/20/15,3.02,0.12,237.336,5.1,99.56999969482422,91.3,39.39,2.18,29.825000762939453,57.2965,-0.3079,0.5737
11/23/15,3,0.12,237.336,5.1,99.80000305175781,91.3,39.27,2.18,29.4375,53.1573,-0.9716,0.5713
11/24/15,3,0.12,237.336,5.1,99.52999877929688,91.3,40.89,2.14,29.719999313354492,55.6715,-0.5876,0.5665
11/25/15,3,0.12,237.336,5.1,99.80000305175781,91.3,41.22,2.14,29.50749969482422,53.3518,-0.6538,0.5472
11/27/15,3,0.12,237.336,5.1,100.0199966430664,91.3,40.57,2.14,29.452499389648438,52.7393,-0.7352,0.5212
11/30/15,2.98,0.08,237.336,5.1,100.16999816894531,91.3,40.43,2.11,29.575000762939453,54.0059,-0.5135,0.5108
12/1/15,2.91,0.13,236.525,5,99.80000305175781,92.6,40.58,2.11,29.334999084472656,51.1155,0.1289,0.5058
12/2/15,2.91,0.13,236.525,5,99.98999786376953,92.6,39.93,2.19,29.06999969482422,48.0572,0.0385,0.5025
12/3/15,3.07,0.13,236.525,5,97.62000274658203,92.6,41.08,2.14,28.799999237060547,45.0966,-0.1176,0.5081
12/4/15,3.01,0.13,236.525,5,98.34999847,92.6,40,2.1,29.75749969482422,55.5538,1.5134,0.5387
12/7/15,2.95,0.13,236.525,5,98.66000366210938,92.6,37.64,2.06,29.56999969482422,53.4086,0.9286,0.5334
12/8/15,2.97,0.13,236.525,5,98.47000122070312,92.6,37.46,2.01,29.55750084,53.2609,1.027,0.5234
12/9/15,2.97,0.14,236.525,5,97.34999847,92.6,37.16,2,28.905000686645508,46.0966,-0.3778,0.5369
12/10/15,2.98,0.14,236.525,5,97.94000244140625,92.6,36.76,1.95,29.042499542236328,47.6933,-0.5904,0.5217
12/11/15,2.87,0.14,236.525,5,97.56999969482422,92.6,35.65,1.79,28.295000076293945,40.6446,-1.3845,0.538
12/14/15,2.96,0.15,236.525,5,97.59999847,92.6,36.31,1.7,28.12000084,39.1845,-1.1922,0.5544
12/15/15,3,0.15,236.525,5,98.22000122070312,92.6,37.32,1.66,27.622499465942383,35.302,-1.898,0.5544
12/16/15,3.02,0.15,236.525,5,97.87000274658203,92.6,35.55,1.7,27.834999084472656,38.1222,-1.5134,0.5663
12/17/15,2.94,0.37,236.525,5,99.26999664,92.6,34.98,1.79,27.24500084,33.7264,-1.9975,0.5787
12/18/15,2.9,0.37,236.525,5,98.69999694824219,92.6,34.72,1.74,26.50749969482422,29.1947,-2.7757,0.5973
12/21/15,2.92,0.36,236.525,5,98.45999908447266,92.6,34.55,1.76,26.832500457763672,33.4391,-2.2644,0.5837
12/22/15,2.96,0.36,236.525,5,98.23999786376953,92.6,36.12,1.73,26.80750084,33.2739,-2.0473,0.5625
12/23/15,3,0.36,236.525,5,98.33999633789062,92.6,36.76,1.63,27.15250015258789,37.8387,-1.4908,0.549
12/24/15,2.96,0.36,236.525,5,97.98000336,92.6,37.62,1.63,27.00749969482422,36.7022,-2.4884,0.5268
12/28/15,2.95,0.36,236.525,5,97.91999816894531,92.6,36.36,2.11,26.704999923706055,34.3822,-2.5925,0.519
12/29/15,3.04,0.36,236.525,5,98.09999847,92.6,37.88,2.39,27.184999465942383,40.7792,-2.1468,0.5241
12/30/15,3.04,0.35,236.525,5,98.26999664,92.6,36.59,2.28,26.829999923706055,37.841,-1.8776,0.5119
12/31/15,3.01,0.2,236.525,5,98.62999725341797,92.6,37.13,2.28,26.315000534057617,34.0123,-2.468,0.5157
1/4/16,2.98,0.36,236.916,4.8,98.87000274658203,92,36.81,2.39,26.337499618530273,34.3249,-1.7713,0.5333
1/5/16,3.01,0.36,236.916,4.8,99.40000153,92,35.97,2.33,25.677499771118164,29.8564,-2.2102,0.5508
1/6/16,2.94,0.36,236.916,4.8,99.18000030517578,92,33.97,2.37,25.174999237060547,26.9768,-2.2147,0.5574
1/7/16,2.92,0.36,236.916,4.8,98.22000122070312,92,33.29,2.35,24.112499237060547,22.1191,-3.3684,0.5865
1/8/16,2.91,0.36,236.916,4.8,98.54000091552734,92,33.2,2.47,24.239999771118164,23.8902,-2.7191,0.5876
1/11/16,2.96,0.36,236.916,4.8,98.73000336,92,31.42,2.54,24.63249969482422,29.2261,-1.6966,0.5796
1/12/16,2.89,0.36,236.916,4.8,98.97000122070312,92,30.42,2.4,24.989999771118164,33.7799,-1.6672,0.5731
1/13/16,2.85,0.36,236.916,4.8,98.93000030517578,92,30.42,2.28,24.34749984741211,30.039,-2.226,0.595
1/14/16,2.9,0.36,236.916,4.8,99.08999633789062,92,31.22,2.21,24.87999916,36.3321,-2.0563,0.6291
1/15/16,2.81,0.36,236.916,4.8,98.95999908447266,92,29.45,2.18,24.282499313354492,32.7702,-2.4658,0.6514
1/19/16,2.82,0.36,236.916,4.8,98.98999786376953,92,28.47,2.23,24.165000915527344,32.1036,-2.2984,0.6558
1/20/16,2.77,0.37,236.916,4.8,99.08999633789062,92,26.68,2.18,24.197500228881836,32.5125,-2.7033,0.686
1/21/16,2.79,0.37,236.916,4.8,99.05999755859375,92,29.55,2.22,24.075000762939453,31.7367,-2.4929,0.6845
1/22/16,2.83,0.38,236.916,4.8,99.56999969482422,92,32.07,2.21,25.354999542236328,46.1865,-0.8687,0.719
1/25/16,2.8,0.38,236.916,4.8,99.36000061035156,92,30.31,2.16,24.860000610351562,42.4447,-1.337,0.7051
1/26/16,2.79,0.38,236.916,4.8,99.36000061035156,92,29.54,2.26,24.997499465942383,43.8066,-0.6153,0.7002
1/27/16,2.8,0.38,236.916,4.8,98.90000153,92,32.32,2.26,23.354999542236328,33.5839,-1.6469,0.7576
1/28/16,2.79,0.38,236.916,4.8,98.51000213623047,92,33.21,2.15,23.522499084472656,35.2435,-0.5339,0.7379
1/29/16,2.75,0.29,236.916,4.8,99.61000061035156,92,33.66,2.28,24.334999084472656,42.7204,0.086,0.7377
2/1/16,2.77,0.38,237.111,4.9,99,91.7,31.62,2.28,24.107500076293945,41.2831,-0.4751,0.7164
2/2/16,2.67,0.38,237.111,4.9,98.87000274658203,91.7,29.9,2.07,23.62000084,38.3087,-1.2397,0.6999
2/3/16,2.7,0.38,237.111,4.9,97.29000091552734,91.7,32.29,2.06,24.087499618530273,42.5811,-0.2353,0.6945
2/4/16,2.7,0.38,237.111,4.9,96.47000122070312,91.7,31.63,2.07,24.149999618530273,44.2919,-0.5429,0.6797
2/5/16,2.68,0.38,237.111,4.9,97.02999877929688,91.7,30.86,2.08,23.50499916,39.9714,-0.589,0.6836
2/8/16,2.56,0.38,237.111,4.9,96.56999969482422,91.7,29.71,2.23,23.752500534057617,42.2974,-0.2576,0.678
2/9/16,2.55,0.38,237.111,4.9,96.06999969482422,91.7,27.96,2.17,23.747499465942383,42.2617,-0.2915,0.6622
2/10/16,2.53,0.38,237.111,4.9,95.88999938964844,91.7,27.54,2.16,23.56749916,40.9253,-0.3444,0.6515
2/11/16,2.5,0.38,237.111,4.9,95.55999755859375,91.7,26.19,2.15,23.424999237060547,39.8509,-1.6323,0.6395
2/12/16,2.6,0.38,237.111,4.9,95.98000336,91.7,29.32,2.08,23.497499465942383,40.7038,-1.1184,0.6181
2/16/16,2.64,0.38,237.111,4.9,96.87000274658203,91.7,29.05,1.95,24.15999984741211,47.9649,-0.6402,0.6204
2/17/16,2.68,0.37,237.111,4.9,96.79000091552734,91.7,30.68,1.93,24.530000686645508,51.5345,1.1827,0.6095
2/18/16,2.62,0.38,237.111,4.9,96.94999694824219,91.7,30.77,1.89,24.065000534057617,47.1563,0.6081,0.6115
2/19/16,2.61,0.38,237.111,4.9,96.59999847,91.7,29.59,1.83,24.010000228881836,46.6515,-0.1771,0.5834
2/22/16,2.62,0.38,237.111,4.9,97.37999725341797,91.7,31.37,1.86,24.219999313354492,48.9009,0.2198,0.5576
2/23/16,2.6,0.38,237.111,4.9,97.48000336,91.7,31.84,1.85,23.672500610351562,43.7246,0.1628,0.5557
2/24/16,2.61,0.38,237.111,4.9,97.45999908447266,91.7,30.35,1.85,24.024999618530273,47.5725,0.0605,0.5657
2/25/16,2.58,0.37,237.111,4.9,97.29000091552734,91.7,31.4,1.78,24.190000534057617,49.3193,0.0364,0.5498
2/26/16,2.63,0.37,237.111,4.9,98.15000153,91.7,31.65,1.78,24.227500915527344,49.7293,0.6573,0.534
2/29/16,2.61,0.29,237.111,4.9,98.20999908447266,91.7,32.74,1.62,24.172500610351562,49.1019,0.3821,0.5215
3/1/16,2.7,0.36,238.132,5,98.34999847,91,34.39,1.57,25.13249969482422,58.8581,1.26,0.5505
3/2/16,2.69,0.37,238.132,5,98.20999908447266,91,34.57,1.6,25.1875,59.339,1.4738,0.5315
3/3/16,2.65,0.37,238.132,5,97.56999969482422,91,34.56,1.59,25.375,61.012,1.774,0.514
3/4/16,2.7,0.36,238.132,5,97.33999633789062,91,35.91,1.49,25.752500534057617,64.2053,2.0515,0.516
3/7/16,2.71,0.36,238.132,5,97.06999969482422,91,37.9,1.56,25.467500686645508,60.1967,1.1895,0.5124
3/8/16,2.63,0.36,238.132,5,97.20999908447266,91,36.67,1.6,25.25749969482422,57.3551,0.6618,0.4997
3/9/16,2.68,0.36,238.132,5,97.16999816894531,91,37.62,1.61,25.280000686645508,57.5861,1.1053,0.4853
3/10/16,2.7,0.36,238.132,5,96.06999969482422,91,37.77,1.72,25.292499542236328,57.7232,1.1667,0.4846
3/11/16,2.75,0.36,238.132,5,96.16999816894531,91,38.51,1.74,25.565000534057617,60.7036,1.2236,0.468
3/14/16,2.74,0.36,238.132,5,96.62000274658203,91,37.2,1.68,25.62999916,61.4025,1.7808,0.4529
3/15/16,2.73,0.37,238.132,5,96.62999725341797,91,36.32,1.81,26.145000457763672,66.4886,1.9287,0.4638
3/16/16,2.73,0.37,238.132,5,95.88999938964844,91,38.43,1.77,26.49250030517578,69.417,2.0947,0.4588
3/17/16,2.69,0.37,238.132,5,94.76000213623047,91,40.17,1.84,26.450000762939453,68.6272,2.0219,0.4505
3/18/16,2.68,0.37,238.132,5,94.98999786376953,91,39.47,1.84,26.479999542236328,68.8962,2.0992,0.4396
3/21/16,2.72,0.37,238.132,5,95.29000091552734,91,39.91,1.79,26.477500915527344,68.8432,1.2236,0.449
3/22/16,2.72,0.37,238.132,5,95.65000153,91,41.45,1.79,26.68000030517578,70.8019,1.3578,0.4507
3/23/16,2.65,0.37,238.132,5,96.05000305175781,91,38.28,1.79,26.532499313354492,67.4745,1.053,0.4375
3/24/16,2.67,0.37,238.132,5,96.13999938964844,91,38.14,1.78,26.417499542236328,64.9131,0.605,0.4284
3/28/16,2.66,0.37,238.132,5,95.94000244140625,91,37.99,1.78,26.297500610351562,62.2573,0.7551,0.4161
3/29/16,2.6,0.37,238.132,5,95.16000366210938,91,36.91,1.77,26.920000076293945,69.279,1.5125,0.4337
3/30/16,2.65,0.37,238.132,5,94.83999633789062,91,36.91,1.87,27.389999389648438,73.3156,1.9196,0.4472
3/31/16,2.61,0.25,238.132,5,94.58999633789062,91,36.94,1.98,27.247499465942383,70.2996,1.7786,0.4318
4/1/16,2.62,0.37,239.261,5.1,94.62000274658203,89,35.36,1.88,27.497499465942383,72.4415,1.7581,0.4302
4/4/16,2.6,0.37,239.261,5.1,94.51000213623047,89,34.3,1.96,27.780000686645508,74.6649,1.956,0.4352
4/5/16,2.54,0.37,239.261,5.1,94.62999725341797,89,34.52,1.96,27.452499389648438,67.8324,1.1895,0.4318
4/6/16,2.58,0.37,239.261,5.1,94.43000030517578,89,37.74,1.91,27.739999771118164,70.3937,1.1349,0.4299
4/7/16,2.52,0.37,239.261,5.1,94.48000336,89,37.3,1.96,27.135000228881836,59.6332,0.6232,0.4453
4/8/16,2.55,0.37,239.261,5.1,94.23999786376953,89,39.74,1.99,27.165000915527344,59.96,0.6232,0.4395
4/11/16,2.56,0.37,239.261,5.1,93.94999694824219,89,40.46,1.9,27.25499916,60.9808,0.7073,0.4397
4/12/16,2.61,0.37,239.261,5.1,93.95999908447266,89,42.12,1.97,27.610000610351562,64.7932,0.8461,0.4382
4/13/16,2.58,0.37,239.261,5.1,94.73999786376953,89,41.7,2.01,28.010000228881836,68.5249,1.3441,0.4378
4/14/16,2.61,0.37,239.261,5.1,94.90000153,89,41.45,1.93,28.024999618530273,68.6591,1.4624,0.4237
4/15/16,2.56,0.37,239.261,5.1,94.69999694824219,89,40.4,1.71,27.462499618530273,58.5763,1.0599,0.4352
4/18/16,2.58,0.37,239.261,5.1,94.48999786376953,89,39.74,1.76,26.87000084,50.2118,-0.0455,0.4514
4/19/16,2.6,0.37,239.261,5.1,93.98000336,89,40.88,1.94,26.727500915527344,48.4209,-0.6027,0.4479
4/20/16,2.66,0.37,239.261,5.1,94.48999786376953,89,42.72,1.94,26.782499313354492,49.1744,-0.423,0.4489
4/21/16,2.69,0.37,239.261,5.1,94.59999847,89,43.18,1.96,26.49250030517578,45.4078,-0.9143,0.443
4/22/16,2.7,0.37,239.261,5.1,95.12000274658203,89,42.76,1.92,26.420000076293945,44.4903,-1.2373,0.4416
4/25/16,2.72,0.37,239.261,5.1,94.83999633789062,89,41.67,1.97,26.270000457763672,42.5736,-1.0758,0.429
4/26/16,2.76,0.37,239.261,5.1,94.56999969482422,89,42.52,1.97,26.087499618530273,40.2989,-1.5034,0.421
4/27/16,2.71,0.37,239.261,5.1,94.38999938964844,89,45.29,1.88,24.454999923706055,26.6049,-2.4381,0.5318
4/28/16,2.68,0.37,239.261,5.1,93.76000213623047,89,46.03,1.88,23.707500457763672,22.7867,-3.1454,0.5527
4/29/16,2.66,0.3,239.261,5.1,93.08000183105469,89,45.98,1.89,23.434999465942383,21.5713,-3.4752,0.5509
5/2/16,2.71,0.37,240.229,4.8,92.62999725341797,94.7,44.75,1.91,23.40999984741211,21.4583,-3.8209,0.5389
5/3/16,2.66,0.37,240.229,4.8,92.94000244140625,94.7,43.65,1.94,23.795000076293945,27.7404,-3.8346,0.5345
5/4/16,2.64,0.37,240.229,4.8,93.18000030517578,94.7,43.77,2.03,23.547500610351562,26.2849,-4.0734,0.5301
5/5/16,2.6,0.37,240.229,4.8,93.77999877929688,94.7,44.33,2.05,23.309999465942383,25.7269,-3.6481,0.515
5/6/16,2.62,0.37,240.229,4.8,93.88999938964844,94.7,44.58,1.86,23.18000030517578,24.9419,-3.228,0.5043
5/9/16,2.61,0.37,240.229,4.8,94.15000153,94.7,43.45,2.01,23.197500228881836,25.2725,-3.0824,0.4876
5/10/16,2.61,0.37,240.229,4.8,94.29000091552734,94.7,44.68,2.01,23.354999542236328,28.3318,-2.9883,0.4766
5/11/16,2.58,0.37,240.229,4.8,93.81999969482422,94.7,46.21,2.01,23.127500534057617,26.6355,-2.9327,0.4607
5/12/16,2.6,0.37,240.229,4.8,94.13999938964844,94.7,46.64,2.01,22.584999084472656,23.086,-3.3633,0.4819
5/13/16,2.55,0.37,240.229,4.8,94.61000061035156,94.7,46.22,1.96,22.62999916,23.9908,-3.1856,0.4748
5/16/16,2.59,0.37,240.229,4.8,94.56999969482422,94.7,47.72,1.91,23.469999313354492,38.5284,-2.2507,0.5041
5/17/16,2.59,0.37,240.229,4.8,94.55000305175781,94.7,48.29,1.97,23.372499465942383,37.6288,-0.8548,0.4958
5/18/16,2.67,0.37,240.229,4.8,95.08000183105469,94.7,48.12,1.91,23.639999389648438,41.654,0.0701,0.4885
5/19/16,2.64,0.37,240.229,4.8,95.29000091552734,94.7,48.16,1.83,23.549999237060547,40.7023,0.2356,0.4711
5/20/16,2.63,0.37,240.229,4.8,95.30999755859375,94.7,47.67,1.81,23.80500030517578,44.567,0.4917,0.4575
5/23/16,2.63,0.37,240.229,4.8,95.23000336,94.7,48.12,1.96,24.107500076293945,48.8278,0.4184,0.457
5/24/16,2.65,0.37,240.229,4.8,95.56999969482422,94.7,48.04,1.91,24.475000381469727,53.5036,0.9799,0.4515
5/25/16,2.67,0.37,240.229,4.8,95.34999847,94.7,49.1,1.77,24.905000686645508,58.3043,1.4599,0.4493
5/26/16,2.64,0.37,240.229,4.8,95.16999816894531,94.7,49,1.77,25.102500915527344,60.3303,1.7597,0.4514
5/27/16,2.65,0.37,240.229,4.8,95.51999664,94.7,49.36,1.77,25.087499618530273,60.0915,1.7299,0.4392
5/31/16,2.64,0.29,240.229,4.8,95.88999938964844,94.7,49.1,2.12,24.96500015258789,58.0698,1.4736,0.4336
6/1/16,2.63,0.37,241.018,4.9,95.45999908447266,93.5,49.07,2.25,24.614999771118164,52.6225,1.3615,0.4277
6/2/16,2.58,0.37,241.018,4.9,95.55999755859375,93.5,49.14,2.3,24.43000030517578,49.955,1.6887,0.427
6/3/16,2.52,0.37,241.018,4.9,94.02999877929688,93.5,48.69,2.31,24.479999542236328,50.6827,1.6933,0.4099
6/6/16,2.55,0.37,241.018,4.9,93.90000153,93.5,49.71,2.32,24.657499313354492,53.2796,1.0869,0.4516
6/7/16,2.54,0.37,241.018,4.9,93.83000183105469,93.5,50.37,2.32,24.75749969482422,54.7261,1.2677,0.4396
6/8/16,2.51,0.37,241.018,4.9,93.58999633789062,93.5,51.23,2.36,24.735000610351562,54.3186,1.0023,0.4226
6/9/16,2.48,0.37,241.018,4.9,94.09999847,93.5,50.52,2.34,24.912500381469727,57.0364,1.2471,0.4174
6/10/16,2.44,0.37,241.018,4.9,94.59999847,93.5,49.09,2.46,24.707500457763672,53.1066,0.8261,0.4067
6/13/16,2.43,0.37,241.018,4.9,94.37000274658203,93.5,48.89,2.55,24.334999084472656,46.7972,0.2082,0.4107
6/14/16,2.43,0.37,241.018,4.9,94.93000030517578,93.5,48.49,2.55,24.364999771118164,47.3398,-0.1007,0.4095
6/15/16,2.43,0.37,241.018,4.9,94.61000061035156,93.5,47.92,2.62,24.28499984741211,45.9926,-0.5675,0.4028
6/16/16,2.39,0.38,241.018,4.9,94.56999969482422,93.5,46.14,2.62,24.387500762939453,48.0331,-0.6544,0.4015
6/17/16,2.43,0.38,241.018,4.9,94.20999908447266,93.5,48,2.59,23.832500457763672,39.3614,-1.1487,0.4096
6/20/16,2.47,0.38,241.018,4.9,93.61000061035156,93.5,49.4,2.74,23.774999618530273,38.5842,-1.0892,0.4055
6/21/16,2.5,0.38,241.018,4.9,94.01999664,93.5,48.95,2.79,23.977500915527344,42.863,-0.5835,0.4039
6/22/16,2.5,0.38,241.018,4.9,93.72000122070312,93.5,49.16,2.82,23.887500762939453,41.4798,-0.4966,0.4002
6/23/16,2.55,0.39,241.018,4.9,93.52999877929688,93.5,49.34,2.69,24.024999618530273,44.4302,-0.4165,0.3887
6/24/16,2.42,0.4,241.018,4.9,95.44999694824219,93.5,46.7,2.71,23.350000381469727,35.08,-1.1968,0.4173
6/27/16,2.28,0.41,241.018,4.9,96.54000091552734,93.5,45.8,2.79,23.010000228881836,31.4857,-1.5995,0.4185
6/28/16,2.27,0.41,241.018,4.9,96.25,93.5,47.93,2.89,23.397499084472656,39.1394,-1.2242,0.4151
6/29/16,2.3,0.41,241.018,4.9,95.76999664,93.5,49.85,2.94,23.600000381469727,42.7392,-1.2013,0.4012
6/30/16,2.3,0.3,241.018,4.9,96.13999938964844,93.5,48.27,2.94,23.899999618530273,47.6769,-0.7391,0.3965
7/1/16,2.24,0.41,240.628,4.8,95.65000153,90,49.02,2.89,23.97249984741211,48.8254,-0.3318,0.3868
7/5/16,2.14,0.4,240.628,4.8,96.16999816894531,90,46.73,2.82,23.747499465942383,45.4884,-0.5652,0.3825
7/6/16,2.14,0.4,240.628,4.8,96.05999755859375,90,47.37,2.82,23.88249969482422,47.7939,-0.3684,0.3763
7/7/16,2.14,0.4,240.628,4.8,96.33000183105469,90,45.22,2.78,23.985000610351562,49.5389,-0.3684,0.3652
7/8/16,2.11,0.4,240.628,4.8,96.30000305175781,90,45.37,2.8,24.170000076293945,52.6175,0.3089,0.3547
7/11/16,2.14,0.4,240.628,4.8,96.56999969482422,90,44.73,2.88,24.24500084,53.8468,0.4302,0.3452
7/12/16,2.24,0.4,240.628,4.8,96.44000244140625,90,46.82,2.88,24.354999542236328,55.6636,0.3455,0.3323
7/13/16,2.18,0.4,240.628,4.8,96.22000122070312,90,44.87,2.81,24.217500686645508,52.8623,0.3021,0.3221
7/14/16,2.25,0.4,240.628,4.8,96.08000183105469,90,45.64,2.79,24.697500228881836,60.3617,0.6155,0.3338
7/15/16,2.3,0.4,240.628,4.8,96.58000183105469,90,45.93,2.7,24.69499969482422,60.3079,1.2311,0.323
7/18/16,2.3,0.4,240.628,4.8,96.55999755859375,90,45.23,2.83,24.957500457763672,63.943,1.7826,0.325
7/19/16,2.27,0.4,240.628,4.8,97.05000305175781,90,44.64,2.83,24.967500686645508,64.0779,1.437,0.3125
7/20/16,2.3,0.4,240.628,4.8,97.19999694824219,90,44.96,2.76,24.989999771118164,64.4008,1.2723,0.3021
7/21/16,2.29,0.4,240.628,4.8,97,90,43.96,2.76,24.857500076293945,60.9277,0.8764,0.311
7/22/16,2.29,0.4,240.628,4.8,97.47000122070312,90,43.41,2.8,24.665000915527344,56.1868,0.6339,0.3071
7/25/16,2.29,0.4,240.628,4.8,97.29000091552734,90,42.4,2.8,24.334999084472656,49.1293,0.5377,0.3166
7/26/16,2.28,0.4,240.628,4.8,97.16000366210938,90,42.16,2.84,24.167499542236328,45.9728,0.2609,0.3193
7/27/16,2.23,0.4,240.628,4.8,97.05000305175781,90,41.9,2.84,25.737499237060547,67.2272,1.6041,0.422
7/28/16,2.23,0.4,240.628,4.8,96.73999786376953,90,41.13,2.79,26.084999084472656,70.0369,1.7528,0.4185
7/29/16,2.18,0.3,240.628,4.8,95.52999877929688,90,41.54,2.97,26.052499771118164,69.4373,1.6544,0.4028
8/1/16,2.24,0.4,240.849,4.9,95.70999908447266,89.8,40.05,2.97,26.512500762939453,72.9651,1.9748,0.4058
8/2/16,2.29,0.4,240.849,4.9,95.05999755859375,89.8,39.5,2.79,26.12000084,65.968,1.7414,0.4106
8/3/16,2.29,0.4,240.849,4.9,95.55999755859375,89.8,40.8,2.89,26.447500228881836,68.6679,1.6018,0.4035
8/4/16,2.25,0.4,240.849,4.9,95.76000213623047,89.8,41.92,2.89,26.467500686645508,69.9422,1.7528,0.3875
8/5/16,2.32,0.4,240.849,4.9,96.19000244140625,89.8,41.83,2.88,26.87000084,72.898,1.8829,0.389
8/8/16,2.3,0.4,240.849,4.9,96.40000153,89.8,43.06,2.85,27.092500686645508,74.3969,2.0785,0.3811
8/9/16,2.25,0.4,240.849,4.9,96.18000030517578,89.8,42.78,2.85,27.202499389648438,75.1293,2.1592,0.3692
8/10/16,2.23,0.4,240.849,4.9,95.65000153,89.8,41.75,2.76,27,71.0976,2.0941,0.3616
8/11/16,2.28,0.4,240.849,4.9,95.86000061035156,89.8,43.51,2.7,26.982500076293945,70.7443,2.2542,0.3535
8/12/16,2.23,0.4,240.849,4.9,95.72000122070312,89.8,44.47,2.7,27.045000076293945,71.293,2.6138,0.3391
8/15/16,2.27,0.4,240.849,4.9,95.62999725341797,89.8,45.72,2.75,27.37000084,74.0214,3.0662,0.3388
8/16/16,2.29,0.4,240.849,4.9,94.79000091552734,89.8,46.57,2.75,27.344999313354492,73.4432,1.6061,0.3314
8/17/16,2.27,0.4,240.849,4.9,94.72000122070312,89.8,46.81,2.76,27.30500030517578,72.4677,1.2512,0.3248
8/18/16,2.26,0.4,240.849,4.9,94.16000366210938,89.8,48.2,2.75,27.270000457763672,71.5719,1.2488,0.3112
8/19/16,2.29,0.4,240.849,4.9,94.51000213623047,89.8,48.48,2.67,27.34000015258789,72.3092,0.8921,0.3108
8/22/16,2.24,0.4,240.849,4.9,94.51999664,89.8,46.8,2.75,27.127500534057617,66.6578,1.0559,0.3134
8/23/16,2.24,0.4,240.849,4.9,94.54000091552734,89.8,47.54,2.75,27.212499618530273,67.7438,0.8343,0.3043
8/24/16,2.24,0.4,240.849,4.9,94.79000091552734,89.8,46.29,2.82,27.00749969482422,62.46,0.4969,0.3018
8/25/16,2.27,0.4,240.849,4.9,94.76999664,89.8,46.97,2.89,26.892499923706055,59.6493,0.0207,0.3024
8/26/16,2.29,0.4,240.849,4.9,95.56999969482422,89.8,47.64,2.91,26.735000610351562,55.9367,-0.329,0.3078
8/29/16,2.22,0.4,240.849,4.9,95.58000183105469,89.8,46.97,2.97,26.704999923706055,55.2316,-0.4578,0.3047
8/30/16,2.23,0.4,240.849,4.9,96.05000305175781,89.8,46.32,2.95,26.5,50.5428,-0.4601,0.3046
8/31/16,2.23,0.3,240.849,4.9,96.01999664,89.8,44.68,2.95,26.524999618530273,51.0881,-0.421,0.2981
9/1/16,2.23,0.4,241.428,5,95.65000153,91.2,43.17,2.95,26.68250084,54.4925,-0.3336,0.2962
9/2/16,2.28,0.4,241.428,5,95.87999725341797,91.2,44.39,2.88,26.93250084,59.3312,-0.4026,0.296
9/6/16,2.24,0.4,241.428,5,94.81999969482422,91.2,44.85,2.88,26.924999237060547,59.1281,-0.3865,0.2878
9/7/16,2.23,0.4,241.428,5,94.95999908447266,91.2,45.47,2.77,27.09000015258789,62.1944,-0.1979,0.295
9/8/16,2.32,0.4,241.428,5,95.02999877929688,91.2,47.63,2.88,26.37999916,46.1499,-0.819,0.3252
9/9/16,2.39,0.4,241.428,5,95.33999633789062,91.2,45.88,2.93,25.782499313354492,37.4047,-1.4333,0.3445
9/12/16,2.4,0.4,241.428,5,95.09999847,91.2,46.28,3.04,26.360000610351562,47.717,-0.7063,0.3723
9/13/16,2.47,0.4,241.428,5,95.62999725341797,91.2,44.91,3.04,26.987499237060547,56.1671,-0.2071,0.4008
9/14/16,2.44,0.4,241.428,5,95.33000183105469,91.2,43.62,3.07,27.94249916,65.3466,0.8604,0.4557
9/15/16,2.48,0.4,241.428,5,95.29000091552734,91.2,43.85,2.98,28.892499923706055,71.6965,1.8405,0.4882
9/16/16,2.44,0.4,241.428,5,96.11000061035156,91.2,43.04,2.97,28.729999542236328,69.3554,1.8359,0.4877
9/19/16,2.45,0.4,241.428,5,95.83999633789062,91.2,43.34,3,28.395000457763672,64.6675,1.5552,0.501
9/20/16,2.43,0.4,241.428,5,96.01999664,91.2,43.85,3.12,28.392499923706055,64.6324,1.7415,0.4916
9/21/16,2.39,0.4,241.428,5,95.66000366210938,91.2,45.33,3.19,28.387500762939453,64.5569,1.7139,0.482
9/22/16,2.34,0.4,241.428,5,95.44999694824219,91.2,46.1,3.18,28.655000686645508,66.7917,1.8152,0.4704
9/23/16,2.34,0.4,241.428,5,95.48000336,91.2,44.36,3.06,28.177499771118164,59.5711,1.1457,0.49
9/26/16,2.32,0.4,241.428,5,95.30999755859375,91.2,45.6,3.06,28.219999313354492,59.9857,1.1917,0.4853
9/27/16,2.28,0.4,241.428,5,95.44000244140625,91.2,44.65,3.09,28.272499084472656,60.5243,1.0882,0.4644
9/28/16,2.29,0.4,241.428,5,95.43000030517578,91.2,47.07,3.07,28.487499237060547,62.7364,1.9394,0.4567
9/29/16,2.28,0.4,241.428,5,95.54000091552734,91.2,47.72,2.98,28.045000076293945,55.8053,2.082,0.4594
9/30/16,2.32,0.29,241.428,5,95.45999908447266,91.2,47.72,2.84,28.262500762939453,58.2471,1.7507,0.4524
10/3/16,2.34,0.4,241.729,4.9,95.75,87.2,48.8,2.84,28.12999916,56.2096,1.0514,0.4327
10/4/16,2.4,0.4,241.729,4.9,96.12000274658203,87.2,48.67,2.83,28.25,57.6543,0.283,0.4312
10/5/16,2.44,0.4,241.729,4.9,96.12999725341797,87.2,49.75,2.83,28.262500762939453,57.8104,-0.5797,0.4164
10/6/16,2.46,0.4,241.729,4.9,96.66000366210938,87.2,50.44,3.04,28.47249984741211,60.4489,-0.237,0.4078
10/7/16,2.46,0.4,241.729,4.9,96.51999664,87.2,49.76,3.02,28.514999389648438,60.9807,0.1104,0.396
10/10/16,.,0.4,241.729,4.9,,87.2,49.76,3.18,29.012500762939453,66.6363,0.5705,0.4119
10/11/16,2.5,0.41,241.729,4.9,97.69999694824219,87.2,50.72,3.17,29.075000762939453,67.278,0.6327,0.4258
10/12/16,2.51,0.41,241.729,4.9,97.97000122070312,87.2,50.14,3.17,29.334999084472656,69.8737,0.6258,0.423
10/13/16,2.48,0.41,241.729,4.9,97.51999664,87.2,50.47,3.16,29.24500084,67.8668,0.9824,0.4211
10/14/16,2.55,0.41,241.729,4.9,98.01999664,87.2,50.35,3.18,29.407499313354492,69.5665,1.0928,0.4106
10/17/16,2.52,0.41,241.729,4.9,97.88999938964844,87.2,49.97,3.21,29.387500762939453,69.0822,1.0261,0.3986
10/18/16,2.51,0.41,241.729,4.9,97.90000153,87.2,50.3,3.25,29.36750030517578,68.5681,0.8098,0.3827
10/19/16,2.51,0.41,241.729,4.9,97.87000274658203,87.2,51.59,3.18,29.280000686645508,66.2453,1.1365,0.4204
10/20/16,2.5,0.41,241.729,4.9,98.31999969482422,87.2,50.31,3.12,29.264999389648438,65.8336,0.9225,0.4076
10/21/16,2.48,0.41,241.729,4.9,98.69999694824219,87.2,50.61,2.92,29.149999618530273,62.6204,0.9386,0.3913
10/24/16,2.52,0.41,241.729,4.9,98.66999816894531,87.2,50.18,2.78,29.412500381469727,66.6248,1.0698,0.3821
10/25/16,2.5,0.41,241.729,4.9,98.72000122070312,87.2,49.45,2.69,29.5625,68.6889,1.1963,0.3721
10/26/16,2.53,0.41,241.729,4.9,98.62999725341797,87.2,48.75,2.69,28.897499084472656,53.0301,0.3911,0.4267
10/27/16,2.6,0.41,241.729,4.9,98.88999938964844,87.2,49.71,2.72,28.62000084,48.1022,0.0966,0.4251
10/28/16,2.62,0.41,241.729,4.9,98.34999847,87.2,48.72,2.72,28.43000030517578,45.0176,-0.536,0.4237
10/31/16,2.58,0.31,241.729,4.9,98.44999694824219,87.2,46.83,2.85,28.385000228881836,44.2931,-0.635,0.4103
11/1/16,2.58,0.41,241.353,4.7,97.69999694824219,93.8,46.66,2.53,27.872499465942383,36.9918,-1.3458,0.4343
11/2/16,2.56,0.41,241.353,4.7,97.40000153,93.8,45.32,2.53,27.897499084472656,37.5327,-1.24,0.4217
11/3/16,2.6,0.41,241.353,4.7,97.16000366210938,93.8,44.66,2.41,27.457500457763672,33.8126,-1.6633,0.4231
11/4/16,2.56,0.41,241.353,4.7,97.06999969482422,93.8,44.07,2.2,27.209999084472656,31.0417,-1.8739,0.4282
11/7/16,2.6,0.41,241.353,4.7,97.77999877929688,93.8,44.88,2.37,27.602500915527344,39.5079,-1.4924,0.4252
11/8/16,2.63,0.41,241.353,4.7,97.86000061035156,93.8,44.96,2.34,27.764999389648438,42.6473,-1.2616,0.4282
11/9/16,2.88,0.41,241.353,4.7,98.5,93.8,45.2,2.22,27.719999313354492,41.9973,-1.2894,0.4516
11/10/16,2.94,0.41,241.353,4.7,98.79000091552734,93.8,44.62,2.08,26.947500228881836,32.765,-1.8981,0.5063
11/11/16,.,0.41,241.353,4.7,,93.8,43.39,2.08,27.107500076293945,35.9077,-1.9917,0.5084
11/14/16,2.99,0.41,241.353,4.7,100.11000061035156,93.8,43.29,2.26,26.427499771118164,29.5796,-2.7587,0.544
11/15/16,2.97,0.41,241.353,4.7,100.19000244140625,93.8,45.86,2.49,26.77750015258789,35.8465,-1.823,0.5376
11/16/16,2.92,0.41,241.353,4.7,100.41000366210938,93.8,45.56,2.49,27.497499465942383,46.4115,-0.9016,0.5592
11/17/16,3.01,0.41,241.353,4.7,100.88999938964844,93.8,45.37,2.37,27.487499237060547,46.2974,-0.736,0.5444
11/18/16,3.01,0.41,241.353,4.7,101.20999908447266,93.8,45.69,2.6,27.514999389648438,46.6854,-0.6692,0.52
11/21/16,3,0.41,241.353,4.7,101.05000305175781,93.8,47.48,2.81,27.93250084,52.3175,0.1886,0.5156
11/22/16,3,0.41,241.353,4.7,101.04000091552734,93.8,48.07,2.73,27.950000762939453,52.5438,0.1818,0.4956
11/23/16,3.02,0.41,241.353,4.7,101.69999694824219,93.8,46.72,2.76,27.80750084,50.4444,0.3238,0.4845
11/25/16,3.01,0.41,241.353,4.7,101.48999786376953,93.8,46.72,2.76,27.947500228881836,52.4543,0.6822,0.4651
11/28/16,2.99,0.41,241.353,4.7,101.33000183105469,93.8,45.66,2.96,27.892499923706055,51.5694,0.2683,0.4496
11/29/16,2.95,0.41,241.353,4.7,100.93000030517578,93.8,45.29,3.02,27.864999771118164,51.1052,0.0925,0.4499
11/30/16,3.02,0.31,241.353,4.7,101.5,93.8,49.41,3.32,27.62999916,47.1953,-0.0833,0.4496
12/1/16,3.1,0.41,241.432,4.7,101.04000091552734,98.2,51.08,3.32,27.372499465942383,43.2872,0.3931,0.4491
12/2/16,3.08,0.41,241.432,4.7,100.7699966430664,98.2,51.7,3.44,27.475000381469727,45.2314,0.3399,0.4375
12/5/16,3.05,0.41,241.432,4.7,100.13999938964844,98.2,51.72,3.44,27.27750015258789,42.2276,0.7863,0.4356
12/6/16,3.08,0.41,241.432,4.7,100.48999786376953,98.2,50.95,3.75,27.487499237060547,46.3103,0.6568,0.4251
12/7/16,3.02,0.41,241.432,4.7,100.2300033569336,98.2,49.85,3.8,27.75749969482422,51.0957,0.2405,0.4283
12/8/16,3.1,0.41,241.432,4.7,101.06999969482422,98.2,50.84,3.68,28.030000686645508,55.4148,0.5018,0.4279
12/9/16,3.16,0.41,241.432,4.7,101.56999969482422,98.2,51.51,3.75,28.487499237060547,61.554,0.8996,0.44
12/12/16,3.16,0.41,241.432,4.7,100.95999908447266,98.2,52.74,3.6,28.325000762939453,58.4741,0.3631,0.45
12/13/16,3.14,0.41,241.432,4.7,101.02999877929688,98.2,52.99,3.65,28.797500610351562,64.099,0.7839,0.4612
12/14/16,3.14,0.41,241.432,4.7,102,98.2,51.01,3.55,28.797500610351562,64.099,0.9158,0.4484
12/15/16,3.16,0.66,241.432,4.7,103.12999725341797,98.2,50.9,3.56,28.954999923706055,65.8854,0.9319,0.4418
12/16/16,3.19,0.66,241.432,4.7,102.94999694824219,98.2,51.93,3.51,28.99250030517578,66.3152,1.0175,0.4243
12/19/16,3.12,0.66,241.432,4.7,103.13999938964844,98.2,52.13,3.55,29.15999984741211,68.2399,1.1979,0.421
12/20/16,3.15,0.66,241.432,4.7,103.29000091552734,98.2,52.22,3.39,29.237499237060547,69.1191,1.487,0.4051
12/21/16,3.12,0.66,241.432,4.7,103.0199966430664,98.2,51.44,3.5,29.264999389648438,69.4423,1.7506,0.3864
12/22/16,3.12,0.66,241.432,4.7,103.08999633789062,98.2,51.98,3.5,29.072500228881836,64.3634,1.4777,0.3823
12/23/16,3.12,0.66,241.432,4.7,103.01000213623047,98.2,52.01,3.6,29.12999916,65.1826,1.7136,0.3703
12/27/16,3.14,0.66,241.432,4.7,103.0199966430664,98.2,52.82,3.7,29.315000534057617,67.751,1.6905,0.3655
12/28/16,3.09,0.66,241.432,4.7,103.26000213623047,98.2,54.01,3.7,29.190000534057617,64.2995,1.3251,0.3694
12/29/16,3.08,0.66,241.432,4.7,102.68000030517578,98.2,53.8,3.71,29.18250084,64.0886,1.0661,0.3547
12/30/16,3.06,0.55,241.432,4.7,102.38999938964844,98.2,53.75,3.71,28.954999923706055,57.8846,0.4324,0.3586
1/3/17,3.04,0.66,242.839,4.7,103.20999908447266,98.5,52.36,3.41,29.037500381469727,59.4188,0.6591,0.359
1/4/17,3.05,0.66,242.839,4.7,102.69999694824219,98.5,53.26,3.42,29.00499916,58.5145,0.1919,0.3459
1/5/17,2.96,0.66,242.839,4.7,101.5199966430664,98.5,53.77,3.42,29.15250015258789,61.3867,0.3284,0.3386
1/6/17,3,0.66,242.839,4.7,102.22000122070312,98.5,53.98,3.38,29.477500915527344,66.8351,0.4833,0.3423
1/9/17,2.97,0.66,242.839,4.7,101.93000030517578,98.5,51.95,3.14,29.747499465942383,70.5526,0.6984,0.343
1/10/17,2.97,0.66,242.839,4.7,102.01000213623047,98.5,50.82,3.21,29.77750015258789,70.9423,0.5712,0.3363
1/11/17,2.96,0.66,242.839,4.7,101.77999877929688,98.5,52.19,3.27,29.9375,72.9951,0.6475,0.3343
1/12/17,3.01,0.66,242.839,4.7,101.3499984741211,98.5,53.01,3.36,29.8125,68.8999,0.5064,0.3358
1/13/17,2.99,0.66,242.839,4.7,101.18000030517578,98.5,52.36,3.36,29.760000228881836,67.1947,0.6359,0.3252
1/17/17,2.93,0.66,242.839,4.7,100.33000183105469,98.5,52.45,3.37,30,70.7575,0.8048,0.3353
1/18/17,3,0.66,242.839,4.7,100.93000030517578,98.5,51.12,3.26,29.997499465942383,70.6714,0.6313,0.3244
1/19/17,3.04,0.66,242.839,4.7,101.1500015258789,98.5,51.39,3.25,29.94499969482422,68.7787,0.6984,0.3132
1/20/17,3.05,0.66,242.839,4.7,100.73999786376953,98.5,52.33,3.23,30,69.6944,0.7562,0.3026
1/23/17,2.99,0.66,242.839,4.7,100.16000366210938,98.5,52.77,3.16,30.020000457763672,70.0385,0.9851,0.2982
1/24/17,3.05,0.66,242.839,4.7,100.3499984741211,98.5,52.38,3.16,29.99250030517578,68.8803,0.8834,0.2868
1/25/17,3.1,0.66,242.839,4.7,100.02999877929688,98.5,52.14,3.26,30.469999313354492,76.2304,1.3551,0.3015
1/26/17,3.08,0.66,242.839,4.7,100.37999725341797,98.5,53.24,3.44,30.485000610351562,76.4188,1.2326,0.2938
1/27/17,3.06,0.66,242.839,4.7,100.52999877929688,98.5,53.18,3.31,30.487499237060547,76.4523,0.9343,0.2852
1/30/17,3.08,0.66,242.839,4.7,100.43000030517578,98.5,52.63,3.22,30.407499313354492,72.8838,0.6105,0.2862
1/31/17,3.05,0.56,242.839,4.7,99.51000213623047,98.5,52.75,3,30.337499618530273,69.8132,0.518,0.2824
2/1/17,3.08,0.66,243.603,4.6,99.63999938964844,96.3,53.9,3.15,32.1875,86.273,2.0813,0.4132
2/2/17,3.09,0.66,243.603,4.6,99.84999847,96.3,53.55,3.13,32.13249969482422,84.7928,2.146,0.4103
2/3/17,3.11,0.66,243.603,4.6,99.87000274658203,96.3,53.81,3.13,32.27000045776367,85.4642,2.3218,0.398
2/6/17,3.05,0.66,243.603,4.6,99.91000366210938,96.3,53.01,2.92,32.57249832,86.8409,2.3796,0.396
2/7/17,3.02,0.66,243.603,4.6,100.26000213623047,96.3,52.19,3.03,32.88249969482422,88.0861,2.6687,0.3974
2/8/17,2.96,0.66,243.603,4.6,100.27999877929688,96.3,52.37,3.05,33.00999832,88.5654,2.8352,0.3856
2/9/17,3.02,0.66,243.603,4.6,100.6500015258789,96.3,52.99,3.11,33.10499954223633,89.4192,3.004,0.38
2/10/17,3.01,0.66,243.603,4.6,100.80000305175781,96.3,53.84,3.11,33.029998779296875,87.1954,2.9158,0.3676
2/13/17,3.03,0.66,243.603,4.6,100.95999908447266,96.3,52.96,2.93,33.32249832,88.4064,3.213,0.3696
2/14/17,3.07,0.66,243.603,4.6,101.25,96.3,53.21,2.85,33.755001068115234,89.9238,3.1731,0.3737
2/15/17,3.09,0.66,243.603,4.6,101.18000030517578,96.3,53.11,2.95,33.877498626708984,90.3106,3.273,0.3744
2/16/17,3.05,0.66,243.603,4.6,100.44000244140625,96.3,53.41,2.88,33.837501525878906,89.0706,3.2324,0.3652
2/17/17,3.03,0.66,243.603,4.6,100.94999694824219,96.3,53.41,2.75,33.93000030517578,89.426,3.3935,0.3512
2/21/17,3.04,0.66,243.603,4.6,101.37000274658203,96.3,54.02,2.56,34.17499923706055,90.3124,3.6858,0.3432
2/22/17,3.04,0.66,243.603,4.6,101.33000183105469,96.3,53.61,2.52,34.27750015258789,90.665,2.0698,0.3355
2/23/17,3.02,0.66,243.603,4.6,101.05000305175781,96.3,54.48,2.63,34.13249969482422,85.9019,1.9859,0.3311
2/24/17,2.95,0.66,243.603,4.6,101.08999633789062,96.3,53.99,2.63,34.165000915527344,86.0784,1.8889,0.3303
2/27/17,2.98,0.66,243.603,4.6,101.12999725341797,96.3,54.04,2.44,34.23249816894531,86.4577,1.6718,0.3259
2/28/17,2.97,0.57,243.603,4.6,101.12000274658203,96.3,54,2.54,34.247501373291016,86.5454,1.399,0.3148
3/1/17,3.06,0.66,243.801,4.4,101.77999877929688,96.9,53.82,2.54,34.94749832,89.8499,1.9314,0.3448
3/2/17,3.09,0.66,243.801,4.4,102.19999694824219,96.9,52.63,2.59,34.74000168,83.3175,1.5189,0.3453
3/3/17,3.08,0.66,243.801,4.4,101.54000091552734,96.9,53.33,2.5,34.94499969482422,84.5153,1.779,0.3412
3/6/17,3.1,0.66,243.801,4.4,101.63999938964844,96.9,53.19,2.68,34.834999084472656,81.1484,1.4051,0.3365
3/7/17,3.11,0.66,243.801,4.4,101.80999755859375,96.9,52.68,2.68,34.880001068115234,81.4736,1.0451,0.3322
3/8/17,3.15,0.66,243.801,4.4,102.06999969482422,96.9,49.83,2.59,34.75,77.3243,0.8105,0.3247
3/9/17,3.19,0.66,243.801,4.4,101.8499984741211,96.9,48.75,2.83,34.66999816894531,74.7998,0.7745,0.3339
3/10/17,3.16,0.66,243.801,4.4,101.25,96.9,48.05,2.98,34.78499984741211,76.0122,0.7943,0.3219
3/13/17,3.2,0.66,243.801,4.4,101.37999725341797,96.9,47.95,3.04,34.79999923706055,76.1732,0.5806,0.3091
3/14/17,3.17,0.66,243.801,4.4,101.69999694824219,96.9,47.24,3.02,34.747501373291016,74.2935,0.4366,0.3004
3/15/17,3.11,0.66,243.801,4.4,100.73999786376953,96.9,48.34,3.02,35.11500168,78.3256,0.9127,0.3082
3/16/17,3.14,0.91,243.801,4.4,100.2699966430664,96.9,48.3,2.84,35.17250061035156,78.8837,0.936,0.2988
3/17/17,3.11,0.91,243.801,4.4,100.30000305175781,96.9,48.34,2.85,34.997501373291016,72.7445,0.7107,0.2958
3/20/17,3.08,0.91,243.801,4.4,100.41000366210938,96.9,47.79,2.93,35.36500168,76.8237,1.0381,0.2997
3/21/17,3.04,0.91,243.801,4.4,99.80999755859375,96.9,47.02,3.09,34.959999084472656,65.2362,0.0116,0.3293
3/22/17,3.02,0.91,243.801,4.4,99.68000030517578,96.9,47.29,3.02,35.35499954223633,69.9904,0.5713,0.3363
3/23/17,3.02,0.91,243.801,4.4,99.76000213623047,96.9,47,2.93,35.22999954223633,66.8737,0.2648,0.3284
3/24/17,3,0.91,243.801,4.4,99.62999725341797,96.9,47.3,2.97,35.15999984741211,65.1247,0.3019,0.328
3/27/17,2.98,0.91,243.801,4.4,99.16999816894531,96.9,47.02,2.94,35.220001220703125,65.9468,0.3159,0.3477
3/28/17,3.02,0.91,243.801,4.4,99.70999908447266,96.9,48.36,2.95,35.95000076293945,73.9826,1.1148,0.3796
3/29/17,2.99,0.91,243.801,4.4,100,96.9,49.47,3.03,36.029998779296875,74.6875,1.2634,0.3741
3/30/17,3.03,0.91,243.801,4.4,100.41000366210938,96.9,50.3,3.08,35.98249816894531,73.4156,1.1125,0.3639
3/31/17,3.02,0.82,243.801,4.4,100.3499984741211,96.9,50.54,3.13,35.915000915527344,71.5508,1.0358,0.3588
4/3/17,2.98,0.91,244.524,4.4,100.54000091552734,97,50.25,3.13,35.92499923706055,71.6656,1.0939,0.351
4/4/17,2.99,0.91,244.524,4.4,100.54000091552734,97,50.99,3.06,36.192501068115234,74.6169,1.001,0.3544
4/5/17,2.98,0.91,244.524,4.4,100.55999755859375,97,51.14,3.22,36.005001068115234,69.1778,0.7734,0.3565
4/6/17,2.99,0.91,244.524,4.4,100.66999816894531,97,51.69,3.23,35.915000915527344,66.6657,0.8524,0.3488
4/7/17,3,0.91,244.524,4.4,101.18000030517578,97,52.25,3.23,35.834999084472656,64.4262,0.4366,0.339
4/10/17,2.99,0.91,244.524,4.4,101.0199966430664,97,53.06,3.15,35.79249954223633,63.2114,0.7734,0.331
4/11/17,2.93,0.91,244.524,4.4,100.70999908447266,97,53.38,3.11,35.407501220703125,53.3898,0.0488,0.3619
4/12/17,2.92,0.91,244.524,4.4,100.77999877929688,97,53.12,2.97,35.45000076293945,54.2351,0.2044,0.355
4/13/17,2.89,0.91,244.524,4.4,100.55999755859375,97,53.19,3,35.26250076293945,49.9325,0.0952,0.3517
4/17/17,2.92,0.91,244.524,4.4,100.30000305175781,97,52.62,3.09,35.45750045776367,54.0181,0.2206,0.3433
4/18/17,2.84,0.91,244.524,4.4,99.5,97,52.46,3.11,35.29999923706055,50.4381,-0.6038,0.3342
4/19/17,2.87,0.91,244.524,4.4,99.73999786376953,97,50.49,3.11,35.16999816894531,47.632,-0.7989,0.3361
4/20/17,2.89,0.91,244.524,4.4,99.77999877929688,97,50.26,3.13,35.61000061035156,56.461,-0.346,0.3492
4/21/17,2.89,0.91,244.524,4.4,99.98000336,97,49.64,3.06,35.567501068115234,55.4879,-0.3228,0.338
4/24/17,2.93,0.91,244.524,4.4,99.08999633789062,97,48.9,3.06,35.90999984741211,61.2796,-0.0139,0.3418
4/25/17,2.99,0.91,244.524,4.4,98.81999969482422,97,49.22,2.99,36.13249969482422,64.5103,-0.0557,0.3383
4/26/17,2.97,0.91,244.524,4.4,98.95999908447266,97,49.22,3.06,35.91999816894531,59.4118,-0.079,0.3344
4/27/17,2.96,0.91,244.524,4.4,99.08000183105469,97,48.96,3.13,35.94749832,59.854,0.0302,0.3246
4/28/17,2.96,0.83,244.524,4.4,99.05000305175781,97,49.31,3.2,35.912498474121094,58.9734,0.072,0.3185
5/1/17,3,0.91,244.733,4.4,99.13999938964844,97.1,48.83,3.2,36.64500045776367,69.19,0.792,0.3547
5/2/17,2.97,0.91,244.733,4.4,98.98000336,97.1,47.65,3.13,36.877498626708984,71.6069,1.3656,0.3544
5/3/17,2.97,0.91,244.733,4.4,99.20999908447266,97.1,47.79,3.14,36.76499938964844,68.7948,1.2216,0.3828
5/4/17,3,0.91,244.733,4.4,98.76000213623047,97.1,45.55,3.11,36.63249969482422,65.5306,1.2727,0.3775
5/5/17,2.99,0.91,244.733,4.4,98.65000153,97.1,46.23,3.1,37.24000168,72.0732,1.6559,0.3912
5/8/17,3.02,0.91,244.733,4.4,99.15000153,97.1,46.46,3.06,38.252498626708984,79.1697,2.7429,0.4419
5/9/17,3.04,0.91,244.733,4.4,99.58999633789062,97.1,45.84,3.03,38.497501373291016,80.4634,3.0912,0.4414
5/10/17,3.03,0.91,244.733,4.4,99.66999816894531,97.1,47.28,3.03,38.314998626708984,76.6449,2.5129,0.441
5/11/17,3.03,0.91,244.733,4.4,99.62000274658203,97.1,47.81,3.23,38.48749923706055,78.6206,2.859,0.4388
5/12/17,2.98,0.91,244.733,4.4,99.25,97.1,47.83,3.24,39.025001525878906,81.393,3.0422,0.4486
5/15/17,3,0.91,244.733,4.4,98.91000366210938,97.1,48.86,3.26,38.92499923706055,79.3318,2.7422,0.4432
5/16/17,2.99,0.91,244.733,4.4,98.11000061035156,97.1,48.64,3.27,38.86750030517578,78.107,2.886,0.4339
5/17/17,2.91,0.91,244.733,4.4,97.41999816894531,97.1,49.04,3.27,37.5625,56.7083,1.6431,0.4988
5/18/17,2.9,0.91,244.733,4.4,97.87999725341797,97.1,49.36,3.13,38.13499832,61.6695,2.2097,0.5147
5/19/17,2.9,0.91,244.733,4.4,97.15000153,97.1,50.32,3.11,38.26499938964844,62.7144,1.6504,0.5019
5/22/17,2.91,0.91,244.733,4.4,96.98000336,97.1,50.81,3.24,38.497501373291016,64.5745,1.6513,0.4939
5/23/17,2.95,0.91,244.733,4.4,97.34999847,97.1,51.12,3.22,38.45000076293945,63.8734,1.7115,0.4851
5/24/17,2.92,0.91,244.733,4.4,97.23999786376953,97.1,50.99,3.22,38.334999084472656,62.1152,1.7273,0.4754
5/25/17,2.92,0.91,244.733,4.4,97.25,97.1,48.57,3.1,38.467498779296875,63.3664,1.2866,0.4634
5/26/17,2.92,0.91,244.733,4.4,97.40000153,97.1,49.58,3.1,38.40250015258789,62.2797,0.2853,0.4458
5/30/17,2.88,0.91,244.733,4.4,97.27999877929688,97.1,49.63,3.1,38.41749954223633,62.4398,0.0717,0.4323
5/31/17,2.87,0.83,244.733,4.4,96.91999816894531,97.1,48.29,3.05,38.189998626708984,58.3923,0.0291,0.4313
6/1/17,2.87,0.91,244.955,4.3,97.19999694824219,95,48.32,3.05,38.29499816894531,59.691,-0.1796,0.4189
6/2/17,2.8,0.91,244.955,4.3,96.72000122070312,95,47.68,2.85,38.86249923706055,65.8884,-0.1516,0.4317
6/5/17,2.84,0.91,244.955,4.3,96.80000305175781,95,47.4,2.92,38.48249816894531,59.3125,-0.4128,0.434
6/6/17,2.81,0.91,244.955,4.3,96.63999938964844,95,48.13,2.92,38.61249923706055,60.7555,-0.2379,0.4368
6/7/17,2.84,0.91,244.955,4.3,96.75,95,45.8,3.06,38.842498779296875,63.2396,1.194,0.4311
6/8/17,2.85,0.91,244.955,4.3,96.91999816894531,95,45.68,2.98,38.747501373291016,61.5078,0.5713,0.4193
6/9/17,2.86,0.91,244.955,4.3,97.26999664,95,45.82,3.03,37.244998931884766,41.9441,-0.9515,0.5421
6/12/17,2.86,0.91,244.955,4.3,97.13999938964844,95,46.1,3.12,36.35499954223633,34.8692,-1.9985,0.6111
6/13/17,2.87,0.91,244.955,4.3,96.98000336,95,46.41,3.12,36.647499084472656,38.5384,-1.6814,0.6058
6/14/17,2.79,0.91,244.955,4.3,96.94000244140625,95,44.79,2.95,36.290000915527344,35.878,-1.9076,0.6235
6/15/17,2.78,1.16,244.955,4.3,97.43000030517578,95,44.47,2.94,36.07249832,34.3254,-2.234,0.6281
6/16/17,2.78,1.16,244.955,4.3,97.16000366210938,95,44.73,3.01,35.567501068115234,30.974,-2.6445,0.6215
6/19/17,2.79,1.16,244.955,4.3,97.52999877929688,95,44.24,2.87,36.584999084472656,43.0411,-1.7093,0.6516
6/20/17,2.74,1.16,244.955,4.3,97.75,95,43.34,2.91,36.252498626708984,40.5466,-1.8073,0.6372
6/21/17,2.73,1.16,244.955,4.3,97.55999755859375,95,42.48,2.91,36.467498779296875,42.8529,-1.7047,0.616
6/22/17,2.72,1.16,244.955,4.3,97.54000091552734,95,42.53,2.88,36.407501220703125,42.3591,-2.29,0.5983
6/23/17,2.71,1.16,244.955,4.3,97.30000305175781,95,42.86,2.89,36.56999969482422,44.2335,-1.784,0.5897
6/26/17,2.7,1.16,244.955,4.3,97.43000030517578,95,43.24,2.98,36.45500183105469,43.1638,-2.0125,0.5959
6/27/17,2.75,1.16,244.955,4.3,96.47000122070312,95,44.25,2.99,35.932498931884766,38.5965,-2.7144,0.5956
6/28/17,2.77,1.16,244.955,4.3,96.05000305175781,95,44.74,3.03,36.45750045776367,44.9048,-2.1361,0.6022
6/29/17,2.82,1.16,244.955,4.3,95.62999725341797,95,44.88,3.07,35.91999816894531,40.3358,-1.236,0.6184
6/30/17,2.84,1.06,244.955,4.3,95.66000366210938,95,46.02,2.98,36.005001068115234,41.3521,-0.3265,0.5955
7/3/17,2.86,1.16,244.786,4.3,96.19999694824219,93.4,.,2.98,35.875,40.2237,-0.7206,0.5896
7/5/17,2.85,1.16,244.786,4.3,96.29000091552734,93.4,45.11,2.98,36.022499084472656,42.1525,-0.2495,0.5819
7/6/17,2.9,1.16,244.786,4.3,95.81999969482422,93.4,45.52,2.89,35.682498931884766,39.0264,-0.3638,0.5683
7/7/17,2.93,1.16,244.786,4.3,96.01000213623047,93.4,44.25,2.91,36.04499816894531,43.811,0.4454,0.5614
7/10/17,2.93,1.16,244.786,4.3,96.05000305175781,93.4,44.4,2.92,36.26499938964844,46.5521,-0.2985,0.5643
7/11/17,2.92,1.16,244.786,4.3,95.73999786376953,93.4,45.06,2.98,36.38249969482422,48.0109,0.1213,0.5484
7/12/17,2.89,1.16,244.786,4.3,95.79000091552734,93.4,45.48,3.01,36.435001373291016,48.6848,-0.0303,0.5319
7/13/17,2.92,1.16,244.786,4.3,95.73000336,93.4,46.06,2.96,36.942501068115234,54.7862,0.499,0.5447
7/14/17,2.91,1.16,244.786,4.3,95.11000061035156,93.4,46.53,2.94,37.25999832,58.1396,0.6436,0.5391
7/17/17,2.89,1.16,244.786,4.3,95.12999725341797,93.4,46.02,3.04,37.38999938964844,59.4652,0.8722,0.5394
7/18/17,2.85,1.16,244.786,4.3,94.66000366210938,93.4,46.4,3.11,37.52000045776367,60.802,1.4808,0.5252
7/19/17,2.85,1.16,244.786,4.3,94.80000305175781,93.4,47.1,3.11,37.755001068115234,63.1668,1.2103,0.5122
7/20/17,2.83,1.16,244.786,4.3,94.26999664,93.4,46.73,3.12,37.584999084472656,60.3313,1.5531,0.5014
7/21/17,2.81,1.16,244.786,4.3,93.94000244140625,93.4,45.78,3.06,37.567501068115234,60.0325,1.4575,0.4916
7/24/17,2.83,1.16,244.786,4.3,93.98000336,93.4,46.21,2.99,38.022499084472656,64.8992,2.0032,0.4988
7/25/17,2.91,1.16,244.786,4.3,94.05000305175781,93.4,47.77,2.99,38.185001373291016,66.4696,2.0172,0.4971
7/26/17,2.89,1.16,244.786,4.3,93.66999816894531,93.4,48.58,2.92,38.36500168,68.1684,2.5022,0.4815
7/27/17,2.93,1.16,244.786,4.3,93.86000061035156,93.4,49.05,2.95,37.63999938964844,55.8866,1.4878,0.5585
7/28/17,2.89,1.16,244.786,4.3,93.26000213623047,93.4,49.72,2.96,37.375,52.1856,1.0354,0.5414
7/31/17,2.89,1.07,244.786,4.3,92.86000061035156,93.4,50.21,2.87,37.182498931884766,49.6152,0.7462,0.5394
8/1/17,2.86,1.16,245.519,4.4,93.02999877929688,96.8,49.19,2.8,37.51250076293945,53.8149,1.0051,0.531
8/2/17,2.85,1.16,245.519,4.4,92.83000183105469,96.8,49.6,2.8,39.28499984741211,68.8389,2.1851,0.6547
8/3/17,2.81,1.16,245.519,4.4,92.80999755859375,96.8,49.03,2.76,38.89250183105469,63.8832,1.5228,0.6444
8/4/17,2.84,1.16,245.519,4.4,93.54000091552734,96.8,49.57,2.76,39.09749984741211,65.2887,1.5927,0.6288
8/7/17,2.84,1.16,245.519,4.4,93.43000030517578,96.8,49.37,2.8,39.70249938964844,69.1095,2.0358,0.6261
8/8/17,2.86,1.16,245.519,4.4,93.63999938964844,96.8,49.07,2.81,40.02000045776367,70.9186,2.1128,0.6406
8/9/17,2.82,1.16,245.519,4.4,93.51999664,96.8,49.59,2.81,40.26499938964844,72.2682,2.4999,0.6309
8/10/17,2.79,1.16,245.519,4.4,93.40000153,96.8,48.54,2.89,38.83000183105469,57.3281,1.3246,0.6825
8/11/17,2.79,1.16,245.519,4.4,93.06999969482422,96.8,48.81,2.96,39.369998931884766,61.012,1.4059,0.6881
8/14/17,2.81,1.16,245.519,4.4,93.45999908447266,96.8,47.59,3.02,39.962501525878906,64.6211,1.8092,0.6846
8/15/17,2.84,1.16,245.519,4.4,93.84999847,96.8,47.57,2.96,40.400001525878906,67.0468,2.0511,0.6749
8/16/17,2.81,1.16,245.519,4.4,93.48999786376953,96.8,46.8,2.94,40.23749923706055,65.2571,2.5752,0.6662
8/17/17,2.78,1.16,245.519,4.4,93.62000274658203,96.8,47.07,2.91,39.46500015258789,57.4114,2.0989,0.6706
8/18/17,2.78,1.16,245.519,4.4,93.43000030517578,96.8,48.59,2.9,39.375,56.5583,2.1941,0.6692
8/21/17,2.77,1.16,245.519,4.4,93.09999847,96.8,47.39,3,39.30250168,55.8384,1.8184,0.6679
8/22/17,2.79,1.16,245.519,4.4,93.55000305175781,96.8,47.65,3,39.94499969482422,60.6217,0.7668,0.6669
8/23/17,2.75,1.16,245.519,4.4,93.15000153,96.8,48.45,2.94,39.994998931884766,60.9759,1.1797,0.6458
8/24/17,2.77,1.16,245.519,4.4,93.27999877929688,96.8,47.24,2.97,39.817501068115234,58.9486,0.8223,0.6363
8/25/17,2.75,1.16,245.519,4.4,92.73999786376953,96.8,47.65,2.93,39.96500015258789,60.1347,0.3961,0.6124
8/28/17,2.76,1.16,245.519,4.4,92.20999908447266,96.8,46.4,2.95,40.36750030517578,63.2548,0.4769,0.6045
8/29/17,2.74,1.16,245.519,4.4,92.34999847,96.8,46.46,2.95,40.727500915527344,65.8307,0.5855,0.6135
8/30/17,2.75,1.16,245.519,4.4,92.87999725341797,96.8,45.96,2.95,40.837501525878906,66.6012,1.8802,0.5911
8/31/17,2.73,1.07,245.519,4.4,92.66999816894531,96.8,47.26,2.92,41,67.7577,1.5266,0.5684
9/1/17,2.77,1.16,246.819,4.3,92.80999755859375,95.1,47.32,2.88,41.01250076293945,67.85,0.9834,0.5497
9/5/17,2.69,1.16,246.819,4.3,92.30999755859375,95.1,48.63,2.88,40.52000045776367,60.5062,0.1124,0.5722
9/6/17,2.72,1.16,246.819,4.3,92.29000091552734,95.1,49.13,2.98,40.477500915527344,59.9037,0.2248,0.5726
9/7/17,2.66,1.16,246.819,4.3,91.52999877929688,95.1,49.1,2.92,40.314998626708984,57.5441,0.7961,0.5632
9/8/17,2.67,1.16,246.819,4.3,91.33000183105469,95.1,47.44,2.88,39.657501220703125,49.1142,0.2646,0.5686
9/11/17,2.75,1.16,246.819,4.3,91.86000061035156,95.1,48.06,2.88,40.375,56.588,1.0045,0.5852
9/12/17,2.78,1.16,246.819,4.3,91.91000366210938,95.1,48.21,2.88,40.21500015258789,54.66,0.2529,0.6302
9/13/17,2.79,1.16,246.819,4.3,92.51999664,95.1,49.3,3.02,39.912498474121094,51.1143,-0.0773,0.6345
9/14/17,2.77,1.16,246.819,4.3,92.12000274658203,95.1,49.86,3.03,39.56999969482422,47.3677,-0.2318,0.6153
9/15/17,2.77,1.16,246.819,4.3,91.87000274658203,95.1,49.9,3,39.970001220703125,51.8103,0.0047,0.621
9/18/17,2.8,1.16,246.819,4.3,92.05000305175781,95.1,49.88,3.11,39.66749954223633,48.4778,-0.6556,0.6185
9/19/17,2.81,1.16,246.819,4.3,91.79000091552734,95.1,49.54,3.18,39.682498931884766,48.6541,-0.9787,0.5966
9/20/17,2.82,1.16,246.819,4.3,92.51000213623047,95.1,50.29,3.13,39.01750183105469,41.8195,-1.7046,0.6359
9/21/17,2.8,1.16,246.819,4.3,92.26000213623047,95.1,50.58,3.11,38.34749984741211,36.2886,-2.4843,0.646
9/22/17,2.8,1.16,246.819,4.3,92.16999816894531,95.1,50.33,2.93,37.97249984741211,33.6093,-2.8472,0.6472
9/25/17,2.76,1.16,246.819,4.3,92.65000153,95.1,51.85,2.96,37.63750076293945,31.3803,-2.6997,0.6466
9/26/17,2.78,1.16,246.819,4.3,92.97000122070312,95.1,51.59,2.96,38.28499984741211,39.704,-2.0534,0.6568
9/27/17,2.86,1.16,246.819,4.3,93.36000061035156,95.1,52.14,2.98,38.557498931884766,42.8461,-1.646,0.6363
9/28/17,2.87,1.16,246.819,4.3,93.08999633789062,95.1,51.62,2.96,38.31999969482422,40.8481,-1.2527,0.6173
9/29/17,2.86,1.06,246.819,4.3,93.08000183105469,95.1,51.67,2.94,38.529998779296875,43.363,-1.728,0.6088
10/2/17,2.87,1.16,246.663,4.2,93.55999755859375,100.7,50.59,2.94,38.45249938964844,42.6425,-1.6507,0.5943
10/3/17,2.87,1.16,246.663,4.2,93.56999969482422,100.7,50.44,2.73,38.619998931884766,44.7782,-1.2105,0.5732
10/4/17,2.87,1.16,246.663,4.2,93.45999908447266,100.7,50,2.8,38.369998931884766,42.2496,-1.1239,0.5661
10/5/17,2.89,1.16,246.663,4.2,93.95999908447266,100.7,50.79,2.8,38.84749984741211,48.2595,-1.0513,0.5584
10/6/17,2.91,1.16,246.663,4.2,93.80000305175781,100.7,49.34,2.93,38.82500076293945,48.006,-0.7891,0.5341
10/9/17,.,1.16,246.663,4.2,93.73999786376953,100.7,49.58,2.87,38.959999084472656,49.7129,-0.6767,0.5198
10/10/17,2.88,1.16,246.663,4.2,93.29000091552734,100.7,50.93,2.89,38.974998474121094,49.9097,-0.0398,0.5312
10/11/17,2.88,1.16,246.663,4.2,92.95999908447266,100.7,51.3,2.89,39.13750076293945,52.0965,0.7399,0.5138
10/12/17,2.86,1.16,246.663,4.2,93.12000274658203,100.7,50.61,2.95,39,50.1033,0.9623,0.5046
10/13/17,2.81,1.16,246.663,4.2,93.08999633789062,100.7,51.43,2.99,39.247501373291016,53.5485,1.5079,0.4899
10/16/17,2.82,1.16,246.663,4.2,93.27999877929688,100.7,51.86,2.87,39.970001220703125,61.8331,1.5781,0.5053
10/17/17,2.8,1.16,246.663,4.2,93.48999786376953,100.7,51.87,2.88,40.11750030517578,63.2732,1.4611,0.4966
10/18/17,2.85,1.16,246.663,4.2,93.36000061035156,100.7,52.05,2.81,39.939998626708984,60.3234,1.5173,0.4797
10/19/17,2.83,1.16,246.663,4.2,93.26999664,100.7,51.29,2.83,38.994998931884766,47.6003,0.4355,0.5247
10/20/17,2.89,1.16,246.663,4.2,93.69999694824219,100.7,51.63,2.8,39.0625,48.4369,0.5713,0.5172
10/23/17,2.89,1.16,246.663,4.2,93.94000244140625,100.7,51.91,2.95,39.04249954223633,48.1914,0.3957,0.5169
10/24/17,2.92,1.16,246.663,4.2,93.95999908447266,100.7,52.32,2.95,39.275001525878906,51.2827,0.8476,0.5008
10/25/17,2.95,1.16,246.663,4.2,93.70999908447266,100.7,51.97,2.98,39.102500915527344,48.9491,0.2388,0.5032
10/26/17,2.96,1.16,246.663,4.2,94.61000061035156,100.7,52.41,2.91,39.352500915527344,52.3344,0.494,0.491
10/27/17,2.93,1.16,246.663,4.2,94.91999816894531,100.7,53.92,2.78,40.76250076293945,66.0205,1.6882,0.5595
10/30/17,2.88,1.16,246.663,4.2,94.48999786376953,100.7,54.11,2.94,41.68000030517578,71.7122,2.5334,0.6035
10/31/17,2.88,1.07,246.663,4.2,94.55000305175781,100.7,54.36,2.84,42.25999832,74.6078,2.9245,0.6094
11/1/17,2.85,1.16,246.669,4.2,94.81999969482422,98.5,54.32,2.68,41.72249984741211,67.6925,2.5498,0.6382
11/2/17,2.83,1.16,246.669,4.2,94.69000244140625,98.5,54.55,2.68,42.02750015258789,69.4243,2.6037,0.6465
11/3/17,2.82,1.16,246.669,4.2,94.94000244140625,98.5,55.63,2.75,43.125,74.6833,2.9549,0.7032
11/6/17,2.8,1.16,246.669,4.2,94.72000122070312,98.5,57.34,3.01,43.5625,76.4241,3.2265,0.7076
11/7/17,2.77,1.16,246.669,4.2,94.91000366210938,98.5,57.19,3.07,43.70249938964844,76.9699,3.5239,0.6847
11/8/17,2.79,1.16,246.669,4.2,94.87000274658203,98.5,56.82,3.16,44.060001373291016,78.3481,4.7438,0.6677
11/9/17,2.81,1.16,246.669,4.2,94.44000244140625,98.5,57.16,3.18,43.970001220703125,77.0972,4.5963,0.6719
11/10/17,2.88,1.16,246.669,4.2,94.38999938964844,98.5,56.75,3.17,43.66749954223633,75.019,4.4792,0.6425
11/13/17,2.87,1.16,246.669,4.2,94.48999786376953,98.5,56.77,3.13,43.49250030517578,72.4709,4.0969,0.6179
11/14/17,2.84,1.16,246.669,4.2,93.83000183105469,98.5,55.67,3.06,42.834999084472656,63.7143,3.6405,0.6206
11/15/17,2.77,1.16,246.669,4.2,93.80999755859375,98.5,55.28,3.16,42.27000045776367,57.3065,2.8753,0.626
11/16/17,2.81,1.16,246.669,4.2,93.93000030517578,98.5,55.14,3.09,42.775001525878906,61.0747,2.0294,0.6281
11/17/17,2.78,1.16,246.669,4.2,93.66000366210938,98.5,56.21,3.04,42.537498474121094,58.4613,0.9468,0.6126
11/20/17,2.78,1.16,246.669,4.2,94.08000183105469,98.5,56.21,3.04,42.494998931884766,57.9832,0.3636,0.5856
11/21/17,2.76,1.16,246.669,4.2,93.94999694824219,98.5,56.84,3.05,43.28499984741211,63.8944,1.6096,0.6063
11/22/17,2.75,1.16,246.669,4.2,93.22000122070312,98.5,57.88,3.05,43.74000168,66.7922,1.7516,0.5957
11/24/17,2.76,1.16,246.669,4.2,92.76000213623047,98.5,58.94,3.05,43.74250030517578,66.8079,0.7261,0.5675
11/27/17,2.76,1.16,246.669,4.2,92.90000153,98.5,58.1,2.88,43.522499084472656,63.932,0.1096,0.5561
11/28/17,2.77,1.16,246.669,4.2,93.26000213623047,98.5,57.96,2.88,43.26750183105469,60.6718,-0.2613,0.5669
11/29/17,2.81,1.16,246.669,4.2,93.26000213623047,98.5,57.25,3.06,42.369998931884766,50.8442,-1.4397,0.6256
11/30/17,2.83,1.07,246.669,4.2,93.01000213623047,98.5,57.4,3.06,42.962501525878906,55.9204,-0.7985,0.6431
12/1/17,2.76,1.16,246.524,4.1,92.90000153,95.9,58.35,2.84,42.76250076293945,53.8971,-0.8507,0.6534
12/4/17,2.77,1.16,246.524,4.1,93.19000244140625,95.9,57.48,2.91,42.45000076293945,50.8041,-0.9799,0.6569
12/5/17,2.73,1.16,246.524,4.1,93.37999725341797,95.9,57.66,2.86,42.40999984741211,50.4054,-0.3995,0.6623
12/6/17,2.71,1.16,246.524,4.1,93.61000061035156,95.9,55.79,2.86,42.252498626708984,48.7818,-0.0164,0.6779
12/7/17,2.76,1.16,246.524,4.1,93.80000305175781,95.9,56.5,2.81,42.33000183105469,49.6414,-0.4183,0.6551
12/8/17,2.77,1.16,246.524,4.1,93.90000153,95.9,57.15,2.78,42.342498779296875,49.7877,-0.1833,0.6449
12/11/17,2.77,1.16,246.524,4.1,93.87000274658203,95.9,57.84,2.81,43.16749954223633,58.3847,0.6321,0.6677
12/12/17,2.79,1.17,246.524,4.1,94.09999847,95.9,57.12,2.87,42.92499923706055,55.3831,-0.3384,0.6403
12/13/17,2.74,1.17,246.524,4.1,93.43000030517578,95.9,56.59,2.87,43.067501068115234,56.7889,-0.6321,0.6254
12/14/17,2.71,1.41,246.524,4.1,93.48999786376953,95.9,57,2.69,43.05500030517578,56.6204,-0.6462,0.6056
12/15/17,2.68,1.41,246.524,4.1,93.93000030517578,95.9,57.29,2.6,43.49250030517578,60.9847,-0.0282,0.5951
12/18/17,2.74,1.42,246.524,4.1,93.69999694824219,95.9,57.17,2.71,44.10499954223633,66.1233,0.7872,0.6068
12/19/17,2.82,1.42,246.524,4.1,93.47000122070312,95.9,57.49,2.75,43.63499832,59.6329,1.189,0.6025
12/20/17,2.88,1.42,246.524,4.1,93.34999847,95.9,58.09,2.72,43.587501525878906,59.0026,0.5875,0.5959
12/21/17,2.84,1.42,246.524,4.1,93.27999877929688,95.9,58.34,2.64,43.752498626708984,60.562,0.9306,0.5856
12/22/17,2.83,1.42,246.524,4.1,93.34999847,95.9,58.25,2.63,43.752498626708984,60.562,1.2243,0.5592
12/26/17,2.82,1.42,246.524,4.1,93.26000213623047,95.9,59.55,2.68,42.64250183105469,46.7021,0.2185,0.6087
12/27/17,2.75,1.42,246.524,4.1,93.02999877929688,95.9,59.67,2.76,42.650001525878906,46.7907,0.3736,0.5832
12/28/17,2.75,1.42,246.524,4.1,92.59999847,95.9,59.84,2.97,42.77000045776367,48.2725,0.4136,0.5645
12/29/17,2.74,1.33,246.524,4.1,92.12000274658203,95.9,60.46,3.69,42.307498931884766,43.2709,-0.0329,0.5554
1/2/18,2.81,1.42,247.867,4,91.84999847,95.7,60.37,6.24,43.064998626708984,52.0364,-0.0963,0.5673
1/3/18,2.78,1.42,247.867,4,92.16000366210938,95.7,61.61,6.24,43.057498931884766,51.9508,0.1245,0.5702
1/4/18,2.79,1.42,247.867,4,91.84999847,95.7,61.98,4.65,43.25749969482422,54.1181,0.1786,0.5528
1/5/18,2.81,1.42,247.867,4,91.94999694824219,95.7,61.49,.,43.75,59.02,0.6533,0.5526
1/8/18,2.81,1.42,247.867,4,92.33000183105469,95.7,61.73,2.89,43.587501525878906,56.8614,0.0893,0.5414
1/9/18,2.88,1.42,247.867,4,92.52999877929688,95.7,62.92,2.93,43.58250045776367,56.7926,-0.4911,0.5304
1/10/18,2.88,1.42,247.867,4,92.33000183105469,95.7,63.6,3.16,43.57249832,56.6449,-0.0587,0.5148
1/11/18,2.91,1.42,247.867,4,91.84999847,95.7,63.81,3.16,43.81999969482422,59.455,0.2185,0.4982
1/12/18,2.85,1.42,247.867,4,90.97000122070312,95.7,64.22,4.06,44.272499084472656,64.0437,0.4888,0.4975
1/16/18,2.83,1.42,247.867,4,90.38999938964844,95.7,63.82,5.46,44.04750061035156,60.3842,0.2773,0.5165
1/17/18,2.84,1.42,247.867,4,90.54000091552734,95.7,63.92,3.92,44.775001525878906,66.9584,2.0045,0.5498
1/18/18,2.9,1.42,247.867,4,90.5,95.7,63.96,3.92,44.814998626708984,67.2799,2.035,0.5416
1/19/18,2.91,1.42,247.867,4,90.56999969482422,95.7,63.38,3.2,44.61500168,63.9303,1.7342,0.5393
1/22/18,2.93,1.42,247.867,4,90.40000153,95.7,63.66,3.13,44.25,58.2322,1.8259,0.532
1/23/18,2.9,1.42,247.867,4,90.12000274658203,95.7,64.45,3.35,44.25999832,58.3417,1.1232,0.538
1/24/18,2.93,1.42,247.867,4,89.20999908447266,95.7,65.69,3.54,43.55500030517578,48.6532,0.4676,0.5684
1/25/18,2.89,1.42,247.867,4,89.38999938964844,95.7,65.62,3.54,42.77750015258789,40.6382,-0.4512,0.602
1/26/18,2.91,1.42,247.867,4,89.06999969482422,95.7,66.27,3.58,42.877498626708984,41.9625,-0.8201,0.5915
1/29/18,2.94,1.42,247.867,4,89.30999755859375,95.7,65.71,3.6,41.99000168,34.5876,-1.5016,0.6238
1/30/18,2.98,1.42,247.867,4,89.19000244140625,95.7,64.64,3.6,41.74250030517578,32.8535,-1.7295,0.634
1/31/18,2.95,1.34,247.867,4,89.12999725341797,95.7,64.82,3.34,41.85749816894531,34.4968,-1.612,0.6213
2/1/18,3.01,1.42,248.991,4.1,88.66999816894531,99.7,65.92,3.06,41.94499969482422,35.7845,-1.7624,0.6081
2/2/18,3.08,1.42,248.991,4.1,89.19999694824219,99.7,65.5,2.91,40.125,24.8441,-3.8985,0.6936
2/5/18,3.04,1.42,248.991,4.1,89.55000305175781,99.7,64.18,2.85,39.122501373291016,21.0301,-4.6293,0.7763
2/6/18,3.06,1.42,248.991,4.1,89.58999633789062,99.7,63.48,2.75,40.75749969482422,37.801,-3.7763,0.884
2/7/18,3.12,1.42,248.991,4.1,90.26000213623047,99.7,61.91,2.74,39.88499832,33.6893,-4.634,0.8935
2/8/18,3.14,1.42,248.991,4.1,90.23000336,99.7,61.3,2.74,38.787498474121094,29.3628,-5.4776,0.9299
2/9/18,3.14,1.42,248.991,4.1,90.44000244140625,99.7,59.2,2.66,39.102500915527344,33.3324,-4.6904,0.9924
2/12/18,3.14,1.42,248.991,4.1,90.20999908447266,99.7,59.41,2.6,40.67750168,44.5612,-3.2134,1.0476
2/13/18,3.11,1.42,248.991,4.1,89.69999694824219,99.7,59.33,2.58,41.084999084472656,47.0463,-2.1661,1.025
2/14/18,3.18,1.42,248.991,4.1,89.12000274658203,99.7,60.7,2.53,41.842498779296875,51.4069,-0.7204,1.0303
2/15/18,3.15,1.42,248.991,4.1,88.58999633789062,99.7,61.48,2.49,43.247501373291016,58.2708,0.5115,1.0531
2/16/18,3.13,1.42,248.991,4.1,89.09999847,99.7,61.89,2.49,43.10749816894531,57.4007,1.2136,1.0293
2/20/18,3.15,1.42,248.991,4.1,89.72000122070312,99.7,61.91,2.61,42.962501525878906,56.4604,1.3094,1.0036
2/21/18,3.22,1.42,248.991,4.1,90.08000183105469,99.7,61.73,2.65,42.76750183105469,55.1519,1.0173,0.9844
2/22/18,3.21,1.42,248.991,4.1,89.75,99.7,62.72,2.65,43.125,57.1142,1.2724,0.9626
2/23/18,3.16,1.42,248.991,4.1,89.87999725341797,99.7,63.52,2.58,43.875,60.9722,3.6909,0.9469
2/26/18,3.15,1.42,248.991,4.1,89.81999969482422,99.7,63.81,2.6,44.74250030517578,64.9048,5.4519,0.9448
2/27/18,3.17,1.42,248.991,4.1,90.36000061035156,99.7,62.94,2.59,44.59749984741211,63.7485,3.7783,0.9164
2/28/18,3.13,1.35,248.991,4.1,90.61000061035156,99.7,61.43,2.66,44.529998779296875,63.1842,4.5347,0.8943
3/1/18,3.09,1.42,249.554,4,90.31999969482422,101.4,60.98,2.67,43.75,56.9146,4.8302,0.9504
3/2/18,3.14,1.42,249.554,4,89.94000244140625,101.4,61.19,2.67,44.05250168,58.6291,4.6715,0.9474
3/5/18,3.16,1.42,249.554,4,90.08000183105469,101.4,62.49,2.7,44.20500183105469,59.504,3.3291,0.934
3/6/18,3.14,1.42,249.554,4,89.62000274658203,101.4,62.54,2.7,44.16749954223633,59.1726,2.9091,0.903
3/7/18,3.15,1.42,249.554,4,89.63999938964844,101.4,61.09,2.8,43.75749969482422,55.5313,1.8073,0.879
3/8/18,3.13,1.42,249.554,4,90.12000274658203,101.4,60.13,2.8,44.23500061035156,58.7175,0.9319,0.8514
3/9/18,3.16,1.42,249.554,4,90.08999633789062,101.4,62.02,2.71,44.994998931884766,63.233,1.7813,0.8421
3/12/18,3.13,1.42,249.554,4,89.90000153,101.4,61.35,2.78,45.43000030517578,65.5553,2.3287,0.8226
3/13/18,3.1,1.42,249.554,4,89.66000366210938,101.4,60.69,2.76,44.99250030517578,61.3577,2.0998,0.8356
3/14/18,3.05,1.42,249.554,4,89.69999694824219,101.4,60.89,2.69,44.61000061035156,57.8688,1.4015,0.8216
3/15/18,3.05,1.43,249.554,4,90.13999938964844,101.4,61.16,2.7,44.662498474121094,58.22,0.7432,0.7995
3/16/18,3.08,1.43,249.554,4,90.23000336,101.4,62.29,2.62,44.505001068115234,56.6934,-0.2241,0.7677
3/19/18,3.09,1.43,249.554,4,89.90000153,101.4,62.01,2.62,43.82500076293945,50.5325,-0.729,0.7863
3/20/18,3.12,1.44,249.554,4,90.37000274658203,101.4,63.37,2.71,43.810001373291016,50.4024,-0.6795,0.7615
3/21/18,3.12,1.44,249.554,4,89.77999877929688,101.4,65.1,2.74,42.817501068115234,42.5885,-0.88,0.7742
3/22/18,3.06,1.68,249.554,4,89.86000061035156,101.4,64.25,2.62,42.212501525878906,38.6545,-1.7365,0.7876
3/23/18,3.06,1.68,249.554,4,89.44000244140625,101.4,65.8,2.58,41.23500061035156,33.302,-2.8029,0.8153
3/26/18,3.08,1.68,249.554,4,89.02999877929688,101.4,65.49,2.63,43.192501068115234,48.6395,-0.9201,0.8946
3/27/18,3.03,1.68,249.554,4,89.37000274658203,101.4,65.21,2.6,42.084999084472656,42.6621,-1.5784,0.9694
3/28/18,3.01,1.68,249.554,4,90.05999755859375,101.4,64.3,2.64,41.619998931884766,40.4163,-2.4679,0.9815
3/29/18,2.97,1.68,249.554,4,90.15000153,101.4,64.87,2.81,41.94499969482422,42.6872,-2.8784,1.0002
4/2/18,2.97,1.68,250.546,4,90.05000305175781,98.8,63.05,2.75,41.66999816894531,41.2545,-3.5485,1.0041
4/3/18,3.02,1.69,250.546,4,90.19999694824219,98.8,63.41,2.75,42.09749984741211,44.3798,-2.7321,0.9976
4/4/18,3.03,1.69,250.546,4,90.13999938964844,98.8,63.35,2.81,42.90250015258789,49.7961,-1.6114,1.0484
4/5/18,3.07,1.69,250.546,4,90.45999908447266,98.8,63.53,2.81,43.20000076293945,51.6692,-1.3802,1.0176
4/6/18,3.01,1.69,250.546,4,90.11000061035156,98.8,62.03,2.81,42.095001220703125,44.9594,-2.2744,1.0225
4/9/18,3.02,1.69,250.546,4,89.83999633789062,98.8,63.4,2.78,42.51250076293945,47.7217,-1.2387,1.0288
4/10/18,3.02,1.69,250.546,4,89.58999633789062,98.8,65.48,2.78,43.3125,52.6279,-0.4695,1.0219
4/11/18,2.99,1.69,250.546,4,89.56999969482422,98.8,66.81,2.74,43.11000061035156,51.3151,0.276,0.9863
4/12/18,3.05,1.69,250.546,4,89.75,98.8,67.07,2.76,43.53499984741211,53.9134,1.2481,0.959
4/13/18,3.03,1.69,250.546,4,89.80000305175781,98.8,67.35,2.82,43.682498931884766,54.8147,2.3098,0.924
4/16/18,3.03,1.69,250.546,4,89.43000030517578,98.8,66.23,2.88,43.95500183105469,56.5071,0.7196,0.8826
4/17/18,3,1.69,250.546,4,89.51999664,98.8,66.5,2.84,44.560001373291016,60.0817,2.3358,0.8722
4/18/18,3.06,1.69,250.546,4,89.62000274658203,98.8,68.44,2.85,44.459999084472656,59.2154,2.6802,0.8426
4/19/18,3.11,1.69,250.546,4,89.94000244140625,98.8,68.3,2.8,43.20000076293945,49.5255,1.1844,0.8697
4/20/18,3.14,1.7,250.546,4,90.31999969482422,98.8,68.26,2.78,41.43000030517578,39.698,-0.2265,0.9318
4/23/18,3.15,1.7,250.546,4,90.94000244140625,98.8,67.61,2.78,41.310001373291016,39.1311,-0.7432,0.9129
4/24/18,3.18,1.7,250.546,4,90.76999664,98.8,67.66,2.79,40.73500061035156,36.4453,-2.0456,0.9338
4/25/18,3.21,1.7,250.546,4,91.16999816894531,98.8,68,2.81,40.912498474121094,37.8631,-2.1588,0.9178
4/26/18,3.18,1.7,250.546,4,91.55999755859375,98.8,68.18,2.81,41.05500030517578,39.0389,-0.9815,0.8921
4/27/18,3.13,1.7,250.546,4,91.54000091552734,98.8,68.11,2.82,40.58000183105469,36.5558,-1.8238,0.8907
4/30/18,3.11,1.69,250.546,4,91.83999633789062,98.8,68.56,2.75,41.314998626708984,42.6359,-1.8851,0.9184
5/1/18,3.13,1.7,251.588,3.8,92.44999694824219,98,67.28,2.75,42.275001525878906,49.45,-0.788,0.9192
5/2/18,3.14,1.7,251.588,3.8,92.51000213623047,98,67.91,2.77,44.14250183105469,59.5229,0.5733,0.9993
5/3/18,3.12,1.7,251.588,3.8,92.41000366210938,98,68.45,2.75,44.22249984741211,59.8916,0.5096,0.9795
5/4/18,3.12,1.7,251.588,3.8,92.56999969482422,98,69.71,2.75,45.95750045776367,66.9277,1.8898,1.0336
5/7/18,3.12,1.7,251.588,3.8,92.75,98,70.74,2.74,46.290000915527344,68.0832,1.6327,1.0245
5/8/18,3.13,1.7,251.588,3.8,93.12000274658203,98,68.83,2.77,46.51250076293945,68.8671,1.937,0.9943
5/9/18,3.16,1.7,251.588,3.8,93.04000091552734,98,71.16,2.75,46.84000015258789,70.0338,3.4352,0.96
5/10/18,3.12,1.7,251.588,3.8,92.65000153,98,71.36,2.78,47.50999832,72.3192,5.738,0.9421
5/11/18,3.1,1.7,251.588,3.8,92.54000091552734,98,70.69,2.75,47.147499084472656,70.7579,5.6813,0.919
5/14/18,3.13,1.7,251.588,3.8,92.58999633789062,98,71.01,2.84,47.037498474121094,69.7629,6.1198,0.8816
5/15/18,3.2,1.7,251.588,3.8,93.22000122070312,98,71.34,2.83,46.61000061035156,65.8852,5.5472,0.8702
5/16/18,3.21,1.7,251.588,3.8,93.38999938964844,98,71.43,2.85,47.04499816894531,67.8438,5.8249,0.8497
5/17/18,3.25,1.7,251.588,3.8,93.47000122070312,98,71.47,2.75,46.747501373291016,65.0914,5.9913,0.8321
5/18/18,3.2,1.7,251.588,3.8,93.63999938964844,98,71.23,2.75,46.57749938964844,63.5059,5.1366,0.8011
5/21/18,3.2,1.7,251.588,3.8,93.68000030517578,98,72.26,2.77,46.907501220703125,65.2741,4.5432,0.794
5/22/18,3.21,1.7,251.588,3.8,93.61000061035156,98,72.09,2.76,46.790000915527344,64.0835,2.6695,0.7728
5/23/18,3.17,1.7,251.588,3.8,94.01000213623047,98,71.85,2.89,47.09000015258789,65.7988,2.8782,0.7639
5/24/18,3.13,1.7,251.588,3.8,93.77999877929688,98,70.77,2.88,47.037498474121094,65.2119,1.1911,0.7539
5/25/18,3.09,1.7,251.588,3.8,94.19000244140625,98,67.92,2.88,47.14500045776367,65.883,0.9791,0.7339
5/29/18,2.96,1.7,251.588,3.8,94.83000183105469,98,66.8,2.84,46.974998474121094,63.7873,0.6081,0.7132
5/30/18,3.01,1.7,251.588,3.8,94.15000153,98,68.24,2.83,46.875,62.5274,0.2043,0.6829
5/31/18,3,1.7,251.588,3.8,93.98999786376953,98,66.98,2.94,46.717498779296875,60.5005,-0.5773,0.6695
6/1/18,3.04,1.7,251.989,4,94.19000244140625,98.2,65.81,2.91,47.560001373291016,66.716,0.3908,0.679
6/4/18,3.08,1.7,251.989,4,94.01999664,98.2,64.76,2.89,47.95750045776367,69.1801,0.8716,0.6843
6/5/18,3.07,1.7,251.989,4,93.88999938964844,98.2,65.51,2.89,48.32749938964844,71.3094,1.6272,0.6712
6/6/18,3.13,1.7,251.989,4,93.66000366210938,98.2,64.75,2.89,48.494998931884766,72.2442,1.3737,0.6598
6/7/18,3.08,1.7,251.989,4,93.40000153,98.2,65.96,3.02,48.36500168,70.3289,1.5324,0.6441
6/8/18,3.08,1.7,251.989,4,93.55000305175781,98.2,65.77,2.91,47.92499923706055,64.1314,1.2766,0.6605
6/11/18,3.1,1.7,251.989,4,93.58000183105469,98.2,66.1,3,47.807498931884766,62.5464,0.8527,0.6431
6/12/18,3.09,1.7,251.989,4,93.80000305175781,98.2,66.38,2.98,48.06999969482422,64.6485,1.2127,0.6219
6/13/18,3.1,1.7,251.989,4,93.70999908447266,98.2,66.63,2.98,47.67499923706055,59.2587,0.5542,0.6187
6/14/18,3.05,1.9,251.989,4,94.76999664,98.2,66.91,2.99,47.70000076293945,59.4889,0.6276,0.5974
6/15/18,3.05,1.9,251.989,4,94.79000091552734,98.2,65.01,3.02,47.209999084472656,53.1499,0.0616,0.5977
6/18/18,3.05,1.9,251.989,4,94.75,98.2,65.91,2.99,47.185001373291016,52.8405,0.199,0.5892
6/19/18,3.02,1.91,251.989,4,95.08999633789062,98.2,65.09,2.95,46.42250061035156,44.3594,-0.4287,0.6366
6/20/18,3.06,1.92,251.989,4,95.05999755859375,98.2,65.92,2.96,46.625,46.8014,-0.0876,0.6167
6/21/18,3.04,1.92,251.989,4,94.87000274658203,98.2,65.68,3.08,46.36500168,44.1237,-1.1321,0.6303
6/22/18,3.04,1.92,251.989,4,94.51999664,98.2,69.02,2.95,46.22999954223633,42.7558,-1.6366,0.6098
6/25/18,3.02,1.92,251.989,4,94.27999877929688,98.2,69.91,2.96,45.54249954223633,36.5428,-2.6385,0.6371
6/26/18,3.03,1.92,251.989,4,94.68000030517578,98.2,75.23,2.98,46.10749816894531,43.7739,-2.2619,0.6654
6/27/18,2.97,1.91,251.989,4,95.29000091552734,98.2,77.41,3.01,46.040000915527344,43.1414,-2.2027,0.6728
6/28/18,2.97,1.91,251.989,4,95.38999938964844,98.2,73.45,2.99,46.375,47.2176,-1.4685,0.6656
6/29/18,2.98,1.91,251.989,4,94.62999725341797,98.2,74.13,2.96,46.27750015258789,46.18,-1.4495,0.6904
7/2/18,2.99,1.91,252.006,3.8,94.87000274658203,97.9,73.89,2.9,46.79499816894531,52.1862,-1.2079,0.7067
7/3/18,2.96,1.91,252.006,3.8,94.58999633789062,97.9,74.19,2.9,45.97999954223633,43.8808,-1.6058,0.7309
7/5/18,2.95,1.91,252.006,3.8,94.47000122070312,97.9,73.05,2.91,46.349998474121094,47.9321,-1.279,0.7208
7/6/18,2.94,1.91,252.006,3.8,94.04000091552734,97.9,73.78,2.91,46.99250030517578,54.1254,-0.2061,0.724
7/9/18,2.96,1.91,252.006,3.8,94.08000183105469,97.9,73.93,2.9,47.64500045776367,59.4063,0.4358,0.7181
7/10/18,2.97,1.91,252.006,3.8,94.11000061035156,97.9,74.11,2.9,47.587501525878906,58.7643,1.1037,0.6854
7/11/18,2.95,1.91,252.006,3.8,94.72000122070312,97.9,70.47,2.89,46.970001220703125,52.2359,0.3269,0.6828
7/12/18,2.95,1.91,252.006,3.8,94.80999755859375,97.9,70.28,2.89,47.75749969482422,58.5589,1.3192,0.6938
7/13/18,2.94,1.91,252.006,3.8,94.75,97.9,71.03,2.86,47.83250045776367,59.114,1.5182,0.6601
7/16/18,2.96,1.91,252.006,3.8,94.51000213623047,97.9,68.22,2.76,47.727500915527344,57.9438,2.0701,0.6507
7/17/18,2.97,1.91,252.006,3.8,94.97000122070312,97.9,68.03,2.81,47.86249923706055,59.0658,1.6627,0.6494
7/18/18,2.99,1.91,252.006,3.8,95.08000183105469,97.9,68.78,2.8,47.599998474121094,55.9406,1.4779,0.6346
7/19/18,2.96,1.91,252.006,3.8,95.16999816894531,97.9,69.42,2.75,47.970001220703125,59.2162,1.5111,0.6377
7/20/18,3.03,1.91,252.006,3.8,94.45999908447266,97.9,70.31,2.79,47.86000061035156,57.8394,1.4993,0.6304
7/23/18,3.1,1.91,252.006,3.8,94.66999816894531,97.9,67.9,2.79,47.90250015258789,58.2434,1.0492,0.6259
7/24/18,3.08,1.91,252.006,3.8,94.61000061035156,97.9,70.77,2.73,48.25,61.4921,2.1506,0.6159
7/25/18,3.06,1.91,252.006,3.8,94.36000061035156,97.9,71.13,2.82,48.70500183105469,65.299,2.2311,0.6129
7/26/18,3.1,1.91,252.006,3.8,94.75,97.9,71.59,2.82,48.55250168,63.0492,1.4779,0.6088
7/27/18,3.09,1.91,252.006,3.8,94.68000030517578,97.9,68.66,2.78,47.744998931884766,52.6961,0.0947,0.6515
7/30/18,3.11,1.91,252.006,3.8,94.36000061035156,97.9,71.19,2.75,47.477500915527344,49.7799,-0.1042,0.6579
7/31/18,3.08,1.91,252.006,3.8,94.48999786376953,97.9,69.88,2.82,47.57249832,50.8208,0.5708,0.6583
8/1/18,3.13,1.91,252.146,3.8,94.62000274658203,96.2,68.8,2.8,50.375,70.3464,2.4798,0.8053
8/2/18,3.12,1.91,252.146,3.8,95.16999816894531,96.2,68.95,2.77,51.84749984741211,75.7862,3.8038,0.8836
8/3/18,3.09,1.91,252.146,3.8,95.13999938964844,96.2,68.49,2.86,51.997501373291016,76.2639,4.0454,0.8757
8/6/18,3.08,1.91,252.146,3.8,95.36000061035156,96.2,69.01,2.85,52.26750183105469,77.1381,4.1733,0.85
8/7/18,3.12,1.91,252.146,3.8,95.22000122070312,96.2,69.17,2.95,51.77750015258789,71.9582,3.9577,0.8356
8/8/18,3.12,1.91,252.146,3.8,95.09999847,96.2,66.92,2.99,51.8125,72.1023,3.6404,0.8316
8/9/18,3.08,1.91,252.146,3.8,95.5,96.2,66.81,3.02,52.220001220703125,73.791,4.1306,0.8158
8/10/18,3.03,1.91,252.146,3.8,96.36000061035156,96.2,67.61,2.96,51.88249969482422,72.0056,3.9435,0.7988
8/13/18,3.05,1.91,252.146,3.8,96.38999938964844,96.2,67.25,2.92,52.217498779296875,73.5031,3.9328,0.7998
8/14/18,3.06,1.91,252.146,3.8,96.73000336,96.2,67.04,3.02,52.4375,74.469,3.7109,0.7817
8/15/18,3.03,1.91,252.146,3.8,96.69999694824219,96.2,65.07,3.02,52.560001373291016,75.0151,3.9718,0.7668
8/16/18,3.03,1.92,252.146,3.8,96.65000153,96.2,65.44,3.02,53.33000183105469,78.1754,5.4689,0.7727
8/17/18,3.03,1.92,252.146,3.8,96.09999847,96.2,65.93,3.01,54.39500045776367,81.6354,6.7349,0.7988
8/20/18,2.99,1.92,252.146,3.8,95.90000153,96.2,66.5,3.04,53.86500168,75.2424,6.141,0.8108
8/21/18,3,1.92,252.146,3.8,95.26000213623047,96.2,67.32,3.01,53.75999832,74.0059,3.3861,0.8066
8/22/18,2.99,1.92,252.146,3.8,95.15000153,96.2,67.85,3.02,53.76250076293945,74.0169,1.9934,0.7917
8/23/18,2.97,1.92,252.146,3.8,95.62000274658203,96.2,69.13,3.01,53.872501373291016,74.5253,1.9559,0.7768
8/24/18,2.97,1.92,252.146,3.8,95.15000153,96.2,69.71,2.99,54.040000915527344,75.3173,1.8593,0.7517
8/27/18,3,1.92,252.146,3.8,94.77999877929688,96.2,69.97,2.98,54.48500061035156,77.3336,2.7466,0.7418
8/28/18,3.03,1.92,252.146,3.8,94.72000122070312,96.2,68.54,2.98,54.92499923706055,79.1473,3.1318,0.7329
8/29/18,3.02,1.92,252.146,3.8,94.59999847,96.2,69.68,2.96,55.744998931884766,82.0329,3.5253,0.7499
8/30/18,3,1.92,252.146,3.8,94.72000122070312,96.2,70.25,2.96,56.25749969482422,83.5637,4.1594,0.7958
8/31/18,3.02,1.91,252.146,3.8,95.13999938964844,96.2,69.84,2.98,56.907501220703125,85.2771,4.4589,0.8041
9/4/18,3.07,1.92,252.439,3.7,95.41999816894531,100.1,69.82,2.96,57.09000015258789,85.727,4.4233,0.79
9/5/18,3.08,1.92,252.439,3.7,95.12999725341797,100.1,68.69,3,56.717498779296875,80.3314,3.9527,0.8111
9/6/18,3.06,1.92,252.439,3.7,95.01999664,100.1,67.81,2.93,55.775001525878906,68.5715,2.3245,0.8559
9/7/18,3.11,1.92,252.439,3.7,95.37000274658203,100.1,67.73,2.88,55.32500076293945,63.7713,0.8842,0.8739
9/10/18,3.09,1.92,252.439,3.7,95.15000153,100.1,67.55,2.9,54.58250045776367,56.7163,0.6821,0.9028
9/11/18,3.13,1.92,252.439,3.7,95.05999755859375,100.1,69.29,2.94,55.962501525878906,64.5631,2.094,0.9697
9/12/18,3.11,1.92,252.439,3.7,94.80000305175781,100.1,70.37,2.98,55.26750183105469,58.7833,1.4308,0.9881
9/13/18,3.11,1.92,252.439,3.7,94.54000091552734,100.1,68.6,2.94,56.602500915527344,65.2235,2.5955,1.0411
9/14/18,3.13,1.92,252.439,3.7,94.98000336,100.1,68.98,2.91,55.959999084472656,60.3371,1.8254,1.0401
9/17/18,3.13,1.92,252.439,3.7,94.51000213623047,100.1,68.86,2.95,54.470001220703125,50.8273,-0.0143,1.0773
9/18/18,3.2,1.92,252.439,3.7,94.62000274658203,100.1,69.87,3,54.560001373291016,51.3263,-0.347,1.0807
9/19/18,3.23,1.92,252.439,3.7,94.55000305175781,100.1,71.08,3.11,54.592498779296875,51.5177,-1.0957,1.0768
9/20/18,3.21,1.92,252.439,3.7,93.91000366210938,100.1,70.77,3.07,55.00749969482422,54.0041,-1.1884,1.0663
9/21/18,3.2,1.92,252.439,3.7,94.22000122070312,100.1,70.8,3.02,54.415000915527344,50.0569,-2.3697,1.0592
9/24/18,3.21,1.93,252.439,3.7,94.26000213623047,100.1,73.23,3.04,55.19749832,54.7598,-1.7993,1.0622
9/25/18,3.23,1.93,252.439,3.7,94.12999725341797,100.1,73.4,3.12,55.54750061035156,56.7228,-1.1124,1.0393
9/26/18,3.19,1.93,252.439,3.7,94.19000244140625,100.1,72.22,3.1,55.10499954223633,53.5587,-0.637,1.0328
9/27/18,3.19,2.18,252.439,3.7,95,100.1,72.18,3.05,56.23749923706055,59.7474,0.8675,1.0612
9/28/18,3.19,2.18,252.439,3.7,95.19000244140625,100.1,73.16,3.01,56.435001373291016,60.7302,1.7612,1.0163
10/1/18,3.24,2.18,252.885,3.8,95.30000305175781,98.6,75.37,3.13,56.814998626708984,62.6212,0.8105,1.0062
10/2/18,3.2,2.18,252.885,3.8,95.51000213623047,98.6,75.16,3.14,57.31999969482422,65.0312,1.9514,0.9915
10/3/18,3.3,2.18,252.885,3.8,95.76000213623047,98.6,76.4,3.26,58.01750183105469,68.0913,1.3453,0.9918
10/4/18,3.35,2.18,252.885,3.8,95.75,98.6,74.44,3.39,56.997501373291016,59.8439,0.9864,1.0164
10/5/18,3.4,2.18,252.885,3.8,95.62000274658203,98.6,74.26,3.25,56.07249832,53.5138,1.5235,1.0767
10/8/18,.,2.18,252.885,3.8,95.76999664,98.6,74.27,3.28,55.942501068115234,52.6705,1.3144,1.0779
10/9/18,3.37,2.18,252.885,3.8,95.68000030517578,98.6,74.95,3.4,56.717498779296875,57.0187,2.0203,1.0862
10/10/18,3.39,2.18,252.885,3.8,95.51000213623047,98.6,73.18,3.45,54.09000015258789,42.6969,-0.8723,1.1923
10/11/18,3.32,2.18,252.885,3.8,95.01999664,98.6,70.97,3.16,53.61249923706055,40.6964,-0.763,1.229
10/12/18,3.32,2.18,252.885,3.8,95.22000122070312,98.6,71.41,3.19,55.52750015258789,50.6775,0.3137,1.2843
10/15/18,3.34,2.18,252.885,3.8,95.06999969482422,98.6,71.84,3.26,54.34000015258789,45.5571,-1.148,1.2748
10/16/18,3.32,2.18,252.885,3.8,95.05000305175781,98.6,71.93,3.27,55.537498474121094,50.9403,0.4112,1.2895
10/17/18,3.35,2.19,252.885,3.8,95.58000183105469,98.6,69.63,3.3,55.29750061035156,49.8759,-0.8937,1.2534
10/18/18,3.36,2.19,252.885,3.8,95.90000153,98.6,68.63,3.28,54.005001068115234,44.4849,-2.3103,1.3029
10/19/18,3.38,2.19,252.885,3.8,95.70999908447266,98.6,69.16,3.2,54.82749938964844,48.3135,-1.8896,1.2988
10/22/18,3.38,2.19,252.885,3.8,96.01000213623047,98.6,69.25,3.2,55.162498474121094,49.8311,-2.0512,1.2811
10/23/18,3.37,2.2,252.885,3.8,95.95999908447266,98.6,66.49,3.28,55.682498931884766,52.1783,-2.2199,1.3347
10/24/18,3.33,2.2,252.885,3.8,96.43000030517578,98.6,66.56,3.42,53.772499084472656,44.0298,-3.0661,1.4039
10/25/18,3.35,2.2,252.885,3.8,96.68000030517578,98.6,67.25,3.42,54.95000076293945,49.2877,-1.0672,1.4104
10/26/18,3.32,2.2,252.885,3.8,96.36000061035156,98.6,67.58,3.27,54.07500076293945,45.8415,-1.7755,1.4373
10/29/18,3.33,2.2,252.885,3.8,96.58000183105469,98.6,67,3.2,53.060001373291016,42.159,-3.4773,1.5656
10/30/18,3.36,2.2,252.885,3.8,97.01000213623047,98.6,66.18,3.27,53.32500076293945,43.4366,-0.7273,1.5541
10/31/18,3.39,2.2,252.885,3.8,97.12999725341797,98.6,65.31,3.31,54.71500015258789,49.711,1.0482,1.5645
11/1/18,3.38,2.2,252.038,3.8,96.27999877929688,97.5,63.67,3.36,55.55500030517578,53.097,0.0261,1.5469
11/2/18,3.46,2.19,252.038,3.8,96.54000091552734,97.5,63.12,3.26,51.869998931884766,40.2831,-2.3483,1.7215
11/5/18,3.43,2.2,252.038,3.8,96.34999847,97.5,63.12,3.53,50.397499084472656,36.4932,-4.8867,1.7566
11/6/18,3.43,2.2,252.038,3.8,96.31999969482422,97.5,62.16,3.53,50.942501068115234,38.7887,-4.1404,1.6842
11/7/18,3.43,2.2,252.038,3.8,96,97.5,61.69,3.54,52.48749923706055,44.8718,-1.4427,1.6707
11/8/18,3.43,2.2,252.038,3.8,96.63999938964844,97.5,60.71,3.54,52.122501373291016,44.3116,-2.3982,1.6088
11/9/18,3.4,2.19,252.038,3.8,96.91000366210938,97.5,60.19,3.74,51.11750030517578,41.2471,-3.6755,1.6002
11/12/18,.,2.19,252.038,3.8,97.54000091552734,97.5,59.85,3.96,48.54249954223633,34.6374,-6.6266,1.6679
11/13/18,3.36,2.2,252.038,3.8,97.30000305175781,97.5,55.63,4.1,48.057498931884766,33.547,-5.2734,1.6463
11/14/18,3.35,2.2,252.038,3.8,96.80000305175781,97.5,56.16,4.1,46.70000076293945,30.6395,-7.688,1.6744
11/15/18,3.36,2.2,252.038,3.8,96.93000030517578,97.5,56.45,4.69,47.852500915527344,35.7321,-5.7566,1.6429
11/16/18,3.33,2.2,252.038,3.8,96.47000122070312,97.5,56.49,4.3,48.38249969482422,37.987,-4.286,1.6194
11/19/18,3.32,2.2,252.038,3.8,96.19000244140625,97.5,57.16,4.65,46.46500015258789,33.4186,-6.3673,1.6492
11/20/18,3.31,2.2,252.038,3.8,96.80999755859375,97.5,53.39,4.65,44.244998931884766,29.061,-9.8068,1.7078
11/21/18,3.31,2.2,252.038,3.8,96.70999908447266,97.5,54.41,4.7,44.19499969482422,28.9694,-10.6531,1.6492
11/23/18,3.31,2.2,252.038,3.8,96.91999816894531,97.5,.,.,43.07249832,26.9176,-8.2206,1.6111
11/26/18,3.32,2.2,252.038,3.8,97.06999969482422,97.5,51.46,4.28,43.654998779296875,29.7001,-6.265,1.5759
11/27/18,3.32,2.2,252.038,3.8,97.37000274658203,97.5,51.31,4.28,43.560001373291016,29.5028,-6.8737,1.5296
11/28/18,3.34,2.2,252.038,3.8,96.79000091552734,97.5,50.06,4.5,45.23500061035156,37.3987,-6.7446,1.5405
11/29/18,3.33,2.2,252.038,3.8,96.77999877929688,97.5,51.46,4.5,44.88750076293945,36.4857,-6.9026,1.5173
11/30/18,3.3,2.2,252.038,3.8,97.26999664,97.5,50.78,4.61,44.64500045776367,35.8284,-6.1751,1.4652
12/3/18,3.27,2.19,251.233,3.9,97.04000091552734,98.3,52.98,4.4,46.20500183105469,42.9491,-2.2301,1.4689
12/4/18,3.16,2.2,251.233,3.9,96.97000122070312,98.3,53.21,4.4,44.17250061035156,37.163,-3.7065,1.5096
12/6/18,3.14,2.2,251.233,3.9,96.80999755859375,98.3,51.54,4.44,43.68000030517578,35.9009,-2.8813,1.5086
12/7/18,3.14,2.19,251.233,3.9,96.51000213623047,98.3,52.76,4.51,42.122501373291016,32.179,-5.4667,1.5102
12/10/18,3.13,2.2,251.233,3.9,97.22000122070312,98.3,51.07,4.54,42.400001525878906,33.5018,-5.7076,1.5175
12/11/18,3.13,2.19,251.233,3.9,97.38999938964844,98.3,51.65,4.53,42.157501220703125,32.898,-4.1096,1.4907
12/12/18,3.15,2.19,251.233,3.9,97.04000091552734,98.3,51.04,4.53,42.275001525878906,33.5232,-1.8795,1.4403
12/13/18,3.16,2.19,251.233,3.9,97.05999755859375,98.3,52.69,4.31,42.73749923706055,36.049,-1.3905,1.3965
12/14/18,3.14,2.19,251.233,3.9,97.44000244140625,98.3,51.26,3.99,41.369998931884766,32.1583,-1.6243,1.3934
12/17/18,3.11,2.2,251.233,3.9,97.09999847,98.3,49.8,3.8,40.98500061035156,31.1393,-2.5473,1.3896
12/18/18,3.07,2.2,251.233,3.9,97.13999938964844,98.3,46.12,3.8,41.51750183105469,34.2429,-1.9487,1.3515
12/19/18,3,2.2,251.233,3.9,97.04000091552734,98.3,47.96,3.64,40.22249984741211,30.6277,-4.7822,1.3974
12/20/18,3.02,2.4,251.233,3.9,96.27999877929688,98.3,45.64,3.7,39.20750045776367,28.1216,-5.419,1.4136
12/21/18,3.03,2.4,251.233,3.9,96.95999908447266,98.3,45.38,3.7,37.682498931884766,24.8338,-6.6426,1.458
12/24/18,3,2.4,251.233,3.9,96.55000305175781,98.3,.,.,36.70750045776367,22.9837,-9.0612,1.4383
12/26/18,3.06,2.4,251.233,3.9,97.05000305175781,98.3,46.04,3.42,39.29249954223633,36.4927,-4.6558,1.5146
12/27/18,3.05,2.4,251.233,3.9,96.48000336,98.3,44.48,3.1,39.037498474121094,35.8252,-4.4292,1.5274
12/28/18,3.04,2.4,251.233,3.9,96.38999938964844,98.3,45.15,3.25,39.057498931884766,35.9242,-2.9242,1.4859
12/31/18,3.02,2.4,251.233,3.9,96.16999816894531,98.3,.,.,39.435001373291016,37.8724,-2.8288,1.4331
1/2/19,2.97,2.4,251.712,4,96.81999969482422,91.2,46.31,3.25,39.47999954223633,38.114,-2.5545,1.4095
1/3/19,2.92,2.4,251.712,4,96.30999755859375,91.2,46.92,2.72,35.54750061035156,27.9036,-6.4184,1.58
1/4/19,2.98,2.4,251.712,4,96.19000244140625,91.2,47.76,2.8,37.064998626708984,35.1259,-5.4119,1.5755
1/7/19,2.99,2.4,251.712,4,95.70999908447266,91.2,48.27,2.74,36.98249816894531,34.9211,-4.1859,1.5129
1/8/19,3,2.4,251.712,4,95.90000153,91.2,49.58,2.89,37.6875,38.2354,-3.146,1.4711
1/9/19,3.03,2.4,251.712,4,95.22000122070312,91.2,52.19,2.92,38.32749938964844,41.1647,-3.0434,1.4495
1/10/19,3.06,2.4,251.712,4,95.54000091552734,91.2,52.42,2.95,38.45000076293945,41.7343,-1.6911,1.399
1/11/19,3.04,2.4,251.712,4,95.66999816894531,91.2,51.44,2.95,38.07249832,40.4351,-1.0829,1.338
1/14/19,3.06,2.4,251.712,4,95.58999633789062,91.2,50.31,3.36,37.5,38.4788,-0.1741,1.2948
1/15/19,3.08,2.4,251.712,4,95.97000122070312,91.2,51.8,3.54,38.26750183105469,42.4955,1.4883,1.26
1/16/19,3.07,2.4,251.712,4,96.05999755859375,91.2,52.08,3.58,38.73500061035156,44.8571,-0.5319,1.2191
1/17/19,3.07,2.4,251.712,4,96.06999969482422,91.2,51.83,3.58,38.96500015258789,46.0315,-0.0692,1.207
1/18/19,3.09,2.4,251.712,4,96.33999633789062,91.2,53.6,3.43,39.20500183105469,47.2928,0.1407,1.1552
1/22/19,3.06,2.4,251.712,4,96.30000305175781,91.2,52.59,3.43,38.32500076293945,43.297,-1.059,1.1442
1/23/19,3.07,2.4,251.712,4,96.12000274658203,91.2,52.44,3.13,38.47999954223633,44.1914,-0.9541,1.1211
1/24/19,3.04,2.4,251.712,4,96.59999847,91.2,52.94,3.13,38.17499923706055,42.762,2.5068,1.0877
1/25/19,3.06,2.4,251.712,4,95.79000091552734,91.2,53.53,3.07,39.439998626708984,49.9875,2.2659,1.1025
1/28/19,3.06,2.4,251.712,4,95.75,91.2,51.79,3.05,39.07500076293945,48.1007,1.9964,1.0936
1/29/19,3.04,2.4,251.712,4,95.81999969482422,91.2,53.07,2.94,38.66999816894531,46.0249,0.9374,1.084
1/30/19,3.06,2.4,251.712,4,95.33999633789062,91.2,54.18,3,41.3125,58.5841,2.8479,1.202
1/31/19,2.99,2.4,251.712,4,95.58000183105469,91.2,53.84,2.82,41.61000061035156,59.7204,3.0148,1.1918
2/1/19,3.03,2.4,252.776,3.8,95.58000183105469,93.8,55.29,2.7,41.630001068115234,59.8003,3.3941,1.1586
2/4/19,3.06,2.4,252.776,3.8,95.84999847,93.8,54.57,2.57,42.8125,64.306,5.0684,1.1634
2/5/19,3.03,2.4,252.776,3.8,96.09999847,93.8,53.69,2.54,43.54499816894531,66.7891,5.035,1.1456
2/6/19,3.03,2.4,252.776,3.8,96.41999816894531,93.8,53.94,2.58,43.560001373291016,66.84,4.6033,1.1101
2/7/19,3,2.4,252.776,3.8,96.51000213623047,93.8,52.68,2.62,42.73500061035156,61.2799,3.5968,1.0972
2/8/19,2.97,2.4,252.776,3.8,96.63999938964844,93.8,52.75,2.66,42.602500915527344,61.489,3.4155,1.0572
2/11/19,3,2.4,252.776,3.8,97.05999755859375,93.8,52.43,2.76,42.35749816894531,59.7783,4.0203,1.0152
2/12/19,3.02,2.4,252.776,3.8,96.70999908447266,93.8,53.14,2.71,42.72249984741211,61.497,4.2222,0.9695
2/13/19,3.04,2.4,252.776,3.8,97.12999725341797,93.8,53.84,2.61,42.54499816894531,60.1509,4.3431,0.9441
2/14/19,3.01,2.4,252.776,3.8,96.98000336,93.8,54.4,2.61,42.70000076293945,60.9546,3.2847,0.9088
2/15/19,3,2.4,252.776,3.8,96.91999816894531,93.8,55.58,2.59,42.60499954223633,60.1538,3.5419,0.8773
2/19/19,2.99,2.4,252.776,3.8,96.51999664,93.8,56.12,2.69,42.73249816894531,60.8963,4.0505,0.848
2/20/19,3,2.4,252.776,3.8,96.44999694824219,93.8,56.9,2.69,43.00749969482422,62.5186,1.7929,0.8283
2/21/19,3.05,2.4,252.776,3.8,96.61000061035156,93.8,56.95,2.73,42.76499938964844,60.1489,1.2767,0.8046
2/22/19,3.02,2.4,252.776,3.8,96.51000213623047,93.8,57.01,2.74,43.24250030517578,63.1137,1.7151,0.7803
2/25/19,3.03,2.4,252.776,3.8,96.41000366210938,93.8,55.32,2.84,43.557498931884766,64.9655,0.8888,0.7742
2/26/19,3.01,2.4,252.776,3.8,96,93.8,55.4,2.74,43.58250045776367,65.1152,0.2139,0.7553
2/27/19,3.07,2.4,252.776,3.8,96.15000153,93.8,56.92,2.89,43.717498779296875,65.9609,0.3289,0.7402
2/28/19,3.09,2.4,252.776,3.8,96.16000366210938,93.8,57.21,2.89,43.287498474121094,60.8968,0.704,0.7214
3/1/19,3.13,2.4,254.202,3.8,96.52999877929688,98.4,55.76,3.19,43.74250030517578,64.0426,1.0923,0.7085
3/4/19,3.09,2.4,254.202,3.8,96.68000030517578,98.4,56.6,4.25,43.962501525878906,65.4883,1.5378,0.7226
3/5/19,3.08,2.4,254.202,3.8,96.84999847,98.4,56.55,3.18,43.88249969482422,64.4732,1.1114,0.6959
3/6/19,3.06,2.4,254.202,3.8,96.87000274658203,98.4,56.22,3.18,43.630001068115234,61.2462,1.0396,0.6734
3/7/19,3.03,2.4,254.202,3.8,97.66999816894531,98.4,56.6,2.9,43.125,55.2861,0.4072,0.6681
3/8/19,3,2.4,254.202,3.8,97.37000274658203,98.4,55.77,2.9,43.227500915527344,56.2174,0.5964,0.6815
3/11/19,3.03,2.4,254.202,3.8,97.22000122070312,98.4,56.79,2.86,44.724998474121094,67.0237,1.9091,0.739
3/12/19,3,2.4,254.202,3.8,96.94000244140625,98.4,56.89,2.83,45.227500915527344,69.7241,2.1271,0.7508
3/13/19,3.02,2.4,254.202,3.8,96.55000305175781,98.4,58.27,2.87,45.42750168,70.7507,2.5511,0.738
3/14/19,3.04,2.4,254.202,3.8,96.79000091552734,98.4,58.59,2.95,45.932498931884766,73.2201,2.5774,0.7262
3/15/19,3.02,2.4,254.202,3.8,96.59999847,98.4,58.51,2.95,46.529998779296875,75.821,2.8481,0.7359
3/18/19,3.01,2.4,254.202,3.8,96.51999664,98.4,59.09,2.9,47.005001068115234,77.6772,3.2792,0.7278
3/19/19,3.02,2.4,254.202,3.8,96.37999725341797,98.4,59.12,2.92,46.63249969482422,72.9478,2.793,0.7284
3/20/19,2.98,2.41,254.202,3.8,95.76000213623047,98.4,60.12,2.86,47.040000915527344,74.7583,3.5954,0.7578
3/21/19,2.96,2.41,254.202,3.8,96.5,98.4,59.98,2.86,48.772499084472656,80.679,4.8195,0.8435
3/22/19,2.88,2.41,254.202,3.8,96.65000153,98.4,58.87,2.75,47.76250076293945,70.3232,3.6409,0.9014
3/25/19,2.87,2.4,254.202,3.8,96.56999969482422,98.4,58.71,2.72,47.185001373291016,65.1721,3.1643,0.9291
3/26/19,2.86,2.4,254.202,3.8,96.73999786376953,98.4,59.87,2.74,46.69749832,61.1032,2.9391,1.0047
3/27/19,2.83,2.41,254.202,3.8,96.76999664,98.4,59.39,2.69,47.11750030517578,63.233,3.8254,0.9879
3/28/19,2.81,2.41,254.202,3.8,97.19999694824219,98.4,59.29,2.69,47.18000030517578,63.5528,3.7871,0.9521
3/29/19,2.81,2.43,254.202,3.8,97.27999877929688,98.4,60.19,2.73,47.48749923706055,65.1586,2.6469,0.9104
4/1/19,2.89,2.41,255.548,3.7,97.25,97.2,61.59,2.73,47.810001373291016,66.8101,2.4744,0.9018
4/2/19,2.88,2.41,255.548,3.7,97.36000061035156,97.2,62.53,2.76,48.505001068115234,70.0995,2.9487,0.8958
4/3/19,2.93,2.41,255.548,3.7,97.08999633789062,97.2,62.46,2.74,48.837501525878906,71.5521,2.7834,0.8891
4/4/19,2.92,2.41,255.548,3.7,97.30999755859375,97.2,62.12,2.66,48.92250061035156,71.9276,2.2924,0.8809
4/5/19,2.91,2.41,255.548,3.7,97.40000153,97.2,63.1,2.62,49.25,73.3851,2.151,0.8421
4/8/19,2.93,2.41,255.548,3.7,97.05000305175781,97.2,64.37,2.72,50.025001525878906,76.4952,3.2505,0.8485
4/9/19,2.92,2.41,255.548,3.7,97.01000213623047,97.2,64.05,2.71,49.875,74.6763,2.7163,0.8498
4/10/19,2.9,2.41,255.548,3.7,96.94999694824219,97.2,64.62,2.72,50.154998779296875,75.8315,1.3246,0.8329
4/11/19,2.94,2.41,255.548,3.7,97.18000030517578,97.2,63.61,2.72,49.73749923706055,70.6558,1.8923,0.8172
4/12/19,2.97,2.41,255.548,3.7,96.97000122070312,97.2,63.86,2.75,49.717498779296875,70.4079,2.4265,0.8261
4/15/19,2.96,2.41,255.548,3.7,96.94000244140625,97.2,63.43,2.75,49.807498931884766,70.9027,2.9798,0.7986
4/16/19,2.99,2.41,255.548,3.7,97.04000091552734,97.2,64.01,2.66,49.8125,70.9317,2.5822,0.7896
4/17/19,2.99,2.42,255.548,3.7,97.01000213623047,97.2,63.74,2.55,50.782501220703125,75.9524,3.4517,0.8148
4/18/19,2.96,2.43,255.548,3.7,97.47000122070312,97.2,64.02,2.54,50.96500015258789,76.7655,3.3319,0.7845
4/22/19,2.99,2.44,255.548,3.7,97.27999877929688,97.2,65.66,2.61,51.13249969482422,77.517,3.1834,0.7729
4/23/19,2.98,2.44,255.548,3.7,97.56999969482422,97.2,66.24,2.53,51.869998931884766,80.5062,3.2242,0.7836
4/24/19,2.94,2.44,255.548,3.7,98.09999847,97.2,65.96,2.53,51.790000915527344,79.275,2.8289,0.7521
4/25/19,2.94,2.44,255.548,3.7,98.19999694824219,97.2,65.23,2.54,51.31999969482422,72.2806,2.2971,0.7436
4/26/19,2.92,2.44,255.548,3.7,98.01000213623047,97.2,63.29,2.58,51.07500076293945,68.8695,1.7486,0.7445
4/29/19,2.96,2.45,255.548,3.7,97.86000061035156,97.2,63.39,2.58,51.15250015258789,69.3621,1.0803,0.7274
4/30/19,2.93,2.45,255.548,3.7,97.48000336,97.2,63.83,2.59,50.16749954223633,57.0148,0.2803,0.7696
5/1/19,2.92,2.45,256.092,3.6,97.69000244140625,100,63.55,2.59,52.630001068115234,70.9415,2.3714,0.9651
5/2/19,2.94,2.41,256.092,3.6,97.83000183105469,100,61.75,2.63,52.287498474121094,67.6581,2.4433,0.9735
5/3/19,2.93,2.4,256.092,3.6,97.51999664,100,61.98,2.59,52.9375,70.453,3.0852,0.95
5/6/19,2.91,2.4,256.092,3.6,97.51999664,100,62.3,2.54,52.119998931884766,63.0708,2.2157,1.0233
5/7/19,2.86,2.4,256.092,3.6,97.62999725341797,100,61.41,2.54,50.71500015258789,52.8259,0.8647,1.0811
5/8/19,2.89,2.39,256.092,3.6,97.62000274658203,100,62.13,2.64,50.724998474121094,52.8845,-0.0551,1.0653
5/9/19,2.87,2.38,256.092,3.6,97.37000274658203,100,61.58,2.62,50.18000030517578,49.2873,-0.7521,1.096
5/10/19,2.89,2.38,256.092,3.6,97.33000183105469,100,61.65,2.64,49.29499816894531,45.0904,-1.5761,1.1408
5/13/19,2.83,2.38,256.092,3.6,97.31999969482422,100,60.97,2.71,46.43000030517578,32.6536,-5.0386,1.3055
5/14/19,2.86,2.38,256.092,3.6,97.52999877929688,100,61.82,2.7,47.165000915527344,37.4222,-4.2549,1.2859
5/15/19,2.82,2.4,256.092,3.6,97.56999969482422,100,62.03,2.69,47.72999954223633,40.8872,-3.2611,1.2925
5/16/19,2.84,2.39,256.092,3.6,97.83999633789062,100,62.93,2.62,47.52000045776367,40.0007,-3.2284,1.2625
5/17/19,2.82,2.39,256.092,3.6,98,100,62.77,2.61,47.25,38.8348,-3.5624,1.2434
5/20/19,2.83,2.39,256.092,3.6,97.93000030517578,100,63.12,2.7,45.772499084472656,33.1419,-4.0398,1.3044
5/21/19,2.84,2.39,256.092,3.6,98.05999755859375,100,63.02,2.73,46.650001525878906,38.8731,-5.5552,1.2956
5/22/19,2.82,2.38,256.092,3.6,98.11000061035156,100,61.42,2.73,45.69499969482422,35.3241,-6.1456,1.2726
5/23/19,2.75,2.38,256.092,3.6,97.84999847,100,57.65,2.56,44.915000915527344,32.6984,-7.5187,1.2671
5/24/19,2.75,2.38,256.092,3.6,97.61000061035156,100,58.4,2.6,44.74250030517578,32.1296,-6.9013,1.237
5/28/19,2.7,2.39,256.092,3.6,97.95999908447266,100,58.91,2.65,44.557498931884766,31.4968,-5.7331,1.1947
5/29/19,2.69,2.39,256.092,3.6,98.13999938964844,100,58.84,2.69,44.345001220703125,30.7476,-5.947,1.1669
5/30/19,2.65,2.39,256.092,3.6,98.13999938964844,100,56.47,2.69,44.57500076293945,32.6157,-5.2036,1.1275
5/31/19,2.58,2.4,256.092,3.6,97.75,100,53.49,2.59,43.76750183105469,29.5971,-5.3168,1.1038
6/3/19,2.53,2.38,256.143,3.6,97.13999938964844,98.2,53.25,2.5,43.32500076293945,28.0643,-2.9867,1.1564
6/4/19,2.6,2.38,256.143,3.6,97.06999969482422,98.2,53.5,2.45,44.90999984741211,40.0424,-2.1691,1.186
6/5/19,2.63,2.38,256.143,3.6,97.37000274658203,98.2,51.57,2.45,45.63499832,44.5876,-2.0151,1.1931
6/6/19,2.62,2.37,256.143,3.6,97.02999877929688,98.2,52.59,2.4,46.30500030517578,48.4748,-1.1687,1.1649
6/7/19,2.57,2.37,256.143,3.6,96.61000061035156,98.2,53.95,2.43,47.537498474121094,54.7618,0.2765,1.1968
6/10/19,2.62,2.37,256.143,3.6,96.76000213623047,98.2,53.33,2.42,48.14500045776367,57.5135,2.2821,1.201
6/11/19,2.62,2.37,256.143,3.6,96.69000244140625,98.2,53.3,2.41,48.70249938964844,59.9228,1.9743,1.1739
6/12/19,2.62,2.37,256.143,3.6,97,98.2,51.13,2.43,48.54750061035156,58.9224,2.7438,1.1344
6/13/19,2.61,2.37,256.143,3.6,97.01000213623047,98.2,52.38,2.43,48.537498474121094,58.8541,3.4844,1.1082
6/14/19,2.59,2.36,256.143,3.6,97.56999969482422,98.2,52.47,2.37,48.185001373291016,56.3746,3.3113,1.0951
6/17/19,2.58,2.38,256.143,3.6,97.55999755859375,98.2,51.94,2.46,48.47249984741211,57.9313,3.7658,1.0648
6/18/19,2.55,2.37,256.143,3.6,97.63999938964844,98.2,53.86,2.44,49.61249923706055,63.4941,5.0667,1.0987
6/19/19,2.54,2.37,256.143,3.6,97.12000274658203,98.2,53.74,2.43,49.467498779296875,62.3645,4.706,1.0644
6/20/19,2.53,2.37,256.143,3.6,96.62999725341797,98.2,56.88,2.38,49.86500168,64.2426,5.8651,1.0354
6/21/19,2.59,2.38,256.143,3.6,96.22000122070312,98.2,57.35,2.27,49.69499969482422,62.7993,6.1272,1.0078
6/24/19,2.55,2.38,256.143,3.6,95.98000336,98.2,57.73,2.31,49.64500045776367,62.3555,4.5545,0.97
6/25/19,2.53,2.38,256.143,3.6,96.16000366210938,98.2,57.63,2.31,48.89250183105469,55.9483,3.1333,0.9689
6/26/19,2.57,2.38,256.143,3.6,96.20999908447266,98.2,59.17,2.34,49.95000076293945,61.8768,3.5061,0.9928
6/27/19,2.52,2.38,256.143,3.6,96.19000244140625,98.2,59.18,2.32,49.935001373291016,61.7498,2.3061,0.9563
6/28/19,2.52,2.4,256.143,3.6,96.12999725341797,98.2,58.2,2.42,49.47999954223633,57.8714,1.2841,0.9342
7/1/19,2.55,2.39,256.571,3.7,96.83999633789062,98.4,58.91,2.33,50.38750076293945,62.8793,1.6208,0.9803
7/2/19,2.51,2.4,256.571,3.7,96.73000336,98.4,56,2.3,50.682498931884766,64.3623,2.0536,0.9407
7/3/19,2.47,2.41,256.571,3.7,96.76999664,98.4,57.06,2.29,51.102500915527344,66.4193,2.4672,0.9035
7/5/19,2.54,2.42,256.571,3.7,97.25,98.4,.,.,51.057498931884766,65.9799,2.763,0.8764
7/8/19,2.53,2.41,256.571,3.7,97.37999725341797,98.4,57.35,2.39,50.005001068115234,56.5554,1.4741,0.9138
7/9/19,2.54,2.41,256.571,3.7,97.48999786376953,98.4,57.57,2.41,50.310001373291016,58.4094,0.6709,0.8949
7/10/19,2.57,2.41,256.571,3.7,97.09999847,98.4,60.28,2.49,50.807498931884766,61.3097,1.2889,0.8738
7/11/19,2.65,2.4,256.571,3.7,97.05000305175781,98.4,59.93,2.54,50.4375,58.0665,0.5507,0.8574
7/12/19,2.64,2.38,256.571,3.7,96.80999755859375,98.4,59.99,2.54,50.82500076293945,60.4275,1.0869,0.8348
7/15/19,2.61,2.4,256.571,3.7,96.93000030517578,98.4,59.3,2.53,51.30250168,63.1787,1.5943,0.8193
7/16/19,2.63,2.41,256.571,3.7,97.40000153,98.4,57.44,2.53,51.125,61.4679,2.1474,0.8056
7/17/19,2.57,2.41,256.571,3.7,97.22000122070312,98.4,56.5,2.44,50.837501525878906,58.6956,0.8537,0.7793
7/18/19,2.56,2.41,256.571,3.7,96.79000091552734,98.4,55.08,2.38,51.415000915527344,62.3673,1.4236,0.7671
7/19/19,2.57,2.41,256.571,3.7,97.15000153,98.4,55.42,2.3,50.647499084472656,55.3281,1.123,0.7834
7/22/19,2.58,2.4,256.571,3.7,97.26000213623047,98.4,55.87,2.33,51.80500030517578,62.2484,1.3635,0.8072
7/23/19,2.61,2.4,256.571,3.7,97.70999908447266,98.4,56.58,2.34,52.209999084472656,64.3305,1.4693,0.7785
7/24/19,2.58,2.4,256.571,3.7,97.73000336,98.4,55.9,2.33,52.16749954223633,63.9321,1.0244,0.7569
7/25/19,2.6,2.4,256.571,3.7,97.81999969482422,98.4,55.88,2.26,51.755001068115234,60.0444,0.6709,0.746
7/26/19,2.59,2.4,256.571,3.7,98.01000213623047,98.4,56.04,2.23,51.935001373291016,61.1545,1.8564,0.7393
7/29/19,2.59,2.4,256.571,3.7,98.04000091552734,98.4,56.85,2.23,52.41999816894531,64.0524,2.0296,0.7363
7/30/19,2.58,2.39,256.571,3.7,98.05000305175781,98.4,58.04,2.22,52.19499969482422,61.7509,1.3346,0.7326
7/31/19,2.53,2.4,256.571,3.7,98.51999664,98.4,58.53,2.28,53.25999832,67.672,2.7149,0.8965
8/1/19,2.44,2.14,256.558,3.6,98.38999938964844,89.8,53.64,2.36,52.10749816894531,57.3293,1.2336,1.0264
8/2/19,2.39,2.14,256.558,3.6,98.09999847,89.8,55.67,2.12,51.005001068115234,49.5305,-0.2862,1.0699
8/5/19,2.3,2.13,256.558,3.6,97.5,89.8,54.63,2.02,48.334999084472656,36.5597,-2.6837,1.19
8/6/19,2.25,2.13,256.558,3.6,97.62999725341797,89.8,53.6,2.15,49.25,42.1507,-1.527,1.1862
8/7/19,2.22,2.12,256.558,3.6,97.54000091552734,89.8,51.14,2.18,49.75999832,45.0572,-1.5919,1.2001
8/8/19,2.25,2.12,256.558,3.6,97.62000274658203,89.8,52.6,2.13,50.85749816894531,50.7873,0.202,1.1915
8/9/19,2.26,2.12,256.558,3.6,97.48999786376953,89.8,54.41,2.09,50.247501373291016,48.7063,-1.313,1.1662
8/12/19,2.14,2.12,256.558,3.6,97.37999725341797,89.8,54.98,2.21,50.119998931884766,48.0562,-1.8256,1.1329
8/13/19,2.15,2.12,256.558,3.6,97.80999755859375,89.8,57.05,2.24,52.24250030517578,58.0855,0.2647,1.253
8/14/19,2.03,2.12,256.558,3.6,97.98999786376953,89.8,55.16,2.22,50.6875,50.4067,-0.84,1.2736
8/15/19,1.98,2.13,256.558,3.6,98.13999938964844,89.8,54.51,2.19,50.435001373291016,49.2678,-1.257,1.2769
8/16/19,2.01,2.13,256.558,3.6,98.13999938964844,89.8,54.83,2.2,51.625,54.4871,-0.5745,1.2791
8/19/19,2.08,2.13,256.558,3.6,98.34999847,89.8,56.24,2.26,52.587501525878906,58.2303,0.5713,1.2952
8/20/19,2.04,2.13,256.558,3.6,98.19000244140625,89.8,56.18,2.35,52.59000015258789,58.2399,-0.4507,1.2549
8/21/19,2.07,2.12,256.558,3.6,98.30000305175781,89.8,55.65,2.31,53.15999984741211,60.4722,1.2083,1.222
8/22/19,2.11,2.12,256.558,3.6,98.16999816894531,89.8,55.33,2.28,53.11500168,60.1986,2.2253,1.1984
8/23/19,2.02,2.12,256.558,3.6,97.63999938964844,89.8,54.08,2.15,50.65999984741211,47.5575,2.4231,1.3104
8/26/19,2.04,2.12,256.558,3.6,98.08000183105469,89.8,53.54,2.23,51.622501373291016,51.8285,2.4723,1.2952
8/27/19,1.97,2.12,256.558,3.6,98,89.8,54.99,2.24,51.040000915527344,49.2161,1.4193,1.2893
8/28/19,1.94,2.12,256.558,3.6,98.20999908447266,89.8,55.76,2.24,51.38249969482422,50.7868,0.6943,1.2385
8/29/19,1.97,2.12,256.558,3.6,98.51000213623047,89.8,56.67,2.36,52.252498626708984,54.6258,1.936,1.2154
8/30/19,1.96,2.13,256.558,3.6,98.91999816894531,89.8,55.07,2.33,52.185001373291016,54.2721,1.9939,1.1846
9/3/19,1.95,2.13,256.759,3.5,98.94999694824219,93.2,53.91,2.39,51.42499923706055,50.3209,-0.7894,1.178
9/4/19,1.97,2.13,256.759,3.5,98.44999694824219,93.2,56.22,2.48,52.29750061035156,54.4232,1.5546,1.159
9/5/19,2.06,2.13,256.759,3.5,98.41000366210938,93.2,56.33,2.49,53.31999969482422,58.7248,2.7857,1.1586
9/6/19,2.02,2.12,256.759,3.5,98.38999938964844,93.2,56.45,2.49,53.314998626708984,58.6956,1.6318,1.1088
9/9/19,2.11,2.13,256.759,3.5,98.27999877929688,93.2,57.88,2.65,53.54249954223633,59.6771,0.9221,1.1222
9/10/19,2.19,2.13,256.759,3.5,98.33000183105469,93.2,57.37,2.67,54.17499923706055,62.3555,1.5304,1.1295
9/11/19,2.22,2.13,256.759,3.5,98.65000153,93.2,55.66,2.63,55.897499084472656,68.4933,2.6432,1.1697
9/12/19,2.22,2.13,256.759,3.5,98.30999755859375,93.2,55.13,2.62,55.772499084472656,67.6315,2.566,1.1475
9/13/19,2.37,2.14,256.759,3.5,98.26000213623047,93.2,54.76,2.61,54.6875,60.5143,3.8888,1.1702
9/16/19,2.31,2.25,256.759,3.5,98.65000153,93.2,63.1,2.75,54.974998474121094,61.6655,3.2371,1.1309
9/17/19,2.27,2.3,256.759,3.5,98.26000213623047,93.2,59.26,2.7,55.17499923706055,62.4849,3.9926,1.0794
9/18/19,2.25,2.25,256.759,3.5,98.59999847,93.2,58.19,2.72,55.692501068115234,64.5937,4.1616,1.0611
9/19/19,2.22,1.9,256.759,3.5,98.26999664,93.2,58.19,2.65,55.24000168,61.3465,2.8846,1.0438
9/20/19,2.17,1.9,256.759,3.5,98.51000213623047,93.2,57.92,2.34,54.432498931884766,55.9418,2.1701,1.057
9/23/19,2.16,1.9,256.759,3.5,98.59999847,93.2,58.69,2.55,54.68000030517578,57.1868,3.1429,1.0193
9/24/19,2.09,1.9,256.759,3.5,98.33999633789062,93.2,57.22,2.55,54.41999816894531,55.4152,2.0494,1.0378
9/25/19,2.18,1.9,256.759,3.5,99.04000091552734,93.2,56.38,2.54,55.25749969482422,59.7415,1.8708,1.0389
9/26/19,2.15,1.85,256.759,3.5,99.20999908447266,93.2,56.24,2.57,54.97249984741211,57.69,1.6004,1.0026
9/27/19,2.13,1.83,256.759,3.5,99.11000061035156,93.2,55.95,2.41,54.70500183105469,55.7547,1.1225,0.9945
9/30/19,2.12,1.9,256.759,3.5,99.37999725341797,93.2,54.09,2.37,55.99250030517578,62.3086,1.7549,1.0227
10/1/19,2.11,1.88,257.346,3.6,99.12999725341797,95.5,53.6,2.36,56.147499084472656,63.0188,0.2414,1.023
10/2/19,2.09,1.85,257.346,3.6,99.04000091552734,95.5,52.67,2.36,54.74000168,53.2135,-0.997,1.0647
10/3/19,2.04,1.83,257.346,3.6,98.86000061035156,95.5,52.41,2.31,55.20500183105469,55.6676,0.4997,1.0892
10/4/19,2.01,1.82,257.346,3.6,98.80999755859375,95.5,52.84,2.25,56.752498626708984,62.683,1.7163,1.1264
10/7/19,2.05,1.82,257.346,3.6,98.98999786376953,95.5,52.76,2.36,56.76499938964844,62.7343,1.5353,1.1165
10/8/19,2.04,1.82,257.346,3.6,99.13999938964844,95.5,52.64,2.29,56.099998474121094,58.1542,0.3935,1.101
10/9/19,2.08,1.82,257.346,3.6,99.12000274658203,95.5,52.63,2.26,56.75749969482422,61.1725,1.4653,1.0808
10/10/19,2.16,1.82,257.346,3.6,98.70999908447266,95.5,53.57,2.26,57.522499084472656,64.3908,2.9836,1.0624
10/11/19,2.22,1.82,257.346,3.6,98.30000305175781,95.5,54.76,2.13,59.05250168,69.785,4.222,1.1167
10/14/19,.,1.82,257.346,3.6,98.44999694824219,95.5,53.57,2.13,58.967498779296875,69.1582,4.3909,1.0966
10/15/19,2.23,1.9,257.346,3.6,98.29000091552734,95.5,52.81,2.29,58.83000183105469,68.0928,3.4495,1.066
10/16/19,2.23,1.9,257.346,3.6,98.01000213623047,95.5,53.42,2.44,58.592498779296875,66.1958,3.4954,1.0265
10/17/19,2.24,1.85,257.346,3.6,97.61000061035156,95.5,53.89,2.29,58.81999969482422,67.1401,3.9733,0.9985
10/18/19,2.25,1.85,257.346,3.6,97.27999877929688,95.5,53.75,2.08,59.102500915527344,68.3235,3.0029,0.9839
10/21/19,2.28,1.85,257.346,3.6,97.33000183105469,95.5,53.28,2.13,60.127498626708984,72.231,3.843,0.9926
10/22/19,2.26,1.85,257.346,3.6,97.52999877929688,95.5,54.21,2.21,59.99000168,70.9663,5.0692,0.9662
10/23/19,2.25,1.85,257.346,3.6,97.47000122070312,95.5,55.9,2.34,60.79499816894531,73.8527,5.3975,0.9537
10/24/19,2.26,1.85,257.346,3.6,97.62999725341797,95.5,56.11,2.33,60.89500045776367,74.1959,3.9999,0.9371
10/25/19,2.29,1.83,257.346,3.6,97.83000183105469,95.5,56.52,2.26,61.64500045776367,76.6692,4.712,0.9366
10/28/19,2.34,1.83,257.346,3.6,97.76000213623047,95.5,55.6,2.49,62.26250076293945,78.4967,5.9503,0.9157
10/29/19,2.33,1.82,257.346,3.6,97.69000244140625,95.5,55.34,2.61,60.82249832,65.5935,3.925,0.9741
10/30/19,2.26,1.82,257.346,3.6,97.65000153,95.5,54.85,2.71,60.814998626708984,65.5331,3.1791,0.9751
10/31/19,2.17,1.58,257.346,3.6,97.34999847,95.5,54.02,2.73,62.189998626708984,70.8369,3.0295,1.1108
11/1/19,2.21,1.57,257.208,3.6,97.23999786376953,96.8,56.04,2.54,63.95500183105469,75.9524,4.8158,1.1551
11/4/19,2.27,1.56,257.208,3.6,97.51000213623047,96.8,56.33,2.77,64.375,76.9869,5.3541,1.1151
11/5/19,2.34,1.56,257.208,3.6,97.98000336,96.8,57.04,2.77,64.28250122070312,76.2093,5.4941,1.0677
11/6/19,2.3,1.55,257.208,3.6,97.94999694824219,96.8,56.15,2.82,64.30999755859375,76.286,5.301,1.028
11/7/19,2.4,1.55,257.208,3.6,98.13999938964844,96.8,56.91,2.84,64.85749816894531,78.3118,5.7427,1.0215
11/8/19,2.43,1.55,257.208,3.6,98.34999847,96.8,57.02,2.87,65.03500366210938,78.7814,4.9249,1.0107
11/11/19,.,1.55,257.208,3.6,98.19999694824219,96.8,.,.,65.55000305175781,80.126,5.5564,1.0109
11/12/19,2.39,1.55,257.208,3.6,98.30999755859375,96.8,56.67,2.72,65.48999786376953,79.494,4.721,0.9711
11/13/19,2.36,1.55,257.208,3.6,98.37000274658203,96.8,56.88,2.66,66.11750030517578,81.1671,5.2322,0.9659
11/14/19,2.31,1.55,257.208,3.6,98.16000366210938,96.8,56.57,2.68,65.66000366210938,76.2803,4.0649,0.9449
11/15/19,2.31,1.55,257.208,3.6,98,96.8,57.54,2.7,66.44000244140625,78.6414,4.2241,0.9317
11/18/19,2.3,1.55,257.208,3.6,97.79000091552734,96.8,56.82,2.64,66.77500153,79.5814,5.9389,0.9205
11/19/19,2.26,1.55,257.208,3.6,97.86000061035156,96.8,54.93,2.53,66.57250213623047,77.3648,5.7501,0.8999
11/20/19,2.2,1.55,257.208,3.6,97.93000030517578,96.8,56.71,2.56,65.79750061035156,69.3978,3.6719,0.9375
11/21/19,2.24,1.55,257.208,3.6,97.98999786376953,96.8,58.36,2.53,65.50250244140625,66.587,1.6819,0.9195
11/22/19,2.22,1.55,257.208,3.6,98.26999664,96.8,57.68,2.62,65.44499969482422,66.0256,1.2207,0.8943
11/25/19,2.21,1.55,257.208,3.6,98.31999969482422,96.8,57.79,2.51,66.59249877929688,71.237,2.4213,0.911
11/26/19,2.18,1.55,257.208,3.6,98.25,96.8,58.25,2.51,66.07250213623047,66.2757,1.8912,0.9265
11/27/19,2.19,1.55,257.208,3.6,98.41000366210938,96.8,58.12,2.46,66.95999908447266,70.1028,2.0361,0.9241
11/29/19,2.21,1.56,257.208,3.6,98.26999664,96.8,58.12,2.46,66.8125,68.7073,1.7214,0.8944
12/2/19,2.28,1.56,256.974,3.6,97.86000061035156,99.3,55.97,2.29,66.04000091552734,61.7717,0.4745,0.9136
12/3/19,2.17,1.55,256.974,3.6,97.73999786376953,99.3,56.15,2.42,64.86250305175781,52.9911,-0.6077,0.9844
12/4/19,2.22,1.55,256.974,3.6,97.65000153,99.3,58.46,2.43,65.43499755859375,56.2475,-0.661,0.9808
12/5/19,2.24,1.55,256.974,3.6,97.41000366210938,99.3,58.42,2.42,66.39499664,61.1122,0.7118,0.9825
12/6/19,2.29,1.55,256.974,3.6,97.69999694824219,99.3,59.2,2.31,67.67749786376953,66.475,1.1984,1.0061
12/9/19,2.27,1.55,256.974,3.6,97.63999938964844,99.3,58.99,2.17,66.73000336,59.9025,-0.0436,1.0361
12/10/19,2.26,1.55,256.974,3.6,97.41000366210938,99.3,59.22,2.18,67.12000274658203,61.586,0.5302,1.0349
12/11/19,2.23,1.55,256.974,3.6,97.16000366210938,99.3,58.74,2.28,67.69249725341797,63.9771,1.8352,1.0063
12/12/19,2.32,1.55,256.974,3.6,97.40000153,99.3,59.18,2.28,67.86499786376953,64.6903,2.2879,1.025
12/13/19,2.26,1.55,256.974,3.6,97.16999816894531,99.3,60.11,2.28,68.78749847,68.3042,3.237,1.0274
12/16/19,2.3,1.56,256.974,3.6,97.06999969482422,99.3,60.21,2.34,69.96499633789062,72.2134,3.2661,1.0515
12/17/19,2.31,1.55,256.974,3.6,97.20999908447266,99.3,60.88,2.3,70.10250091552734,72.6378,3.9028,1.0278
12/18/19,2.35,1.55,256.974,3.6,97.41000366210938,99.3,60.93,2.26,69.93499755859375,71.211,2.8811,1.0024
12/19/19,2.35,1.55,256.974,3.6,97.41999816894531,99.3,61.3,2.21,70.00499725341797,71.4633,3.0917,0.9694
12/20/19,2.34,1.55,256.974,3.6,97.70999908447266,99.3,60.43,2.27,69.86000061035156,70.093,3.6994,0.9709
12/23/19,2.35,1.55,256.974,3.6,97.66000366210938,99.3,60.51,2.17,71,74.2701,5.9438,0.9847
12/24/19,2.33,1.55,256.974,3.6,97.65000153,99.3,61.17,2.11,71.06749725341797,74.4972,5.4547,0.9485
12/26/19,2.33,1.55,256.974,3.6,97.58999633789062,99.3,61.72,2.09,72.47750091552734,78.7224,5.8905,0.9795
12/27/19,2.32,1.55,256.974,3.6,96.91999816894531,99.3,61.76,1.75,72.44999694824219,78.4494,4.6219,1.0107
12/30/19,2.34,1.55,256.974,3.6,96.73999786376953,99.3,61.66,2.06,72.87999725341797,79.6384,5.9559,1.0677
12/31/19,2.39,1.55,256.974,3.6,96.38999938964844,99.3,61.14,2.09,73.41249847,81.034,6.0939,1.0633
1/2/20,2.33,1.55,257.971,3.6,96.84999847,99.8,61.17,2.05,75.08750153,84.6076,7.1616,1.1076
1/3/20,2.26,1.55,257.971,3.6,96.83999633789062,99.8,63,2.06,74.35749816894531,77.7332,6.2876,1.099
1/6/20,2.28,1.55,257.971,3.6,96.66999816894531,99.8,63.27,2.1,74.94999694824219,79.2097,5.968,1.1452
1/7/20,2.31,1.55,257.971,3.6,96.98000336,99.8,62.7,2.17,74.59750366210938,75.9817,4.4863,1.1225
1/8/20,2.35,1.55,257.971,3.6,97.30000305175781,99.8,59.65,2.09,75.79750061035156,79.1037,5.5152,1.1683
1/9/20,2.38,1.55,257.971,3.6,97.44999694824219,99.8,59.56,2.05,77.40750122070312,82.4078,7.2366,1.21
1/10/20,2.28,1.54,257.971,3.6,97.36000061035156,99.8,59.02,2.05,77.58249664,82.7275,7.3383,1.2
1/13/20,2.3,1.54,257.971,3.6,97.34999847,99.8,58.17,2.03,79.23999786376953,85.4284,9.0839,1.2309
1/14/20,2.27,1.54,257.971,3.6,97.37000274658203,99.8,58.34,2.15,78.16999816894531,77.052,6.9437,1.2363
1/15/20,2.23,1.54,257.971,3.6,97.23000336,99.8,57.86,2.01,77.83499908447266,74.5861,6.5539,1.2509
1/16/20,2.26,1.54,257.971,3.6,97.31999969482422,99.8,58.52,2.06,78.80999755859375,76.9029,6.1326,1.237
1/17/20,2.29,1.55,257.971,3.6,97.61000061035156,99.8,58.55,2.07,79.68250274658203,78.7682,7.0042,1.2133
1/21/20,2.23,1.55,257.971,3.6,97.52999877929688,99.8,58.25,1.98,79.14250183105469,74.7449,6.0648,1.1789
1/22/20,2.22,1.55,257.971,3.6,97.52999877929688,99.8,56.76,1.89,79.42500305175781,75.4513,5.8227,1.1538
1/23/20,2.18,1.55,257.971,3.6,97.69000244140625,99.8,55.51,1.95,79.80750274658203,76.4133,4.571,1.139
1/24/20,2.14,1.55,257.971,3.6,97.84999847,99.8,54.09,1.91,79.57749938964844,74.5222,5.0552,1.1581
1/27/20,2.05,1.55,257.971,3.6,97.95999908447266,99.8,53.09,2.03,77.23750305175781,58.6254,2.2153,1.3076
1/28/20,2.1,1.55,257.971,3.6,98.01999664,99.8,53.33,1.96,79.42250061035156,65.9331,4.6727,1.3777
1/29/20,2.05,1.55,257.971,3.6,97.98999786376953,99.8,53.29,1.93,81.08499908447266,70.24,5.1206,1.455
1/30/20,2.04,1.6,257.971,3.6,97.87000274658203,99.8,52.19,1.94,80.96749877929688,69.5706,3.4476,1.4477
1/31/20,1.99,1.59,257.971,3.6,97.38999938964844,99.8,51.58,1.91,77.37750244140625,52.9616,-0.1985,1.6137
2/3/20,2.01,1.59,258.678,3.5,97.80000305175781,101,50.06,1.9,77.16500091552734,52.1677,-2.0095,1.6934
2/4/20,2.08,1.59,258.678,3.5,97.95999908447266,101,49.59,1.89,79.71250153,59.9237,1.4938,1.7623
2/5/20,2.14,1.59,258.678,3.5,98.26999664,101,50.87,1.89,80.36250305175781,61.6331,2.4477,1.7386
2/6/20,2.11,1.59,258.678,3.5,98.5,101,50.94,1.86,81.30249786376953,64.023,2.4138,1.7002
2/7/20,2.05,1.58,258.678,3.5,98.68000030517578,101,50.34,1.93,80.00749969482422,59.3531,0.5012,1.6902
2/10/20,2.03,1.58,258.678,3.5,98.83000183105469,101,49.59,1.85,80.38749694824219,60.4271,1.393,1.703
2/11/20,2.05,1.58,258.678,3.5,98.72000122070312,101,50,1.85,79.90249633789062,58.3094,0.6486,1.6713
2/12/20,2.09,1.58,258.678,3.5,99.05000305175781,101,51.13,1.91,81.80000305175781,63.6733,2.1202,1.6838
2/13/20,2.07,1.58,258.678,3.5,99.06999969482422,101,51.41,1.95,81.21749877929688,61.0755,1.7775,1.6303
2/14/20,2.04,1.58,258.678,3.5,99.12000274658203,101,52.03,1.93,81.23750305175781,61.1341,4.063,1.5681
2/18/20,2,1.59,258.678,3.5,99.45999908447266,101,52.1,2.04,79.75,54.5524,0.503,1.6354
2/19/20,2.01,1.59,258.678,3.5,99.59999847,101,53.31,2.01,80.90499877929688,58.3059,0.0142,1.6151
2/20/20,1.97,1.59,258.678,3.5,99.87000274658203,101,53.77,1.98,80.07499694824219,54.8031,-0.6777,1.6114
2/21/20,1.9,1.58,258.678,3.5,99.26000213623047,101,53.36,1.96,78.26249694824219,48.0189,1.0394,1.6688
2/24/20,1.84,1.58,258.678,3.5,99.29000091552734,101,51.36,1.94,74.54499816894531,37.7082,-2.3636,1.9625
2/25/20,1.8,1.58,258.678,3.5,98.97000122070312,101,49.78,1.93,72.01999664,32.5897,-7.2819,2.1066
2/26/20,1.81,1.58,258.678,3.5,99,101,48.67,1.96,73.16249847,36.7718,-6.8023,2.1534
2/27/20,1.79,1.58,258.678,3.5,98.44000244140625,101,47.17,1.78,68.37999725341797,28.7352,-12.3553,2.3409
2/28/20,1.65,1.58,258.678,3.5,98.12999725341797,101,44.83,1.79,68.33999633789062,28.6787,-11.3264,2.5558
3/2/20,1.66,1.59,258.115,4.4,97.36000061035156,89.1,46.78,1.75,74.70249938964844,46.6377,-5.5188,2.86
3/3/20,1.64,1.59,258.115,4.4,97.15000153,89.1,47.27,1.78,72.33000183105469,42.3549,-7.3511,2.9712
3/4/20,1.67,1.09,258.115,4.4,97.33999633789062,89.1,46.78,1.83,75.68499755859375,49.4275,-5.9362,3.0031
3/5/20,1.56,1.09,258.115,4.4,96.81999969482422,89.1,45.9,1.89,73.23000336,45.0699,-7.754,2.985
3/6/20,1.25,1.09,258.115,4.4,95.94999694824219,89.1,41.14,1.76,72.25749969482422,43.4363,-8.7175,2.9744
3/9/20,0.99,1.09,258.115,4.4,94.90000153,89.1,31.05,1.74,66.54250336,35.3315,-12.8214,3.2132
3/10/20,1.28,1.09,258.115,4.4,96.41000366210938,89.1,34.47,1.91,71.33499908447266,44.6572,-9.2902,3.335
3/11/20,1.3,1.09,258.115,4.4,96.51000213623047,89.1,33.13,1.96,68.85749816894531,41.3384,-10.8896,3.3305
3/12/20,1.49,1.1,258.115,4.4,97.47000122070312,89.1,31.56,1.82,62.057498931884766,33.8932,-15.7313,3.5681
3/13/20,1.56,1.1,258.115,4.4,98.75,89.1,31.72,1.94,69.49250030517578,45.4596,-4.9048,3.8626
3/16/20,1.34,0.25,258.115,4.4,98.08999633789062,89.1,28.96,1.89,60.55250168,37.0625,-11.1323,4.2449
3/17/20,1.63,0.25,258.115,4.4,99.58000183105469,89.1,26.96,1.89,63.21500015258789,40.5826,-9.6567,4.2747
3/18/20,1.77,0.25,258.115,4.4,101.16000366210938,89.1,20.48,1.73,61.66749954223633,39.2099,-6.5163,4.2422
3/19/20,1.78,0.2,258.115,4.4,102.76000213623047,89.1,25.09,1.68,61.19499969482422,38.7786,-6.9361,4.1165
3/20/20,1.55,0.15,258.115,4.4,102.81999969482422,89.1,19.48,1.76,57.310001373291016,35.3369,-16.884,4.2356
3/23/20,1.33,0.15,258.115,4.4,102.48999786376953,89.1,23.33,1.7,56.092498779296875,34.3092,-15.7628,4.2213
3/24/20,1.39,0.12,258.115,4.4,101.73999786376953,89.1,21.03,1.73,61.720001220703125,42.6163,-13.5567,4.3241
3/25/20,1.45,0.1,258.115,4.4,101.05000305175781,89.1,20.75,1.8,61.380001068115234,42.2686,-11.5036,4.257
3/26/20,1.42,0.1,258.115,4.4,99.41999816894531,89.1,16.6,1.73,64.61000061035156,46.7172,-7.4239,4.1811
3/27/20,1.29,0.1,258.115,4.4,98.37000274658203,89.1,15.48,1.7,61.935001373291016,43.713,-4.4728,4.0799
3/30/20,1.31,0.09,258.115,4.4,99.18000030517578,89.1,14.1,1.65,63.70249938964844,46.1759,-7.4094,3.9233
3/31/20,1.35,0.08,258.115,4.4,99.05000305175781,89.1,20.51,1.71,63.57249832,46.0165,-5.1305,3.8249
4/1/20,1.27,0.06,256.389,14.8,99.66999816894531,71.8,20.28,1.69,60.227500915527344,41.997,-1.7765,3.8145
4/2/20,1.26,0.05,256.389,14.8,100.18000030517578,71.8,25.18,1.55,61.23249816894531,43.5912,-8.0185,3.6851
4/3/20,1.24,0.05,256.389,14.8,100.58000183105469,71.8,28.36,1.5,60.352500915527344,42.49,-0.1942,3.5385
4/6/20,1.27,0.05,256.389,14.8,100.69000244140625,71.8,26.21,1.64,65.61750030517578,50.5408,2.3323,3.6619
4/7/20,1.32,0.05,256.389,14.8,99.98000336,71.8,23.54,1.83,64.85749816894531,49.4644,3.0967,3.6205
4/8/20,1.37,0.05,256.389,14.8,100.12000274658203,71.8,24.97,1.86,66.51750183105469,51.8754,5.1669,3.4996
4/9/20,1.35,0.05,256.389,14.8,99.51999664,71.8,22.9,1.74,66.99749755859375,52.5799,9.4043,3.3427
4/13/20,1.39,0.05,256.389,14.8,99.34999847,71.8,22.36,1.86,68.3125,54.5431,11.8628,3.2404
4/14/20,1.41,0.05,256.389,14.8,98.88999938964844,71.8,20.15,1.76,71.76249694824219,59.3036,9.7489,3.2689
4/15/20,1.27,0.05,256.389,14.8,99.45999908447266,71.8,19.96,1.68,71.10749816894531,58.0604,9.4431,3.1467
4/16/20,1.21,0.05,256.389,14.8,100.02999877929688,71.8,19.82,1.59,71.67250061035156,58.8615,6.856,3.0234
4/17/20,1.27,0.05,256.389,14.8,99.77999877929688,71.8,18.31,1.71,70.69999694824219,56.8487,8.5088,2.9823
4/20/20,1.23,0.05,256.389,14.8,99.95999908447266,71.8,-36.98,1.78,69.23249816894531,53.8558,5.3683,2.8724
4/21/20,1.17,0.05,256.389,14.8,100.26000213623047,71.8,8.91,1.92,67.09249877929688,49.7431,3.4171,2.8722
4/22/20,1.22,0.05,256.389,14.8,100.38999938964844,71.8,13.64,1.9,69.02500153,53.2174,8.5403,2.8322
4/23/20,1.18,0.04,256.389,14.8,100.43000030517578,71.8,15.06,1.86,68.75749969482422,52.6745,7.305,2.7492
4/24/20,1.17,0.05,256.389,14.8,100.37999725341797,71.8,15.99,1.81,70.74250030517578,56.2415,10.0863,2.6911
4/27/20,1.25,0.04,256.389,14.8,100.04000091552734,71.8,12.17,1.68,70.79250336,56.3307,5.0237,2.5785
4/28/20,1.2,0.04,256.389,14.8,99.87000274658203,71.8,12.4,1.8,69.64499664,53.6265,4.6475,2.5266
4/29/20,1.24,0.04,256.389,14.8,99.56999969482422,71.8,15.04,1.73,71.93250274658203,57.9593,5.2567,2.5384
4/30/20,1.28,0.05,256.389,14.8,99.01999664,71.8,19.23,1.63,73.44999694824219,60.5899,6.2639,2.4749
5/1/20,1.27,0.05,256.394,13.2,98.80000305175781,72.3,19.72,1.69,72.26750183105469,57.567,3.8394,2.5261
5/4/20,1.29,0.05,256.394,13.2,99.48000336,72.3,20.47,1.78,73.29000091552734,59.4509,1.4828,2.4734
5/5/20,1.32,0.05,256.394,13.2,99.70999908447266,72.3,24.56,1.93,74.38999938964844,61.4345,3.1865,2.4327
5/6/20,1.41,0.05,256.394,13.2,100.08999633789062,72.3,23.88,1.9,75.15750122070312,62.8018,3.3831,2.3574
5/7/20,1.31,0.05,256.394,13.2,99.88999938964844,72.3,23.68,1.84,75.93499755859375,64.187,5.082,2.2677
5/8/20,1.39,0.05,256.394,13.2,99.73000336,72.3,24.73,1.74,77.53250122070312,67.2334,8.2564,2.2345
5/11/20,1.43,0.05,256.394,13.2,100.23999786376953,72.3,24.02,1.7,78.75250244140625,69.1512,11.5213,2.2454
5/12/20,1.38,0.05,256.394,13.2,99.93000030517578,72.3,25.76,1.61,77.85250091552734,66.0787,8.7693,2.2376
5/13/20,1.35,0.05,256.394,13.2,100.23999786376953,72.3,25.37,1.56,76.91249847,62.9335,8.114,2.2992
5/14/20,1.3,0.05,256.394,13.2,100.47000122070312,72.3,27.4,1.6,77.38500213623047,63.8645,6.6469,2.2786
5/15/20,1.32,0.05,256.394,13.2,100.4000015258789,72.3,29.44,1.66,76.92749786376953,62.2345,6.1531,2.278
5/18/20,1.44,0.05,256.394,13.2,99.66999816894531,72.3,31.83,1.77,78.73999786376953,65.9431,9.0312,2.268
5/19/20,1.43,0.05,256.394,13.2,99.37000274658203,72.3,32.3,1.85,78.28500366210938,64.2377,6.3677,2.2018
5/20/20,1.4,0.05,256.394,13.2,99.12000274658203,72.3,33.56,1.83,79.80750274658203,67.2865,6.3765,2.1554
5/21/20,1.4,0.05,256.394,13.2,99.37000274658203,72.3,34.3,1.75,79.21250153,64.9559,6.9453,2.0887
5/22/20,1.37,0.05,256.394,13.2,99.86000061035156,72.3,33.49,1.7,79.72250366210938,66.0416,6.4491,2.007
5/26/20,1.43,0.05,256.394,13.2,98.91000366210938,72.3,34.7,1.79,79.18250274658203,63.7882,4.8556,1.9981
5/27/20,1.44,0.05,256.394,13.2,99.05999755859375,72.3,32.8,1.78,79.52749633789062,64.6188,4.4464,1.9531
5/28/20,1.47,0.05,256.394,13.2,98.37999725341797,72.3,33.67,1.79,79.5625,64.7073,3.7257,1.9493
5/29/20,1.41,0.05,256.394,13.2,98.33999633789062,72.3,35.57,1.7,79.48500061035156,64.3238,1.9004,1.8914
6/1/20,1.46,0.05,257.797,11,97.83000183105469,78.1,35.49,1.59,80.46250153,66.9815,1.6644,1.8457
6/2/20,1.48,0.06,257.797,11,97.66999816894531,78.1,36.88,1.58,80.83499908447266,67.961,2.903,1.7922
6/3/20,1.56,0.06,257.797,11,97.27999877929688,78.1,37.33,1.84,81.27999877929688,69.1388,4.251,1.732
6/4/20,1.61,0.06,257.797,11,96.68000030517578,78.1,37.42,1.68,80.58000183105469,65.0856,3.1098,1.6924
6/5/20,1.68,0.07,257.797,11,96.94000244140625,78.1,39.49,1.8,82.875,71.0731,5.7889,1.7354
6/8/20,1.65,0.07,257.797,11,96.62000274658203,78.1,38.17,1.68,83.36499786376953,72.1705,4.5017,1.7206
6/9/20,1.59,0.07,257.797,11,96.31999969482422,78.1,38.98,1.68,85.99749755859375,77.1793,7.5068,1.8341
6/10/20,1.53,0.08,257.797,11,95.95999908447266,78.1,39.54,1.72,88.20999908447266,80.3761,8.1784,1.8905
6/11/20,1.41,0.08,257.797,11,96.73000336,78.1,36.43,1.77,83.97499847,62.3669,4.6355,2.0572
6/12/20,1.45,0.08,257.797,11,97.31999969482422,78.1,36.24,1.67,84.69999694824219,63.8598,4.8448,2.1462
6/15/20,1.45,0.09,257.797,11,96.68000030517578,78.1,37.07,1.64,85.74749755859375,65.9609,6.3899,2.2206
6/16/20,1.54,0.09,257.797,11,96.95999908447266,78.1,38.26,1.43,88.01999664,70.0313,8.266,2.2395
6/17/20,1.52,0.09,257.797,11,97.16000366210938,78.1,37.91,1.55,87.89749908447266,69.5485,8.1127,2.1544
6/18/20,1.47,0.09,257.797,11,97.41999816894531,78.1,38.79,1.51,87.93250274658203,69.613,8.2222,2.0741
6/19/20,1.47,0.09,257.797,11,97.62000274658203,78.1,39.72,1.49,87.43000030517578,67.4069,6.7817,2.1242
6/22/20,1.46,0.08,257.797,11,97.04000091552734,78.1,40.6,1.64,89.71749877929688,71.7897,8.6456,2.1418
6/23/20,1.49,0.08,257.797,11,96.69000244140625,78.1,40.4,1.61,91.63249969482422,74.84,10.0764,2.2236
6/24/20,1.44,0.08,257.797,11,97.15000153,78.1,37.91,1.64,90.01499938964844,68.1384,9.1834,2.2433
6/25/20,1.43,0.08,257.797,11,97.43000030517578,78.1,38.66,1.53,91.20999908447266,70.2574,8.1127,2.2122
6/26/20,1.37,0.08,257.797,11,97.5,78.1,38.53,1.42,88.40750122070312,60.1534,4.908,2.268
6/29/20,1.39,0.08,257.797,11,97.54000091552734,78.1,39.67,1.67,90.44499969482422,64.1861,4.3289,2.2953
6/30/20,1.41,0.08,257.797,11,97.38999938964844,78.1,39.27,1.76,91.19999694824219,65.5763,2.9103,2.2353
7/1/20,1.43,0.08,259.101,10.2,97.19999694824219,72.5,39.88,1.69,91.02749633789062,64.9559,6.8644,2.1356
7/2/20,1.43,0.09,259.101,10.2,97.31999969482422,72.5,40.57,1.58,91.02749633789062,64.9559,6.1588,2.1018
7/6/20,1.45,0.09,259.101,10.2,96.79000091552734,72.5,40.51,1.71,93.46250153,69.6558,7.5093,2.1545
7/7/20,1.38,0.09,259.101,10.2,96.87999725341797,72.5,40.59,1.76,93.17250061035156,68.4779,5.0151,2.1117
7/8/20,1.39,0.09,259.101,10.2,96.43000030517578,72.5,40.91,1.78,95.34249877929688,72.2582,7.2465,2.1139
7/9/20,1.32,0.09,259.101,10.2,96.69999694824219,72.5,39.64,1.88,95.75250244140625,72.9191,7.6115,2.0773
7/10/20,1.33,0.09,259.101,10.2,96.65000153,72.5,40.56,1.79,95.91999816894531,73.1999,8.2636,2.0176
7/13/20,1.33,0.09,259.101,10.2,96.45999908447266,72.5,40.06,1.75,95.47750091552734,71.1019,5.6064,2.2001
7/14/20,1.3,0.09,259.101,10.2,96.26000213623047,72.5,40.3,1.74,97.05750274658203,73.9707,5.2803,2.2777
7/15/20,1.33,0.1,259.101,10.2,96.08000183105469,72.5,41.2,1.76,97.72499847,75.0955,7.5044,2.3067
7/16/20,1.31,0.1,259.101,10.2,96.34999847,72.5,40.74,1.79,96.52249908447266,69.2867,5.1708,2.2685
7/17/20,1.33,0.09,259.101,10.2,95.94000244140625,72.5,40.55,1.79,96.32749938964844,68.3632,7.7088,2.1974
7/20/20,1.32,0.1,259.101,10.2,95.83000183105469,72.5,40.83,1.71,98.35749816894531,72.476,7.7015,2.2099
7/21/20,1.31,0.1,259.101,10.2,95.12000274658203,72.5,41.76,1.66,97,66.2716,5.6453,2.2264
7/22/20,1.29,0.09,259.101,10.2,94.97000122070312,72.5,41.88,1.69,97.27249908447266,66.8845,6.0785,2.1628
7/23/20,1.24,0.09,259.101,10.2,94.69000244140625,72.5,40.99,1.75,92.84500122070312,50.7498,1.769,2.3742
7/24/20,1.23,0.09,259.101,10.2,94.44000244140625,72.5,41.23,1.77,92.61499786376953,50.074,-0.8249,2.4705
7/27/20,1.25,0.1,259.101,10.2,93.66999816894531,72.5,41.46,1.85,94.80999755859375,56.0841,1.5938,2.4533
7/28/20,1.22,0.1,259.101,10.2,93.76000213623047,72.5,40.89,1.83,93.25250244140625,51.3596,-2.0343,2.3867
7/29/20,1.24,0.1,259.101,10.2,93.26000213623047,72.5,41.13,1.77,95.04000091552734,55.9463,-0.6935,2.3537
7/30/20,1.2,0.1,259.101,10.2,93.01999664,72.5,39.85,1.81,96.19000244140625,58.648,0.2628,2.3614
7/31/20,1.2,0.1,259.101,10.2,93.48999786376953,72.5,40.1,1.83,106.26000213623047,73.8,10.495,2.9036
8/3/20,1.23,0.1,259.918,8.4,93.5,74.1,40.83,1.95,108.9375,76.2879,11.5632,3.07
8/4/20,1.19,0.1,259.918,8.4,93.37999725341797,74.1,41.67,2.07,109.66500091552734,76.9289,11.6216,3.0178
8/5/20,1.22,0.1,259.918,8.4,92.83000183105469,74.1,42.25,2.23,110.0625,77.2902,13.1789,2.9062
8/6/20,1.2,0.1,259.918,8.4,92.79000091552734,74.1,41.93,2.26,113.90249633789062,80.4714,17.1063,3.0194
8/7/20,1.23,0.1,259.918,8.4,93.44000244140625,74.1,41.16,2.15,111.11250305175781,73.0526,12.6144,3.0406
8/10/20,1.25,0.1,259.918,8.4,93.58000183105469,74.1,41.94,2.18,112.72750091552734,74.6292,15.5105,3.0863
8/11/20,1.32,0.1,259.918,8.4,93.62999725341797,74.1,41.53,2.19,109.375,65.9972,11.9762,3.1181
8/12/20,1.37,0.1,259.918,8.4,93.44000244140625,74.1,42.6,2.05,113.01000213623047,70.0432,19.8302,3.167
8/13/20,1.42,0.1,259.918,8.4,93.33999633789062,74.1,42.26,2.19,115.01000213623047,72.0161,22.0043,3.152
8/14/20,1.45,0.1,259.918,8.4,93.09999847,74.1,42.05,2.23,114.90750122070312,71.7553,19.7679,3.0637
8/17/20,1.43,0.1,259.918,8.4,92.84999847,74.1,42.89,2.32,114.60749816894531,70.9454,20.9913,2.9929
8/18/20,1.4,0.09,259.918,8.4,92.26999664,74.1,42.89,2.45,115.5625,72.0278,20.1827,2.9179
8/19/20,1.42,0.09,259.918,8.4,92.88999938964844,74.1,42.91,2.43,115.7074966430664,72.1971,19.2048,2.8209
8/20/20,1.38,0.09,259.918,8.4,92.79000091552734,74.1,42.62,2.35,118.2750015258789,75.0748,11.907,2.8064
8/21/20,1.35,0.09,259.918,8.4,93.25,74.1,42.32,2.39,124.37000274658203,80.2901,15.2443,3.0652
8/24/20,1.35,0.09,259.918,8.4,93.30000305175781,74.1,42.44,2.57,125.85749816894531,81.3175,15.9867,3.184
8/25/20,1.39,0.09,259.918,8.4,93.01999664,74.1,43.17,2.54,124.82499694824219,78.2678,14.593,3.1519
8/26/20,1.41,0.09,259.918,8.4,93.01000213623047,74.1,43.21,2.52,126.52249908447266,79.621,12.5107,3.0777
8/27/20,1.5,0.08,259.918,8.4,93.01000213623047,74.1,42.88,2.52,125.01000213623047,75.1319,13.5518,3.1123
8/28/20,1.52,0.09,259.918,8.4,92.37000274658203,74.1,42.96,2.46,124.80750274658203,74.5261,11.7796,3.0199
8/31/20,1.49,0.09,259.918,8.4,92.13999938964844,74.1,42.61,2.3,129.0399932861328,78.4394,19.1759,3.2355
9/1/20,1.43,0.09,260.28,7.8,92.33999633789062,80.4,42.76,2.22,134.17999267578125,82.0464,20.6435,3.4056
9/2/20,1.38,0.09,260.28,7.8,92.84999847,80.4,42.76,2.15,131.39999389648438,74.7614,15.9824,3.9271
9/3/20,1.34,0.09,260.28,7.8,92.73999786376953,80.4,41.39,2.32,120.87999725341797,54.8969,5.824,4.4058
9/4/20,1.46,0.09,260.28,7.8,92.72000122070312,80.4,39.69,1.8,120.95999908447266,54.9949,6.1945,4.9834
9/8/20,1.43,0.09,260.28,7.8,93.48000336,80.4,36.87,2.35,112.81999969482422,44.4252,-2.6743,5.2041
9/9/20,1.45,0.09,260.28,7.8,93.26000213623047,80.4,38.05,2.21,117.31999969482422,50.1313,1.5724,5.2726
9/10/20,1.43,0.09,260.28,7.8,93.33999633789062,80.4,37.25,2.13,113.48999786376953,45.8193,-4.666,5.4532
9/11/20,1.42,0.09,260.28,7.8,93.33000183105469,80.4,37.33,1.93,112,44.2255,-12.0623,5.428
9/14/20,1.42,0.09,260.28,7.8,93.06999969482422,80.4,37.23,2.18,115.36000061035156,48.5639,-10.2413,5.314
9/15/20,1.43,0.09,260.28,7.8,93.05000305175781,80.4,38.29,2.19,115.54000091552734,48.8004,-9.0541,5.2979
9/16/20,1.45,0.09,260.28,7.8,93.20999908447266,80.4,40.17,2.06,112.12999725341797,44.7189,-14.0345,5.1953
9/17/20,1.43,0.09,260.28,7.8,92.97000122070312,80.4,40.99,1.65,110.33999633789062,42.7001,-14.3051,5.0673
9/18/20,1.45,0.09,260.28,7.8,92.93000030517578,80.4,41.09,1.56,106.83999633789062,38.9933,-17.5206,5.039
9/21/20,1.43,0.09,260.28,7.8,93.54000091552734,80.4,39.26,1.33,110.08000183105469,43.8525,-18.4884,5.1729
9/22/20,1.42,0.09,260.28,7.8,93.98999786376953,80.4,39.55,1.49,111.80999755859375,46.3115,-21.8136,5.0611
9/23/20,1.42,0.09,260.28,7.8,94.38999938964844,80.4,39.92,1.74,107.12000274658203,41.0613,-23.6761,5.0716
9/24/20,1.4,0.09,260.28,7.8,94.34999847,80.4,40.11,1.93,108.22000122070312,42.702,-12.3451,5.075
9/25/20,1.4,0.09,260.28,7.8,94.58000183105469,80.4,40.06,1.9,112.27999877929688,48.4103,-8.4641,5.0447
9/28/20,1.42,0.09,260.28,7.8,94.26000213623047,80.4,40.47,1.83,114.95999908447266,51.8223,2.0868,4.8961
9/29/20,1.41,0.09,260.28,7.8,93.88999938964844,80.4,39.03,1.74,114.08999633789062,50.6512,-3.1497,4.6676
9/30/20,1.46,0.09,260.28,7.8,93.88999938964844,80.4,40.05,1.66,115.80999755859375,52.9166,2.2623,4.5877
10/1/20,1.45,0.09,260.388,6.9,93.70999908447266,81.8,38.51,1.6,116.79000091552734,54.2065,4.6709,4.3931
10/2/20,1.48,0.09,260.388,6.9,93.83999633789062,81.8,36.9,1.41,113.0199966430664,48.6812,-2.2769,4.3976
10/5/20,1.57,0.09,260.388,6.9,93.51000213623047,81.8,39.12,1.92,116.5,53.4028,0.9361,4.3363
10/6/20,1.56,0.09,260.388,6.9,93.83000183105469,81.8,40.52,1.86,113.16000366210938,48.7654,1.0044,4.3226
10/7/20,1.6,0.09,260.388,6.9,93.62999725341797,81.8,39.82,2.01,115.08000183105469,51.3792,4.6221,4.1803
10/8/20,1.57,0.09,260.388,6.9,93.61000061035156,81.8,41.04,1.49,114.97000122070312,51.218,7.9278,4.0078
10/9/20,1.58,0.09,260.388,6.9,93.05999755859375,81.8,40.44,2.25,116.97000122070312,54.0416,6.7186,3.8664
10/12/20,.,0.09,260.388,6.9,93.06999969482422,81.8,39.22,2.31,124.4000015258789,62.6831,12.2769,4.1621
10/13/20,1.52,0.09,260.388,6.9,93.52999877929688,81.8,40.03,2.14,121.0999984741211,57.5108,13.6323,4.2646
10/14/20,1.5,0.09,260.388,6.9,93.37999725341797,81.8,40.86,2.02,121.19000244140625,57.6135,12.6474,4.1975
10/15/20,1.52,0.09,260.388,6.9,93.86000061035156,81.8,40.84,2.23,120.70999908447266,56.8244,8.2203,4.1101
10/16/20,1.52,0.09,260.388,6.9,93.68000030517578,81.8,40.7,2.16,119.0199966430664,54.0192,3.959,4.0072
10/19/20,1.55,0.09,260.388,6.9,93.43000030517578,81.8,40.69,2.3,115.9800033569336,49.3041,1.843,4.0525
10/20/20,1.6,0.09,260.388,6.9,93.06999969482422,81.8,41.37,2.57,117.51000213623047,51.5942,1.6577,3.9963
10/21/20,1.62,0.09,260.388,6.9,92.61000061035156,81.8,39.88,2.95,116.87000274658203,50.5652,0.078,3.868
10/22/20,1.67,0.09,260.388,6.9,92.94999694824219,81.8,40.46,2.99,115.75,48.7336,2.6621,3.832
10/23/20,1.64,0.09,260.388,6.9,92.76999664,81.8,39.73,2.91,115.04000091552734,47.5575,-1.4237,3.7164
10/26/20,1.59,0.09,260.388,6.9,93.05000305175781,81.8,38.39,3.14,115.05000305175781,47.5767,1.843,3.7065
10/27/20,1.57,0.09,260.388,6.9,92.94000244140625,81.8,39.34,3.07,116.5999984741211,50.5943,1.4822,3.6326
10/28/20,1.56,0.09,260.388,6.9,93.41000366210938,81.8,37.27,3.14,111.19999694824219,41.6082,-3.6762,3.7562
10/29/20,1.62,0.09,260.388,6.9,93.95999908447266,81.8,35.94,3.06,115.31999969482422,49.0444,-1.609,3.8871
10/30/20,1.65,0.09,260.388,6.9,94.04000091552734,81.8,35.64,3.03,108.86000061035156,40.3645,-15.1535,4.1388
11/2/20,1.63,0.09,260.229,6.7,94.05000305175781,76.9,36.6,3.03,108.7699966430664,40.2576,-12.0233,4.0772
11/3/20,1.66,0.09,260.229,6.7,93.55000305175781,76.9,37.44,2.88,110.44000244140625,43.2603,-10.4826,3.9782
11/4/20,1.55,0.09,260.229,6.7,93.41000366210938,76.9,38.97,2.63,114.94999694824219,50.4965,-5.6167,4.0527
11/5/20,1.54,0.09,260.229,6.7,92.52999877929688,76.9,38.56,2.69,119.02999877929688,55.9675,0.0098,4.0885
11/6/20,1.6,0.09,260.229,6.7,92.23000336,76.9,36.97,2.67,118.69000244140625,55.748,2.8425,4.0107
11/9/20,1.73,0.09,260.229,6.7,92.73000336,76.9,40.05,2.63,116.31999969482422,51.8929,-0.9645,4.1387
11/10/20,1.75,0.09,260.229,6.7,92.75,76.9,41.18,2.74,115.97000122070312,51.3284,-0.6823,4.0845
11/11/20,.,0.09,260.229,6.7,93.04000091552734,76.9,41.23,2.75,119.48999786376953,56.4585,3.8482,4.0481
11/12/20,1.64,0.09,260.229,6.7,92.95999908447266,76.9,40.9,2.81,119.20999908447266,55.9533,4.2671,3.8957
11/13/20,1.65,0.09,260.229,6.7,92.76000213623047,76.9,39.93,2.82,119.26000213623047,56.0289,4.3062,3.7431
11/16/20,1.66,0.09,260.229,6.7,92.56999969482422,76.9,41.14,2.62,120.30000305175781,57.6583,3.8106,3.6742
11/17/20,1.62,0.09,260.229,6.7,92.41999816894531,76.9,41.24,2.55,119.38999938964844,55.7129,8.1874,3.5313
11/18/20,1.62,0.09,260.229,6.7,92.31999969482422,76.9,41.64,2.37,118.02999877929688,52.8434,2.8414,3.4061
11/19/20,1.58,0.08,260.229,6.7,92.29000091552734,76.9,41.57,2.19,118.63999938964844,53.9881,9.7366,3.3198
11/20/20,1.53,0.08,260.229,6.7,92.38999938964844,76.9,41.99,2.22,117.33999633789062,51.1391,8.5545,3.1859
11/23/20,1.56,0.08,260.229,6.7,92.51000213623047,76.9,42.91,2.23,113.8499984741211,44.3695,3.5169,3.2284
11/24/20,1.6,0.08,260.229,6.7,92.23000336,76.9,44.71,2.47,115.16999816894531,47.2156,0.4085,3.2252
11/25/20,1.62,0.08,260.229,6.7,91.98999786376953,76.9,45.58,2.47,116.02999877929688,49.0447,-2.73,3.1051
11/27/20,1.57,0.08,260.229,6.7,91.79000091552734,76.9,.,.,116.58999633789062,50.2535,-2.0513,2.9852
11/30/20,1.58,0.09,260.229,6.7,91.87000274658203,76.9,45.2,2.89,119.05000305175781,55.2731,2.6667,3.0776
12/1/20,1.66,0.09,260.474,6.7,91.30999755859375,80.7,44.54,2.89,122.72000122070312,61.5125,6.5935,3.1661
12/2/20,1.7,0.09,260.474,6.7,91.12000274658203,80.7,45.23,2.75,123.08000183105469,62.0715,3.5068,3.113
12/3/20,1.67,0.09,260.474,6.7,90.70999908447266,80.7,45.65,2.46,122.94000244140625,61.6962,3.6435,3.0002
12/4/20,1.73,0.09,260.474,6.7,90.69999694824219,80.7,46.23,2.48,122.25,59.7782,2.9207,2.8849
12/7/20,1.69,0.09,260.474,6.7,90.79000091552734,80.7,45.72,2.39,123.75,62.507,3.37,2.8407
12/8/20,1.67,0.09,260.474,6.7,90.97000122070312,80.7,45.64,2.36,124.37999725341797,63.6233,4.8743,2.7697
12/9/20,1.69,0.09,260.474,6.7,91.08999633789062,80.7,45.48,2.45,121.77999877929688,56.1881,3.663,2.9172
12/10/20,1.65,0.09,260.474,6.7,90.79000091552734,80.7,46.76,2.45,123.23999786376953,59.08,4.4933,2.9684
12/11/20,1.63,0.09,260.474,6.7,90.98000336,80.7,46.59,2.54,122.41000366210938,56.7853,4.9524,2.9441
12/14/20,1.63,0.09,260.474,6.7,90.70999908447266,80.7,47.02,2.69,121.77999877929688,55.0378,7.7461,2.8601
12/15/20,1.65,0.09,260.474,6.7,90.47000122070312,80.7,47.58,2.63,127.87999725341797,65.9603,12.4153,3.0828
12/16/20,1.66,0.09,260.474,6.7,90.44999694824219,80.7,47.86,2.73,127.80999755859375,65.7629,11.5069,2.9889
12/17/20,1.68,0.09,260.474,6.7,89.81999969482422,80.7,48.34,2.7,128.6999969482422,67.1108,11.8292,2.8989
12/18/20,1.7,0.09,260.474,6.7,90.01999664,80.7,49.04,2.73,126.66000366210938,61.1533,7.4287,2.8997
12/21/20,1.68,0.09,260.474,6.7,90.04000091552734,80.7,47.79,2.68,128.22999572753906,63.8173,5.3822,3.0318
12/22/20,1.65,0.09,260.474,6.7,90.65000153,80.7,47.02,2.76,131.8800048828125,69.1052,8.596,3.2461
12/23/20,1.7,0.09,260.474,6.7,90.41000366210938,80.7,47.94,2.76,130.9600067138672,66.4684,7.834,3.1293
12/24/20,1.66,0.09,260.474,6.7,90.33000183105469,80.7,48.18,2.68,131.97000122070312,67.9157,9.4946,3.0802
12/28/20,1.67,0.09,260.474,6.7,90.33999633789062,80.7,47.5,2.39,136.69000244140625,73.6416,12.64,3.2349
12/29/20,1.67,0.09,260.474,6.7,90.01000213623047,80.7,47.85,2.4,134.8699951171875,68.5607,10.2468,3.3142
12/30/20,1.66,0.09,260.474,6.7,89.62999725341797,80.7,48.24,2.36,133.72000122070312,65.4862,11.6631,3.2582
12/31/20,1.65,0.09,260.474,6.7,89.94000244140625,80.7,48.35,2.39,132.69000244140625,62.7711,9.2309,3.2362
1/4/21,1.66,0.09,261.582,6.4,89.87999725341797,79,47.47,2.6,129.41000366210938,54.957,6.8377,3.4831
1/5/21,1.7,0.09,261.582,6.4,89.44000244140625,79,49.78,2.77,131.00999450683594,57.7218,9.016,3.4652
1/6/21,1.81,0.09,261.582,6.4,89.52999877929688,79,50.45,2.76,126.5999984741211,48.8259,-1.2503,3.5434
1/7/21,1.85,0.09,261.582,6.4,89.83000183105469,79,50.63,2.81,130.9199981689453,55.9825,3.0379,3.6412
1/8/21,1.87,0.09,261.582,6.4,90.09999847,79,52.14,2.77,132.0500030517578,57.6508,3.2723,3.5486
1/11/21,1.88,0.09,261.582,6.4,90.54000091552734,79,52.15,2.71,128.97999572753906,51.896,2.2711,3.5428
1/12/21,1.88,0.09,261.582,6.4,90.05000305175781,79,53.08,2.89,128.8000030517578,51.5709,0.5568,3.4872
1/13/21,1.82,0.09,261.582,6.4,90.31999969482422,79,52.81,2.82,130.88999938964844,55.0884,-0.967,3.4447
1/14/21,1.88,0.09,261.582,6.4,90.23999786376953,79,53.47,2.82,128.91000366210938,51.2879,-2.0025,3.3549
1/15/21,1.85,0.09,261.582,6.4,90.77999877929688,79,52.25,2.86,127.13999938964844,48.0936,-4.718,3.3402
1/19/21,1.84,0.09,261.582,6.4,90.5,79,52.87,2.65,127.83000183105469,49.4162,-8.6546,3.2253
1/20/21,1.84,0.09,261.582,6.4,90.47000122070312,79,53.16,2.57,132.02999877929688,56.6559,-2.7741,3.32
1/21/21,1.87,0.08,261.582,6.4,90.12999725341797,79,53,2.49,136.8699951171875,63.1934,3.077,3.616
1/22/21,1.85,0.08,261.582,6.4,90.23999786376953,79,52.28,2.45,139.07000732421875,65.7241,6.2321,3.6947
1/25/21,1.8,0.08,261.582,6.4,90.38999938964844,79,52.78,2.63,142.9199981689453,69.656,13.1967,4.0273
1/26/21,1.8,0.08,261.582,6.4,90.16999816894531,79,52.61,2.73,143.16000366210938,69.8879,11.8683,3.9441
1/27/21,1.79,0.08,261.582,6.4,90.65000153,79,52.81,2.77,142.05999755859375,67.3475,15.1015,3.9338
1/28/21,1.81,0.07,261.582,6.4,90.45999908447266,79,52.26,2.76,137.08999633789062,57.226,6.0269,4.0268
1/29/21,1.87,0.07,261.582,6.4,90.58000183105469,79,52.16,2.68,131.9600067138672,49.0343,-0.0879,4.2192
2/1/21,1.84,0.08,263.014,6.2,91.01999664,76.8,53.55,2.88,134.13999938964844,52.1678,5.0404,4.2283
2/2/21,1.87,0.08,263.014,6.2,91.19999694824219,76.8,54.77,3.24,134.99000549316406,53.3715,6.0465,4.0777
2/3/21,1.92,0.08,263.014,6.2,91.12000274658203,76.8,55.67,3.01,133.94000244140625,51.6426,2.9793,3.9371
2/4/21,1.93,0.08,263.014,6.2,91.52999877929688,76.8,56.19,2.99,137.38999938964844,56.6156,8.2834,3.8973
2/5/21,1.97,0.08,263.014,6.2,91.04000091552734,76.8,56.8,3.49,136.75999450683594,55.8536,9.5972,3.7279
2/8/21,1.96,0.07,263.014,6.2,90.93000030517578,76.8,57.95,3.4,136.91000366210938,56.0786,9.0699,3.6042
2/9/21,1.95,0.08,263.014,6.2,90.44000244140625,76.8,58.34,3.35,136.00999450683594,54.2905,4.0869,3.4884
2/10/21,1.92,0.08,263.014,6.2,90.37000274658203,76.8,58.69,3.76,135.38999938964844,53.0359,-1.2474,3.4202
2/11/21,1.94,0.08,263.014,6.2,90.41999816894531,76.8,58.22,6.5,135.1300048828125,52.4881,-3.6508,3.359
2/12/21,2.01,0.08,263.014,6.2,90.48000336,76.8,59.5,6.12,135.3699951171875,52.9709,-7.1767,3.2475
2/16/21,2.08,0.08,263.014,6.2,90.51000213623047,76.8,60.07,11.32,133.19000244140625,48.1809,-9.5438,3.2405
2/17/21,2.06,0.08,263.014,6.2,90.94999694824219,76.8,61.09,23.86,130.83999633789062,43.6035,-10.7683,3.269
2/18/21,2.08,0.07,263.014,6.2,90.58999633789062,76.8,60.4,8.56,129.7100067138672,41.559,-7.019,3.2752
2/19/21,2.14,0.07,263.014,6.2,90.36000061035156,76.8,59.12,4.96,129.8699951171875,41.9738,-1.8514,3.1747
2/22/21,2.19,0.07,263.014,6.2,90.01000213623047,76.8,61.67,3.16,126,35.4233,-7.7668,3.2463
2/23/21,2.21,0.07,263.014,6.2,90.16999816894531,76.8,61.66,2.94,125.86000061035156,35.2092,-8.734,3.5958
2/24/21,2.24,0.07,263.014,6.2,90.18000030517578,76.8,63.21,2.8,125.3499984741211,34.3938,-8.2073,3.5926
2/25/21,2.33,0.07,263.014,6.2,90.12999725341797,76.8,63.43,2.72,120.98999786376953,28.3493,-15.8426,3.7496
2/26/21,2.17,0.07,263.014,6.2,90.93000030517578,76.8,61.55,2.66,121.26000213623047,29.1793,-15.1633,3.7515
3/1/21,2.23,0.07,264.877,6.1,91.04000091552734,84.9,60.54,2.7,127.79000091552734,45.5949,-8.9219,3.9496
3/2/21,2.21,0.07,264.877,6.1,90.79000091552734,84.9,59.7,2.87,125.12000274658203,41.3723,-10.6534,3.9267
3/3/21,2.25,0.07,264.877,6.1,90.94999694824219,84.9,61.33,2.86,122.05999755859375,37.1283,-13.0404,3.9167
3/4/21,2.3,0.07,264.877,6.1,91.62999725341797,84.9,63.81,2.79,120.12999725341797,34.7098,-14.6742,3.9849
3/5/21,2.28,0.07,264.877,6.1,91.98000336,84.9,66.08,2.72,121.41999816894531,37.634,-13.647,4.0053
3/8/21,2.31,0.07,264.877,6.1,92.30999755859375,84.9,65.03,2.67,116.36000061035156,31.6468,-16.4644,4.0832
3/9/21,2.26,0.07,264.877,6.1,91.95999908447266,84.9,64.02,2.62,121.08999633789062,41.074,-9.5431,4.1899
3/10/21,2.24,0.07,264.877,6.1,91.79000091552734,84.9,64.45,2.62,119.9800033569336,39.6952,-9.5186,4.0807
3/11/21,2.29,0.07,264.877,6.1,91.41999816894531,84.9,66.02,2.7,121.95999908447266,43.364,-7.7382,4.0149
3/12/21,2.4,0.07,264.877,6.1,91.68000030517578,84.9,65.59,2.65,121.02999877929688,42.0694,-4.862,3.9238
3/15/21,2.37,0.07,264.877,6.1,91.83000183105469,84.9,65.36,2.58,123.98999786376953,47.4471,-1.8294,3.8937
3/16/21,2.38,0.07,264.877,6.1,91.87000274658203,84.9,64.82,2.5,125.56999969482422,50.1095,0.2152,3.8412
3/17/21,2.42,0.07,264.877,6.1,91.40000153,84.9,64.55,2.6,124.76000213623047,48.7461,3.6881,3.8131
3/18/21,2.45,0.07,264.877,6.1,91.84999847,84.9,59.95,2.45,120.52999877929688,42.277,-0.7141,3.851
3/19/21,2.45,0.07,264.877,6.1,91.91999816894531,84.9,61.43,2.53,119.98999786376953,41.5195,-7.6306,3.6986
3/22/21,2.38,0.07,264.877,6.1,91.80000305175781,84.9,61.48,2.55,123.38999938964844,47.8549,-1.6924,3.7055
3/23/21,2.34,0.07,264.877,6.1,92.33999633789062,84.9,57.75,2.56,122.54000091552734,46.4987,0.4696,3.5876
3/24/21,2.31,0.07,264.877,6.1,92.52999877929688,84.9,61.12,2.56,120.08999633789062,42.7389,-0.0391,3.5294
3/25/21,2.34,0.07,264.877,6.1,92.87999725341797,84.9,58.47,2.52,120.58999633789062,43.7387,-0.812,3.4632
3/26/21,2.37,0.07,264.877,6.1,92.76999664,84.9,60.93,2.52,121.20999908447266,45.0207,4.7446,3.3947
3/29/21,2.43,0.07,264.877,6.1,92.94000244140625,84.9,61.49,2.58,121.38999938964844,45.4096,0.2984,3.2815
3/30/21,2.38,0.07,264.877,6.1,93.30000305175781,84.9,60.55,2.55,119.9000015258789,42.716,-0.0783,3.2239
3/31/21,2.41,0.06,264.877,6.1,93.23000336,84.9,59.19,2.52,122.1500015258789,47.7556,0.1859,3.2466
4/1/21,2.34,0.07,267.054,6.1,92.93000030517578,88.3,61.41,2.52,123,49.5609,1.9272,3.1565
4/5/21,2.36,0.07,267.054,6.1,92.59999847,88.3,58.73,2.43,125.9000015258789,55.2433,1.8685,3.1519
4/6/21,2.32,0.07,267.054,6.1,92.33999633789062,88.3,59.34,2.44,126.20999908447266,55.8163,0.6261,3.0302
4/7/21,2.35,0.07,267.054,6.1,92.45999908447266,88.3,59.77,2.43,127.9000015258789,58.9053,3.0718,3.008
4/8/21,2.32,0.07,267.054,6.1,92.05999755859375,88.3,59.61,2.47,130.36000061035156,62.9642,9.6165,2.9671
4/9/21,2.34,0.07,267.054,6.1,92.16000366210938,88.3,59.29,2.48,133,66.7522,12.7225,3.0046
4/12/21,2.34,0.07,267.054,6.1,92.13999938964844,88.3,59.7,2.5,131.24000549316406,62.1898,7.6795,2.9553
4/13/21,2.32,0.07,267.054,6.1,91.84999847,88.3,60.2,2.57,134.42999267578125,66.6515,11.6317,2.9832
4/14/21,2.32,0.07,267.054,6.1,91.69000244140625,88.3,63.15,2.65,132.02999877929688,60.8352,11.6806,3.0038
4/15/21,2.23,0.07,267.054,6.1,91.66999816894531,88.3,63.42,2.62,134.5,64.2891,13.6078,2.9968
4/16/21,2.26,0.07,267.054,6.1,91.55999755859375,88.3,63.16,2.63,134.16000366210938,63.4595,12.6687,2.8799
4/19/21,2.29,0.07,267.054,6.1,91.06999969482422,88.3,63.33,2.75,134.83999633789062,64.4476,13.1578,2.823
4/20/21,2.27,0.07,267.054,6.1,91.23999786376953,88.3,62.61,2.76,133.11000061035156,60.0019,12.923,2.8813
4/21/21,2.26,0.07,267.054,6.1,91.16000366210938,88.3,61.34,2.72,133.5,60.6608,11.1034,2.8467
4/22/21,2.24,0.07,267.054,6.1,91.33000183105469,88.3,61.45,2.77,131.94000244140625,56.6419,8.7458,2.8348
4/23/21,2.25,0.07,267.054,6.1,90.86000061035156,88.3,62.18,2.79,134.32000732421875,60.8982,8.2371,2.8545
4/26/21,2.24,0.07,267.054,6.1,90.80999755859375,88.3,62.02,2.73,134.72000122070312,61.5808,8.3251,2.7555
4/27/21,2.29,0.07,267.054,6.1,90.91000366210938,88.3,63.03,2.91,134.38999938964844,60.6402,6.349,2.6495
4/28/21,2.29,0.07,267.054,6.1,90.61000061035156,88.3,63.81,2.98,133.5800018310547,58.287,3.1501,2.5958
4/29/21,2.31,0.06,267.054,6.1,90.61000061035156,88.3,65,2.91,133.47999572753906,57.9878,0.4745,2.7332
4/30/21,2.3,0.05,267.054,6.1,91.27999877929688,88.3,63.5,2.86,131.4600067138672,52.1633,0.2152,2.7123
5/3/21,2.3,0.06,269.195,5.8,90.94999694824219,82.9,64.46,2.96,132.5399932861328,54.7786,-1.8489,2.701
5/4/21,2.27,0.06,269.195,5.8,91.29000091552734,82.9,65.72,3,127.8499984741211,43.6246,-4.0892,2.9161
5/5/21,2.25,0.06,269.195,5.8,91.30999755859375,82.9,65.63,2.99,128.10000610351562,44.2759,-6.261,2.8895
5/6/21,2.24,0.06,269.195,5.8,90.94999694824219,82.9,64.73,2.9,129.74000549316406,48.4811,-4.324,2.8662
5/7/21,2.28,0.06,269.195,5.8,90.23000336,82.9,64.96,2.9,130.2100067138672,50.1844,-4.3142,2.7863
5/10/21,2.32,0.06,269.195,5.8,90.20999908447266,82.9,64.92,2.93,126.8499984741211,42.7583,-5.9143,2.8252
5/11/21,2.35,0.06,269.195,5.8,90.13999938964844,82.9,65.31,2.91,125.91000366210938,40.9334,-7.217,2.909
5/12/21,2.4,0.06,269.195,5.8,90.70999908447266,82.9,65.96,2.91,122.7699966430664,35.4852,-8.7679,2.9574
5/13/21,2.39,0.06,269.195,5.8,90.75,82.9,63.82,2.95,124.97000122070312,41.373,-8.9403,2.9828
5/14/21,2.35,0.06,269.195,5.8,90.31999969482422,82.9,65.32,2.95,127.44999694824219,47.2205,-6.9014,2.9741
5/17/21,2.36,0.06,269.195,5.8,90.22000122070312,82.9,66.24,2.99,126.2699966430664,44.9245,-7.7349,2.9212
5/18/21,2.37,0.06,269.195,5.8,89.75,82.9,65.49,2.96,124.8499984741211,42.2615,-8.334,2.8673
5/19/21,2.38,0.06,269.195,5.8,90.19000244140625,82.9,63.28,2.88,124.69000244140625,41.9597,-8.393,2.8063
5/20/21,2.34,0.06,269.195,5.8,89.80999755859375,82.9,61.95,2.86,127.30999755859375,48.4516,-3.8494,2.8179
5/21/21,2.33,0.06,269.195,5.8,90.01999664,82.9,63.61,2.84,125.43000030517578,44.5969,-6.7482,2.8119
5/24/21,2.31,0.06,269.195,5.8,89.83000183105469,82.9,66.13,2.78,127.0999984741211,48.5153,-0.5236,2.7868
5/25/21,2.26,0.06,269.195,5.8,89.63999938964844,82.9,66.27,2.87,126.9000015258789,48.0768,-0.9642,2.7277
5/26/21,2.27,0.06,269.195,5.8,90.04000091552734,82.9,66.41,2.91,126.8499984741211,47.96,-2.6176,2.6008
5/27/21,2.29,0.06,269.195,5.8,89.97000122070312,82.9,66.87,2.85,125.27999877929688,44.3215,-4.8311,2.5942
5/28/21,2.26,0.05,269.195,5.8,90.02999877929688,82.9,66.31,2.91,124.61000061035156,42.8283,-2.195,2.4964
6/1/21,2.3,0.06,271.696,5.9,89.83000183105469,85.5,67.8,3.02,124.27999877929688,42.0763,-1.5973,2.4168
6/2/21,2.28,0.06,271.696,5.9,89.90000153,85.5,68.79,3.09,125.05999755859375,44.5542,2.244,2.3274
6/3/21,2.3,0.06,271.696,5.9,90.5,85.5,68.81,3.01,123.54000091552734,40.8838,-1.4013,2.2963
6/4/21,2.24,0.06,271.696,5.9,90.13999938964844,85.5,69.57,3.01,125.88999938964844,48.0143,-1.5287,2.3156
6/7/21,2.25,0.06,271.696,5.9,89.94999694824219,85.5,69.21,2.98,125.9000015258789,48.043,-0.3626,2.2544
6/8/21,2.21,0.06,271.696,5.9,90.08000183105469,85.5,70.11,3.11,126.73999786376953,50.516,1.8521,2.2725
6/9/21,2.17,0.06,271.696,5.9,90.12000274658203,85.5,69.9,3.13,127.12999725341797,51.6662,2.391,2.1963
6/10/21,2.15,0.06,271.696,5.9,90.08000183105469,85.5,70.34,3.13,126.11000061035156,48.4914,-1.1759,2.1969
6/11/21,2.15,0.06,271.696,5.9,90.55999755859375,85.5,71,3.23,127.3499984741211,52.3267,1.8815,2.1338
6/14/21,2.19,0.06,271.696,5.9,90.51999664,85.5,70.94,3.36,130.47999572753906,60.3516,3.3122,2.2243
6/15/21,2.2,0.06,271.696,5.9,90.54000091552734,85.5,72.06,3.31,129.63999938964844,57.5517,2.685,2.1501
6/16/21,2.2,0.06,271.696,5.9,91.12999725341797,85.5,72.03,3.25,130.14999389648438,58.8014,3.2338,2.1665
6/17/21,2.11,0.1,271.696,5.9,91.88999938964844,85.5,71.06,3.24,131.7899932861328,62.6132,6.3793,2.2148
6/18/21,2.01,0.1,271.696,5.9,92.23000336,85.5,71.64,3.23,130.4600067138672,57.932,5.7326,2.1651
6/21/21,2.11,0.1,271.696,5.9,91.86000061035156,85.5,73.64,3.15,132.3000030517578,62.1483,7.859,2.2344
6/22/21,2.1,0.1,271.696,5.9,91.73000336,85.5,73.15,3.21,133.97999572753906,65.5439,8.741,2.247
6/23/21,2.11,0.1,271.696,5.9,91.80000305175781,85.5,73.11,3.36,133.6999969482422,64.5053,9.9561,2.1628
6/24/21,2.1,0.1,271.696,5.9,91.81999969482422,85.5,73.31,3.3,133.41000366210938,63.385,7.3691,2.128
6/25/21,2.16,0.1,271.696,5.9,91.80999755859375,85.5,74.21,3.4,133.11000061035156,62.1818,7.0653,2.0516
6/28/21,2.1,0.1,271.696,5.9,91.87999725341797,85.5,72.98,3.62,134.77999877929688,66.0456,7.8786,2.0545
6/29/21,2.1,0.1,271.696,5.9,92.05000305175781,85.5,73.14,3.75,136.3300018310547,69.1917,9.0154,2.0575
6/30/21,2.06,0.08,271.696,5.9,92.44000244140625,85.5,73.52,3.79,136.9600067138672,70.3925,10.6322,2.0183
7/1/21,2.07,0.1,273.003,5.4,92.59999847,81.2,75.33,3.76,137.27000427246094,70.9916,9.7209,1.9841
7/2/21,2.05,0.1,273.003,5.4,92.23000336,81.2,75.37,3.67,139.9600067138672,75.6049,9.2897,2.0334
7/6/21,2,0.1,273.003,5.4,92.55000305175781,81.2,73.62,3.68,142.02000427246094,78.4335,12.1315,2.1115
7/7/21,1.94,0.1,273.003,5.4,92.63999938964844,81.2,72.22,3.66,144.57000732421875,81.3207,14.1306,2.1615
7/8/21,1.91,0.1,273.003,5.4,92.36000061035156,81.2,72.98,3.56,143.24000549316406,75.6334,11.2202,2.2805
7/9/21,1.99,0.1,273.003,5.4,92.12999725341797,81.2,74.56,3.71,145.11000061035156,77.9666,14.356,2.3274
7/12/21,2,0.1,273.003,5.4,92.23000336,81.2,74.21,3.7,144.5,75.4293,11.9551,2.3236
7/13/21,2.04,0.1,273.003,5.4,92.75,81.2,75.24,3.78,145.63999938964844,76.9397,11.426,2.4257
7/14/21,1.98,0.1,273.003,5.4,92.41000366210938,81.2,73.06,3.8,149.14999389648438,80.8442,15.1399,2.5275
7/15/21,1.92,0.1,273.003,5.4,92.62000274658203,81.2,71.67,3.68,148.47999572753906,78.125,14.7675,2.5506
7/16/21,1.93,0.1,273.003,5.4,92.69000244140625,81.2,71.76,3.7,146.38999938964844,70.1936,13.0135,2.64
7/19/21,1.81,0.1,273.003,5.4,92.88999938964844,81.2,66.45,3.75,142.4499969482422,58.1984,7.5161,2.7818
7/20/21,1.88,0.1,273.003,5.4,92.97000122070312,81.2,67.32,3.82,146.14999389648438,64.3581,9.6229,2.9086
7/21/21,1.94,0.1,273.003,5.4,92.75,81.2,70.26,3.94,145.39999389648438,62.3524,8.2706,2.8072
7/22/21,1.9,0.1,273.003,5.4,92.81999969482422,81.2,72.15,4.02,146.8000030517578,64.572,9.3387,2.8023
7/23/21,1.92,0.1,273.003,5.4,92.91000366210938,81.2,72.24,4.11,148.55999755859375,67.1907,8.4274,2.7364
7/26/21,1.93,0.1,273.003,5.4,92.65000153,81.2,72.15,4.09,148.99000549316406,67.8166,6.8301,2.69
7/27/21,1.89,0.1,273.003,5.4,92.43000030517578,81.2,71.68,4.15,146.77000427246094,61.3132,2.1558,2.7541
7/28/21,1.9,0.1,273.003,5.4,92.31999969482422,81.2,72.37,4.1,144.97999572753906,56.6001,1.7051,2.8674
7/29/21,1.91,0.1,273.003,5.4,91.86000061035156,81.2,73.62,4.03,145.63999938964844,57.8856,0.5194,2.8005
7/30/21,1.89,0.07,273.003,5.4,92.16999816894531,81.2,73.93,3.94,145.86000061035156,58.3286,1.3327,2.7559
8/2/21,1.86,0.1,273.567,5.1,92.05000305175781,70.3,71.31,4.02,145.52000427246094,57.3249,-0.1176,2.678
8/3/21,1.85,0.1,273.567,5.1,92.08000183105469,70.3,70.64,4.06,147.36000061035156,61.2147,-1.7541,2.6873
8/4/21,1.83,0.1,273.567,5.1,92.26999664,70.3,68.19,4.2,146.9499969482422,59.9044,-1.4993,2.601
8/5/21,1.86,0.1,273.567,5.1,92.23999786376953,70.3,69.1,4.27,147.05999755859375,60.1509,0.6566,2.5321
8/6/21,1.94,0.1,273.567,5.1,92.80000305175781,70.3,68.26,4.21,146.13999938964844,57.7196,3.8315,2.455
8/9/21,1.96,0.1,273.567,5.1,92.94999694824219,70.3,66.56,4.24,146.08999633789062,57.5404,0.1567,2.3624
8/10/21,1.99,0.1,273.567,5.1,93.05999755859375,70.3,68.33,4.12,145.60000610351562,55.7151,0.4108,2.3626
8/11/21,1.99,0.1,273.567,5.1,92.91000366210938,70.3,69.3,4.07,145.86000061035156,56.5035,-0.706,2.2772
8/12/21,2.03,0.1,273.567,5.1,93.04000091552734,70.3,69.12,4.1,148.88999938964844,64.4477,0.543,2.3396
8/13/21,1.94,0.1,273.567,5.1,92.51999664,70.3,68.36,3.95,149.10000610351562,64.9259,0.3277,2.2548
8/16/21,1.92,0.1,273.567,5.1,92.62999725341797,70.3,67.44,3.93,151.1199951171875,69.2147,4.4856,2.4246
8/17/21,1.92,0.1,273.567,5.1,93.12999725341797,70.3,66.5,3.92,150.19000244140625,65.2583,5.327,2.433
8/18/21,1.91,0.09,273.567,5.1,93.13999938964844,70.3,65.36,3.86,146.36000061035156,52.0602,0.9215,2.5796
8/19/21,1.88,0.09,273.567,5.1,93.56999969482422,70.3,63.69,3.83,146.6999969482422,52.9695,1.0396,2.6407
8/20/21,1.87,0.09,273.567,5.1,93.5,70.3,62.25,3.94,148.19000244140625,56.8337,2.835,2.5782
8/23/21,1.87,0.09,273.567,5.1,92.95999908447266,70.3,65.65,3.93,149.7100067138672,60.4076,2.5237,2.5553
8/24/21,1.91,0.09,273.567,5.1,92.88999938964844,70.3,67.5,3.95,149.6199951171875,60.0903,2.8371,2.4926
8/25/21,1.96,0.09,273.567,5.1,92.83000183105469,70.3,68.54,4.03,148.36000061035156,55.6816,1.4928,2.4912
8/26/21,1.94,0.09,273.567,5.1,93.05999755859375,70.3,67.42,4.07,147.5399932861328,52.9585,1.374,2.4262
8/27/21,1.91,0.08,273.567,5.1,92.69000244140625,70.3,68.84,4.35,148.60000610351562,55.957,2.4633,2.3875
8/30/21,1.9,0.08,273.567,5.1,92.65000153,70.3,69.28,4.25,153.1199951171875,65.9299,7.3802,2.5597
8/31/21,1.92,0.06,273.567,5.1,92.62999725341797,70.3,68.43,4.33,151.8300018310547,61.64,5.859,2.5052
9/1/21,1.92,0.08,274.31,4.7,92.44999694824219,72.8,68.63,4.45,152.50999450683594,63.0065,3.5527,2.547
9/2/21,1.9,0.08,274.31,4.7,92.23000336,72.8,70.07,4.65,153.64999389648438,65.2419,4.4654,2.5277
9/3/21,1.94,0.08,274.31,4.7,92.04000091552734,72.8,69.34,4.77,154.3000030517578,66.4854,3.1209,2.4551
9/7/21,1.99,0.08,274.31,4.7,92.51999664,72.8,68.49,4.71,156.69000244140625,70.6441,6.3791,2.4873
9/8/21,1.95,0.08,274.31,4.7,92.65000153,72.8,69.36,4.66,155.11000061035156,64.9098,8.5873,2.5245
9/9/21,1.9,0.08,274.31,4.7,92.48000336,72.8,68.26,4.97,154.07000732421875,61.3782,7.233,2.4956
9/10/21,1.94,0.08,274.31,4.7,92.58000183105469,72.8,69.82,5.13,148.97000122070312,47.6784,0.7655,2.7926
9/13/21,1.91,0.08,274.31,4.7,92.62000274658203,72.8,70.54,5.21,149.5500030517578,49.0707,-0.157,2.7803
9/14/21,1.85,0.08,274.31,4.7,92.65000153,72.8,70.53,5.39,148.1199951171875,45.8325,-1.4721,2.8733
9/15/21,1.87,0.08,274.31,4.7,92.48999786376953,72.8,72.59,5.66,149.02999877929688,48.1762,0.6575,2.8833
9/16/21,1.88,0.08,274.31,4.7,92.86000061035156,72.8,72.69,5.52,148.7899932861328,47.5913,1.2268,2.8041
9/17/21,1.91,0.08,274.31,4.7,93.19999694824219,72.8,72.09,5.32,146.05999755859375,41.4303,-2.4928,2.8184
9/20/21,1.85,0.08,274.31,4.7,93.23999786376953,72.8,70.41,5.25,142.94000244140625,35.7363,-9.9907,2.9528
9/21/21,1.86,0.08,274.31,4.7,93.19999694824219,72.8,70.51,4.96,143.42999267578125,37.1961,-8.2438,2.8695
9/22/21,1.84,0.08,274.31,4.7,93.45999908447266,72.8,72.37,4.92,145.85000610351562,43.9663,-6.5362,2.8748
9/23/21,1.92,0.08,274.31,4.7,93.09999847,72.8,73.43,4.94,146.8300018310547,46.4822,-6.6932,2.7704
9/24/21,1.99,0.08,274.31,4.7,93.33000183105469,72.8,74.18,5.1,146.9199981689453,46.7189,-7.2428,2.7064
9/27/21,1.99,0.08,274.31,4.7,93.37999725341797,72.8,75.54,5.53,145.3699951171875,43.1783,-11.1095,2.7304
9/28/21,2.07,0.08,274.31,4.7,93.76999664,72.8,75.44,5.94,141.91000366210938,36.5242,-12.9545,2.7934
9/29/21,2.09,0.08,274.31,4.7,94.33999633789062,72.8,75.06,5.73,142.8300018310547,39.2069,-11.031,2.7719
9/30/21,2.08,0.06,274.31,4.7,94.25,72.8,75.22,5.58,141.5,36.7864,-7.3311,2.7911
10/1/21,2.04,0.08,276.589,4.5,94.04000091552734,71.7,76.01,5.61,142.64999389648438,40.2228,-6.7717,2.8588
10/4/21,2.05,0.08,276.589,4.5,93.80999755859375,71.7,77.68,5.8,139.13999938964844,34.1252,-8.813,2.9616
10/5/21,2.1,0.08,276.589,4.5,93.98000336,71.7,79.17,6.37,141.11000061035156,39.6546,-7.7727,2.9674
10/6/21,2.08,0.08,276.589,4.5,94.26999664,71.7,77.66,6,142,42.0223,-6.6637,3.0204
10/7/21,2.13,0.08,276.589,4.5,94.22000122070312,71.7,78.46,5.71,143.2899932861328,45.3682,-2.7185,2.9599
10/8/21,2.16,0.08,276.589,4.5,94.06999969482422,71.7,79.55,5.46,142.89999389648438,44.5315,-0.0393,2.862
10/11/21,.,0.08,276.589,4.5,94.31999969482422,71.7,80.64,5.46,142.80999755859375,44.3283,-0.6085,2.8678
10/12/21,2.1,0.08,276.589,4.5,94.51999664,71.7,80.75,5.34,141.50999450683594,41.3907,-4.2593,2.8179
10/13/21,2.05,0.08,276.589,4.5,94.08000183105469,71.7,80.67,5.56,140.91000366210938,40.0708,-5.8099,2.7786
10/14/21,2.02,0.08,276.589,4.5,93.95999908447266,71.7,81.43,5.92,143.75999450683594,48.4755,-3.1012,2.7883
10/15/21,2.05,0.08,276.589,4.5,93.94000244140625,71.7,82.39,5.44,144.83999633789062,51.2648,-0.5201,2.6862
10/18/21,2.01,0.08,276.589,4.5,93.94999694824219,71.7,82.62,5.01,146.5500030517578,55.3832,4.5537,2.7523
10/19/21,2.09,0.08,276.589,4.5,93.79000091552734,71.7,83.19,4.81,148.75999450683594,60.0787,5.8197,2.7394
10/20/21,2.12,0.08,276.589,4.5,93.55999755859375,71.7,84.4,4.87,149.25999450683594,61.0767,7.6157,2.6582
10/21/21,2.13,0.08,276.589,4.5,93.76999664,71.7,82.64,4.94,149.47999572753906,61.5324,6.703,2.5924
10/22/21,2.08,0.08,276.589,4.5,93.61000061035156,71.7,84.53,5.1,148.69000244140625,58.8672,9.3724,2.5152
10/25/21,2.09,0.08,276.589,4.5,93.80999755859375,71.7,84.64,5.72,148.63999938964844,58.6939,7.39,2.4582
10/26/21,2.05,0.08,276.589,4.5,93.94999694824219,71.7,85.64,5.59,149.32000732421875,60.4011,7.1839,2.4368
10/27/21,1.95,0.08,276.589,4.5,93.86000061035156,71.7,82.66,5.91,148.85000610351562,58.5984,5.4566,2.3497
10/28/21,1.96,0.08,276.589,4.5,93.34999847,71.7,82.78,5.68,152.57000732421875,66.9948,9.4902,2.4843
10/29/21,1.93,0.07,276.589,4.5,94.12000274658203,71.7,83.5,5.49,149.8000030517578,57.6236,6.86,2.7385
11/1/21,1.98,0.08,277.948,4.2,93.87999725341797,67.4,84.08,5.22,148.9600067138672,55.1062,7.3115,2.6831
11/2/21,1.96,0.08,277.948,4.2,94.08999633789062,67.4,83.91,5.33,150.02000427246094,57.6221,8.9406,2.6961
11/3/21,2,0.08,277.948,4.2,93.86000061035156,67.4,80.82,5.59,151.49000549316406,60.895,7.5863,2.6543
11/4/21,1.96,0.08,277.948,4.2,94.34999847,67.4,78.88,5.73,150.9600067138672,59.1221,6.0062,2.5902
11/5/21,1.87,0.08,277.948,4.2,94.31999969482422,67.4,81.25,5.51,151.27999877929688,60.3875,4.858,2.5554
11/8/21,1.89,0.08,277.948,4.2,94.05000305175781,67.4,81.96,5.53,150.44000244140625,57.4062,1.8635,2.4718
11/9/21,1.83,0.08,277.948,4.2,93.95999908447266,67.4,84.12,5.08,150.80999755859375,58.3809,1.7364,2.3913
11/10/21,1.92,0.08,277.948,4.2,94.84999847,67.4,81.23,4.56,147.9199981689453,48.9573,-1.3199,2.4283
11/11/21,.,0.08,277.948,4.2,95.18000030517578,67.4,81.47,4.81,147.8699951171875,48.8105,-0.5937,2.3776
11/12/21,1.95,0.08,277.948,4.2,95.12999725341797,67.4,80.87,4.97,149.99000549316406,54.9751,1.539,2.4128
11/15/21,2.01,0.08,277.948,4.2,95.41000366210938,67.4,80.85,4.77,150,55.0026,0.8814,2.4124
11/16/21,2.02,0.08,277.948,4.2,95.91999816894531,67.4,80.76,5.11,151,57.7822,2.3255,2.3909
11/17/21,2,0.08,277.948,4.2,95.83000183105469,67.4,78.32,4.82,153.49000549316406,63.7816,1.122,2.5017
11/18/21,1.97,0.08,277.948,4.2,95.54000091552734,67.4,78.92,4.95,157.8699951171875,71.4636,8.1453,2.7175
11/19/21,1.91,0.08,277.948,4.2,96.06999969482422,67.4,76.11,4.9,160.5500030517578,74.9628,11.6036,2.8384
11/22/21,1.98,0.08,277.948,4.2,96.5,67.4,76.74,4.83,161.02000427246094,75.5296,11.0253,2.9972
11/23/21,2.02,0.08,277.948,4.2,96.48999786376953,67.4,78.32,4.95,161.41000366210938,76.0147,9.9659,2.9755
11/24/21,1.96,0.08,277.948,4.2,96.83999633789062,67.4,78.32,4.93,161.94000244140625,76.691,11.007,2.9384
11/26/21,1.83,0.08,277.948,4.2,96.08999633789062,67.4,.,.,156.80999755859375,59.2701,5.4351,3.1203
11/29/21,1.87,0.08,277.948,4.2,96.33999633789062,67.4,69.88,4.9,160.24000549316406,64.9956,9.6318,3.2049
11/30/21,1.78,0.07,277.948,4.2,95.98999786376953,67.4,66.14,4.52,165.3000030517578,71.3859,14.2412,3.3691
12/1/21,1.77,0.08,278.802,3.9,96.05000305175781,70.6,65.44,4.31,164.77000427246094,69.9455,16.5607,3.5335
12/2/21,1.76,0.08,278.802,3.9,96.12999725341797,70.6,66.6,4.08,163.75999450683594,67.1644,15.6172,3.7704
12/3/21,1.69,0.08,278.802,3.9,96.12000274658203,70.6,66.39,3.79,161.83999633789062,62.1087,11.6466,3.869
12/6/21,1.75,0.08,278.802,3.9,96.29000091552734,70.6,69.62,3.66,165.32000732421875,66.9628,15.057,4.0166
12/7/21,1.8,0.08,278.802,3.9,96.37000274658203,70.6,71.94,3.6,171.17999267578125,73.1908,19.8336,4.1692
12/8/21,1.87,0.08,278.802,3.9,95.88999938964844,70.6,72.43,3.79,175.0800018310547,76.382,21.2193,4.2407
12/9/21,1.87,0.08,278.802,3.9,96.26999664,70.6,70.87,3.67,174.55999755859375,75.0984,16.4035,4.1364
12/10/21,1.88,0.08,278.802,3.9,96.05000305175781,70.6,71.71,3.65,179.4499969482422,78.7199,18.5755,4.1969
12/13/21,1.81,0.08,278.802,3.9,96.31999969482422,70.6,71.19,4.05,175.74000549316406,70.3594,14.4673,4.3605
12/14/21,1.82,0.08,278.802,3.9,96.56999969482422,70.6,70.57,3.71,174.3300018310547,67.4284,12.6982,4.4372
12/15/21,1.86,0.08,278.802,3.9,96.51000213623047,70.6,70.89,3.79,179.3000030517578,71.8757,17.062,4.625
12/16/21,1.87,0.08,278.802,3.9,96.04000091552734,70.6,72.34,3.67,172.25999450683594,59.4856,15.1848,5.024
12/17/21,1.82,0.08,278.802,3.9,96.56999969482422,70.6,70.93,3.71,171.13999938964844,57.7791,10.7129,4.9305
12/20/21,1.85,0.08,278.802,3.9,96.55000305175781,70.6,68.69,3.91,169.75,55.6456,4.3736,4.8367
12/21/21,1.89,0.08,278.802,3.9,96.48999786376953,70.6,71.1,3.96,172.99000549316406,59.4081,8.0789,4.7776
12/22/21,1.86,0.08,278.802,3.9,96.08000183105469,70.6,72.82,3.95,175.63999938964844,62.2302,11.676,4.6968
12/23/21,1.91,0.08,278.802,3.9,96.01999664,70.6,73.89,3.56,176.27999877929688,62.9011,14.1921,4.4722
12/27/21,1.88,0.08,278.802,3.9,96.08999633789062,70.6,75.49,3.45,180.3300018310547,66.9067,14.7523,4.4434
12/28/21,1.9,0.08,278.802,3.9,96.19999694824219,70.6,76.01,3.32,179.2899932861328,64.9669,7.9708,4.3226
12/29/21,1.96,0.08,278.802,3.9,95.93000030517578,70.6,76.58,3.4,179.3800048828125,65.0613,4.2262,4.1887
12/30/21,1.93,0.08,278.802,3.9,95.97000122070312,70.6,76.83,3.82,178.1999969482422,62.6765,3.5775,4.0636
12/31/21,1.9,0.07,278.802,3.9,95.66999816894531,70.6,75.33,3.82,177.57000732421875,61.3829,-1.8477,3.9116
1/3/22,2.01,0.08,281.148,4,96.23999786376953,67.2,75.99,3.74,182.00999450683594,66.613,6.1624,4.005
1/4/22,2.07,0.08,281.148,4,96.29000091552734,67.2,77,3.73,179.6999969482422,61.9147,5.2778,3.9871
1/5/22,2.09,0.08,281.148,4,96.19000244140625,67.2,77.83,3.78,174.9199981689453,53.5051,-4.3048,4.0905
1/6/22,2.09,0.08,281.148,4,96.25,67.2,79.47,3.94,172,49.1163,-0.2555,4.0553
1/7/22,2.11,0.08,281.148,4,95.73999786376953,67.2,79,3.83,172.1699981689453,49.3766,1.0123,3.9839
1/10/22,2.11,0.08,281.148,4,95.98999786376953,67.2,78.11,4.16,172.19000244140625,49.4094,2.3981,4.0034
1/11/22,2.08,0.08,281.148,4,95.62000274658203,67.2,81.17,4.16,175.0800018310547,54.0425,2.0541,4.0235
1/12/22,2.08,0.08,281.148,4,95,67.2,82.51,4.62,175.52999877929688,54.7376,-0.1081,3.9018
1/13/22,2.05,0.08,281.148,4,94.79000091552734,67.2,81.97,4.78,172.19000244140625,48.8339,-4.0198,3.9621
1/14/22,2.12,0.08,281.148,4,95.16999816894531,67.2,83.82,4.37,173.07000732421875,50.3532,-7.1354,3.868
1/18/22,2.18,0.08,281.148,4,95.73000336,67.2,85.42,4.55,169.8000030517578,45.0054,-9.3271,3.849
1/19/22,2.14,0.08,281.148,4,95.51000213623047,67.2,86.84,4.89,166.22999572753906,40.0094,-12.9242,3.9349
1/20/22,2.14,0.08,281.148,4,95.73999786376953,67.2,86.29,4.45,164.50999450683594,37.8305,-13.455,4.0399
1/21/22,2.07,0.08,281.148,4,95.63999938964844,67.2,85.16,4.11,162.41000366210938,35.3026,-14.8997,4.0343
1/24/22,2.1,0.08,281.148,4,95.91999816894531,67.2,84.48,4.2,161.6199951171875,34.3721,-20.04,4.2874
1/25/22,2.12,0.08,281.148,4,95.94999694824219,67.2,86.61,4.24,159.77999877929688,32.2406,-19.578,4.3841
1/26/22,2.16,0.08,281.148,4,96.48999786376953,67.2,88.33,4.43,159.69000244140625,32.1356,-14.9685,4.5321
1/27/22,2.09,0.08,281.148,4,97.26000213623047,67.2,87.61,4.43,159.22000122070312,31.5578,-12.5606,4.5987
1/28/22,2.07,0.08,281.148,4,97.26999664,67.2,87.67,5.69,170.3300018310547,53.0497,-1.8084,5.0516
1/31/22,2.11,0.08,281.148,4,96.54000091552734,67.2,89.16,5.56,174.77999877929688,58.6505,2.5455,5.0762
2/1/22,2.12,0.08,283.716,3.8,96.38999938964844,62.8,88.22,5.45,174.61000061035156,58.3641,-0.4619,4.8912
2/2/22,2.11,0.08,283.716,3.8,95.94000244140625,62.8,88.16,6.7,175.83999633789062,59.8904,0.3047,4.7209
2/3/22,2.14,0.08,283.716,3.8,95.37999725341797,62.8,90.17,5.84,172.89999389648438,54.7262,0.6978,4.6729
2/4/22,2.23,0.08,283.716,3.8,95.48000336,62.8,92.27,5.34,172.38999938964844,54.2295,-0.4521,4.5795
2/7/22,2.22,0.08,283.716,3.8,95.40000153,62.8,91.25,4.44,171.66000366210938,52.9255,2.0434,4.463
2/8/22,2.25,0.08,283.716,3.8,95.63999938964844,62.8,89.32,4.3,174.8300018310547,57.6837,8.6716,4.4197
2/9/22,2.25,0.08,283.716,3.8,95.48999786376953,62.8,89.57,4.13,176.27999877929688,59.6908,11.789,4.232
2/10/22,2.3,0.08,283.716,3.8,95.55000305175781,62.8,89.83,4.03,172.1199951171875,52.0616,9.7592,4.2622
2/11/22,2.24,0.08,283.716,3.8,96.08000183105469,62.8,93.1,4.04,168.63999938964844,46.686,7.111,4.312
2/14/22,2.29,0.08,283.716,3.8,96.37000274658203,62.8,95.52,4.05,168.8800048828125,47.0918,9.1556,4.2163
2/15/22,2.37,0.08,283.716,3.8,95.98999786376953,62.8,92.07,4.31,172.7899932861328,53.3241,13.0918,4.2012
2/16/22,2.34,0.08,283.716,3.8,95.69999694824219,62.8,93.83,4.39,172.5500030517578,52.9121,13.3176,4.1324
2/17/22,2.31,0.08,283.716,3.8,95.80000305175781,62.8,91.78,4.57,168.8800048828125,46.9396,-1.2133,4.124
2/18/22,2.24,0.08,283.716,3.8,96.04000091552734,62.8,91.26,4.61,167.3000030517578,44.6053,-7.1417,4.1353
2/22/22,2.24,0.08,283.716,3.8,96.02999877929688,62.8,92.11,4.48,164.32000732421875,40.513,-9.9072,4.2019
2/23/22,2.29,0.08,283.716,3.8,96.19000244140625,62.8,92.14,4.59,160.07000732421875,35.5095,-15.2985,4.3517
2/24/22,2.28,0.08,283.716,3.8,97.13999938964844,62.8,92.77,4.78,162.74000549316406,40.4826,-9.7815,4.8035
2/25/22,2.29,0.08,283.716,3.8,96.62000274658203,62.8,91.68,4.63,164.85000610351562,44.1481,-7.42,4.7589
2/28/22,2.17,0.08,283.716,3.8,96.70999908447266,62.8,96.13,4.46,165.1199951171875,44.6181,-6.4359,4.6291
3/1/22,2.11,0.08,287.504,3.7,97.41000366210938,59.4,103.66,4.36,163.1999969482422,41.9167,-11.4449,4.6239
3/2/22,2.24,0.08,287.504,3.7,97.38999938964844,59.4,110.74,4.65,166.55999755859375,47.8655,-9.5653,4.6036
3/3/22,2.24,0.08,287.504,3.7,97.79000091552734,59.4,107.69,4.63,166.22999572753906,47.3526,-5.7963,4.511
3/4/22,2.16,0.08,287.504,3.7,98.65000153,59.4,115.77,4.74,163.1699981689453,42.7749,-5.383,4.4791
3/7/22,2.19,0.08,287.504,3.7,99.29000091552734,59.4,119.26,4.93,159.3000030517578,37.7982,-9.4275,4.5795
3/8/22,2.24,0.08,287.504,3.7,99.05999755859375,59.4,123.64,4.61,157.44000244140625,35.6513,-15.1057,4.75
3/9/22,2.29,0.08,287.504,3.7,97.97000122070312,59.4,108.81,4.55,162.9499969482422,45.5228,-9.4472,4.8304
3/10/22,2.38,0.08,287.504,3.7,98.51000213623047,59.4,105.93,4.65,158.52000427246094,40.1852,-10.1951,4.9753
3/11/22,2.36,0.08,287.504,3.7,99.12000274658203,59.4,109.31,4.79,154.72999572753906,36.2673,-12.37,4.9559
3/14/22,2.47,0.08,287.504,3.7,99.05999755859375,59.4,103.22,4.59,150.6199951171875,32.56,-13.482,4.9274
3/15/22,2.49,0.08,287.504,3.7,99.06999969482422,59.4,96.42,4.46,155.08999633789062,39.7711,-4.9008,4.9402
3/16/22,2.46,0.08,287.504,3.7,98.37999725341797,59.4,94.85,4.68,159.58999633789062,46.0277,-3.0999,4.9768
3/17/22,2.5,0.33,287.504,3.7,98.01000213623047,59.4,102.97,4.8,160.6199951171875,47.3752,-4.1627,4.8582
3/18/22,2.42,0.33,287.504,3.7,98.23000336,59.4,104.69,4.87,163.97999572753906,51.6188,-1.1219,4.8429
3/21/22,2.55,0.33,287.504,3.7,98.5,59.4,112.14,4.77,165.3800048828125,53.3082,2.1453,4.7314
3/22/22,2.6,0.33,287.504,3.7,98.48999786376953,59.4,111.03,5,168.82000732421875,57.2578,2.224,4.7105
3/23/22,2.52,0.33,287.504,3.7,98.62000274658203,59.4,114.89,5.26,170.2100067138672,58.7752,3.9167,4.7248
3/24/22,2.51,0.33,287.504,3.7,98.79000091552734,59.4,114.2,5.19,174.07000732421875,62.732,10.7265,4.6636
3/25/22,2.6,0.33,287.504,3.7,98.80999755859375,59.4,116.2,5.51,174.72000122070312,63.3696,15.1746,4.5083
3/28/22,2.57,0.33,287.504,3.7,99.08999633789062,59.4,107.55,5.52,175.60000610351562,64.261,17.871,4.4484
3/29/22,2.53,0.33,287.504,3.7,98.40000153,59.4,104.25,5.32,178.9600067138672,67.512,15.7552,4.3704
3/30/22,2.48,0.33,287.504,3.7,97.79000091552734,59.4,107.81,5.32,177.77000427246094,65.2482,18.9437,4.2628
3/31/22,2.44,0.33,287.504,3.7,98.30999755859375,59.4,100.53,5.46,174.61000061035156,59.5389,19.5636,4.2135
4/1/22,2.44,0.33,289.109,3.7,98.62999725341797,65.2,99.32,5.43,174.30999755859375,59.011,23.313,4.1191
4/4/22,2.48,0.33,289.109,3.7,98.98999786376953,65.2,103.29,5.72,178.44000244140625,63.7732,22.9784,4.1187
4/5/22,2.57,0.33,289.109,3.7,99.47000122070312,65.2,101.98,5.95,175.05999755859375,57.8495,15.2238,4.1075
4/6/22,2.63,0.33,289.109,3.7,99.59999847,65.2,96.39,6.29,171.8300018310547,52.8021,11.0316,4.1606
4/7/22,2.69,0.33,289.109,3.7,99.75,65.2,96.05,6.05,172.13999938964844,53.2239,8.0301,4.1102
4/8/22,2.76,0.33,289.109,3.7,99.80000305175781,65.2,98.35,6.38,170.08999633789062,50.0389,4.635,4.0232
4/11/22,2.84,0.33,289.109,3.7,99.93000030517578,65.2,94.22,6.35,165.75,44.0316,-3.0211,4.0585
4/12/22,2.82,0.33,289.109,3.7,100.29000091552734,65.2,100.52,6.59,167.66000366210938,47.0447,-2.5094,4.0582
4/13/22,2.81,0.33,289.109,3.7,99.87999725341797,65.2,104.26,6.68,170.39999389648438,51.1108,-3.6116,4.0685
4/14/22,2.92,0.33,289.109,3.7,100.31999969482422,65.2,106.84,6.94,165.2899932861328,44.2819,-9.2799,4.2158
4/18/22,2.95,0.33,289.109,3.7,100.77999877929688,65.2,108.24,7.48,165.07000732421875,44.0092,-10.3624,4.1275
4/19/22,3.01,0.33,289.109,3.7,100.95999908447266,65.2,102.54,7.44,167.39999389648438,47.683,-11.376,4.1076
4/20/22,2.9,0.33,289.109,3.7,100.38999938964844,65.2,102.56,7.12,167.22999572753906,47.4384,-10.3723,4.0096
4/21/22,2.94,0.33,289.109,3.7,100.58000183105469,65.2,103.89,6.88,166.4199981689453,46.2219,-8.0597,4.1182
4/22/22,2.95,0.33,289.109,3.7,101.22000122070312,65.2,102.86,6.59,161.7899932861328,39.9203,-12.3208,4.2718
4/25/22,2.88,0.33,289.109,3.7,101.75,65.2,99.6,6.42,162.8800048828125,41.9276,-15.3124,4.2978
4/26/22,2.86,0.33,289.109,3.7,102.30000305175781,65.2,102.62,6.89,156.8000030517578,34.9194,-17.9694,4.4238
4/27/22,2.91,0.33,289.109,3.7,102.94999694824219,65.2,101.96,6.91,156.57000732421875,34.6833,-15.0172,4.4178
4/28/22,2.92,0.33,289.109,3.7,103.62000274658203,65.2,105.47,6.97,163.63999938964844,46.632,-8.3647,4.6607
4/29/22,2.96,0.33,289.109,3.7,102.95999908447266,65.2,104.59,6.84,157.64999389648438,39.9619,-12.242,4.9569
5/2/22,3.07,0.33,292.296,3.6,103.73999786376953,58.4,105.18,7.3,157.9600067138672,40.4367,-7.666,4.9515
5/3/22,3.03,0.33,292.296,3.6,103.47000122070312,58.4,102.53,7.84,159.47999572753906,42.8245,-8.0498,4.9064
5/4/22,3.01,0.33,292.296,3.6,102.58999633789062,58.4,107.84,8.3,166.02000427246094,51.7813,-4.3103,5.0634
5/5/22,3.15,0.83,292.296,3.6,103.75,58.4,108.17,8.42,156.77000427246094,41.8059,-8.3844,5.4799
5/6/22,3.23,0.83,292.296,3.6,103.66000366210938,58.4,109.72,8.35,157.27999877929688,42.756,-7.4397,5.4587
5/9/22,3.19,0.83,292.296,3.6,103.6500015258789,58.4,103.08,8.06,152.05999755859375,38.0322,-14.8771,5.4764
5/10/22,3.12,0.83,292.296,3.6,103.91999816894531,58.4,99.74,6.78,154.50999450683594,41.3097,-12.2952,5.4147
5/11/22,3.05,0.83,292.296,3.6,103.8499984741211,58.4,105.5,7.53,146.5,34.8246,-19.3922,5.7065
5/12/22,3,0.83,292.296,3.6,104.8499984741211,58.4,106.15,7.25,142.55999755859375,32.151,-18.7188,5.841
5/13/22,3.1,0.83,292.296,3.6,104.55999755859375,58.4,110.52,7.75,147.11000061035156,38.0646,-15.3073,5.8141
5/16/22,3.09,0.83,292.296,3.6,104.19000244140625,58.4,114.07,8.07,145.5399932861328,36.8705,-10.8714,5.6339
5/17/22,3.17,0.83,292.296,3.6,103.36000061035156,58.4,112.31,8.26,149.24000549316406,41.5262,-6.9986,5.5293
5/18/22,3.07,0.83,292.296,3.6,103.80999755859375,58.4,109.67,8.53,140.82000732421875,35.1697,-22.2542,5.7918
5/19/22,3.05,0.83,292.296,3.6,102.72000122070312,58.4,112.21,8.21,137.35000610351562,32.9324,-19.7793,5.7343
5/20/22,2.99,0.83,292.296,3.6,103.1500015258789,58.4,112.63,7.97,137.58999633789062,33.2487,-19.8478,5.8942
5/23/22,3.08,0.83,292.296,3.6,102.08000183105469,58.4,110.32,8.16,143.11000061035156,40.2304,-15.9035,5.8723
5/24/22,2.98,0.83,292.296,3.6,101.86000061035156,58.4,112.55,8.87,140.36000061035156,38.0928,-25.0497,5.8597
5/25/22,2.97,0.83,292.296,3.6,102.05999755859375,58.4,112.88,9.44,140.52000427246094,38.2982,-15.7892,5.6837
5/26/22,2.99,0.83,292.296,3.6,101.83000183105469,58.4,116.19,9.19,143.77999877929688,42.4857,-13.3046,5.7846
5/27/22,2.97,0.83,292.296,3.6,101.66999816894531,58.4,114.96,8.3,149.63999938964844,49.1644,-2.385,5.7867
5/31/22,3.07,0.83,292.296,3.6,101.75,58.4,114.38,8.46,148.83999633789062,48.3392,-5.5879,5.6423
6/1/22,3.09,0.83,296.311,3.6,102.55000305175781,50,115.26,8.47,148.7100067138672,48.1976,2.178,5.5251
6/2/22,3.09,0.83,296.311,3.6,101.7699966430664,50,116.88,8.9,151.2100067138672,51.1601,8.5248,5.4409
6/3/22,3.11,0.83,296.311,3.6,102.13999938964844,50,118.97,8.34,145.3800048828125,44.7351,-1.705,5.5274
6/6/22,3.19,0.83,296.311,3.6,102.44000244140625,50,118.41,9.08,146.13999938964844,45.6926,0.5913,5.3908
6/7/22,3.13,0.83,296.311,3.6,102.31999969482422,50,119.55,9.28,148.7100067138672,48.9157,-0.5223,5.3507
6/8/22,3.18,0.83,296.311,3.6,102.54000091552734,50,121.94,9.43,147.9600067138672,48.02,7.0367,5.1382
6/9/22,3.18,0.83,296.311,3.6,103.22000122070312,50,121.52,8.16,142.63999938964844,42.1275,5.2134,5.1534
6/10/22,3.2,0.83,296.311,3.6,104.1500015258789,50,120.73,8.78,137.1300048828125,37.0557,-0.4533,5.1781
6/13/22,3.42,0.83,296.311,3.6,105.08000183105469,50,120.92,9,131.8800048828125,32.9814,-11.0675,5.2088
6/14/22,3.45,0.83,296.311,3.6,105.5199966430664,50,118.92,7.68,132.75999450683594,34.2857,-7.49,5.0064
6/15/22,3.39,0.83,296.311,3.6,105.16000366210938,50,115.32,7.72,135.42999267578125,38.2146,-5.0163,5.0134
6/16/22,3.35,1.58,296.311,3.6,103.62999725341797,50,117.56,7.88,130.05999755859375,33.8333,-13.5214,5.1051
6/17/22,3.3,1.58,296.311,3.6,104.69999694824219,50,109.56,7.37,131.55999755859375,36.0392,-17.8183,4.9706
6/21/22,3.39,1.58,296.311,3.6,104.44000244140625,50,110.49,6.6,135.8699951171875,42.0205,-12.7823,5.0027
6/22/22,3.25,1.58,296.311,3.6,104.19999694824219,50,106.22,6.76,135.35000610351562,41.5161,-13.1666,4.9164
6/23/22,3.21,1.58,296.311,3.6,104.43000030517578,50,105.75,6.54,138.27000427246094,45.4744,-12.7527,4.7933
6/24/22,3.26,1.58,296.311,3.6,104.19000244140625,50,109.07,5.8,141.66000366210938,49.7284,-3.6662,4.7072
6/27/22,3.31,1.58,296.311,3.6,103.94000244140625,50,111.44,6.09,141.66000366210938,49.7284,-4.4152,4.5487
6/28/22,3.3,1.58,296.311,3.6,104.51000213623047,50,113.66,6.66,137.44000244140625,44.6942,-11.1069,4.653
6/29/22,3.22,1.58,296.311,3.6,105.11000061035156,50,111.65,6.69,139.22999572753906,47.1387,-8.6036,4.6022
6/30/22,3.14,1.58,296.311,3.6,104.69000244140625,50,107.76,6.54,136.72000122070312,44.1892,-5.8343,4.6576
7/1/22,3.11,1.58,296.276,3.5,105.13999938964844,51.5,110.3,5.75,138.92999267578125,47.315,1.7739,4.5628
7/5/22,3.05,1.58,296.276,3.5,106.5,51.5,101.55,5.72,141.55999755859375,50.8433,9.5399,4.5664
7/6/22,3.14,1.58,296.276,3.5,107.0999984741211,51.5,100.31,5.65,142.9199981689453,52.6107,10.0129,4.4542
7/7/22,3.2,1.58,296.276,3.5,107.12999725341797,51.5,104.62,5.83,146.35000610351562,56.8267,10.7619,4.3916
7/8/22,3.27,1.58,296.276,3.5,107.01000213623047,51.5,106.78,6.4,147.0399932861328,57.643,16.7342,4.2574
7/11/22,3.18,1.58,296.276,3.5,108.0199966430664,51.5,106.09,6.82,144.8699951171875,54.1737,13.1173,4.1828
7/12/22,3.13,1.58,296.276,3.5,108.06999969482422,51.5,97.69,6.81,145.86000061035156,55.4899,9.8454,4.136
7/13/22,3.08,1.58,296.276,3.5,107.95999908447266,51.5,98.44,6.68,145.49000549316406,54.8557,9.9932,4.1454
7/14/22,3.11,1.58,296.276,3.5,108.54000091552734,51.5,97.79,6.9,148.47000122070312,58.927,10.0524,4.2505
7/15/22,3.1,1.58,296.276,3.5,108.05999755859375,51.5,99.59,6.6,150.1699981689453,61.0831,8.3868,4.1342
7/18/22,3.14,1.58,296.276,3.5,107.37000274658203,51.5,104.48,7.65,147.07000732421875,55.3745,5.3317,4.1817
7/19/22,3.17,1.58,296.276,3.5,106.68000030517578,51.5,106.12,7.35,151,60.4241,13.3637,4.1871
7/20/22,3.17,1.58,296.276,3.5,107.08000183105469,51.5,104.45,7.58,153.0399932861328,62.7785,13.6101,4.1239
7/21/22,3.08,1.58,296.276,3.5,106.91000366210938,51.5,98.44,7.99,155.35000610351562,65.2962,18.3603,4.0848
7/22/22,3,1.58,296.276,3.5,106.7300033569336,51.5,97.71,8.25,154.08999633789062,62.8009,14.9406,3.9951
7/25/22,3.04,1.58,296.276,3.5,106.4800033569336,51.5,99.83,8.52,152.9499969482422,60.5465,11.2251,3.904
7/26/22,3.03,1.58,296.276,3.5,107.19000244140625,51.5,97.74,9.46,151.60000610351562,57.896,8.5544,3.786
7/27/22,3.03,1.58,296.276,3.5,106.44999694824219,51.5,100.03,8.65,156.7899932861328,64.3562,10.2889,3.9189
7/28/22,3.02,2.33,296.276,3.5,106.3499984741211,51.5,99.11,8.75,157.35000610351562,64.9805,10.1608,3.8664
7/29/22,3,2.32,296.276,3.5,105.9000015258789,51.5,101.31,8.33,162.50999450683594,70.1662,17.3847,4.0323
8/1/22,2.92,2.33,296.171,3.6,105.44999694824219,58.2,96.59,8.2,161.50999450683594,68.0627,15.4235,3.9343
8/2/22,3,2.33,296.171,3.6,106.23999786376953,58.2,97.14,8.01,160.00999450683594,64.9189,14.3098,3.849
8/3/22,2.96,2.33,296.171,3.6,106.51000213623047,58.2,93.25,7.81,166.1300048828125,70.8375,17.4044,4.0373
8/4/22,2.97,2.33,296.171,3.6,105.69000244140625,58.2,91.29,8.4,165.80999755859375,70.1709,15.4136,3.9432
8/5/22,3.06,2.33,296.171,3.6,106.62000274658203,58.2,91.77,8.3,165.35000610351562,69.6634,18.2421,3.8624
8/8/22,3,2.33,296.171,3.6,106.44000244140625,58.2,93.52,7.76,164.8699951171875,68.5478,13.8953,3.841
8/9/22,3.01,2.33,296.171,3.6,106.37000274658203,58.2,93.18,7.87,164.9199981689453,68.6042,11.9341,3.7478
8/10/22,3.04,2.33,296.171,3.6,105.19999694824219,58.2,94.68,7.86,169.24000549316406,73.0938,13.921,3.7917
8/11/22,3.15,2.33,296.171,3.6,105.08999633789062,58.2,97.02,8.53,168.49000549316406,71.1904,14.4225,3.7183
8/12/22,3.12,2.33,296.171,3.6,105.62999725341797,58.2,94.86,8.73,172.10000610351562,74.6167,19.1087,3.7121
8/15/22,3.1,2.33,296.171,3.6,106.55000305175781,58.2,92.24,8.62,173.19000244140625,75.5618,21.5149,3.5911
8/16/22,3.11,2.33,296.171,3.6,106.5,58.2,89.23,9.28,173.02999877929688,75.1196,16.2421,3.479
8/17/22,3.15,2.33,296.171,3.6,106.56999969482422,58.2,90.85,9.51,174.5500030517578,76.5249,17.1903,3.4828
8/18/22,3.14,2.33,296.171,3.6,107.4800033569336,58.2,93.2,9.42,174.14999389648438,75.3193,11.7103,3.3595
8/19/22,3.22,2.33,296.171,3.6,108.16999816894531,58.2,93.55,9.14,171.52000427246094,67.7604,10.1002,3.3198
8/22/22,3.24,2.33,296.171,3.6,109.05000305175781,58.2,93.42,9.85,167.57000732421875,58.2974,7.6803,3.3917
8/23/22,3.26,2.33,296.171,3.6,108.62000274658203,58.2,96.46,9.75,167.22999572753906,57.5524,1.3133,3.2947
8/24/22,3.32,2.33,296.171,3.6,108.68000030517578,58.2,95.52,9.27,167.52999877929688,58.0617,1.9248,3.1908
8/25/22,3.25,2.33,296.171,3.6,108.47000122070312,58.2,93.33,9.47,170.02999877929688,62.1384,4.6187,3.1469
8/26/22,3.21,2.33,296.171,3.6,108.80000305175781,58.2,93.63,9.48,163.6199951171875,48.989,-1.2336,3.4501
8/29/22,3.25,2.33,296.171,3.6,108.83999633789062,58.2,97.4,9.24,161.3800048828125,45.3753,-3.4936,3.4715
8/30/22,3.23,2.33,296.171,3.6,108.7699966430664,58.2,92.08,9.1,158.91000366210938,41.7208,-10.1946,3.5648
8/31/22,3.27,2.33,296.171,3.6,108.69999694824219,58.2,90.09,8.93,157.22000122070312,39.3836,-11.1223,3.5526
9/1/22,3.37,2.33,296.808,3.5,109.69000244140625,58.6,87.09,9.38,157.9600067138672,40.9437,-13.9547,3.5632
9/2/22,3.35,2.33,296.808,3.5,109.52999877929688,58.6,87.29,9.18,155.80999755859375,37.8923,-17.1523,3.6891
9/6/22,3.49,2.33,296.808,3.5,110.20999908447266,58.6,87.35,8.52,154.52999877929688,36.1643,-18.2576,3.6653
9/7/22,3.42,2.33,296.808,3.5,109.83999633789062,58.6,82.5,8.12,155.9600067138672,39.4845,-18.3464,3.6192
9/8/22,3.45,2.33,296.808,3.5,109.70999908447266,58.6,84.04,8.27,154.4600067138672,37.2933,-19.432,3.6201
9/9/22,3.47,2.33,296.808,3.5,109,58.6,87.27,8.31,157.3699951171875,43.8083,-13.9646,3.5984
9/12/22,3.53,2.33,296.808,3.5,108.33000183105469,58.6,88.18,8.2,163.42999267578125,54.427,-4.0858,3.8271
9/13/22,3.51,2.33,296.808,3.5,109.81999969482422,58.6,87.84,8.49,153.83999633789062,41.1685,-13.2145,4.2628
9/14/22,3.47,2.33,296.808,3.5,109.66000366210938,58.6,88.88,8.7,155.30999755859375,43.4428,-12.0599,4.2043
9/15/22,3.48,2.33,296.808,3.5,109.73999786376953,58.6,85.72,8.6,152.3699951171875,40.1036,-17.4286,4.1811
9/16/22,3.52,2.33,296.808,3.5,109.76000213623047,58.6,85.57,8.11,150.6999969482422,38.3027,-12.7507,4.1644
9/19/22,3.52,2.33,296.808,3.5,109.73999786376953,58.6,86.15,7.96,154.47999572753906,44.3901,-6.8096,4.2518
9/20/22,3.59,2.33,296.808,3.5,110.22000122070312,58.6,84.69,8.01,156.89999389648438,47.9321,-1.9837,4.3006
9/21/22,3.5,2.33,296.808,3.5,110.63999938964844,58.6,83.38,7.99,153.72000122070312,43.969,-3.4541,4.3557
9/22/22,3.65,3.08,296.808,3.5,111.3499984741211,58.6,84.02,7.76,152.74000549316406,42.7946,-5.1516,4.2956
9/23/22,3.61,3.08,296.808,3.5,113.19000244140625,58.6,79.07,6.75,150.42999267578125,40.0775,-5.3095,4.2834
9/26/22,3.72,3.08,296.808,3.5,114.0999984741211,58.6,77.17,6.75,150.77000427246094,40.6746,-3.7107,4.2686
9/27/22,3.87,3.08,296.808,3.5,114.11000061035156,58.6,78.91,6.83,151.75999450683594,42.472,-4.145,4.3003
9/28/22,3.7,3.08,296.808,3.5,112.5999984741211,58.6,82.61,6.59,149.83999633789062,39.9444,-4.5595,4.4809
9/29/22,3.71,3.08,296.808,3.5,112.25,58.6,81.78,6.57,142.47999572753906,32.0664,-14.6949,4.8066
9/30/22,3.79,3.08,296.808,3.5,112.12000274658203,58.6,79.91,6.4,138.1999969482422,28.5412,-24.8994,4.8228
10/3/22,3.73,3.08,298.012,3.6,111.75,59.9,84.05,5.64,142.4499969482422,36.0582,-11.2408,4.8579
10/4/22,3.7,3.08,298.012,3.6,110.06999969482422,59.9,86.87,5.4,146.10000610351562,41.7277,-9.0893,4.7766
10/5/22,3.78,3.08,298.012,3.6,111.06999969482422,59.9,88.22,5.84,146.39999389648438,42.1815,-5.8918,4.7435
10/6/22,3.81,3.08,298.012,3.6,112.26000213623047,59.9,88.9,6.91,145.42999267578125,41.0679,-5.2009,4.5682
10/7/22,3.86,3.08,298.012,3.6,112.80000305175781,59.9,93.07,6.25,140.08999633789062,35.5102,-14.2014,4.6638
10/10/22,.,3.08,298.012,3.6,113.13999938964844,59.9,91.6,.,140.4199981689453,36.0858,-16.2641,4.5645
10/11/22,3.92,3.08,298.012,3.6,113.22000122070312,59.9,89.75,6.2,138.97999572753906,34.6331,-14.5469,4.4591
10/12/22,3.9,3.08,298.012,3.6,113.31999969482422,59.9,87.83,6.6,138.33999633789062,33.9784,-14.2113,4.2957
10/13/22,3.97,3.08,298.012,3.6,112.36000061035156,59.9,89.59,6.25,142.99000549316406,42.4857,-7.3425,4.6388
10/14/22,3.99,3.08,298.012,3.6,113.30999755859375,59.9,86.1,6.1,138.3800048828125,37.3476,-12.2276,4.7537
10/17/22,4.04,3.08,298.012,3.6,112.04000091552734,59.9,86,6.08,142.41000366210938,43.7517,-9.2275,4.7328
10/18/22,4.04,3.08,298.012,3.6,112.12999725341797,59.9,83.29,6.16,143.75,45.7378,-6.0102,4.824
10/19/22,4.15,3.08,298.012,3.6,112.9800033569336,59.9,86,5.63,143.86000061035156,45.9067,1.3619,4.7226
10/20/22,4.24,3.08,298.012,3.6,112.87999725341797,59.9,86.02,5.1,143.38999938964844,45.2586,5.122,4.6136
10/21/22,4.33,3.08,298.012,3.6,112.01000213623047,59.9,85.47,4.45,147.27000427246094,51.3627,4.7568,4.6506
10/24/22,4.4,3.08,298.012,3.6,111.98999786376953,59.9,86.12,4.81,149.4499969482422,54.4368,3.3061,4.6166
10/25/22,4.26,3.08,298.012,3.6,110.94999694824219,59.9,86.93,5.17,152.33999633789062,58.208,5.8622,4.5075
10/26/22,4.19,3.08,298.012,3.6,109.69999694824219,59.9,89.39,5.28,149.35000610351562,53.2933,3.8686,4.4886
10/27/22,4.12,3.08,298.012,3.6,110.58999633789062,59.9,89.06,5.3,144.8000030517578,46.8156,4.6483,4.536
10/28/22,4.15,3.08,298.012,3.6,110.66999816894531,59.9,87.85,5.02,155.74000549316406,59.5473,15.1193,5.1072
10/31/22,4.22,3.08,298.012,3.6,111.52999877929688,59.9,86.54,5.02,153.33999633789062,56.3598,14.1718,5.0117
11/1/22,4.14,3.08,297.711,3.6,111.4800033569336,56.7,88.36,4.57,150.64999389648438,52.9393,12.1487,5.0993
11/2/22,4.15,3.08,297.711,3.6,111.3499984741211,56.7,90.06,4.58,145.02999877929688,46.5789,2.0133,5.2405
11/3/22,4.18,3.83,297.711,3.6,112.93000030517578,56.7,88.14,4.65,138.8800048828125,40.8019,0.4934,5.3088
11/4/22,4.27,3.83,297.711,3.6,110.87999725341797,56.7,92.58,4,138.3800048828125,40.564,-3.7502,5.515
11/7/22,4.34,3.83,297.711,3.6,110.12000274658203,56.7,91.8,4.62,138.9199981689453,41.3022,-4.5388,5.3664
11/8/22,4.28,3.83,297.711,3.6,109.62000274658203,56.7,88.8,4,139.5,42.1336,-4.074,5.2612
11/9/22,4.31,3.83,297.711,3.6,110.55000305175781,56.7,85.79,3.46,134.8699951171875,37.5601,-8.1871,5.2319
11/10/22,4.03,3.83,297.711,3.6,108.20999908447266,56.7,86.52,4.8,146.8699951171875,52.0789,-0.1538,5.7055
11/11/22,.,3.83,297.711,3.6,106.29000091552734,56.7,89.14,4.8,149.6999969482422,54.7511,0.4923,5.6962
11/14/22,4.07,3.83,297.711,3.6,106.66000366210938,56.7,85.85,6.24,148.27999877929688,53.1496,-3.7636,5.4906
11/15/22,3.98,3.83,297.711,3.6,106.4000015258789,56.7,86.87,5.9,150.0399932861328,54.9101,0.9271,5.4733
11/16/22,3.85,3.83,297.711,3.6,106.27999877929688,56.7,85.62,5.88,148.7899932861328,53.376,4.1818,5.2766
11/17/22,3.89,3.83,297.711,3.6,106.69000244140625,56.7,81.69,6.2,150.72000122070312,55.4457,-4.707,5.276
11/18/22,3.92,3.83,297.711,3.6,106.93000030517578,56.7,80.07,6.1,151.2899932861328,56.066,-1.775,5.0919
11/21/22,3.91,3.83,297.711,3.6,107.83999633789062,56.7,79.74,6.23,148.00999450683594,51.613,-2.3626,4.9806
11/22/22,3.83,3.83,297.711,3.6,107.22000122070312,56.7,80.83,6.27,150.17999267578125,54.2045,5.3289,4.8717
11/23/22,3.74,3.83,297.711,3.6,106.08000183105469,56.7,77.93,6.57,151.07000732421875,55.2628,12.2781,4.6995
11/25/22,3.74,3.83,297.711,3.6,105.95999908447266,56.7,76.45,6.57,148.11000061035156,51.0384,9.6185,4.6427
11/28/22,3.74,3.83,297.711,3.6,106.68000030517578,56.7,77.1,6,144.22000122070312,46.0558,5.2392,4.6451
11/29/22,3.81,3.83,297.711,3.6,106.81999969482422,56.7,77.96,6.03,141.1699981689453,42.5484,1.6509,4.6279
11/30/22,3.8,3.83,297.711,3.6,105.94999694824219,56.7,80.48,7,148.02999877929688,51.4956,13.0091,4.8742
12/1/22,3.64,3.83,296.797,3.5,104.7300033569336,59.8,81.06,6.33,148.30999755859375,51.8254,1.4235,4.704
12/2/22,3.56,3.83,296.797,3.5,104.55000305175781,59.8,79.86,4.92,147.80999755859375,51.1565,-1.8683,4.5558
12/5/22,3.62,3.83,296.797,3.5,105.29000091552734,59.8,76.83,4.15,146.6300048828125,49.5318,-1.6311,4.594
12/6/22,3.52,3.83,296.797,3.5,105.58000183105469,59.8,74.21,4.58,142.91000366210938,44.7108,-7.0483,4.6457
12/7/22,3.42,3.83,296.797,3.5,105.0999984741211,59.8,71.93,4.49,140.94000244140625,42.3595,-7.76,4.5519
12/8/22,3.44,3.83,296.797,3.5,104.7699966430664,59.8,71.3,4.79,142.64999389648438,45.0604,-7.9775,4.4089
12/9/22,3.56,3.83,296.797,3.5,104.80999755859375,59.8,71.05,4.98,142.16000366210938,44.4181,-9.0253,4.4237
12/12/22,3.57,3.83,296.797,3.5,105.12999725341797,59.8,72.96,6.73,144.49000549316406,48.199,-3.4796,4.3506
12/13/22,3.53,3.83,296.797,3.5,103.9800033569336,59.8,75.44,7.2,145.47000122070312,49.7474,-4.656,4.4444
12/14/22,3.52,3.83,296.797,3.5,103.7699966430664,59.8,77.14,6.54,143.2100067138672,46.3096,-7.7699,4.515
12/15/22,3.48,4.33,296.797,3.5,104.55999755859375,59.8,75.89,6.8,136.5,37.929,-11.4769,4.6998
12/16/22,3.53,4.33,296.797,3.5,104.69999694824219,59.8,74.19,6.63,134.50999450683594,35.8565,-9.5987,4.6409
12/19/22,3.62,4.33,296.797,3.5,104.72000122070312,59.8,75.05,6.08,132.3699951171875,33.7225,-8.6991,4.5834
12/20/22,3.74,4.33,296.797,3.5,103.97000122070312,59.8,75.92,5.28,132.3000030517578,33.652,-15.5497,4.4932
12/21/22,3.74,4.33,296.797,3.5,104.16000366210938,59.8,78.17,6.13,135.4499969482422,39.7595,-12.7126,4.4907
12/22/22,3.73,4.33,296.797,3.5,104.43000030517578,59.8,77.68,7.1,132.22999572753906,36.1011,-15.4014,4.5336
12/23/22,3.82,4.33,296.797,3.5,104.30999755859375,59.8,79.57,7.15,131.86000061035156,35.6947,-14.6007,4.4057
12/27/22,3.93,4.33,296.797,3.5,104.18000030517578,59.8,79.45,4.88,130.02999877929688,33.6754,-12.7324,4.3127
12/28/22,3.98,4.33,296.797,3.5,104.45999908447266,59.8,78.89,4.06,126.04000091552734,29.7267,-14.7292,4.3689
12/29/22,3.92,4.33,296.797,3.5,103.83999633789062,59.8,78.43,3.78,129.61000061035156,36.8605,-12.8905,4.3704
12/30/22,3.97,4.33,296.797,3.5,103.5199966430664,59.8,80.16,3.52,129.92999267578125,37.4732,-12.0898,4.2362
1/3/23,3.88,4.33,299.17,3.5,104.5199966430664,64.9,76.87,3.64,125.06999969482422,32.3402,-19.1974,4.4088
1/4/23,3.81,4.33,299.17,3.5,104.25,64.9,72.82,3.75,126.36000061035156,34.8896,-18.8909,4.3471
1/5/23,3.78,4.33,299.17,3.5,105.04000091552734,64.9,73.61,3.78,125.0199966430664,33.4784,-17.9815,4.2491
1/6/23,3.67,4.33,299.17,3.5,103.87999725341797,64.9,73.77,3.43,129.6199951171875,42.1314,-6.8011,4.3269
1/9/23,3.66,4.33,299.17,3.5,103,64.9,74.69,3.65,130.14999389648438,43.0505,-4.31,4.2854
1/10/23,3.74,4.33,299.17,3.5,103.23999786376953,64.9,75.11,3.32,130.72999572753906,44.097,-1.6212,4.2013
1/11/23,3.67,4.33,299.17,3.5,103.19000244140625,64.9,77.46,3.41,133.49000549316406,48.9081,1.1764,4.1166
1/12/23,3.56,4.33,299.17,3.5,102.25,64.9,78.32,3.47,133.41000366210938,48.7771,-2.0166,4.0216
1/13/23,3.61,4.33,299.17,3.5,102.19999694824219,64.9,79.9,3.43,134.75999450683594,51.1554,2.501,3.9646
1/17/23,3.64,4.33,299.17,3.5,102.38999938964844,64.9,80.25,3.43,135.94000244140625,53.2007,4.0332,3.9045
1/18/23,3.54,4.33,299.17,3.5,102.36000061035156,64.9,79.53,3.2,135.2100067138672,51.7568,5.1206,3.8784
1/19/23,3.57,4.33,299.17,3.5,102.05999755859375,64.9,80.31,2.91,135.27000427246094,51.8724,9.1242,3.7765
1/20/23,3.66,4.33,299.17,3.5,102.01000213623047,64.9,81.27,3.15,137.8699951171875,56.7136,8.1653,3.7751
1/23/23,3.69,4.33,299.17,3.5,102.13999938964844,64.9,81.62,3.43,141.11000061035156,61.8621,11.0518,3.8899
1/24/23,3.62,4.33,299.17,3.5,101.91999816894531,64.9,79.86,3.35,142.52999877929688,63.8892,17.2599,3.814
1/25/23,3.62,4.33,299.17,3.5,101.63999938964844,64.9,79.78,3.09,141.86000061035156,62.2091,15.3223,3.8042
1/26/23,3.62,4.33,299.17,3.5,101.83999633789062,64.9,80.64,2.72,143.9600067138672,65.2902,18.7229,3.7012
1/27/23,3.64,4.33,299.17,3.5,101.93000030517578,64.9,79.73,2.83,145.92999267578125,67.9316,16.123,3.7299
1/30/23,3.66,4.33,299.17,3.5,102.27999877929688,64.9,77.97,2.82,143,60.5511,12.7027,3.681
1/31/23,3.65,4.33,299.17,3.5,102.0999984741211,64.9,78.95,2.65,144.2899932861328,62.4837,13.4046,3.5635
2/1/23,3.55,4.33,300.84,3.6,101.22000122070312,66.9,76.34,2.65,145.42999267578125,64.1549,11.8031,3.6825
2/2/23,3.55,4.58,300.84,3.6,101.75,66.9,75.87,2.67,150.82000732421875,70.7821,17.2104,3.8254
2/3/23,3.63,4.58,300.84,3.6,102.91999816894531,66.9,73.4,2.4,154.5,74.2787,19.5137,4.2265
2/6/23,3.67,4.58,300.84,3.6,103.62000274658203,66.9,74.11,2.17,151.72999572753906,67.7102,15.609,4.1873
2/7/23,3.72,4.58,300.84,3.6,103.43000030517578,66.9,77.17,2.35,154.64999389648438,70.6561,19.2172,4.2123
2/8/23,3.7,4.58,300.84,3.6,103.41000366210938,66.9,78.47,2.4,151.9199981689453,64.7119,16.4591,4.1573
2/9/23,3.75,4.57,300.84,3.6,103.22000122070312,66.9,78.04,2.4,150.8699951171875,62.5329,12.851,4.1364
2/10/23,3.83,4.58,300.84,3.6,103.62999725341797,66.9,79.74,2.37,151.00999450683594,63.0056,10.0139,3.9909
2/13/23,3.79,4.58,300.84,3.6,103.3499984741211,66.9,80.14,2.42,153.85000610351562,66.5043,11.4219,3.942
2/14/23,3.81,4.58,300.84,3.6,103.2300033569336,66.9,79.08,2.42,153.1999969482422,64.9894,11.4407,3.8719
2/15/23,3.85,4.58,300.84,3.6,103.91999816894531,66.9,78.57,2.45,155.3300018310547,67.5945,11.4735,3.7806
2/16/23,3.92,4.58,300.84,3.6,103.86000061035156,66.9,78.45,2.48,153.7100067138672,63.7116,7.9222,3.7215
2/17/23,3.88,4.58,300.84,3.6,103.86000061035156,66.9,76.31,2.28,152.5500030517578,61.0091,9.6702,3.6579
2/21/23,3.98,4.58,300.84,3.6,104.18000030517578,66.9,76.28,2.12,148.47999572753906,52.5815,4.3655,3.6898
2/22/23,3.94,4.58,300.84,3.6,104.58999633789062,66.9,73.95,2.07,148.91000366210938,53.3153,3.6643,3.6235
2/23/23,3.88,4.58,300.84,3.6,104.5999984741211,66.9,75.26,2.17,149.39999389648438,54.1852,-1.1788,3.5839
2/24/23,3.93,4.58,300.84,3.6,105.20999908447266,66.9,76.19,2.36,146.7100067138672,48.8079,-7.4798,3.5881
2/27/23,3.93,4.57,300.84,3.6,104.66999816894531,66.9,75.57,2.55,147.9199981689453,51.156,-3.5436,3.5058
2/28/23,3.93,4.57,300.84,3.6,104.87000274658203,66.9,76.88,2.5,147.41000366210938,50.1127,-6.9351,3.4145
3/1/23,3.97,4.58,301.836,3.5,104.4800033569336,62,77.57,2.59,145.30999755859375,45.9563,-6.3154,3.3403
3/2/23,4.03,4.57,301.836,3.5,105.02999877929688,62,78.05,2.67,145.91000366210938,47.3012,-4.6835,3.3005
3/3/23,3.9,4.57,301.836,3.5,104.5199966430664,62,79.62,2.66,151.02999877929688,57.1096,0.0198,3.4324
3/6/23,3.92,4.57,301.836,3.5,104.3499984741211,62,80.39,2.46,153.8300018310547,61.3466,-0.0198,3.5599
3/7/23,3.88,4.57,301.836,3.5,105.62000274658203,62,77.45,2.52,151.60000610351562,56.5548,-1.5841,3.5107
3/8/23,3.88,4.57,301.836,3.5,105.66000366210938,62,76.56,2.5,152.8699951171875,58.541,-2.4355,3.3922
3/9/23,3.88,4.57,301.836,3.5,105.30999755859375,62,75.6,2.5,150.58999633789062,53.7869,-3.0889,3.4547
3/10/23,3.7,4.57,301.836,3.5,104.58000183105469,62,76.55,2.4,148.5,49.795,-4.0097,3.4435
3/13/23,3.7,4.58,301.836,3.5,103.5999984741211,62,74.68,2.4,150.47000122070312,53.3123,1.9702,3.5822
3/14/23,3.77,4.58,301.836,3.5,103.5999984741211,62,71.18,2.65,152.58999633789062,56.8184,3.6434,3.5597
3/15/23,3.7,4.58,301.836,3.5,104.6500015258789,62,67.38,2.45,152.99000549316406,57.4674,3.5543,3.5406
3/16/23,3.71,4.58,301.836,3.5,104.41999816894531,62,68.15,2.45,155.85000610351562,61.8791,9.049,3.6285
3/17/23,3.6,4.58,301.836,3.5,103.70999908447266,62,66.61,2.42,155,59.8908,7.0095,3.5433
3/20/23,3.65,4.58,301.836,3.5,103.27999877929688,62,67.56,2.23,157.39999389648438,63.4608,9.8905,3.5497
3/21/23,3.73,4.58,301.836,3.5,103.26000213623047,62,69.4,1.93,159.27999877929688,66.0128,13.8309,3.4984
3/22/23,3.68,4.58,301.836,3.5,102.3499984741211,62,70.71,2.03,157.8300018310547,62.3933,11.8013,3.5548
3/23/23,3.66,4.83,301.836,3.5,102.52999877929688,62,69.77,2.08,158.92999267578125,64.0057,7.8213,3.5745
3/24/23,3.64,4.83,301.836,3.5,103.12000274658203,62,69.22,2.04,160.25,65.8953,6.3561,3.4953
3/27/23,3.77,4.83,301.836,3.5,102.86000061035156,62,72.87,2.04,158.27999877929688,60.7679,6.6135,3.4507
3/28/23,3.77,4.83,301.836,3.5,102.43000030517578,62,73.12,2.02,157.64999389648438,59.182,4.7324,3.3817
3/29/23,3.78,4.83,301.836,3.5,102.63999938964844,62,72.95,1.94,160.77000427246094,64.1693,10.0786,3.3806
3/30/23,3.74,4.83,301.836,3.5,102.13999938964844,62,74.32,1.95,162.36000061035156,66.421,13.722,3.2594
3/31/23,3.67,4.83,301.836,3.5,102.51000213623047,62,75.68,2.1,164.89999389648438,69.6972,14.2863,3.2451
4/3/23,3.64,4.83,303.363,3.4,102.08999633789062,63.7,80.4,2.09,166.1699981689453,71.2097,13.4448,3.1597
4/4/23,3.6,4.83,303.363,3.4,101.58999633789062,63.7,80.7,2.13,165.6300048828125,69.6185,12.5141,3.0563
4/5/23,3.56,4.83,303.363,3.4,101.8499984741211,63.7,80.69,2.17,163.75999450683594,64.2634,7.8312,3.1089
4/6/23,3.54,4.83,303.363,3.4,101.81999969482422,63.7,80.7,2.18,164.66000366210938,65.6335,9.5638,3.096
4/10/23,3.62,4.83,303.363,3.4,102.58000183105469,63.7,79.79,2.15,162.02999877929688,58.567,4.5839,3.1987
4/11/23,3.62,4.83,303.363,3.4,102.19999694824219,63.7,81.54,2.19,160.8000030517578,55.5545,1.5049,3.1011
4/12/23,3.64,4.83,303.363,3.4,101.5,63.7,83.26,2.22,160.10000610351562,53.8567,2.2474,3.0408
4/13/23,3.69,4.83,303.363,3.4,101.01000213623047,63.7,82.16,2.04,165.55999755859375,63.2827,6.564,3.2267
4/14/23,3.74,4.83,303.363,3.4,101.55000305175781,63.7,82.58,1.87,165.2100067138672,62.4027,4.9106,3.173
4/17/23,3.81,4.83,303.363,3.4,102.0999984741211,63.7,80.93,2.21,165.22999572753906,62.4348,6.8808,3.0426
4/18/23,3.79,4.83,303.363,3.4,101.75,63.7,80.85,2.23,166.47000122070312,64.4635,8.7322,2.9794
4/19/23,3.79,4.83,303.363,3.4,101.97000122070312,63.7,79.18,2.2,167.6300048828125,66.2972,6.7917,2.9519
4/20/23,3.75,4.83,303.363,3.4,101.83999633789062,63.7,77.27,2.19,166.64999389648438,63.3244,4.2473,2.9044
4/21/23,3.78,4.83,303.363,3.4,101.81999969482422,63.7,77.86,2.2,165.02000427246094,58.6163,0.1188,2.8497
4/24/23,3.73,4.83,303.363,3.4,101.3499984741211,63.7,78.64,2.19,165.3300018310547,59.237,-0.8316,2.767
4/25/23,3.65,4.83,303.363,3.4,101.86000061035156,63.7,77.05,2.21,163.77000427246094,54.7839,-1.8415,2.7515
4/26/23,3.7,4.83,303.363,3.4,101.47000122070312,63.7,74.33,2.19,163.75999450683594,54.7555,0,2.7303
4/27/23,3.76,4.83,303.363,3.4,101.5,63.7,74.77,2.17,168.41000366210938,64.0843,3.7127,2.8748
4/28/23,3.67,4.83,303.363,3.4,101.66999816894531,63.7,76.78,2.27,169.67999267578125,66.1379,7.5738,2.8087
5/1/23,3.84,4.83,304.127,3.6,102.1500015258789,59,75.65,2.24,169.58999633789062,65.8506,8.7025,2.7361
5/2/23,3.72,4.83,304.127,3.6,101.95999908447266,59,71.71,2.12,168.5399932861328,62.442,8.356,2.7394
5/3/23,3.7,4.83,304.127,3.6,101.33999633789062,59,68.62,2.01,167.4499969482422,59.0263,1.8712,2.8096
5/4/23,3.73,5.08,304.127,3.6,101.4000015258789,59,68.52,1.96,165.7899932861328,54.1668,0.5742,2.831
5/5/23,3.76,5.08,304.127,3.6,101.20999908447266,59,71.32,1.85,173.57000732421875,67.6213,8.257,3.2306
5/8/23,3.84,5.08,304.127,3.6,101.37000274658203,59,73.13,2.12,173.5,67.4295,6.96,3.1229
5/9/23,3.85,5.08,304.127,3.6,101.61000061035156,59,73.68,2.22,171.77000427246094,62.6965,4.0988,3.037
5/10/23,3.8,5.08,304.127,3.6,101.4800033569336,59,72.53,2.12,173.55999755859375,65.3955,6.8362,2.9799
5/11/23,3.73,5.08,304.127,3.6,102.05999755859375,59,70.81,2.07,173.75,65.6875,8.6431,2.9382
5/12/23,3.78,5.08,304.127,3.6,102.68000030517578,59,70.02,1.98,172.57000732421875,62.9303,7.4055,2.945
5/15/23,3.84,5.08,304.127,3.6,102.43000030517578,59,71.07,2.25,172.07000732421875,61.4506,8.4543,2.8579
5/16/23,3.87,5.08,304.127,3.6,102.55999755859375,59,70.85,2.28,172.07000732421875,61.4506,8.4642,2.7486
5/17/23,3.88,5.08,304.127,3.6,102.87999725341797,59,72.78,2.25,172.69000244140625,62.7115,4.4752,2.7296
5/18/23,3.91,5.08,304.127,3.6,103.58000183105469,59,71.82,2.3,175.0500030517578,67.1199,5.5576,2.723
5/19/23,3.95,5.08,304.127,3.6,103.19999694824219,59,71.57,2.37,175.16000366210938,67.3139,5.7557,2.6312
5/22/23,3.97,5.08,304.127,3.6,103.19999694824219,59,71.81,2.3,174.1999969482422,63.7777,5.8435,2.5644
5/23/23,3.96,5.08,304.127,3.6,103.48999786376953,59,72.87,2.22,171.55999755859375,55.1911,4.3053,2.5883
5/24/23,3.97,5.08,304.127,3.6,103.88999938964844,59,74.37,2.25,171.83999633789062,55.8697,6.2264,2.5379
5/25/23,4.01,5.08,304.127,3.6,104.20999908447266,59,71.68,2.23,172.99000549316406,58.6403,-0.336,2.5127
5/26/23,3.96,5.08,304.127,3.6,104.20999908447266,59,72.35,1.88,175.42999267578125,63.829,2.1523,2.5301
5/30/23,3.9,5.08,304.127,3.6,104.16999816894531,59,69.45,2.11,177.3000030517578,67.2229,5.7191,2.6015
5/31/23,3.85,5.08,304.127,3.6,104.31999969482422,59,68.11,2.1,177.25,67.0418,3.9023,2.5991
6/1/23,3.84,5.08,305.109,3.6,103.55999755859375,64.2,70.09,1.77,180.08999633789062,71.7053,6.5248,2.6393
6/2/23,3.88,5.08,305.109,3.6,104.0199966430664,64.2,71.76,1.74,180.9499969482422,72.9533,8.3081,2.6292
6/5/23,3.89,5.08,305.109,3.6,104,64.2,72.14,1.92,179.5800018310547,67.8212,7.4456,2.9312
6/6/23,3.87,5.08,305.109,3.6,104.12999725341797,64.2,71.71,1.95,179.2100067138672,66.4614,7.0787,2.9123
6/7/23,3.95,5.08,305.109,3.6,104.0999984741211,64.2,72.52,2.13,177.82000732421875,61.4747,5.086,2.9798
6/8/23,3.89,5.08,305.109,3.6,103.33999633789062,64.2,71.28,2.1,180.57000732421875,66.7846,5.4726,3.0063
6/9/23,3.89,5.08,305.109,3.6,103.55999755859375,64.2,70.16,1.85,180.9600067138672,67.4694,5.7502,2.9091
6/12/23,3.87,5.08,305.109,3.6,103.62999725341797,64.2,67.08,1.9,183.7899932861328,71.9831,9.5077,2.9088
6/13/23,3.94,5.08,305.109,3.6,103.33999633789062,64.2,69.39,2,183.30999755859375,70.2038,11.6492,2.8221
6/14/23,3.9,5.08,305.109,3.6,103.01000213623047,64.2,68.22,2.05,183.9499969482422,71.2251,12.0061,2.7884
6/15/23,3.85,5.07,305.109,3.6,102.12000274658203,64.2,70.61,2.18,186.00999450683594,74.2809,12.9083,2.7832
6/16/23,3.86,5.08,305.109,3.6,102.30000305175781,64.2,71.81,2.13,184.9199981689453,70.0424,9.4086,2.7771
6/20/23,3.83,5.07,305.109,3.6,102.54000091552734,64.2,70.94,2.38,185.00999450683594,70.1936,7.6438,2.6984
6/21/23,3.81,5.07,305.109,3.6,102.06999969482422,64.2,72.55,2.24,183.9600067138672,66.0071,6.6524,2.7053
6/22/23,3.88,5.07,305.109,3.6,102.38999938964844,64.2,69.22,2.27,187,71.3373,6.8507,2.7511
6/23/23,3.82,5.07,305.109,3.6,102.9000015258789,64.2,68.91,2.22,186.67999267578125,70.0914,5.6808,2.7352
6/26/23,3.83,5.07,305.109,3.6,102.69000244140625,64.2,69.09,2.62,185.27000427246094,64.7272,5.6412,2.7395
6/27/23,3.84,5.07,305.109,3.6,102.48999786376953,64.2,67.68,2.68,188.05999755859375,69.673,8.7741,2.7648
6/28/23,3.81,5.07,305.109,3.6,102.91000366210938,64.2,69.54,2.71,189.25,71.5081,11.3319,2.7302
6/29/23,3.92,5.07,305.109,3.6,103.33999633789062,64.2,69.85,2.4,189.58999633789062,72.0288,8.9426,2.6152
6/30/23,3.85,5.08,305.109,3.6,102.91000366210938,64.2,70.66,2.48,193.97000122070312,77.6869,12.8984,2.7747
7/3/23,3.87,5.08,305.691,3.5,102.98999786376953,71.5,69.71,2.48,192.4600067138672,72.2601,8.5956,2.733
7/5/23,3.95,5.08,305.691,3.5,103.37000274658203,71.5,71.78,2.65,191.3300018310547,68.4089,7.9512,2.7049
7/6/23,4.01,5.08,305.691,3.5,103.16999816894531,71.5,71.76,2.5,191.80999755859375,69.1608,7.7926,2.7114
7/7/23,4.05,5.08,305.691,3.5,102.2699966430664,71.5,73.91,2.49,190.67999267578125,65.2252,4.6299,2.6898
7/10/23,4.05,5.07,305.691,3.5,101.97000122070312,71.5,73.05,2.55,188.61000061035156,58.6419,3.6583,2.7558
7/11/23,4.03,5.08,305.691,3.5,101.7300033569336,71.5,74.87,2.57,188.0800018310547,57.0541,3.0437,2.7501
7/12/23,3.96,5.08,305.691,3.5,100.5199966430664,71.5,75.77,2.55,189.77000427246094,60.7075,5.7601,2.8101
7/13/23,3.9,5.08,305.691,3.5,99.76999664,71.5,76.86,2.5,190.5399932861328,62.2819,3.5096,2.7099
7/14/23,3.93,5.08,305.691,3.5,99.91000366210938,71.5,75.44,2.5,190.69000244140625,62.5963,3.9756,2.6261
7/17/23,3.94,5.08,305.691,3.5,99.83999633789062,71.5,74.17,2.46,193.99000549316406,68.7652,8.6452,2.6956
7/18/23,3.91,5.08,305.691,3.5,99.94000244140625,71.5,75.76,2.52,193.72999572753906,67.8162,5.6213,2.6386
7/19/23,3.84,5.08,305.691,3.5,100.27999877929688,71.5,75.4,2.51,195.10000610351562,70.1535,5.7998,2.8453
7/20/23,3.91,5.08,305.691,3.5,100.87999725341797,71.5,75.65,2.61,193.1300048828125,63.0613,3.5096,2.9236
7/21/23,3.91,5.08,305.691,3.5,101.06999969482422,71.5,77.06,2.61,191.94000244140625,59.17,-2.0126,2.9796
7/24/23,3.92,5.08,305.691,3.5,101.3499984741211,71.5,78.81,2.68,192.75,60.937,0.2875,2.9771
7/25/23,3.95,5.08,305.691,3.5,101.3499984741211,71.5,79.76,2.66,193.6199951171875,62.7991,2.2704,2.8841
7/26/23,3.94,5.08,305.691,3.5,100.88999938964844,71.5,79.11,2.6,194.5,64.6355,2.6669,2.8424
7/27/23,4.06,5.33,305.691,3.5,101.7699966430664,71.5,80.17,2.47,193.22000122070312,59.9963,2.5182,2.9687
7/28/23,4.03,5.33,305.691,3.5,101.62000274658203,71.5,80.55,2.53,195.8300018310547,65.4429,7.158,2.9978
7/31/23,4.02,5.33,305.691,3.5,101.86000061035156,71.5,81.8,2.58,196.4499969482422,66.606,8.2982,2.8708
8/1/23,4.11,5.33,307.026,3.7,102.30000305175781,69.4,81.37,2.49,195.61000061035156,63.4705,5.7849,2.7684
8/2/23,4.17,5.33,307.026,3.7,102.58999633789062,69.4,79.5,2.43,192.5800018310547,53.7206,2.0225,2.8365
8/3/23,4.32,5.33,307.026,3.7,102.54000091552734,69.4,81.56,2.44,191.1699981689453,49.8748,0.4759,2.7678
8/4/23,4.21,5.33,307.026,3.7,102.0199966430664,69.4,82.76,2.53,181.99000549316406,33.2069,-11.897,3.2251
8/7/23,4.27,5.33,307.026,3.7,102.05000305175781,69.4,81.94,2.65,178.85000610351562,29.5671,-14.7523,3.4041
8/8/23,4.2,5.33,307.026,3.7,102.52999877929688,69.4,82.94,2.77,179.8000030517578,31.9958,-15.1687,3.3514
8/9/23,4.18,5.33,307.026,3.7,102.48999786376953,69.4,84.35,2.92,178.19000244140625,30.1014,-14.8118,3.3896
8/10/23,4.24,5.33,307.026,3.7,102.5199966430664,69.4,82.81,2.83,177.97000122070312,29.8414,-13.8501,3.3706
8/11/23,4.27,5.33,307.026,3.7,102.83999633789062,69.4,83.17,2.61,177.7899932861328,30.0189,-14.5937,3.2766
8/14/23,4.29,5.33,307.026,3.7,103.19000244140625,69.4,82.5,2.74,179.4600067138672,34.9589,-13.7983,3.2117
8/15/23,4.32,5.33,307.026,3.7,103.20999908447266,69.4,81.06,2.65,177.4499969482422,32.0284,-16.6662,3.1546
8/16/23,4.38,5.33,307.026,3.7,103.41999816894531,69.4,79.4,2.55,176.57000732421875,30.8106,-16.2708,3.0739
8/17/23,4.41,5.33,307.026,3.7,103.44000244140625,69.4,80.43,2.56,174,27.5198,-21.4098,3.1398
8/18/23,4.38,5.33,307.026,3.7,103.37999725341797,69.4,81.25,2.44,174.49000549316406,29.0753,-21.538,3.1382
8/21/23,4.45,5.33,307.026,3.7,103.33000183105469,69.4,80.71,2.6,175.83999633789062,33.3209,-19.3601,3.0839
8/22/23,4.42,5.33,307.026,3.7,103.55999755859375,69.4,80.25,2.58,177.22999572753906,37.4712,-14.9811,2.9941
8/23/23,4.27,5.33,307.026,3.7,103.36000061035156,69.4,78.91,2.6,181.1199951171875,47.3483,-9.7214,3.0865
8/24/23,4.3,5.33,307.026,3.7,103.9800033569336,69.4,79.52,2.42,176.3800048828125,39.2189,-5.3258,3.2284
8/25/23,4.3,5.33,307.026,3.7,104.08000183105469,69.4,80.47,2.46,178.61000061035156,44.0831,0.0011,3.234
8/28/23,4.29,5.33,307.026,3.7,104.05999755859375,69.4,80.65,2.6,180.19000244140625,47.301,0.6278,3.148
8/29/23,4.23,5.33,307.026,3.7,103.55000305175781,69.4,81.14,2.5,184.1199951171875,54.3398,6.1255,3.306
8/30/23,4.23,5.33,307.026,3.7,103.16000366210938,69.4,81.64,2.48,187.64999389648438,59.564,9.8481,3.3344
8/31/23,4.2,5.33,307.026,3.7,103.62000274658203,69.4,83.55,2.56,187.8699951171875,59.8722,10.007,3.2125
9/1/23,4.29,5.33,307.789,3.8,104.23999786376953,67.8,85.52,2.7,189.4600067138672,62.1191,9.9276,3.1284
9/5/23,4.38,5.33,307.789,3.8,104.80999755859375,67.8,86.74,2.6,189.6999969482422,62.4607,12.1613,3.073
9/6/23,4.37,5.33,307.789,3.8,104.86000061035156,67.8,87.55,2.49,182.91000366210938,48.9959,6.2941,3.4371
9/7/23,4.36,5.33,307.789,3.8,105.05999755859375,67.8,86.87,2.45,177.55999755859375,41.4195,3.5342,3.8561
9/8/23,4.33,5.33,307.789,3.8,105.08999633789062,67.8,87.51,2.53,178.17999267578125,42.5286,3.6633,3.7706
9/11/23,4.37,5.33,307.789,3.8,104.56999969482422,67.8,87.3,2.5,179.36000061035156,44.6755,3.4945,3.7112
9/12/23,4.35,5.33,307.789,3.8,104.70999908447266,67.8,88.87,2.72,176.3000030517578,40.455,-0.9233,3.8226
9/13/23,4.34,5.33,307.789,3.8,104.7699966430664,67.8,88.59,2.76,174.2100067138672,37.8266,-6.86,3.785
9/14/23,4.39,5.33,307.789,3.8,105.41000366210938,67.8,90.13,2.81,175.74000549316406,40.8561,-0.6354,3.6933
9/15/23,4.42,5.33,307.789,3.8,105.31999969482422,67.8,90.83,2.74,175.00999450683594,39.8581,-3.5739,3.6192
9/18/23,4.4,5.33,307.789,3.8,105.19999694824219,67.8,91.47,2.54,177.97000122070312,45.6545,-2.2039,3.6706
9/19/23,4.43,5.33,307.789,3.8,105.19999694824219,67.8,91.16,2.46,179.07000732421875,47.6729,-5.0134,3.5857
9/20/23,4.4,5.33,307.789,3.8,105.16000366210938,67.8,89.2,2.78,175.49000549316406,42.1821,-12.0719,3.6341
9/21/23,4.56,5.33,307.789,3.8,105.36000061035156,67.8,89.56,2.7,173.92999267578125,40.0191,-13.839,3.5476
9/22/23,4.53,5.33,307.789,3.8,105.58000183105469,67.8,90,2.63,174.7899932861328,41.7911,-14.5638,3.5175
9/25/23,4.67,5.33,307.789,3.8,106,67.8,89.68,2.63,176.0800018310547,44.4426,-13.5214,3.4662
9/26/23,4.7,5.33,307.789,3.8,106.2300033569336,67.8,91.43,2.55,171.9600067138672,38.4229,-10.8707,3.532
9/27/23,4.73,5.33,307.789,3.8,106.66999816894531,67.8,93.67,2.72,170.42999267578125,36.4485,-7.0784,3.5627
9/28/23,4.71,5.33,307.789,3.8,106.22000122070312,67.8,91.65,2.74,170.69000244140625,37.0406,-7.4358,3.6209
9/29/23,4.73,5.33,307.789,3.8,106.16999816894531,67.8,90.77,2.68,171.2100067138672,38.2791,-8.091,3.5558
10/2/23,4.81,5.33,307.671,3.9,106.9000015258789,63.8,88.81,2.7,173.75,44.0669,-2.5315,3.5408
10/3/23,4.95,5.33,307.671,3.9,107,63.8,89.26,2.71,172.39999389648438,41.8221,-1.7969,3.4956
10/4/23,4.87,5.33,307.671,3.9,106.80000305175781,63.8,84.32,2.92,173.66000366210938,44.6558,-2.0649,3.4757
10/5/23,4.89,5.33,307.671,3.9,106.33000183105469,63.8,82.3,2.92,174.91000366210938,47.3933,-0.0993,3.4239
10/6/23,4.95,5.33,307.671,3.9,106.04000091552734,63.8,82.83,3.3,177.49000549316406,52.6044,-0.4765,3.5204
10/9/23,.,5.33,307.671,3.9,106.08000183105469,63.8,.,.,178.99000549316406,55.3722,-0.0794,3.4994
10/10/23,4.85,5.33,307.671,3.9,105.83000183105469,63.8,85.89,3.34,178.38999938964844,54.0134,2.879,3.3749
10/11/23,4.73,5.33,307.671,3.9,105.81999969482422,63.8,83.7,3.19,179.8000030517578,56.7023,5.8275,3.2934
10/12/23,4.86,5.33,307.671,3.9,106.56999969482422,63.8,82.87,3.16,180.7100067138672,58.3932,5.8771,3.2922
10/13/23,4.78,5.33,307.671,3.9,106.6500015258789,63.8,87.67,3.11,178.85000610351562,53.7709,2.7499,3.3258
10/16/23,4.87,5.33,307.671,3.9,106.23999786376953,63.8,86.65,2.98,178.72000122070312,53.4525,6.711,3.2701
10/17/23,4.94,5.33,307.671,3.9,106.25,63.8,86.66,2.94,177.14999389648438,49.6294,6.6713,3.3145
10/18/23,5,5.33,307.671,3.9,106.56999969482422,63.8,88.35,2.92,175.83999633789062,46.6325,5.1127,3.2526
10/19/23,5.11,5.33,307.671,3.9,106.25,63.8,89.35,2.84,175.4600067138672,45.769,4.2192,3.2081
10/20/23,5.09,5.33,307.671,3.9,106.16000366210938,63.8,89.12,2.6,172.8800048828125,40.3117,-0.8637,3.179
10/23/23,5.01,5.33,307.671,3.9,105.54000091552734,63.8,85.49,2.65,173,40.6661,0.5957,3.2412
10/24/23,4.96,5.33,307.671,3.9,106.2699966430664,63.8,84.58,2.85,173.44000244140625,42.0252,-0.2184,3.1671
10/25/23,5.09,5.33,307.671,3.9,106.52999877929688,63.8,86.07,2.86,171.10000610351562,37.1513,-3.7824,3.1387
10/26/23,5.01,5.33,307.671,3.9,106.5999984741211,63.8,83.8,2.87,166.88999938964844,30.3348,-10.5232,3.3193
10/27/23,5.03,5.33,307.671,3.9,106.55999755859375,63.8,86.04,3.24,168.22000122070312,34.428,-10.692,3.2332
10/30/23,5.04,5.33,307.671,3.9,106.12000274658203,63.8,83.03,3.17,170.2899932861328,40.3066,-8.0413,3.2115
10/31/23,5.04,5.33,307.671,3.9,106.66000366210938,63.8,81.64,3.34,170.77000427246094,41.6137,-8.9646,3.1948
11/1/23,4.96,5.33,307.051,3.7,106.87999725341797,61.3,81.05,3.19,173.97000122070312,49.5458,-6.6912,3.2581
11/2/23,4.82,5.33,307.051,3.7,106.12000274658203,61.3,83.04,3.12,177.57000732421875,56.6766,-1.2707,3.2955
11/3/23,4.77,5.33,307.051,3.7,105.0199966430664,61.3,81.19,3,176.64999389648438,54.5546,-2.055,3.3594
11/6/23,4.84,5.33,307.051,3.7,105.22000122070312,61.3,81.54,2.71,179.22999572753906,59.1712,2.0649,3.3477
11/7/23,4.75,5.33,307.051,3.7,105.54000091552734,61.3,77.96,2,181.82000732421875,63.2114,5.9367,3.3547
11/8/23,4.64,5.33,307.051,3.7,105.58999633789062,61.3,75.85,2.18,182.88999938964844,64.7628,7.3762,3.247
11/9/23,4.77,5.33,307.051,3.7,105.91000366210938,61.3,76.34,2.71,182.41000366210938,63.4698,9.461,3.1788
11/10/23,4.73,5.33,307.051,3.7,105.86000061035156,61.3,.,2.71,186.39999389648438,69.2889,13.5412,3.2634
11/13/23,4.75,5.33,307.051,3.7,105.66000366210938,61.3,78.86,2.61,184.8000030517578,65.0617,11.5139,3.1858
11/14/23,4.61,5.33,307.051,3.7,104.11000061035156,61.3,78.9,2.69,187.44000244140625,68.4788,16.4613,3.1933
11/15/23,4.68,5.33,307.051,3.7,104.38999938964844,61.3,77.15,2.88,188.00999450683594,69.1797,21.2074,3.1115
11/16/23,4.63,5.33,307.051,3.7,104.37000274658203,61.3,73.5,2.91,189.7100067138672,71.2341,21.5769,3.0987
11/17/23,4.59,5.33,307.051,3.7,103.81999969482422,61.3,76.47,2.62,189.69000244140625,71.174,19.502,3.0059
11/20/23,4.57,5.33,307.051,3.7,103.47000122070312,61.3,78.1,2.49,191.4499969482422,73.3085,20.7749,2.9484
11/21/23,4.57,5.33,307.051,3.7,103.56999969482422,61.3,78.35,2.63,190.63999938964844,70.7133,16.793,2.8642
11/22/23,4.55,5.33,307.051,3.7,103.91999816894531,61.3,76.8,2.72,191.30999755859375,71.6086,13.885,2.8222
11/24/23,4.6,5.33,307.051,3.7,103.4000015258789,61.3,74.83,2.72,189.97000122070312,67.1849,13.4664,2.7669
11/27/23,4.53,5.33,307.051,3.7,103.19999694824219,61.3,74.46,2.74,189.7899932861328,66.5898,10.7261,2.6949
11/28/23,4.52,5.33,307.051,3.7,102.75,61.3,76.09,2.78,190.39999389648438,67.636,8.7612,2.6217
11/29/23,4.44,5.33,307.051,3.7,102.7699966430664,61.3,77.56,2.7,189.3699951171875,63.9922,6.6751,2.656
11/30/23,4.54,5.33,307.051,3.7,103.5,61.3,75.66,2.75,189.9499969482422,65.1314,7.7282,2.6175
12/1/23,4.4,5.33,306.746,3.8,103.2699966430664,69.7,73.7,2.63,191.24000549316406,67.5875,4.8111,2.596
12/4/23,4.43,5.33,306.746,3.8,103.63999938964844,69.7,72.73,2.55,189.42999267578125,61.0858,4.6024,2.6796
12/5/23,4.3,5.33,306.746,3.8,104.05000305175781,69.7,71.95,2.72,193.4199981689453,68.3205,5.9443,2.8411
12/6/23,4.22,5.33,306.746,3.8,104.1500015258789,69.7,68.98,2.76,192.32000732421875,64.7466,4.2843,2.8263
12/7/23,4.25,5.33,306.746,3.8,103.54000091552734,69.7,69,2.52,194.27000427246094,67.9475,4.5328,2.8147
12/8/23,4.31,5.33,306.746,3.8,104.01000213623047,69.7,70.87,2.57,195.7100067138672,70.1061,5.9841,2.7784
12/11/23,4.32,5.33,306.746,3.8,104.0999984741211,69.7,70.95,2.39,193.17999267578125,62.1826,1.7197,2.8845
12/12/23,4.3,5.33,306.746,3.8,103.87000274658203,69.7,68.27,2.37,194.7100067138672,64.7754,4.0457,2.8914
12/13/23,4.19,5.33,306.746,3.8,102.87000274658203,69.7,69.09,2.33,197.9600067138672,69.5509,6.6103,2.9185
12/14/23,4.03,5.33,306.746,3.8,101.95999908447266,69.7,71.21,2.39,198.11000061035156,69.7547,8.0915,2.9557
12/15/23,4,5.33,306.746,3.8,102.55000305175781,69.7,71.05,2.44,197.57000732421875,67.9904,7.7336,2.844
12/18/23,4.05,5.33,306.746,3.8,102.51000213623047,69.7,72.16,2.59,195.88999938964844,62.6787,5.4573,2.8666
12/19/23,4.03,5.33,306.746,3.8,102.16999816894531,69.7,73.23,2.44,196.94000244140625,64.5431,7.5249,2.7371
12/20/23,3.98,5.33,306.746,3.8,102.41000366210938,69.7,73.87,2.48,194.8300018310547,58.2461,4.8509,2.744
12/21/23,4.03,5.33,306.746,3.8,101.83999633789062,69.7,73.59,2.48,194.67999267578125,57.8142,3.4195,2.8022
12/22/23,4.05,5.33,306.746,3.8,101.69999694824219,69.7,73.29,2.54,193.60000610351562,54.6714,4.1451,2.7752
12/26/23,4.04,5.33,306.746,3.8,101.47000122070312,69.7,75.84,2.5,193.0500030517578,53.0886,-0.3678,2.6523
12/27/23,3.95,5.33,306.746,3.8,100.98999786376953,69.7,74.31,2.63,193.14999389648438,53.353,0.825,2.6339
12/28/23,3.98,5.33,306.746,3.8,101.2300033569336,69.7,72.02,2.55,193.5800018310547,54.5397,-0.6859,2.553
12/29/23,4.03,5.33,306.746,3.8,101.33000183105469,69.7,71.89,2.58,192.52999877929688,51.12,-3.161,2.5606
1/2/24,4.08,5.33,308.417,3.7,102.19999694824219,79,70.62,2.56,185.63999938964844,35.4242,-7.495,2.9915
1/3/24,4.05,5.33,308.417,3.7,102.45999908447266,79,72.97,2.57,184.25,33.2089,-10.3976,2.9518
1/4/24,4.13,5.33,308.417,3.7,102.41999816894531,79,72.38,2.83,181.91000366210938,29.8273,-15.9543,2.9802
1/5/24,4.21,5.33,308.417,3.7,102.41000366210938,79,74,2.75,181.17999267578125,28.8406,-16.829,2.9512
1/8/24,4.17,5.33,308.417,3.7,102.20999908447266,79,71.06,2.72,185.55999755859375,41.3719,-11.9384,3.0543
1/9/24,4.18,5.33,308.417,3.7,102.56999969482422,79,72.43,3.25,185.13999938964844,40.633,-10.6859,3.0371
1/10/24,4.2,5.33,308.417,3.7,102.36000061035156,79,71.57,3.25,186.19000244140625,43.3568,-10.6859,2.9962
1/11/24,4.18,5.33,308.417,3.7,102.29000091552734,79,72.15,3.15,185.58999633789062,42.1662,-9.1849,3.0257
1/12/24,4.2,5.33,308.417,3.7,102.4000015258789,79,72.94,13.2,185.9199981689453,43.0918,-8.7078,2.9197
1/16/24,4.3,5.33,308.417,3.7,103.36000061035156,79,72.63,3.25,183.6300048828125,38.4886,-9.9105,3.0651
1/17/24,4.31,5.33,308.417,3.7,103.44999694824219,79,72.79,2.86,182.67999267578125,36.7354,-10.3082,3.0826
1/18/24,4.37,5.33,308.417,3.7,103.54000091552734,79,74.32,2.88,188.6300048828125,51.6042,-4.493,3.3211
1/19/24,4.36,5.33,308.417,3.7,103.29000091552734,79,73.69,2.7,191.55999755859375,56.9677,-2.008,3.3196
1/22/24,4.32,5.33,308.417,3.7,103.33000183105469,79,75.26,2.35,193.88999938964844,60.6979,1.3519,3.3502
1/23/24,4.38,5.33,308.417,3.7,103.62000274658203,79,74.72,2.15,195.17999267578125,62.6293,9.4831,3.2472
1/24/24,4.41,5.33,308.417,3.7,103.23999786376953,79,75.48,2.45,194.5,60.9295,10.1889,3.1601
1/25/24,4.38,5.33,308.417,3.7,103.56999969482422,79,77.91,2.56,194.1699981689453,60.0773,12.1869,3.1584
1/26/24,4.38,5.33,308.417,3.7,103.47000122070312,79,78.45,2.36,192.4199981689453,55.6337,11.173,3.133
1/29/24,4.31,5.33,308.417,3.7,103.61000061035156,79,77.25,2.41,191.72999572753906,53.9396,6.1332,3.1109
1/30/24,4.28,5.33,308.417,3.7,103.4000015258789,79,78.3,2.26,188.0399932861328,45.8916,2.8827,3.1961
1/31/24,4.22,5.33,308.417,3.7,103.2699966430664,79,76.28,2.19,184.39999389648438,39.6128,-1.7793,3.2298
2/1/24,4.1,5.33,310.326,3.9,103.05000305175781,76.9,74.36,2.15,186.86000061035156,45.0815,1.2624,3.2214
2/2/24,4.22,5.33,310.326,3.9,103.91999816894531,76.9,72.72,2.01,185.85000610351562,43.3458,-0.0696,3.565
2/5/24,4.35,5.33,310.326,3.9,104.44999694824219,76.9,73.21,2.12,187.67999267578125,47.3045,4.0258,3.5525
2/6/24,4.29,5.33,310.326,3.9,104.18000030517578,76.9,73.83,2.1,189.3000030517578,50.5955,6.5805,3.4791
2/7/24,4.31,5.33,310.326,3.9,104.04000091552734,76.9,74.26,1.94,189.41000366210938,50.8201,0.7753,3.4038
2/8/24,4.36,5.33,310.326,3.9,104.1500015258789,76.9,76.67,1.74,188.32000732421875,48.4687,-3.2207,3.3158
2/9/24,4.37,5.33,310.326,3.9,104.08000183105469,76.9,77.26,1.74,188.85000610351562,50.2209,-4.7714,3.2205
2/12/24,4.37,5.33,310.326,3.9,104.16999816894531,76.9,77.34,1.76,187.14999389648438,46.4601,-7.7457,3.1369
2/13/24,4.46,5.33,310.326,3.9,104.95999908447266,76.9,78.28,1.61,185.0399932861328,42.2328,-9.1698,3.1714
2/14/24,4.45,5.33,310.326,3.9,104.72000122070312,76.9,77.09,1.51,184.14999389648438,40.5565,-9.7276,3.1645
2/15/24,4.42,5.33,310.326,3.9,104.30000305175781,76.9,78.47,1.53,183.86000061035156,39.9994,-8.2767,3.1617
2/16/24,4.45,5.33,310.326,3.9,104.30000305175781,76.9,79.65,1.55,182.30999755859375,37.0685,-9.1335,3.1623
2/20/24,4.44,5.33,310.326,3.9,104.08000183105469,76.9,78.72,1.5,181.55999755859375,35.7052,-6.212,3.1092
2/21/24,4.49,5.33,310.326,3.9,104.01000213623047,76.9,78.89,1.58,182.32000732421875,38.1861,-1.8373,3.0456
2/22/24,4.47,5.33,310.326,3.9,103.95999908447266,76.9,79.64,1.62,184.3699951171875,44.4164,-2.2422,3.0154
2/23/24,4.37,5.33,310.326,3.9,103.94000244140625,76.9,77.6,1.52,182.52000427246094,40.4538,-3.0796,2.9997
2/26/24,4.4,5.33,310.326,3.9,103.83000183105469,76.9,78.53,1.65,181.16000366210938,37.785,-6.2523,2.9355
2/27/24,4.44,5.33,310.326,3.9,103.83000183105469,76.9,79.8,1.52,182.6300048828125,42.2219,-6.3995,3.036
2/28/24,4.4,5.33,310.326,3.9,103.9800033569336,76.9,79.44,1.61,181.4199981689453,39.7114,-7.7132,3.0317
2/29/24,4.38,5.33,310.326,3.9,104.16000366210938,76.9,79.22,1.67,180.75,38.3516,-7.2965,3.0312
3/1/24,4.33,5.33,312.332,3.9,103.86000061035156,79.4,80.9,1.47,179.66000366210938,36.1811,-9.1468,3.0543
3/4/24,4.36,5.33,312.332,3.9,103.83000183105469,79.4,79.67,1.48,175.10000610351562,28.8299,-11.9934,3.2535
3/5/24,4.27,5.33,312.332,3.9,103.80000305175781,79.4,79.11,1.51,170.1199951171875,23.2695,-14.8499,3.4107
3/6/24,4.24,5.33,312.332,3.9,103.37000274658203,79.4,80.08,1.67,169.1199951171875,22.3378,-14.9593,3.349
3/7/24,4.25,5.33,312.332,3.9,102.81999969482422,79.4,79.81,1.56,169,22.2228,-14.7901,3.2691
3/8/24,4.26,5.33,312.332,3.9,102.73999786376953,79.4,78.96,1.54,170.72999572753906,27.9787,-11.5256,3.374
3/11/24,4.26,5.33,312.332,3.9,102.87000274658203,79.4,78.87,1.54,172.75,34.1102,-8.7686,3.3925
3/12/24,4.31,5.33,312.332,3.9,102.95999908447266,79.4,78.51,1.57,173.22999572753906,35.5151,-9.0473,3.3648
3/13/24,4.35,5.33,312.332,3.9,102.79000091552734,79.4,80.67,1.25,171.1300048828125,32.273,-13.1778,3.3001
3/14/24,4.44,5.33,312.332,3.9,103.36000061035156,79.4,82.16,1.26,173,37.7247,-9.4752,3.2903
3/15/24,4.43,5.33,312.332,3.9,103.43000030517578,79.4,81.94,1.38,172.6199951171875,37.0717,-8.4999,3.2483
3/18/24,4.46,5.33,312.332,3.9,103.58000183105469,79.4,83.68,1.54,173.72000122070312,40.2937,-8.8681,3.3781
3/19/24,4.44,5.33,312.332,3.9,103.80999755859375,79.4,84.39,1.55,176.0800018310547,46.6098,-5.3149,3.391
3/20/24,4.45,5.33,312.332,3.9,103.41000366210938,79.4,82.79,1.58,178.6699981689453,52.5431,-2.0702,3.4033
3/21/24,4.44,5.33,312.332,3.9,104,79.4,81.99,1.55,171.3699951171875,39.2898,-8.251,3.7169
3/22/24,4.39,5.33,312.332,3.9,104.43000030517578,79.4,81.1,1.5,172.27999877929688,41.2782,-2.8067,3.6639
3/25/24,4.42,5.33,312.332,3.9,104.2300033569336,79.4,82.41,1.46,170.85000610351562,39.1104,0.7266,3.6034
3/26/24,4.4,5.33,312.332,3.9,104.29000091552734,79.4,82.41,1.48,169.7100067138672,37.4231,0.5872,3.4768
3/27/24,4.36,5.33,312.332,3.9,104.3499984741211,79.4,82.15,1.43,173.30999755859375,45.4296,4.2897,3.505
3/28/24,4.34,5.33,312.332,3.9,104.55000305175781,79.4,83.96,1.54,171.47999572753906,42.4559,0.7465,3.4537
4/1/24,4.47,5.33,313.548,3.9,105.0199966430664,77.2,84.54,1.64,170.02999877929688,40.2099,-2.7072,3.3496
4/2/24,4.51,5.33,313.548,3.9,104.81999969482422,77.2,85.95,1.65,168.83999633789062,38.4139,-4.3694,3.2383
4/3/24,4.51,5.33,313.548,3.9,104.25,77.2,86.22,1.86,169.64999389648438,40.3664,-1.473,3.1563
4/4/24,4.47,5.33,313.548,3.9,104.12000274658203,77.2,87.37,1.78,168.82000732421875,39.0019,-4.1604,3.1512
4/5/24,4.54,5.33,313.548,3.9,104.30000305175781,77.2,87.69,1.58,169.5800018310547,40.9696,-3.0257,3.0377
4/8/24,4.55,5.33,313.548,3.9,104.13999938964844,77.2,87.24,1.73,168.4499969482422,38.9574,-5.2452,2.916
4/9/24,4.5,5.33,313.548,3.9,104.1500015258789,77.2,86.04,1.83,169.6699981689453,42.2549,-6.3799,2.8307
4/10/24,4.64,5.33,313.548,3.9,105.25,77.2,86.98,1.9,167.77999877929688,38.7616,-10.8388,2.8105
4/11/24,4.65,5.33,313.548,3.9,105.27999877929688,77.2,85.79,1.62,175.0399932861328,54.3678,3.6527,3.1558
4/12/24,4.61,5.33,313.548,3.9,106.04000091552734,77.2,86.46,1.36,176.5500030517578,56.8319,4.2499,3.2254
4/15/24,4.74,5.33,313.548,3.9,106.20999908447266,77.2,86.21,1.41,172.69000244140625,49.4768,1.8314,3.2886
4/16/24,4.77,5.33,313.548,3.9,106.26000213623047,77.2,86.15,1.38,169.3800048828125,44.1949,-0.3284,3.444
4/17/24,4.71,5.33,313.548,3.9,105.94999694824219,77.2,83.58,1.5,168,42.1734,-5.285,3.3864
4/18/24,4.74,5.33,313.548,3.9,106.1500015258789,77.2,83.5,1.59,167.0399932861328,40.7762,-4.4191,3.2931
4/19/24,4.72,5.33,313.548,3.9,106.1500015258789,77.2,83.79,1.43,165,37.9024,-5.0064,3.2687
4/22/24,4.72,5.33,313.548,3.9,106.08000183105469,77.2,83.82,1.64,165.83999633789062,39.7843,-2.9859,3.2122
4/23/24,4.73,5.33,313.548,3.9,105.69000244140625,77.2,84.17,1.59,166.89999389648438,42.1661,-2.7371,3.1342
4/24/24,4.78,5.33,313.548,3.9,105.86000061035156,77.2,84.09,1.6,169.02000427246094,46.7064,0.1991,3.13
4/25/24,4.82,5.33,313.548,3.9,105.5999984741211,77.2,84.92,1.46,169.88999938964844,48.4934,0.3085,3.0812
4/26/24,4.78,5.33,313.548,3.9,105.94000244140625,77.2,85.38,1.4,169.3000030517578,47.3342,0.846,3.0147
4/29/24,4.75,5.33,313.548,3.9,105.58000183105469,77.2,84.26,1.55,173.5,55.4907,3.812,3.2778
4/30/24,4.79,5.33,313.548,3.9,106.22000122070312,77.2,83.49,1.68,170.3300018310547,49.2864,2.538,3.3985
5/1/24,4.74,5.33,314.069,4,105.76000213623047,69.1,80.7,1.63,169.3000030517578,47.4307,-5.713,3.4113
5/2/24,4.72,5.33,314.069,4,105.30000305175781,69.1,80.59,1.66,173.02999877929688,54.1614,-3.5035,3.4602
5/3/24,4.66,5.33,314.069,4,105.02999877929688,69.1,79.65,1.67,183.3800048828125,66.846,10.6397,4.2062
5/6/24,4.64,5.33,314.069,4,105.05000305175781,69.1,80.1,1.88,181.7100067138672,63.7792,12.272,4.1745
5/7/24,4.61,5.33,314.069,4,105.41000366210938,69.1,79.97,1.95,182.39999389648438,64.5038,14.3323,4.1308
5/8/24,4.64,5.33,314.069,4,105.55000305175781,69.1,80.57,2.01,182.74000549316406,64.8767,15.6262,3.9509
5/9/24,4.6,5.33,314.069,4,105.2300033569336,69.1,80.86,2.03,184.57000732421875,66.8925,19.478,3.85
5/10/24,4.64,5.33,314.069,4,105.30999755859375,69.1,79.81,2.14,183.0500030517578,64.1412,17.3779,3.7857
5/13/24,4.63,5.33,314.069,4,105.22000122070312,69.1,80.71,2.11,186.27999877929688,67.7763,19.5421,3.8036
5/14/24,4.59,5.33,314.069,4,105.01000213623047,69.1,79.62,2.14,187.42999267578125,68.9819,18.5782,3.6757
5/15/24,4.52,5.33,314.069,4,104.3499984741211,69.1,80.23,2.12,189.72000122070312,71.2858,19.9947,3.6467
5/16/24,4.52,5.33,314.069,4,104.45999908447266,69.1,80.85,2.32,189.83999633789062,71.4057,20.7015,3.4884
5/17/24,4.56,5.33,314.069,4,104.44999694824219,69.1,81.66,2.44,189.8699951171875,71.4378,16.5511,3.3552
5/20/24,4.58,5.33,314.069,4,104.56999969482422,69.1,81.39,2.52,191.0399932861328,72.7237,20.8723,3.3227
5/21/24,4.55,5.33,314.069,4,104.66000366210938,69.1,80.66,2.52,192.35000610351562,74.1283,23.2031,3.2142
5/22/24,4.55,5.33,314.069,4,104.94000244140625,69.1,79.15,2.51,190.89999389648438,69.8414,18.0455,3.1664
5/23/24,4.58,5.33,314.069,4,105.11000061035156,69.1,77.47,2.64,186.8800048828125,59.5579,3.7376,3.2517
5/24/24,4.57,5.33,314.069,4,104.72000122070312,69.1,78.48,2.22,189.97999572753906,63.9643,8.4894,3.2828
5/28/24,4.66,5.33,314.069,4,104.61000061035156,69.1,80.9,2.29,189.99000549316406,63.9779,7.8126,3.326
5/29/24,4.74,5.33,314.069,4,105.0999984741211,69.1,80.24,2.2,190.2899932861328,64.4129,7.7732,3.2833
5/30/24,4.69,5.33,314.069,4,104.72000122070312,69.1,78.96,1.87,191.2899932861328,65.8916,6.9484,3.1833
5/31/24,4.65,5.33,314.069,4,104.66999816894531,69.1,77.97,1.78,192.25,67.2964,9.1693,3.1453
6/3/24,4.55,5.33,314.175,4.1,104.13999938964844,68.2,75.26,2.55,194.02999877929688,69.7816,7.7241,3.1157
6/4/24,4.48,5.33,314.175,4.1,104.11000061035156,68.2,74.27,2.58,194.35000610351562,70.2197,6.8969,3.0559
6/5/24,4.44,5.33,314.175,4.1,104.2699966430664,68.2,75.08,2.27,195.8699951171875,72.276,6.1294,3.0191
6/6/24,4.43,5.33,314.175,4.1,104.0999984741211,68.2,76.52,2.3,194.47999572753906,67.6742,4.6245,2.9693
6/7/24,4.55,5.33,314.175,4.1,104.88999938964844,68.2,76.53,2.46,196.88999938964844,71.1088,6.9965,2.9566
6/10/24,4.59,5.33,314.175,4.1,105.1500015258789,68.2,78.75,2.61,193.1199951171875,60.3131,2.073,3.112
6/11/24,4.53,5.33,314.175,4.1,105.2300033569336,68.2,78.88,2.71,207.14999389648438,75.3261,14.7505,3.8892
6/12/24,4.47,5.33,314.175,4.1,104.6500015258789,68.2,79.56,2.8,213.07000732421875,78.9453,22.0959,4.5583
6/13/24,4.4,5.33,314.175,4.1,105.19999694824219,68.2,79.61,2.79,214.24000549316406,79.5828,27.2686,4.5993
6/14/24,4.34,5.33,314.175,4.1,105.55000305175781,68.2,79.41,2.74,212.49000549316406,75.8823,22.4348,4.5463
6/17/24,4.4,5.33,314.175,4.1,105.31999969482422,68.2,81.33,2.5,216.6699981689453,78.4588,26.5908,4.6814
6/18/24,4.36,5.33,314.175,4.1,105.26000213623047,68.2,82.67,2.43,214.2899932861328,73.6353,23.9198,4.7478
6/20/24,4.39,5.33,314.175,4.1,105.58999633789062,68.2,83.34,2.39,209.67999267578125,65.2655,18.3285,4.796
6/21/24,4.39,5.33,314.175,4.1,105.80000305175781,68.2,81.71,2.44,207.49000549316406,61.6788,15.1891,4.7937
6/24/24,4.38,5.33,314.175,4.1,105.47000122070312,68.2,82.63,2.58,208.13999938964844,62.3403,14.0629,4.8863
6/25/24,4.36,5.33,314.175,4.1,105.61000061035156,68.2,81.97,2.61,209.07000732421875,63.3161,14.6708,4.7679
6/26/24,4.45,5.33,314.175,4.1,106.05000305175781,68.2,82.19,2.45,213.25,67.4039,17.3219,4.8395
6/27/24,4.43,5.33,314.175,4.1,105.91000366210938,68.2,83.04,2.55,214.10000610351562,68.1804,19.5544,4.7351
6/28/24,4.51,5.33,314.175,4.1,105.87000274658203,68.2,82.83,2.42,210.6199951171875,61.6999,13.6841,4.8077
7/1/24,4.64,5.33,314.54,4.2,105.9000015258789,66.4,84.7,2.21,216.75,67.5508,23.551,4.9548
7/2/24,4.6,5.33,314.54,4.2,105.72000122070312,66.4,84.09,2.06,220.27000427246094,70.3516,13.0762,4.9767
7/3/24,4.53,5.33,314.54,4.2,105.4000015258789,66.4,85.19,2.02,221.5500030517578,71.321,8.4517,4.8007
7/5/24,4.47,5.33,314.54,4.2,104.87999725341797,66.4,84.44,2.02,226.33999633789062,74.66,12.0596,4.8066
7/8/24,4.46,5.33,314.54,4.2,105.01000213623047,66.4,83.63,2.1,227.82000732421875,75.6051,15.2788,4.7907
7/9/24,4.49,5.33,314.54,4.2,105.12999725341797,66.4,82.78,2.42,228.67999267578125,76.1614,11.9699,4.6641
7/10/24,4.47,5.33,314.54,4.2,105.05000305175781,66.4,83.39,2.4,232.97999572753906,78.7687,18.6275,4.6442
7/11/24,4.41,5.33,314.54,4.2,104.44000244140625,66.4,83.92,2.23,227.57000732421875,68.6025,17.8302,4.8257
7/12/24,4.39,5.33,314.54,4.2,104.08999633789062,66.4,83.49,2.17,230.5399932861328,70.8284,22.973,4.842
7/15/24,4.46,5.33,314.54,4.2,104.19000244140625,66.4,83.22,2.12,234.39999389648438,73.4617,26.1723,4.9724
7/16/24,4.38,5.33,314.54,4.2,104.2699966430664,66.4,81.92,2.1,234.82000732421875,73.7395,25.664,4.8977
7/17/24,4.37,5.33,314.54,4.2,103.75,66.4,84.16,1.98,228.8800048828125,63.6003,15.5778,5.1302
7/18/24,4.41,5.33,314.54,4.2,104.16999816894531,66.4,84.17,2,224.17999267578125,56.9301,10.0463,5.3454
7/19/24,4.45,5.33,314.54,4.2,104.4000015258789,66.4,81.43,1.88,224.30999755859375,57.0642,13.6443,5.2145
7/22/24,4.48,5.33,314.54,4.2,104.30999755859375,66.4,81.25,2.19,223.9600067138672,56.5536,7.1859,5.1759
7/23/24,4.48,5.33,314.54,4.2,104.44999694824219,66.4,78.24,2.13,225.00999450683594,57.7744,4.7242,5.1095
7/24/24,4.54,5.33,314.54,4.2,104.38999938964844,66.4,78.78,2,218.5399932861328,48.6947,-2.9999,5.3055
7/25/24,4.5,5.33,314.54,4.2,104.36000061035156,66.4,79.43,2,217.49000549316406,47.393,-8.8204,5.37
7/26/24,4.45,5.33,314.54,4.2,104.31999969482422,66.4,78.58,1.98,217.9600067138672,48.0623,-9.8271,5.2342
7/29/24,4.42,5.33,314.54,4.2,104.55999755859375,66.4,77.27,1.9,218.24000549316406,48.4828,-10.4051,5.1131
7/30/24,4.4,5.33,314.54,4.2,104.55000305175781,66.4,76.17,1.81,218.8000030517578,49.3657,-14.1326,5.0472
7/31/24,4.35,5.33,314.54,4.2,104.0999984741211,66.4,79.36,1.94,222.0800018310547,54.3057,-5.4717,5.0441
8/1/24,4.27,5.33,314.796,4.2,104.41999816894531,67.9,77.74,1.95,218.36000061035156,48.5236,-12.1393,5.2148
8/2/24,4.11,5.33,314.796,4.2,103.20999908447266,67.9,74.99,1.89,219.86000061035156,50.7984,-14.4914,5.404
8/5/24,4.06,5.33,314.796,4.2,102.69000244140625,67.9,74.46,1.83,209.27000427246094,38.0229,-25.4646,6.7166
8/6/24,4.18,5.33,314.796,4.2,102.97000122070312,67.9,74.6,1.83,207.22999572753906,36.1375,-21.5777,6.8719
8/7/24,4.26,5.33,314.796,4.2,103.19999694824219,67.9,76.68,1.96,209.82000732421875,40.1923,-14.312,6.8972
8/8/24,4.28,5.33,314.796,4.2,103.20999908447266,67.9,77.64,1.85,213.30999755859375,45.238,-10.9632,6.7868
8/9/24,4.23,5.33,314.796,4.2,103.13999938964844,67.9,78.28,1.94,216.24000549316406,49.1189,-7.6942,6.6444
8/12/24,4.19,5.33,314.796,4.2,103.13999938964844,67.9,81.45,2.1,217.52999877929688,51.0813,-7.2058,6.4485
8/13/24,4.16,5.33,314.796,4.2,102.55999755859375,67.9,79.81,2.16,221.27000427246094,55.5682,2.9743,6.2986
8/14/24,4.12,5.33,314.796,4.2,102.56999969482422,67.9,78.47,2.18,221.72000122070312,56.0901,4.4698,6.0861
8/15/24,4.18,5.33,314.796,4.2,102.9800033569336,67.9,79.66,2.19,224.72000122070312,59.5048,6.9948,5.9101
8/16/24,4.15,5.33,314.796,4.2,102.45999908447266,67.9,78.05,2.01,226.0500030517578,60.9546,8.0428,5.7144
8/19/24,4.11,5.33,314.796,4.2,101.88999938964844,67.9,75.82,2.12,225.88999938964844,60.6732,7.325,5.5207
8/20/24,4.07,5.33,314.796,4.2,101.44000244140625,67.9,75.27,2.18,226.50999450683594,61.4165,4.6746,5.249
8/21/24,4.06,5.33,314.796,4.2,101.04000091552734,67.9,72.76,2.14,226.39999389648438,61.1955,8.2725,5.0829
8/22/24,4.13,5.33,314.796,4.2,101.51000213623047,67.9,73.72,1.93,224.52999877929688,57.4132,4.9116,5.0363
8/23/24,4.1,5.33,314.796,4.2,100.72000122070312,67.9,75.82,1.82,226.83999633789062,60.6487,17.7711,4.9538
8/26/24,4.11,5.33,314.796,4.2,100.8499984741211,67.9,78.4,2.13,227.17999267578125,61.117,20.1436,4.8415
8/27/24,4.13,5.33,314.796,4.2,100.55000305175781,67.9,76.5,1.91,228.02999877929688,62.324,18.4103,4.7779
8/28/24,4.13,5.33,314.796,4.2,101.08999633789062,67.9,75.49,1.89,226.49000549316406,58.7647,13.3954,4.7346
8/29/24,4.15,5.33,314.796,4.2,101.33999633789062,67.9,76.9,1.85,229.7899932861328,63.5664,13.7679,4.8546
8/30/24,4.2,5.33,314.796,4.2,101.69999694824219,67.9,74.52,1.93,229,61.7137,11.4448,4.716
9/3/24,4.13,5.33,315.301,4.1,101.83000183105469,70.1,71.28,1.93,222.77000427246094,49.4689,1.4967,4.9372
9/4/24,4.06,5.33,315.301,4.1,101.36000061035156,70.1,70.11,2.05,220.85000610351562,46.4126,-0.8681,4.9616
9/5/24,4.02,5.33,315.301,4.1,101.11000061035156,70.1,70.09,2.02,222.3800048828125,49.1108,-2.3349,4.9372
9/6/24,4.03,5.33,315.301,4.1,101.18000030517578,70.1,68.58,2.09,220.82000732421875,46.5378,-5.2185,4.9744
9/9/24,4,5.33,315.301,4.1,101.55000305175781,70.1,69.65,2.03,220.91000366210938,46.7113,-4.9691,4.944
9/10/24,3.97,5.33,315.301,4.1,101.62999725341797,70.1,66.73,2.13,220.11000061035156,45.3042,-6.3859,4.9294
9/11/24,3.96,5.33,315.301,4.1,101.68000030517578,70.1,68.25,2.13,222.66000366210938,50.4299,-3.7318,4.948
9/12/24,4,5.33,315.301,4.1,101.37000274658203,70.1,69.89,2.13,222.77000427246094,50.6447,-1.7561,4.8604
9/13/24,3.98,5.33,315.301,4.1,101.11000061035156,70.1,69.59,2.25,222.5,50.071,-4.3305,4.665
9/16/24,3.94,5.33,315.301,4.1,100.76000213623047,70.1,71.1,2.23,216.32000732421875,39.1415,-10.8362,4.9433
9/17/24,3.96,5.33,315.301,4.1,100.88999938964844,70.1,72.16,2.33,216.7899932861328,40.2104,-11.2153,4.7613
9/18/24,4.03,5.33,315.301,4.1,100.5999984741211,70.1,71.87,2.31,220.69000244140625,48.3214,-5.7873,4.8431
9/19/24,4.06,4.83,315.301,4.1,100.61000061035156,70.1,72.86,2.24,228.8699951171875,60.4427,-0.918,5.1479
9/20/24,4.07,4.83,315.301,4.1,100.72000122070312,70.1,72.72,2.2,228.1999969482422,59.2176,-0.7982,5.17
9/23/24,4.09,4.83,315.301,4.1,100.91999816894531,70.1,71.33,2.4,226.47000122070312,56.0579,3.6919,5.0602
9/24/24,4.09,4.83,315.301,4.1,100.37000274658203,70.1,72.34,2.61,227.3699951171875,57.3333,6.5057,4.9567
9/25/24,4.14,4.83,315.301,4.1,100.91999816894531,70.1,70.42,2.62,226.3699951171875,55.4089,3.9812,4.8414
9/26/24,4.12,4.83,315.301,4.1,100.55999755859375,70.1,68.28,2.64,227.52000427246094,57.1886,6.6853,4.7159
9/27/24,4.1,4.83,315.301,4.1,100.41999816894531,70.1,68.72,2.53,227.7899932861328,57.6163,6.8649,4.5372
9/30/24,4.14,4.83,315.301,4.1,100.77999877929688,70.1,68.75,2.65,233,64.9027,12.8617,4.5845
10/1/24,4.08,4.83,315.664,4.1,101.19000244140625,70.5,70.41,2.67,226.2100067138672,52.2867,3.5422,4.917
10/2/24,4.14,4.83,315.664,4.1,101.68000030517578,70.5,70.74,2.77,226.77999877929688,53.1106,4.0012,4.8758
10/3/24,4.18,4.83,315.664,4.1,101.98999786376953,70.5,74.33,2.75,225.6699981689453,51.2544,3.163,4.7759
10/4/24,4.26,4.83,315.664,4.1,102.5199966430664,70.5,74.93,2.49,226.8000030517578,53.0533,10.457,4.7106
10/7/24,4.3,4.83,315.664,4.1,102.54000091552734,70.5,77.76,2.51,221.69000244140625,44.971,4.8892,4.764
10/8/24,4.32,4.83,315.664,4.1,102.55000305175781,70.5,74.26,2.51,225.77000427246094,51.3445,5.0688,4.7295
10/9/24,4.34,4.83,315.664,4.1,102.93000030517578,70.5,73.85,2.43,229.5399932861328,56.3727,0.6685,4.7423
10/10/24,4.38,4.83,315.664,4.1,102.98999786376953,70.5,76.46,2.26,229.0399932861328,55.5527,0.8382,4.5725
10/11/24,4.39,4.83,315.664,4.1,102.88999938964844,70.5,76.11,2.31,227.5500030517578,53.0752,1.0776,4.3934
10/14/24,.,4.83,315.664,4.1,103.30000305175781,70.5,.,.,231.3000030517578,58.1356,3.9214,4.3775
10/15/24,4.32,4.83,315.664,4.1,103.26000213623047,70.5,71.22,2.37,233.85000610351562,61.1998,7.4636,4.506
10/16/24,4.3,4.83,315.664,4.1,103.58999633789062,70.5,70.97,2.21,231.77999877929688,57.5194,4.2506,4.4699
10/17/24,4.39,4.83,315.664,4.1,103.83000183105469,70.5,71.26,2.19,232.14999389648438,58.0055,4.3504,4.388
10/18/24,4.38,4.83,315.664,4.1,103.48999786376953,70.5,69.78,1.82,235,61.6463,1.9956,4.3618
10/21/24,4.49,4.83,315.664,4.1,104.01000213623047,70.5,71.16,1.76,236.47999572753906,63.4199,10.2474,4.2213
10/22/24,4.49,4.83,315.664,4.1,104.08000183105469,70.5,72.84,1.76,235.86000061035156,62.1239,9.0601,4.1963
10/23/24,4.51,4.83,315.664,4.1,104.43000030517578,70.5,71.37,1.9,230.75999450683594,52.6013,5.0788,4.4739
10/24/24,4.47,4.83,315.664,4.1,104.05999755859375,70.5,70.58,2.04,230.57000732421875,52.2798,3.7617,4.3261
10/25/24,4.51,4.83,315.664,4.1,104.26000213623047,70.5,72.02,1.93,231.41000366210938,53.6292,9.6987,4.2772
10/28/24,4.53,4.83,315.664,4.1,104.31999969482422,70.5,67.65,2.03,233.39999389648438,56.7496,7.6132,4.2083
10/29/24,4.52,4.83,315.664,4.1,104.27999877929688,70.5,67.48,1.82,233.6699981689453,57.1707,4.1209,4.0506
10/30/24,4.49,4.83,315.664,4.1,103.98999786376953,70.5,68.91,2.03,230.10000610351562,50.2096,1.0577,4.0549
10/31/24,4.47,4.83,315.664,4.1,103.9800033569336,70.5,69.58,1.82,225.91000366210938,43.5129,-1.6364,4.1024
11/1/24,4.57,4.83,315.493,4.2,104.27999877929688,71.8,69.81,1.42,222.91000366210938,39.4553,-8.3716,4.2113
11/4/24,4.5,4.83,315.493,4.2,103.88999938964844,71.8,71.83,1.35,222.00999450683594,38.3014,-11.814,4.1386
11/5/24,4.44,4.83,315.493,4.2,103.41999816894531,71.8,72.26,1.62,223.4499969482422,41.2614,-8.3117,4.0433
11/6/24,4.6,4.83,315.493,4.2,105.08999633789062,71.8,71.98,1.8,222.72000122070312,40.2083,-9.4093,4.1019
11/7/24,4.52,4.83,315.493,4.2,104.51000213623047,71.8,72.69,1.49,227.47999572753906,49.2959,-7.5035,4.1763
11/8/24,4.47,4.58,315.493,4.2,105,71.8,70.69,1.21,226.9600067138672,48.8424,-9.2496,4.0389
11/11/24,.,4.58,315.493,4.2,105.54000091552734,71.8,.,1.21,224.22999572753906,44.3911,-11.358,4.14
11/12/24,4.58,4.58,315.493,4.2,106.0199966430664,71.8,68.43,1.92,224.22999572753906,44.3911,-6.2692,4.0037
11/13/24,4.63,4.58,315.493,4.2,106.4800033569336,71.8,68.76,2.06,225.1199951171875,46.2434,-5.1906,3.9953
11/14/24,4.58,4.58,315.493,4.2,106.66999816894531,71.8,68.99,2.11,228.22000122070312,52.2142,-2.9322,3.9861
11/15/24,4.6,4.58,315.493,4.2,106.69000244140625,71.8,67.33,1.65,225,46.4438,-8.1343,3.9832
11/18/24,4.61,4.58,315.493,4.2,106.27999877929688,71.8,69.46,2.08,228.02000427246094,51.8216,-5.387,4.0369
11/19/24,4.57,4.58,315.493,4.2,106.20999908447266,71.8,69.75,2.1,228.27999877929688,52.266,-1.5651,3.9982
11/20/24,4.59,4.58,315.493,4.2,106.68000030517578,71.8,69.25,2.32,229,53.5439,3.3349,4.0009
11/21/24,4.61,4.58,315.493,4.2,106.97000122070312,71.8,70.39,2.84,228.52000427246094,52.5342,5.8488,4.0323
11/22/24,4.6,4.58,315.493,4.2,107.48999786376953,71.8,71.68,2.41,229.8699951171875,55.0989,8.0954,3.934
11/25/24,4.45,4.58,315.493,4.2,106.81999969482422,71.8,69.41,2.78,232.8699951171875,60.2402,9.6553,3.9031
11/26/24,4.48,4.58,315.493,4.2,107.01000213623047,71.8,69.05,3.19,235.05999755859375,63.5237,12.5713,3.817
11/27/24,4.44,4.58,315.493,4.2,106.08000183105469,71.8,69.03,3.39,234.92999267578125,63.1901,7.6919,3.6784
11/29/24,4.36,4.58,315.493,4.2,105.73999786376953,71.8,68.26,3.39,237.3300018310547,66.6701,10.3586,3.6897
12/2/24,4.36,4.58,315.605,4.1,106.44999694824219,74,68.35,3.05,239.58999633789062,69.586,15.3432,3.6851
12/3/24,4.4,4.58,315.605,4.1,106.37000274658203,74,70.15,2.94,242.64999389648438,73.0268,18.3998,3.6973
12/4/24,4.35,4.58,315.605,4.1,106.33999633789062,74,68.81,2.75,243.00999450683594,73.408,17.8704,3.6373
12/5/24,4.33,4.58,315.605,4.1,105.70999908447266,74,68.58,2.95,243.0399932861328,73.4417,14.8037,3.5494
12/6/24,4.34,4.58,315.605,4.1,105.97000122070312,74,68.58,2.83,242.83999633789062,72.7799,17.8204,3.4779
12/9/24,4.39,4.58,315.605,4.1,106.1500015258789,74,68.65,3.05,246.75,77.1206,18.7095,3.6211
12/10/24,4.41,4.58,315.605,4.1,106.4000015258789,74,68.85,2.9,247.77000427246094,78.1017,19.4686,3.5673
12/11/24,4.48,4.58,315.605,4.1,106.70999908447266,74,70.57,2.9,246.49000549316406,73.8237,17.4708,3.6364
12/12/24,4.55,4.58,315.605,4.1,106.95999908447266,74,70.25,3.12,247.9600067138672,75.4845,19.4187,3.595
12/13/24,4.61,4.58,315.605,4.1,107,74,71.54,3.15,248.1300048828125,75.6767,18.24,3.5558
12/16/24,4.6,4.58,315.605,4.1,106.86000061035156,74,71.03,2.87,251.0399932861328,78.748,18.1501,3.568
12/17/24,4.59,4.58,315.605,4.1,106.95999908447266,74,70.31,2.85,253.47999572753906,80.9232,18.3998,3.6021
12/18/24,4.65,4.58,315.605,4.1,108.02999877929688,74,70.8,3.01,248.0500030517578,64.9831,13.1056,3.8114
12/19/24,4.74,4.33,315.605,4.1,108.41000366210938,74,70.1,3.15,249.7899932861328,67.2119,12.4463,3.8892
12/20/24,4.72,4.33,315.605,4.1,107.62000274658203,74,69.71,3.1,254.49000549316406,72.3342,14.8837,4.2756
12/23/24,4.78,4.33,315.605,4.1,108.04000091552734,74,69.5,2.89,255.27000427246094,73.0857,12.6062,4.1272
12/24/24,4.76,4.33,315.605,4.1,108.26000213623047,74,70.87,2.95,258.20001220703125,75.7503,15.1733,4.0422
12/26/24,4.76,4.33,315.605,4.1,108.12999725341797,74,70.38,2.96,259.0199890136719,76.4529,15.9625,3.9297
12/27/24,4.82,4.33,315.605,4.1,108,74,71.28,2.91,255.58999633789062,67.6263,12.736,4.0742
12/30/24,4.77,4.33,315.605,4.1,108.12999725341797,74,71.73,3.39,252.1999969482422,60.2256,5.444,4.1286
12/31/24,4.78,4.33,315.605,4.1,,74,72.44,3.4,,56.7159,2.6471,4.1084