Date,TY,FFR,CPI,UNRATE,USDX,UMCSENT,crude_oil,natural_gas,ATR,MOM,RSI,Close
2000-01-03,6.61,5.43,168.8,4.0,100.22000122070312,112.0,.,.,0.7886,0.0372,35.1593,23.380264282226562
2000-01-04,6.53,5.38,168.8,4.0,100.41000366210938,112.0,25.56,2.16,0.805,-0.298,31.3419,22.867273330688477
2000-01-05,6.64,5.41,168.8,4.0,100.37999725341795,112.0,24.65,2.17,0.8269,-1.2888,30.3174,22.726110458374023
2000-01-06,6.58,5.54,168.8,4.0,100.6500015258789,112.0,24.79,2.18,0.839,-0.9394,35.6305,23.048768997192383
2000-01-07,6.55,5.61,168.8,4.0,100.8000030517578,112.0,24.79,2.19,0.8348,-1.3437,42.0607,23.47223663330078
2000-01-10,6.59,5.74,168.8,4.0,100.98999786376952,112.0,24.71,2.20,0.8171,-1.4235,38.0326,23.06892204284668
2000-01-11,6.68,5.63,168.8,4.0,100.55999755859376,112.0,25.69,2.23,0.8312,-1.9324,33.2492,22.52447509765625
2000-01-12,6.71,5.59,168.8,4.0,100.62000274658205,112.0,26.30,2.25,0.8026,-2.1427,35.5926,22.665611267089844
2000-01-13,6.65,5.58,168.8,4.0,101.0,112.0,26.63,2.29,0.7954,-1.967,41.1251,23.008434295654297
2000-01-14,6.69,5.56,168.8,4.0,101.72000122070312,112.0,28.01,2.28,0.8376,-1.0499,52.1888,23.835205078125
2000-01-18,6.75,5.83,168.8,4.0,101.86000061035156,112.0,28.98,2.35,0.8725,-0.4529,42.2929,22.907602310180664
2000-01-19,6.72,5.47,168.8,4.0,101.76000213623048,112.0,29.11,2.40,0.9079,1.0145,53.0445,23.91585350036621
2000-01-20,6.74,5.44,168.8,4.0,101.36000061035156,112.0,29.67,2.53,0.9155,1.13,52.8001,23.895692825317383
2000-01-21,6.71,5.36,168.8,4.0,101.76000213623048,112.0,29.71,2.55,0.882,0.4683,48.8019,23.532716751098633
2000-01-24,6.65,5.53,168.8,4.0,102.1999969482422,112.0,29.25,2.55,0.8718,0.078,49.0316,23.552873611450195
2000-01-25,6.64,5.46,168.8,4.0,102.41000366210938,112.0,30.28,2.66,0.8709,0.974,55.0786,24.077184677124023
2000-01-26,6.60,5.52,168.8,4.0,102.44000244140624,112.0,27.66,2.73,0.9063,2.694,65.731,25.30724334716797
2000-01-27,6.53,5.61,168.8,4.0,103.16999816894533,112.0,27.22,2.76,0.9098,3.259,70.3348,26.033193588256836
2000-01-28,6.45,5.58,168.8,4.0,104.4800033569336,112.0,27.27,2.84,0.9356,1.6795,55.5844,24.74262809753418
2000-01-31,6.49,5.87,168.8,4.0,105.12999725341795,112.0,27.65,2.69,0.976,2.1259,63.9782,26.033193588256836
2000-02-01,6.43,5.79,169.8,4.1,104.91999816894533,111.3,28.28,2.81,0.9913,3.9801,68.9637,27.021291732788086
2000-02-02,6.32,5.64,169.8,4.1,104.79000091552734,111.3,27.52,2.91,0.9831,2.5754,64.5214,26.577672958374023
2000-02-03,6.17,5.71,169.8,4.1,103.8000030517578,111.3,28.26,2.85,1.0159,2.8501,65.9618,26.839807510375977
2000-02-04,6.23,5.7,169.8,4.1,104.29000091552734,111.3,28.67,2.78,0.9824,2.7502,61.0648,26.376014709472656
2000-02-07,6.34,5.76,169.8,4.1,104.63999938964844,111.3,28.40,2.81,0.9483,2.8688,62.022,26.517166137695312
2000-02-08,6.22,5.67,169.8,4.1,104.22000122070312,111.3,28.05,2.60,0.9684,3.259,67.7656,27.44476890563965
2000-02-09,6.32,5.76,169.8,4.1,103.68000030517578,111.3,28.71,2.62,0.9869,1.386,60.0951,26.738981246948242
2000-02-10,6.35,5.79,169.8,4.1,104.12999725341795,111.3,29.49,2.65,0.9692,0.7617,60.6625,26.81964683532715
2000-02-11,6.29,5.71,169.8,4.1,104.19000244140624,111.3,29.51,2.65,0.9669,1.8512,58.7685,26.65831756591797
2000-02-14,6.22,5.79,169.8,4.1,104.72000122070312,111.3,30.30,2.61,0.9955,-0.5088,47.3119,25.5089054107666
2000-02-15,6.26,5.85,169.8,4.1,104.69000244140624,111.3,30.17,2.61,1.0011,-0.8397,53.0279,26.154184341430664
2000-02-16,6.27,5.67,169.8,4.1,104.27999877929688,111.3,30.01,2.65,1.0007,-0.899,48.4706,25.650062561035156
2000-02-17,6.23,5.66,169.8,4.1,104.2699966430664,111.3,29.37,2.66,1.0115,-1.5015,45.3608,25.28708839416504
2000-02-18,6.16,5.7,169.8,4.1,104.62999725341795,111.3,29.51,2.65,1.0285,-2.1852,36.8473,24.117504119873047
2000-02-22,6.08,5.81,169.8,4.1,103.27999877929688,111.3,29.63,2.55,1.0469,-1.5421,44.7783,24.92412757873535
2000-02-23,6.14,5.77,169.8,4.1,103.52999877929688,111.3,30.19,2.50,1.0307,-2.4006,45.1457,24.96445083618164
2000-02-24,6.13,5.76,169.8,4.1,104.01000213623048,111.3,30.23,2.52,1.0227,-2.1477,41.632,24.52081298828125
2000-02-25,6.17,5.73,169.8,4.1,105.26000213623048,111.3,30.34,2.51,1.0359,-2.2663,41.2932,24.48048973083496
2000-02-28,6.16,5.81,169.8,4.1,105.2699966430664,111.3,30.11,2.60,1.0596,-1.4609,48.6828,25.145938873291016
2000-02-29,6.15,5.85,169.8,4.1,105.91999816894533,111.3,30.57,2.65,1.0577,0.1748,53.914,25.690378189086914
2000-03-01,6.16,5.78,171.2,4.0,104.88999938964844,107.1,31.71,2.71,1.0519,0.2934,60.2863,26.4566593170166
2000-03-02,6.15,5.76,171.2,4.0,105.6500015258789,107.1,31.51,2.80,1.027,0.3309,55.159,25.99287223815918
2000-03-03,6.13,5.72,171.2,4.0,106.0,107.1,31.46,2.72,1.0205,0.8553,56.7485,26.174348831176758
2000-03-06,6.16,5.73,171.2,4.0,106.16000366210938,107.1,32.19,2.76,1.0203,2.7127,62.8158,26.92046356201172
2000-03-07,6.16,5.68,171.2,4.0,106.08999633789062,107.1,33.90,2.78,1.0186,1.4235,56.6158,26.39617156982422
2000-03-08,6.17,5.77,171.2,4.0,105.93000030517578,107.1,31.22,2.74,1.0167,0.5088,47.614,25.488740921020508
2000-03-09,6.16,5.79,171.2,4.0,105.37000274658205,107.1,31.61,2.69,1.0152,1.5983,53.7751,26.174348831176758
2000-03-10,6.19,5.75,171.2,4.0,105.70999908447266,107.1,31.76,.,1.0277,0.8803,46.7696,25.387920379638672
2000-03-13,6.17,5.81,171.2,4.0,105.5,107.1,32.11,2.79,1.0448,0.6618,50.7858,25.831541061401367
2000-03-14,6.11,5.8,171.2,4.0,105.3000030517578,107.1,31.93,2.83,1.0246,-0.1935,47.6924,25.488740921020508
2000-03-15,6.07,5.9,171.2,4.0,105.37999725341795,107.1,30.47,2.76,1.1075,0.3527,58.6075,26.81964683532715
2000-03-16,6.05,5.77,171.2,4.0,105.18000030517578,107.1,31.10,2.84,1.19,2.9843,70.2729,29.07813262939453
2000-03-17,6.01,5.76,171.2,4.0,105.1999969482422,107.1,30.86,2.81,1.1886,3.0842,71.4004,29.360450744628906
2000-03-20,5.99,5.82,171.2,4.0,105.1500015258789,107.1,29.33,2.73,1.2487,0.974,58.881,27.928728103637695
2000-03-21,5.97,5.81,171.2,4.0,105.80999755859376,107.1,28.01,2.74,1.3156,3.181,66.8048,29.683076858520508
2000-03-22,5.97,6.02,171.2,4.0,106.04000091552734,107.1,27.28,2.78,1.297,3.9208,65.6675,29.541934967041016
2000-03-23,5.92,6.04,171.2,4.0,105.2300033569336,107.1,27.47,2.76,1.3883,5.4255,73.5566,31.780261993408203
2000-03-24,6.00,5.98,171.2,4.0,104.7699966430664,107.1,27.86,2.82,1.395,5.4629,67.7952,31.034156799316406
2000-03-27,5.99,6.07,171.2,4.0,105.4499969482422,107.1,27.59,2.82,1.3692,4.567,64.1688,30.55018424987793
2000-03-28,5.98,6.02,171.2,4.0,105.52999877929688,107.1,27.10,2.94,1.33,4.7606,63.0693,30.40903091430664
2000-03-29,5.99,5.98,171.2,4.0,106.25,107.1,26.36,2.92,1.3508,2.2632,54.0229,29.158794403076172
2000-03-30,5.89,6.11,171.2,4.0,105.47000122070312,107.1,26.67,2.83,1.3615,-0.974,47.422,28.06987190246582
2000-03-31,5.84,6.17,171.2,4.0,105.44000244140624,107.1,26.86,2.88,1.3173,-1.1894,47.8202,28.130367279052734
2000-04-03,5.84,6.15,171.3,3.8,105.54000091552734,109.2,26.28,2.92,1.3528,1.8543,57.7556,29.844411849975586
2000-04-04,5.77,5.98,171.3,3.8,105.16999816894533,109.2,25.46,2.87,1.4578,-1.489,47.7331,28.135215759277344
2000-04-05,5.81,6.08,171.3,3.8,105.29000091552734,109.2,25.76,2.86,1.4139,-1.471,47.075,28.013593673706055
2000-04-06,5.80,6.05,171.3,3.8,105.5199966430664,109.2,25.51,2.98,1.3551,-3.3015,49.2636,28.358200073242188
2000-04-07,5.71,5.95,171.3,3.8,105.97000122070312,109.2,24.97,2.99,1.3088,-2.9163,47.0995,28.013593673706055
2000-04-10,5.69,6.05,171.3,3.8,105.68000030517578,109.2,23.91,2.97,1.3036,-1.8987,51.0103,28.581157684326172
2000-04-11,5.77,5.97,171.3,3.8,105.94000244140624,109.2,24.17,2.98,1.2804,-2.4268,46.3937,27.891952514648438
2000-04-12,5.84,5.93,171.3,3.8,105.95999908447266,109.2,25.49,3.05,1.2997,-0.9645,48.3771,28.15547752380371
2000-04-13,5.81,5.97,171.3,3.8,106.13999938964844,109.2,25.29,3.05,1.2643,-0.6345,43.3006,27.40547752380371
2000-04-14,5.79,6.08,171.3,3.8,105.75,109.2,25.48,3.11,1.3702,-2.461,33.7186,25.58116340637207
2000-04-17,5.92,6.18,171.3,3.8,106.12999725341795,109.2,26.06,3.13,1.3732,-4.194,33.3689,25.500072479248047
2000-04-18,5.92,5.93,171.3,3.8,106.62999725341795,109.2,25.92,3.12,1.3397,-1.9618,38.8594,26.108192443847656
2000-04-19,5.85,5.93,171.3,3.8,107.12999725341795,109.2,27.38,3.12,1.3644,-2.6273,34.6216,25.297372817993164
2000-04-20,5.83,6.05,171.3,3.8,107.4499969482422,109.2,27.29,3.07,1.3104,-3.1798,33.5012,25.074399948120117
2000-04-24,5.86,5.9,171.3,3.8,107.27999877929688,109.2,27.41,3.12,1.2812,-3.6475,29.5581,24.24331283569336
2000-04-25,5.95,5.99,171.3,3.8,108.69000244140624,109.2,26.41,3.18,1.2751,-3.1578,39.7466,25.317646026611328
2000-04-26,5.95,6.0,171.3,3.8,108.5500030517578,109.2,24.69,3.12,1.2414,-3.0008,36.8483,24.79060935974121
2000-04-27,6.00,6.0,171.3,3.8,109.56999969482422,109.2,25.53,3.06,1.2229,-4.0587,32.6659,23.959529876708984
2000-04-28,5.97,6.06,171.3,3.8,110.13999938964844,109.2,25.71,3.09,1.2015,-3.886,30.0597,23.391950607299805
2000-05-01,5.98,6.17,171.5,4.0,109.62999725341795,110.7,25.84,3.16,1.2013,-1.6071,35.3663,23.918981552124023
2000-05-02,6.03,6.05,171.5,4.0,110.26000213623048,110.7,26.86,3.20,1.1967,-0.7879,42.4237,24.68925666809082
2000-05-03,6.11,6.05,171.5,4.0,111.26000213623048,110.7,26.60,3.18,1.1672,-1.9618,38.7174,24.081153869628906
2000-05-04,6.19,6.05,171.5,4.0,111.8000030517578,110.7,27.08,3.09,1.1415,-1.491,36.8067,23.75681495666504
2000-05-05,6.20,5.94,171.5,4.0,111.30999755859376,110.7,27.37,3.11,1.1216,-1.6071,34.785,23.4122314453125
2000-05-08,6.25,6.01,171.5,4.0,111.4499969482422,110.7,28.05,3.12,1.0837,-0.8632,34.4085,23.351411819458008
2000-05-09,6.22,5.92,171.5,4.0,110.75,110.7,28.46,3.25,1.0468,-2.2538,32.1312,22.986549377441406
2000-05-10,6.18,5.95,171.5,4.0,110.8000030517578,110.7,28.10,3.20,1.0198,-2.4139,28.1888,22.29736328125
2000-05-11,6.16,6.05,171.5,4.0,111.5199966430664,110.7,29.25,3.37,0.9961,-1.2179,33.5085,22.70277214050293
2000-05-12,6.20,6.11,171.5,4.0,109.9000015258789,110.7,29.64,3.35,1.0312,-0.1569,39.9177,23.229785919189453
2000-05-15,6.17,6.34,171.5,4.0,110.55999755859376,110.7,29.95,3.37,1.0376,0.2731,49.8619,24.202775955200195
2000-05-16,6.12,6.13,171.5,4.0,111.30999755859376,110.7,29.76,3.45,1.0307,-0.587,48.7561,24.081153869628906
2000-05-17,6.18,6.25,171.5,4.0,112.0999984741211,110.7,29.38,3.49,0.9993,-0.0785,47.9576,24.000083923339844
2000-05-18,6.24,6.49,171.5,4.0,112.20999908447266,110.7,30.28,3.73,0.9869,0.587,51.8804,24.364917755126953
2000-05-19,6.22,6.51,171.5,4.0,111.47000122070312,110.7,30.02,3.76,0.9807,0.0973,43.3811,23.513580322265625
2000-05-22,6.18,6.52,171.5,4.0,111.05999755859376,110.7,28.62,3.95,0.9723,0.0596,42.4664,23.4122314453125
2000-05-23,6.17,6.47,171.5,4.0,111.13999938964844,110.7,28.61,3.85,0.9616,0.7031,46.2443,23.716278076171875
2000-05-24,6.19,6.48,171.5,4.0,111.22000122070312,110.7,29.89,3.94,0.9588,0.9009,41.3754,23.229785919189453
2000-05-25,6.11,6.56,171.5,4.0,110.75,110.7,30.43,4.18,0.98,0.0785,37.3813,22.783842086791992
2000-05-26,6.06,6.4,171.5,4.0,109.12000274658205,110.7,29.76,4.29,0.952,-0.3516,38.5834,22.864927291870117
2000-05-30,6.09,6.71,171.5,4.0,108.93000030517578,110.7,30.36,4.35,0.9512,-0.3516,51.0999,23.837902069091797
2000-05-31,6.02,6.83,171.5,4.0,108.73999786376952,110.7,29.03,4.52,0.9366,0.1381,55.1302,24.223041534423828
2000-06-01,5.95,6.65,172.4,4.0,109.0500030517578,106.4,30.19,4.39,0.9496,0.9825,62.2234,25.01357650756836
2000-06-02,5.94,6.44,172.4,4.0,108.12000274658205,106.4,30.34,4.21,0.9994,1.7484,69.9298,26.16899871826172
2000-06-05,5.91,6.51,172.4,4.0,107.45999908447266,106.4,29.87,4.17,0.97,2.1596,64.5462,25.74331283569336
2000-06-06,5.91,6.47,172.4,4.0,106.58999633789062,106.4,29.78,4.48,0.9653,1.5098,55.8644,24.97305679321289
2000-06-07,5.89,6.5,172.4,4.0,106.18000030517578,106.4,29.29,4.23,0.9371,1.1802,55.4465,24.93250274658203
2000-06-08,5.89,6.54,172.4,4.0,106.70999908447266,106.4,29.78,3.96,0.922,1.5318,54.0249,24.810874938964844
2000-06-09,5.89,6.47,172.4,4.0,106.98999786376952,106.4,30.22,4.14,1.0189,0.9605,43.5981,23.77709197998047
2000-06-12,5.88,6.54,172.4,4.0,106.97000122070312,106.4,31.76,4.22,0.9986,0.7486,42.3871,23.64026641845703
2000-06-13,5.94,6.46,172.4,4.0,106.4000015258789,106.4,32.73,4.27,0.9599,-0.3814,40.6173,23.442646026611328
2000-06-14,5.91,6.54,172.4,4.0,106.45999908447266,106.4,32.72,4.16,0.965,0.1256,51.2008,24.354793548583984
2000-06-15,5.93,6.7,172.4,4.0,106.87999725341795,106.4,32.70,4.38,1.0117,-1.2289,45.2155,23.74669075012207
2000-06-16,5.88,6.46,172.4,4.0,105.95999908447266,106.4,32.35,4.45,1.0972,-3.9331,33.4887,22.10478401184082
2000-06-19,5.89,6.51,172.4,4.0,106.33000183105467,106.4,31.57,4.38,1.0948,-2.8439,40.7807,22.804119110107422
2000-06-20,5.90,6.49,172.4,4.0,106.33000183105467,106.4,33.07,4.02,1.0731,-1.5977,45.654,23.32102394104004
2000-06-21,5.96,6.47,172.4,4.0,107.43000030517578,106.4,33.64,4.14,1.049,-2.0027,42.2298,22.864927291870117
2000-06-22,5.98,6.52,172.4,4.0,107.70999908447266,106.4,34.72,4.44,1.0181,-2.1753,40.0295,22.56087875366211
2000-06-23,6.04,6.51,172.4,4.0,108.01000213623048,106.4,34.76,4.42,1.0019,-0.9385,42.7045,22.804119110107422
2000-06-26,5.99,6.63,172.4,4.0,108.11000061035156,106.4,31.56,4.37,0.9935,-0.485,46.3225,23.138578414916992
2000-06-27,5.95,6.56,172.4,4.0,107.36000061035156,106.4,32.01,4.55,0.9626,-0.1177,48.3477,23.32102394104004
2000-06-28,5.97,6.5,172.4,4.0,107.5999984741211,106.4,31.86,4.44,0.9695,-1.4172,44.0251,22.88772964477539
2000-06-29,5.88,6.76,172.4,4.0,106.83999633789062,106.4,32.73,4.25,0.9763,-0.5603,47.3733,23.168983459472656
2000-06-30,5.90,6.86,172.4,4.0,106.83999633789062,106.4,32.44,4.36,0.995,0.2919,40.0824,22.408843994140625
2000-07-03,5.87,7.03,172.8,4.0,107.05999755859376,108.3,.,4.36,1.0,0.4708,50.048,23.300445556640625
2000-07-05,5.86,6.52,172.8,4.0,107.12000274658205,108.3,30.76,4.24,1.0068,0.0618,50.9997,23.392303466796875
2000-07-06,5.91,6.51,172.8,4.0,107.37000274658205,108.3,30.19,4.02,0.988,0.6229,52.3276,23.51477813720703
2000-07-07,5.87,6.42,172.8,4.0,107.6500015258789,108.3,30.26,4.00,1.0085,1.8913,61.8044,24.52516746520996
2000-07-10,5.88,6.51,172.8,4.0,107.01000213623048,108.3,29.51,4.19,0.9809,1.5089,59.8161,24.37209701538086
2000-07-11,5.89,6.39,172.8,4.0,107.13999938964844,108.3,29.61,4.17,0.9849,1.6343,63.7456,24.831361770629883
2000-07-12,5.89,6.38,172.8,4.0,108.12000274658205,108.3,30.34,4.29,0.9718,1.3938,62.8019,24.770116806030273
2000-07-13,5.81,6.5,172.8,4.0,108.54000091552734,108.3,31.41,4.08,0.9447,1.9029,63.6752,24.861976623535156
2000-07-14,5.88,6.51,172.8,4.0,108.4499969482422,108.3,31.31,4.17,0.945,2.464,70.7117,25.719287872314453
2000-07-17,5.93,6.58,172.8,4.0,108.6999969482422,108.3,30.71,4.13,0.9431,2.9758,66.8475,25.489654541015625
2000-07-18,5.92,6.47,172.8,4.0,109.37999725341795,108.3,31.94,3.99,0.9404,1.6022,58.5962,24.953824996948242
2000-07-19,5.92,6.45,172.8,4.0,109.58999633789062,108.3,31.10,4.07,0.92,1.3936,56.8092,24.831361770629883
2000-07-20,5.81,6.52,172.8,4.0,108.61000061035156,108.3,30.94,3.86,0.9474,1.569,60.1574,25.13754653930664
2000-07-21,5.79,6.51,172.8,4.0,108.41999816894533,108.3,28.56,3.88,0.9623,1.2656,66.7223,25.834102630615234
2000-07-24,5.81,6.52,172.8,4.0,108.69000244140624,108.3,27.97,3.74,0.9606,0.858,57.9767,25.260021209716797
2000-07-25,5.81,6.46,172.8,4.0,108.37999725341795,108.3,27.89,3.63,0.9215,0.2654,55.8226,25.1069278717041
2000-07-26,5.82,6.49,172.8,4.0,108.11000061035156,108.3,27.81,3.59,0.9447,-0.5593,44.6929,24.188385009765625
2000-07-27,5.78,6.52,172.8,4.0,108.88999938964844,108.3,28.21,3.75,0.9449,-0.4124,47.7857,24.433326721191406
2000-07-28,5.78,6.44,172.8,4.0,109.73999786376952,108.3,28.22,3.89,0.9472,-1.9529,40.2778,23.6984806060791
2000-07-31,5.79,6.64,172.8,4.0,109.56999969482422,108.3,27.50,3.75,0.9324,-1.0523,48.799,24.40269660949707
2000-08-01,5.74,6.51,172.8,4.1,110.0500030517578,107.3,27.85,3.78,0.9931,0.3223,57.356,25.290630340576172
2000-08-02,5.77,6.42,172.8,4.1,110.66999816894533,107.3,28.27,4.05,0.9793,0.3555,56.316,25.19878578186035
2000-08-03,5.74,6.45,172.8,4.1,110.9800033569336,107.3,28.92,4.23,0.9751,-0.5025,49.6968,24.617027282714844
2000-08-04,5.72,6.44,172.8,4.1,110.8499984741211,107.3,29.94,4.25,0.9901,-0.1375,59.4441,25.688669204711914
2000-08-07,5.76,6.46,172.8,4.1,110.8000030517578,107.3,28.93,4.39,0.9762,0.948,63.4667,26.239791870117188
2000-08-08,5.73,6.44,172.8,4.1,111.31999969482422,107.3,29.26,4.46,0.9492,1.0665,63.0942,26.20917320251465
2000-08-09,5.73,6.48,172.8,4.1,111.44000244140624,107.3,30.38,4.48,0.9322,1.3889,55.8681,25.62743377685547
2000-08-10,5.68,6.52,172.8,4.1,110.9000015258789,107.3,31.09,4.43,0.9143,0.948,53.412,25.413103103637695
2000-08-11,5.72,6.5,172.8,4.1,111.20999908447266,107.3,31.02,4.44,0.8873,1.7159,54.0385,25.474348068237305
2000-08-14,5.70,6.58,172.8,4.1,111.08000183105467,107.3,31.92,4.42,0.8727,1.3936,57.9642,25.84177017211914
2000-08-15,5.72,6.63,172.8,4.1,110.51000213623048,107.3,31.43,4.24,0.8699,0.0901,51.8026,25.382497787475586
2000-08-16,5.73,6.48,172.8,4.1,110.26000213623048,107.3,31.91,4.24,0.867,-0.5025,43.9123,24.67827796936035
2000-08-17,5.72,6.47,172.8,4.1,110.11000061035156,107.3,31.88,4.35,0.841,0.2086,45.8972,24.831361770629883
2000-08-18,5.69,6.44,172.8,4.1,111.01000213623048,107.3,31.97,4.38,0.8148,-0.8011,46.3059,24.861976623535156
2000-08-21,5.71,6.48,172.8,4.1,111.45999908447266,107.3,32.42,4.60,0.7904,-1.2419,47.6959,24.953824996948242
2000-08-22,5.71,6.42,172.8,4.1,111.79000091552734,107.3,31.24,4.80,0.8207,-0.3555,58.9456,25.84177017211914
2000-08-23,5.68,6.5,172.8,4.1,111.41999816894533,107.3,31.23,4.67,0.8172,0.948,65.9574,26.60721778869629
2000-08-24,5.67,6.56,172.8,4.1,111.2300033569336,107.3,33.41,4.53,0.8225,0.6494,58.4239,26.086715698242188
2000-08-25,5.67,6.54,172.8,4.1,111.3499984741211,107.3,34.01,4.55,0.825,0.0284,51.138,25.504968643188477
2000-08-28,5.72,6.57,172.8,4.1,111.45999908447266,107.3,32.92,4.62,0.8105,-0.0284,54.4774,25.811141967773438
2000-08-29,5.75,6.51,172.8,4.1,112.1999969482422,107.3,32.73,4.60,0.8057,0.0332,49.6317,25.413103103637695
2000-08-30,5.74,6.51,172.8,4.1,112.13999938964844,107.3,33.25,4.61,0.8159,1.3604,56.8454,26.086715698242188
2000-08-31,5.67,6.65,172.8,4.1,112.5999984741211,107.3,33.09,4.76,0.8697,2.4601,66.9438,27.372663497924805
2000-09-01,5.67,6.52,173.7,3.9,111.41999816894533,106.8,33.42,4.70,0.8648,2.6355,68.2917,27.586992263793945
2000-09-05,5.67,6.61,173.7,3.9,112.41000366210938,106.8,33.92,4.81,0.8494,2.9294,70.7851,27.98504066467285
2000-09-06,5.71,6.56,173.7,3.9,114.12000274658205,106.8,34.97,4.89,0.8734,1.5405,63.1552,27.433902740478516
2000-09-07,5.72,6.53,173.7,3.9,113.6500015258789,106.8,35.18,4.85,0.8574,1.3936,67.4995,28.046262741088867
2000-09-08,5.70,6.5,173.7,3.9,114.33999633789062,106.8,33.62,4.74,0.8489,2.1615,69.3012,28.321840286254883
2000-09-11,5.73,6.5,173.7,3.9,115.37000274658205,106.8,35.14,4.85,0.852,2.5786,67.0161,28.16874885559082
2000-09-12,5.76,6.47,173.7,3.9,115.16999816894533,106.8,34.25,4.96,0.9922,0.0569,43.1166,25.872371673583984
2000-09-13,5.73,6.47,173.7,3.9,115.33999633789062,106.8,33.87,5.06,1.0294,-0.5641,36.567,24.831361770629883
2000-09-14,5.81,6.5,173.7,3.9,115.16000366210938,106.8,34.37,5.10,1.0256,-1.5405,34.6628,24.494550704956055
2000-09-15,5.90,6.55,173.7,3.9,115.94000244140624,106.8,35.87,5.28,1.0156,-3.2043,32.2807,24.065906524658203
2000-09-18,5.96,6.44,173.7,3.9,116.0,106.8,36.75,5.06,1.0298,-4.6216,26.4135,22.810558319091797
2000-09-19,5.92,6.4,173.7,3.9,116.11000061035156,106.8,36.96,5.22,1.0006,-4.8539,28.2254,22.96364974975586
2000-09-20,5.97,6.5,173.7,3.9,116.41000366210938,106.8,37.22,5.24,0.9779,-4.5031,27.3373,22.77994155883789
2000-09-21,5.93,6.53,173.7,3.9,115.2699966430664,106.8,33.84,5.16,0.9752,-5.5127,25.2897,21.86139678955078
2000-09-22,5.92,6.48,173.7,3.9,113.55999755859376,106.8,32.66,5.16,1.0094,-4.5036,40.4364,23.147354125976562
2000-09-25,5.90,6.54,173.7,3.9,114.05999755859376,106.8,31.50,5.12,0.9958,-4.4778,39.5887,23.024900436401367
2000-09-26,5.86,6.5,173.7,3.9,113.16000366210938,106.8,31.78,5.28,1.0004,-2.7103,36.4006,22.56560707092285
2000-09-27,5.90,6.5,173.7,3.9,113.11000061035156,106.8,31.23,5.34,0.9875,-1.9768,34.5584,22.290048599243164
2000-09-28,5.89,6.59,173.7,3.9,113.30999755859376,106.8,30.26,5.20,0.9841,-0.9809,42.523,22.96364974975586
2000-09-29,5.88,6.6,173.7,3.9,113.25,106.8,30.87,5.10,0.9633,-0.8982,39.8299,22.62685203552246
2000-10-02,5.93,6.68,174.0,3.9,113.79000091552734,105.8,32.05,5.24,0.9399,0.9502,46.9212,23.26983070373535
2000-10-03,5.94,6.46,174.0,3.9,114.22000122070312,105.8,31.86,5.29,0.9267,0.435,43.6488,22.902406692504883
2000-10-04,5.95,6.51,174.0,3.9,114.16999816894533,105.8,30.91,5.22,0.9041,0.1935,40.0489,22.474496841430664
2000-10-05,5.91,6.54,174.0,3.9,114.73999786376952,105.8,30.66,5.21,0.9159,0.064,35.7962,21.919572830200195
2000-10-06,5.85,6.43,174.0,3.9,114.8499984741211,105.8,30.86,5.04,0.9637,-1.9719,30.7438,21.148839950561523
2000-10-09,.,6.43,174.0,3.9,114.80999755859376,105.8,31.98,5.09,0.9406,-2.2509,28.4025,20.748069763183594
2000-10-10,5.83,6.57,174.0,3.9,114.36000061035156,105.8,33.29,5.16,0.9518,-2.4054,25.1575,20.13149070739746
2000-10-11,5.83,6.46,174.0,3.9,114.48999786376952,105.8,33.20,5.10,0.9556,-2.1926,24.8546,20.069814682006836
2000-10-12,5.82,6.47,174.0,3.9,114.88999938964844,105.8,36.06,5.54,1.0007,-4.2669,18.8139,18.65167236328125
2000-10-13,5.80,6.46,174.0,3.9,115.86000061035156,105.8,34.96,5.43,1.0118,-3.015,30.9806,19.576557159423828
2000-10-16,5.81,6.59,174.0,3.9,116.38999938964844,105.8,33.18,5.34,1.0072,-3.7133,30.6279,19.514904022216797
2000-10-17,5.77,6.45,174.0,3.9,115.88999938964844,105.8,33.36,5.27,1.0311,-4.1405,26.4578,18.713342666625977
2000-10-18,5.77,6.53,174.0,3.9,117.33000183105467,105.8,33.51,5.36,1.1575,-4.2362,24.0748,18.18924903869629
2000-10-19,5.76,6.54,174.0,3.9,116.94000244140624,105.8,33.06,5.04,1.1878,-2.6842,36.4372,19.206605911254883
2000-10-20,5.73,6.5,174.0,3.9,117.16000366210938,105.8,34.31,4.84,1.1469,-2.1962,34.7292,18.92913818359375
2000-10-23,5.68,6.53,174.0,3.9,117.54000091552734,105.8,34.90,4.82,1.0932,-1.796,34.7292,18.92913818359375
2000-10-24,5.71,6.49,174.0,3.9,117.41999816894533,105.8,34.53,4.84,1.0915,-0.366,44.3847,19.76153564453125
2000-10-25,5.75,6.53,174.0,3.9,118.48999786376952,105.8,33.62,4.64,1.0724,-0.3367,44.1257,19.730712890625
2000-10-26,5.74,6.53,174.0,3.9,118.5,105.8,33.75,4.61,1.0676,1.0688,44.1257,19.730712890625
2000-10-27,5.74,6.51,174.0,3.9,117.38999938964844,105.8,32.78,4.48,1.0939,1.4641,57.7676,21.056360244750977
2000-10-30,5.76,6.59,174.0,3.9,117.25,105.8,32.86,4.56,1.0593,2.0449,61.8462,21.580459594726562
2000-10-31,5.79,6.59,174.0,3.9,116.6500015258789,105.8,32.70,4.37,1.06,3.6896,67.5882,22.44366455078125
2000-11-01,5.78,6.61,174.1,3.9,115.55999755859376,107.6,33.14,4.40,1.0299,4.2996,68.1661,22.53616714477539
2000-11-02,5.79,6.54,174.1,3.9,115.61000061035156,107.6,32.59,4.50,0.9954,3.2015,66.8418,22.44366455078125
2000-11-03,5.86,6.48,174.1,3.9,114.97000122070312,107.6,32.62,4.64,0.9745,2.9575,59.6574,21.919572830200195
2000-11-06,5.89,6.49,174.1,3.9,115.69000244140624,107.6,33.02,4.60,0.9485,3.4748,63.9614,22.44366455078125
2000-11-07,5.90,6.48,174.1,3.9,115.5199966430664,107.6,33.44,4.68,0.9114,2.3816,60.1919,22.166210174560547
2000-11-08,5.89,6.51,174.1,3.9,116.2300033569336,107.6,32.92,4.92,0.9052,1.7374,51.8285,21.48797035217285
2000-11-09,5.85,6.52,174.1,3.9,115.33999633789062,107.6,33.87,5.34,0.9016,2.0107,54.6684,21.76543617248535
2000-11-10,5.88,6.48,174.1,3.9,115.79000091552734,107.6,34.05,5.24,0.8982,0.0586,47.4044,21.118013381958008
2000-11-13,5.85,6.55,174.1,3.9,115.6999969482422,107.6,34.30,5.59,0.9058,-0.7955,43.984,20.778898239135742
2000-11-14,5.81,6.52,174.1,3.9,116.22000122070312,107.6,34.72,5.81,0.8913,-1.4348,46.7084,20.994701385498047
2000-11-15,5.77,6.61,174.1,3.9,116.3499984741211,107.6,35.54,5.95,0.904,-2.4109,38.2134,20.100662231445312
2000-11-16,5.75,6.55,174.1,3.9,116.93000030517578,107.6,34.84,5.94,0.8809,-2.2547,39.0974,20.162307739257812
2000-11-17,5.78,6.48,174.1,3.9,117.30999755859376,107.6,35.62,5.62,0.8835,-2.3523,33.8778,19.545730590820312
2000-11-20,5.76,6.52,174.1,3.9,117.3499984741211,107.6,35.98,6.23,0.8839,-3.387,30.1193,19.021623611450195
2000-11-21,5.74,6.5,174.1,3.9,117.9499969482422,107.6,35.54,6.35,0.8751,-3.0502,31.16,19.083288192749023
2000-11-22,5.68,6.58,174.1,3.9,117.8499984741211,107.6,36.06,6.30,0.8715,-2.9868,26.8826,18.466707229614258
2000-11-24,5.67,6.49,174.1,3.9,118.4800033569336,107.6,36.06,.,0.8703,-2.4402,39.3213,19.299091339111328
2000-11-27,5.71,6.5,174.1,3.9,117.0999984741211,107.6,36.24,6.24,0.8454,-1.674,41.0459,19.422409057617188
2000-11-28,5.67,6.46,174.1,3.9,116.58000183105467,107.6,34.02,5.90,0.8784,-2.0107,35.1536,18.744171142578125
2000-11-29,5.66,6.5,174.1,3.9,116.61000061035156,107.6,34.58,5.93,0.8635,-2.2547,34.9115,18.713342666625977
2000-11-30,5.60,6.62,174.1,3.9,115.23999786376952,107.6,33.61,6.31,0.8997,-1.8887,30.7538,18.18924903869629
2000-12-01,5.64,6.6,174.0,3.9,114.7300033569336,98.4,32.06,6.53,0.8986,-1.7423,34.2815,18.40504264831543
2000-12-04,5.66,6.57,174.0,3.9,113.70999908447266,98.4,31.28,7.41,0.8867,-0.8199,39.3143,18.713342666625977
2000-12-05,5.59,6.51,174.0,3.9,114.47000122070312,98.4,29.25,8.03,0.9453,1.3421,58.2965,20.378108978271484
2000-12-06,5.52,6.48,174.0,3.9,113.30999755859376,98.4,30.24,8.75,1.0239,0.6686,51.6395,19.76153564453125
2000-12-07,5.51,6.49,174.0,3.9,113.54000091552734,98.4,29.36,8.48,1.025,0.8541,47.4493,19.329919815063477
2000-12-08,5.55,6.47,174.0,3.9,114.0500030517578,98.4,28.31,8.13,1.0107,0.4295,51.5189,19.730712890625
2000-12-11,5.54,6.49,174.0,3.9,114.29000091552734,98.4,29.75,9.96,1.0298,1.5227,61.6923,20.96388053894043
2000-12-12,5.53,6.43,174.0,3.9,114.26000213623048,98.4,29.81,8.58,1.0173,2.4402,63.3991,21.210500717163086
2000-12-13,5.48,6.47,174.0,3.9,114.70999908447266,98.4,28.75,7.80,1.0035,3.2015,68.1319,21.950407028198242
2000-12-14,5.45,6.53,174.0,3.9,113.37999725341795,98.4,28.06,7.48,1.0406,2.9282,58.9799,21.148839950561523
2000-12-15,5.44,6.58,174.0,3.9,112.9000015258789,98.4,28.86,8.03,1.0381,3.2357,62.6295,21.67293930053711
2000-12-18,5.44,6.5,174.0,3.9,113.06999969482422,98.4,29.52,9.28,1.0187,3.631,67.054,22.382009506225586
2000-12-19,5.47,6.47,174.0,3.9,113.20999908447266,98.4,29.34,9.11,1.0156,1.7081,63.7352,22.104543685913086
2000-12-20,5.42,6.47,174.0,3.9,111.97000122070312,98.4,25.83,9.95,0.9975,1.6789,56.5836,21.4571533203125
2000-12-21,5.41,6.48,174.0,3.9,111.51000213623048,98.4,26.06,10.49,1.0067,2.9282,62.5992,22.289533615112305
2000-12-22,5.40,6.44,174.0,3.9,110.81999969482422,98.4,26.16,10.48,0.9829,2.7428,64.009,22.50533676147461
2000-12-26,5.41,6.58,174.0,3.9,110.30999755859376,98.4,27.00,10.23,0.9497,1.5861,64.459,22.566997528076172
2000-12-27,5.45,6.53,174.0,3.9,110.31999969482422,98.4,26.55,9.58,0.9408,1.6496,66.701,22.875288009643555
2000-12-28,5.44,6.53,174.0,3.9,110.37999725341795,98.4,25.82,9.22,0.9259,1.1908,68.6539,23.152732849121094
2000-12-29,5.46,5.41,174.0,3.9,109.55999755859376,98.4,26.72,10.48,0.973,1.2494,58.4513,22.412843704223633
2001-01-02,5.35,6.67,175.1,4.2,108.7699966430664,94.7,27.29,9.97,0.9778,0.0293,50.4535,21.703771591186523
2001-01-03,5.49,6.35,175.1,4.2,110.16999816894533,94.7,27.93,9.71,1.1828,3.0454,72.5427,25.154605865478516
2001-01-04,5.44,5.92,175.1,4.2,108.80999755859376,94.7,27.95,9.45,1.2185,4.0103,74.8441,25.837833404541016
2001-01-05,5.41,5.83,175.1,4.2,108.41999816894533,94.7,28.02,10.03,1.2626,3.1268,62.0339,24.316133499145508
2001-01-08,5.42,5.98,175.1,4.2,108.86000061035156,94.7,27.44,10.31,1.2368,2.4563,62.7515,24.47140884399414
2001-01-09,5.43,5.95,175.1,4.2,109.5199966430664,94.7,27.72,9.95,1.2238,1.9677,60.4578,24.191904067993164
2001-01-10,5.49,6.06,175.1,4.2,109.86000061035156,94.7,29.42,9.91,1.243,3.024,66.0051,25.30988883972168
2001-01-11,5.55,6.05,175.1,4.2,109.01000213623048,94.7,29.42,8.95,1.2719,4.2992,72.1424,26.893693923950195
2001-01-12,5.63,5.98,175.1,4.2,109.36000061035156,94.7,30.07,8.75,1.2429,3.6228,68.6355,26.489978790283203
2001-01-16,5.60,6.2,175.1,4.2,110.11000061035156,94.7,30.19,8.16,1.232,4.2951,68.0906,26.42786979675293
2001-01-17,5.52,5.94,175.1,4.2,110.80999755859376,94.7,29.77,7.85,1.2129,4.9033,67.1528,26.33469581604004
2001-01-18,5.47,5.93,175.1,4.2,109.94000244140624,94.7,30.42,7.09,1.213,0.4081,59.657,25.558330535888672
2001-01-19,5.56,5.92,175.1,4.2,110.66000366210938,94.7,32.12,7.61,1.1932,-0.7167,55.7561,25.12358283996582
2001-01-22,5.61,6.0,175.1,4.2,110.23999786376952,94.7,32.21,7.70,1.1837,0.9655,56.8949,25.278839111328125
2001-01-23,5.65,5.97,175.1,4.2,110.23999786376952,94.7,31.66,7.02,1.1681,1.2143,59.8047,25.68254852294922
2001-01-24,5.67,6.05,175.1,4.2,111.68000030517578,94.7,31.46,6.81,1.149,2.2694,64.8783,26.458919525146484
2001-01-25,5.61,6.1,175.1,4.2,111.61000061035156,94.7,31.61,6.81,1.1427,1.0551,63.7887,26.365766525268555
2001-01-26,5.64,5.96,175.1,4.2,111.45999908447266,94.7,29.79,7.00,1.1233,0.0348,67.406,26.92475700378418
2001-01-29,5.69,5.98,175.1,4.2,111.7699966430664,94.7,29.07,6.76,1.1077,0.9008,70.1343,27.38809585571289
2001-01-30,5.59,5.9,175.1,4.2,110.9800033569336,94.7,29.12,5.96,1.0837,1.3885,72.4994,27.815418243408203
2001-01-31,5.54,5.74,175.1,4.2,110.5199966430664,94.7,28.62,5.83,1.1069,0.9904,65.8312,27.323501586914062
2001-02-01,5.46,5.57,175.8,4.2,109.66000366210938,90.6,29.88,5.82,1.111,2.1948,68.6172,27.750823974609375
2001-02-02,5.51,5.5,175.8,4.2,110.31999969482422,90.6,31.27,6.76,1.0871,2.0305,60.8596,27.14959716796875
2001-02-05,5.48,5.52,175.8,4.2,109.88999938964844,90.6,30.55,6.15,1.0539,1.8514,60.6079,27.12971305847168
2001-02-06,5.51,5.48,175.8,4.2,110.7699966430664,90.6,30.27,5.59,1.0711,0.2936,47.8542,25.97695541381836
2001-02-07,5.52,5.5,175.8,4.2,110.88999938964844,90.6,31.27,5.67,1.0521,-0.4579,48.1156,26.001792907714844
2001-02-08,5.44,5.5,175.8,4.2,112.05999755859376,90.6,31.57,6.24,1.031,-0.6868,44.8664,25.678829193115234
2001-02-09,5.38,5.44,175.8,4.2,111.5199966430664,90.6,30.93,6.24,1.0125,-1.1148,46.5328,25.81299591064453
2001-02-12,5.42,5.48,175.8,4.2,111.19000244140624,90.6,30.52,5.74,0.9906,-1.279,50.246,26.11109733581543
2001-02-13,5.43,5.46,175.8,4.2,111.95999908447266,90.6,30.12,5.58,1.0123,-2.4088,42.5332,25.410507202148438
2001-02-14,5.44,5.5,175.8,4.2,112.04000091552734,90.6,29.55,5.89,0.9748,-1.8912,42.8786,25.435354232788086
2001-02-15,5.50,5.57,175.8,4.2,113.1999969482422,90.6,28.96,5.35,0.971,-2.359,42.4252,25.395601272583008
2001-02-16,5.46,5.46,175.8,4.2,112.26000213623048,90.6,29.22,5.57,0.9638,-1.3188,49.0148,25.832857131958008
2001-02-20,5.46,5.57,175.8,4.2,112.81999969482422,90.6,28.60,5.17,1.0006,-2.3142,37.855,24.819225311279297
2001-02-21,5.49,5.5,175.8,4.2,113.12000274658205,90.6,28.64,5.20,1.0389,-2.4536,28.6255,23.527324676513672
2001-02-22,5.52,5.52,175.8,4.2,113.33999633789062,90.6,28.52,5.11,1.0682,-2.0056,35.0541,23.999364852905273
2001-02-23,5.49,5.46,175.8,4.2,112.02999877929688,90.6,28.83,5.05,1.0665,-2.3043,30.9753,23.37827491760254
2001-02-26,5.45,5.55,175.8,4.2,112.7699966430664,90.6,28.27,5.07,1.0789,-1.6921,40.2458,24.12359046936035
2001-02-27,5.34,5.49,175.8,4.2,112.33999633789062,90.6,28.26,5.07,1.106,-2.4635,36.7705,23.651554107666016
2001-02-28,5.34,5.59,175.8,4.2,112.01000213623048,90.6,27.35,5.25,1.1229,-2.2296,33.5823,23.184473037719727
2001-03-01,5.29,5.59,176.2,4.3,111.27999877929688,91.5,27.78,5.25,1.1096,-2.5282,31.7904,22.911197662353516
2001-03-02,5.38,5.52,176.2,4.3,111.16999816894533,91.5,27.89,5.06,1.116,-2.6427,30.7624,22.757165908813477
2001-03-05,5.36,5.52,176.2,4.3,111.54000091552734,91.5,28.61,5.32,1.0949,-2.6029,37.6949,23.234161376953125
2001-03-06,5.38,5.39,176.2,4.3,111.1999969482422,91.5,28.40,5.27,1.0946,-0.9904,45.3014,23.83042335510254
2001-03-07,5.32,5.34,176.2,4.3,111.83000183105467,91.5,28.95,5.22,1.1049,1.4433,56.5494,24.968280792236328
2001-03-08,5.30,5.46,176.2,4.3,111.48999786376952,91.5,28.31,5.25,1.0754,0.9655,56.493,24.963315963745117
2001-03-09,5.32,5.42,176.2,4.3,111.44000244140624,91.5,27.97,5.13,1.0853,0.9456,49.431,24.32234001159668
2001-03-12,5.31,5.5,176.2,4.3,112.01000213623048,91.5,27.91,4.98,1.1308,-1.5229,36.014,22.603139877319336
2001-03-13,5.34,5.5,176.2,4.3,113.11000061035156,91.5,27.45,5.08,1.1321,-0.0995,45.1462,23.552175521850586
2001-03-14,5.28,5.48,176.2,4.3,113.6999969482422,91.5,26.49,4.99,1.1938,-1.4482,34.6467,21.738554000854492
2001-03-15,5.29,5.52,176.2,4.3,114.70999908447266,91.5,26.56,5.27,1.1868,-0.423,40.9584,22.48884391784668
2001-03-16,5.28,5.4,176.2,4.3,115.31999969482422,91.5,26.68,5.27,1.1653,-0.6072,39.0704,22.15097999572754
2001-03-19,5.30,5.38,176.2,4.3,115.1999969482422,91.5,26.17,5.27,1.1798,-0.8013,41.5786,22.434186935424805
2001-03-20,5.27,5.14,176.2,4.3,114.11000061035156,91.5,25.99,5.27,1.2007,-2.6725,34.4928,21.162172317504883
2001-03-21,5.28,5.05,176.2,4.3,115.52999877929688,91.5,26.43,5.16,1.2245,-5.0017,29.3111,19.974618911743164
2001-03-22,5.25,5.04,176.2,4.3,116.3000030517578,91.5,26.19,5.16,1.2301,-5.6387,26.8886,19.333650588989258
2001-03-23,5.30,4.94,176.2,4.3,115.94000244140624,91.5,27.31,5.16,1.2486,-3.6032,39.0394,20.72491455078125
2001-03-26,5.36,5.03,176.2,4.3,115.20999908447266,91.5,27.40,5.23,1.207,-1.6822,40.6062,20.92366600036621
2001-03-27,5.45,5.04,176.2,4.3,115.43000030517578,91.5,27.62,5.47,1.2026,-2.0106,45.4724,21.544769287109375
2001-03-28,5.47,5.05,176.2,4.3,116.01000213623048,91.5,26.43,5.60,1.1668,-0.5972,42.9394,21.142290115356445
2001-03-29,5.48,5.19,176.2,4.3,116.5999984741211,91.5,26.47,5.31,1.1272,-1.1248,44.8362,21.365896224975586
2001-03-30,5.46,5.29,176.2,4.3,117.37000274658205,91.5,26.37,5.35,1.1213,0.1593,52.2785,22.30997085571289
2001-04-02,5.49,5.3,176.9,4.4,117.33999633789062,88.4,25.70,5.25,1.1034,-0.2737,51.0697,22.16090202331543
2001-04-03,5.48,5.1,176.9,4.4,115.62999725341795,88.4,26.65,5.25,1.1348,-0.4927,40.6313,20.670251846313477
2001-04-04,5.50,5.01,176.9,4.4,115.08000183105467,88.4,27.16,5.24,1.1508,-0.0299,36.5874,20.284513473510742
2001-04-05,5.53,5.04,176.9,4.4,115.47000122070312,88.4,27.24,5.27,1.1561,1.6009,44.882,21.291471481323242
2001-04-06,5.46,4.94,176.9,4.4,114.75,88.4,27.07,5.33,1.1789,-0.8315,38.9359,20.234418869018555
2001-04-09,5.50,4.98,176.9,4.4,115.20999908447266,88.4,27.45,5.45,1.1539,-1.0156,39.0659,20.24944305419922
2001-04-10,5.63,4.96,176.9,4.4,116.0199966430664,88.4,28.47,5.55,1.1733,-0.2172,50.1819,21.692245483398438
2001-04-11,5.60,4.95,176.9,4.4,116.12999725341795,88.4,28.42,5.45,1.1777,0.8987,54.781,22.413665771484375
2001-04-12,5.61,5.02,176.9,4.4,115.54000091552734,88.4,28.75,5.32,1.1552,0.9859,56.7194,22.729265213012695
2001-04-16,5.70,5.17,176.9,4.4,116.18000030517578,88.4,28.81,5.48,1.1207,0.1005,57.1147,22.794395446777344
2001-04-17,5.65,4.99,176.9,4.4,116.45999908447266,88.4,27.89,5.36,1.0834,0.1896,56.5409,22.729265213012695
2001-04-18,5.65,4.67,176.9,4.4,116.12999725341795,88.4,27.83,5.15,1.173,3.5197,67.5797,24.597917556762695
2001-04-19,5.77,4.47,176.9,4.4,115.0199966430664,88.4,27.92,5.06,1.1348,4.1008,66.1015,24.447612762451172
2001-04-20,5.79,4.38,176.9,4.4,114.31999969482422,88.4,27.00,5.00,1.1068,2.6151,61.0374,23.946632385253906
2001-04-23,5.73,4.4,176.9,4.4,114.7699966430664,88.4,26.97,5.09,1.0794,3.4081,58.5698,23.69615364074707
2001-04-24,5.75,4.41,176.9,4.4,115.1999969482422,88.4,25.24,5.13,1.041,3.4432,58.9461,23.746252059936523
2001-04-25,5.78,4.54,176.9,4.4,114.9800033569336,88.4,25.93,4.98,1.0226,2.0629,59.275,23.78632354736328
2001-04-26,5.71,4.57,176.9,4.4,114.45999908447266,88.4,28.47,4.92,1.008,1.8521,63.3521,24.297321319580078
2001-04-27,5.81,4.51,176.9,4.4,115.62000274658205,88.4,28.35,4.83,0.9915,2.2085,68.0753,24.973642349243164
2001-04-30,5.78,4.67,176.9,4.4,115.8499984741211,88.4,28.48,4.73,1.0139,1.2247,56.8189,24.03681182861328
2001-05-01,5.75,4.61,177.7,4.3,115.3000030517578,92.0,28.37,4.55,0.9831,1.6564,59.79,24.41254234313965
2001-05-02,5.71,4.35,177.7,4.3,115.16000366210938,92.0,27.89,4.54,0.9681,0.2309,62.9303,24.83338165283203
2001-05-03,5.64,4.48,177.7,4.3,115.37999725341795,92.0,28.66,4.46,0.943,0.0954,59.4096,24.547815322875977
2001-05-04,5.65,4.41,177.7,4.3,114.93000030517578,92.0,28.41,4.50,0.9606,1.3853,65.4664,25.349382400512695
2001-05-07,5.68,4.47,177.7,4.3,115.31999969482422,92.0,27.79,4.33,0.9623,0.9386,57.1854,24.648006439208984
2001-05-08,5.72,4.41,177.7,4.3,116.08000183105467,92.0,27.35,4.22,0.9534,0.1757,49.9601,23.921600341796875
2001-05-09,5.67,4.43,177.7,4.3,116.0500030517578,92.0,28.39,4.15,0.9119,-0.1154,47.6068,23.67110252380371
2001-05-10,5.75,4.51,177.7,4.3,116.37000274658205,92.0,28.50,4.17,0.9059,-0.4869,48.9949,23.80135726928711
2001-05-11,5.88,4.47,177.7,4.3,116.83999633789062,92.0,28.59,4.25,0.8921,-1.6815,43.789,23.265317916870117
2001-05-14,5.85,4.43,177.7,4.3,117.13999938964844,92.0,28.83,4.28,0.8786,-0.1656,50.3733,23.86648941040039
2001-05-15,5.89,4.22,177.7,4.3,116.79000091552734,92.0,28.90,4.46,0.8477,-0.7178,48.4495,23.686141967773438
2001-05-16,5.86,4.04,177.7,4.3,116.13999938964844,92.0,28.77,4.46,0.8596,-0.6174,53.9822,24.202138900756836
2001-05-17,5.80,4.04,177.7,4.3,116.12000274658205,92.0,29.02,4.20,0.8297,-0.3965,53.2353,24.142013549804688
2001-05-18,5.76,3.95,177.7,4.3,116.41000366210938,92.0,29.90,4.15,0.8027,-1.2046,53.0315,24.126991271972656
2001-05-21,5.75,4.02,177.7,4.3,116.5199966430664,92.0,29.96,4.14,0.8089,0.1154,60.103,24.763240814208984
2001-05-22,5.78,3.99,177.7,4.3,117.69000244140624,92.0,29.75,4.04,0.7923,1.1193,62.9768,25.058818817138672
2001-05-23,5.79,3.97,177.7,4.3,118.29000091552734,92.0,28.85,4.11,0.7934,0.8282,54.8088,24.50773048400879
2001-05-24,5.87,3.98,177.7,4.3,118.36000061035156,92.0,27.97,4.12,0.8017,1.3251,61.2689,24.71815299987793
2001-05-25,5.86,3.94,177.7,4.3,118.18000030517578,92.0,28.08,3.83,0.8007,1.1143,51.6258,24.397523880004883
2001-05-29,5.86,4.09,177.7,4.3,118.22000122070312,92.0,28.76,3.86,0.7912,0.8332,54.9487,24.7131290435791
2001-05-30,5.86,4.05,177.7,4.3,118.22000122070312,92.0,28.71,3.66,0.7881,0.6625,50.5893,24.35744285583496
2001-05-31,5.78,4.24,177.7,4.3,119.06999969482422,92.0,28.39,3.73,0.7788,0.4116,53.626,24.622961044311523
2001-06-01,5.71,4.14,178.0,4.5,118.88999938964844,92.6,27.88,3.70,0.7532,0.3463,51.9214,24.492700576782227
2001-06-04,5.69,4.03,178.0,4.5,119.19000244140624,92.6,28.14,3.98,0.7389,0.6625,55.6783,24.798309326171875
2001-06-05,5.66,3.93,178.0,4.5,118.6999969482422,92.6,27.84,3.93,0.7359,-0.4618,48.7014,24.297321319580078
2001-06-06,5.65,3.91,178.0,4.5,119.36000061035156,92.6,27.56,3.76,0.7622,-1.571,39.6192,23.4657039642334
2001-06-07,5.72,3.92,178.0,4.5,119.08999633789062,92.6,27.91,3.68,0.7899,-1.6263,34.4133,22.85953140258789
2001-06-08,5.73,4.02,178.0,4.5,119.20999908447266,92.6,28.43,3.62,0.798,-2.9564,29.3688,22.14313316345215
2001-06-11,5.69,4.03,178.0,4.5,120.0500030517578,92.6,28.94,3.91,0.7675,-2.2286,29.3006,22.13310432434082
2001-06-12,5.65,3.98,178.0,4.5,119.61000061035156,92.6,29.13,4.05,0.7722,-2.8811,26.9383,21.78742790222168
2001-06-13,5.66,4.04,178.0,4.5,119.02999877929688,92.6,28.81,4.13,0.7651,-2.329,30.5956,21.992834091186523
2001-06-14,5.65,4.03,178.0,4.5,117.98999786376952,92.6,29.12,3.92,0.7467,-2.7405,29.3704,21.83753776550293
2001-06-15,5.68,3.94,178.0,4.5,118.29000091552734,92.6,28.52,3.86,0.7529,-1.9726,40.6395,22.493812561035156
2001-06-18,5.70,3.91,178.0,4.5,118.36000061035156,92.6,27.55,3.91,0.736,-2.5649,37.6177,22.19822883605957
2001-06-19,5.69,3.91,178.0,4.5,119.04000091552734,92.6,27.49,3.96,0.7275,-1.9625,39.4295,22.30344581604004
2001-06-20,5.67,3.98,178.0,4.5,119.12999725341795,92.6,26.52,3.83,0.7283,-0.6124,47.9141,22.844497680664062
2001-06-21,5.64,4.02,178.0,4.5,118.88999938964844,92.6,26.85,3.69,0.7469,0.7378,57.3154,23.60598373413086
2001-06-22,5.58,3.98,178.0,4.5,118.91000366210938,92.6,27.02,3.68,0.7419,0.8382,49.3911,22.99477767944336
2001-06-25,5.59,3.97,178.0,4.5,118.31999969482422,92.6,27.11,3.56,0.7348,0.8081,48.8904,22.954715728759766
2001-06-26,5.65,3.75,178.0,4.5,118.06999969482422,92.6,26.97,3.46,0.7465,0.5873,42.2308,22.38360023498535
2001-06-27,5.62,3.68,178.0,4.5,118.37999725341795,92.6,25.67,3.39,0.723,0.0602,38.8209,22.05295181274414
2001-06-28,5.68,3.86,178.0,4.5,120.01000213623048,92.6,25.75,3.20,0.7176,0.6927,45.9789,22.543912887573242
2001-06-29,5.75,3.95,178.0,4.5,119.43000030517578,92.6,26.37,2.91,0.7014,-0.2108,42.9542,22.278396606445312
2001-07-02,5.70,4.11,177.5,4.6,119.66999816894533,92.4,26.02,2.92,0.7152,0.7378,51.8251,22.94468879699707
2001-07-03,5.73,3.69,177.5,4.6,119.5999984741211,92.4,26.28,3.00,0.6957,0.8985,54.9728,23.040586471557617
2001-07-05,5.76,3.72,177.5,4.6,120.9000015258789,92.4,27.07,3.09,0.6836,0.3057,54.0772,22.98002815246582
2001-07-06,5.75,3.6,177.5,4.6,119.9000015258789,92.4,28.10,2.99,0.6933,-0.9579,46.9277,22.4652099609375
2001-07-09,5.70,3.67,177.5,4.6,119.88999938964844,92.4,27.63,3.10,0.6849,-0.6186,43.6281,22.20275115966797
2001-07-10,5.68,3.71,177.5,4.6,119.12999725341795,92.4,27.22,3.20,0.709,-1.5696,33.7034,21.20339584350586
2001-07-11,5.69,3.78,177.5,4.6,118.63999938964844,92.4,27.07,3.21,0.7114,-0.9872,34.0436,21.223587036132812
2001-07-12,5.65,3.78,177.5,4.6,119.08999633789062,92.4,26.85,3.29,0.7061,-0.4132,38.3499,21.470901489257812
2001-07-13,5.64,3.75,177.5,4.6,119.33000183105467,92.4,26.57,3.15,0.6803,-0.89,38.4411,21.475942611694336
2001-07-16,5.59,3.82,177.5,4.6,119.3000030517578,92.4,26.02,3.08,0.7064,-1.3066,31.5063,20.794572830200195
2001-07-17,5.59,3.71,177.5,4.6,118.9000015258789,92.4,25.33,3.14,0.7315,-1.4129,41.1084,21.34976577758789
2001-07-18,5.52,3.73,177.5,4.6,117.37999725341795,92.4,24.65,3.15,0.7807,-1.0367,50.1548,21.995811462402344
2001-07-19,5.53,3.77,177.5,4.6,117.33000183105467,92.4,24.65,3.01,0.7716,-0.9153,50.9459,22.056367874145508
2001-07-20,5.54,3.8,177.5,4.6,117.20999908447266,92.4,25.67,2.97,0.7486,-0.5563,48.7947,21.904972076416016
2001-07-23,5.53,3.82,177.5,4.6,117.8499984741211,92.4,25.88,3.02,0.7204,-0.4905,45.9897,21.708112716674805
2001-07-24,5.52,3.82,177.5,4.6,117.12000274658205,92.4,26.18,3.00,0.6971,0.3388,43.6995,21.54155731201172
2001-07-25,5.58,3.89,177.5,4.6,116.63999938964844,92.4,26.71,3.06,0.6993,0.4248,45.6722,21.652597427368164
2001-07-26,5.59,3.87,177.5,4.6,116.73999786376952,92.4,26.74,3.26,0.6938,0.3489,48.8936,21.82420539855957
2001-07-27,5.55,3.75,177.5,4.6,116.94000244140624,92.4,26.98,3.06,0.6963,0.8294,56.9096,22.31378936767578
2001-07-30,5.53,3.79,177.5,4.6,117.1999969482422,92.4,26.60,3.28,0.67,1.3047,53.0568,22.111907958984375
2001-07-31,5.51,3.82,177.5,4.6,117.18000030517578,92.4,26.70,3.31,0.6597,0.5006,48.4969,21.8544864654541
2001-08-01,5.53,3.79,177.5,4.9,116.55999755859376,91.5,26.83,3.27,0.643,-0.0405,50.3918,21.95543098449707
2001-08-02,5.57,3.68,177.5,4.9,116.27999877929688,91.5,27.86,3.15,0.6238,-0.1011,50.3918,21.95543098449707
2001-08-03,5.59,3.69,177.5,4.9,116.13999938964844,91.5,27.51,3.06,0.6045,-0.0405,48.4127,21.864582061767578
2001-08-06,5.59,3.73,177.5,4.9,116.41999816894533,91.5,27.70,3.07,0.5971,-0.1264,42.6256,21.58193016052246
2001-08-07,5.60,3.69,177.5,4.9,116.83000183105467,91.5,28.17,3.16,0.5801,0.0405,42.7613,21.586990356445312
2001-08-08,5.52,3.75,177.5,4.9,116.54000091552734,91.5,27.62,3.11,0.5726,-0.4096,36.2761,21.23872947692871
2001-08-09,5.54,3.77,177.5,4.9,115.25,91.5,27.72,3.10,0.5649,-0.6726,34.727,21.147876739501953
2001-08-10,5.52,3.7,177.5,4.9,115.29000091552734,91.5,28.12,2.99,0.5694,-0.9811,40.2403,21.324520111083984
2001-08-13,5.52,3.79,177.5,4.9,115.01000213623048,91.5,27.85,3.00,0.5583,-0.8445,38.8848,21.258913040161133
2001-08-14,5.51,3.76,177.5,4.9,114.38999938964844,91.5,28.10,3.05,0.5394,-0.5259,41.0896,21.324520111083984
2001-08-15,5.52,3.83,177.5,4.9,113.19000244140624,91.5,27.51,3.15,0.5131,-0.6776,39.8606,21.2740535736084
2001-08-16,5.48,3.75,177.5,4.9,113.08000183105467,91.5,27.47,3.46,0.5112,-0.6625,40.4543,21.28919219970703
2001-08-17,5.43,3.66,177.5,4.9,112.98999786376952,91.5,26.65,3.24,0.5162,-0.9204,32.3042,20.93589973449707
2001-08-20,5.46,3.64,177.5,4.9,113.4000015258789,91.5,27.20,3.17,0.5097,-0.8344,28.676,20.739046096801758
2001-08-21,5.44,3.53,177.5,4.9,113.29000091552734,91.5,27.93,3.18,0.5108,-1.1783,23.6135,20.395835876464844
2001-08-22,5.44,3.51,177.5,4.9,113.2699966430664,91.5,27.17,3.20,0.5061,-0.44,37.8142,20.794572830200195
2001-08-23,5.41,3.55,177.5,4.9,113.08999633789062,91.5,25.63,2.87,0.4913,-0.5917,33.5496,20.552303314208984
2001-08-24,5.45,3.51,177.5,4.9,113.33000183105467,91.5,28.34,2.77,0.5028,-0.6625,37.0033,20.658296585083008
2001-08-27,5.47,3.54,177.5,4.9,113.38999938964844,91.5,26.69,2.61,0.5012,-0.5108,39.8168,20.74410057067871
2001-08-28,5.41,3.5,177.5,4.9,113.43000030517578,91.5,27.16,2.57,0.503,-0.8799,33.8825,20.43622398376465
2001-08-29,5.36,3.5,177.5,4.9,113.54000091552734,91.5,27.07,2.46,0.5053,-1.2895,27.0809,19.971872329711914
2001-08-30,5.37,3.58,177.5,4.9,112.83999633789062,91.5,26.65,2.47,0.4855,-1.4716,25.0544,19.805316925048828
2001-08-31,5.39,3.66,177.5,4.9,113.41999816894533,91.5,26.65,2.15,0.4826,-1.0418,27.9587,19.886072158813477
2001-09-04,5.50,3.67,178.3,5.0,115.68000030517578,81.8,26.94,2.23,0.5059,-0.6321,35.2742,20.103107452392578
2001-09-05,5.48,3.49,178.3,5.0,115.5999984741211,81.8,27.03,2.34,0.5381,-1.0316,25.3367,19.356109619140625
2001-09-06,5.41,3.52,178.3,5.0,114.97000122070312,81.8,27.54,2.43,0.5657,-2.1341,19.4874,18.644453048706055
2001-09-07,5.39,3.44,178.3,5.0,114.0500030517578,81.8,27.99,2.36,0.5697,-1.861,20.3629,18.67473602294922
2001-09-10,5.43,3.5,178.3,5.0,114.56999969482422,81.8,27.66,2.38,0.5818,-1.8357,24.3249,18.805971145629883
2001-09-17,5.41,2.13,178.3,5.0,112.01000213623048,81.8,28.84,2.36,0.6569,-2.928,17.0929,17.791471481323242
2001-09-18,5.55,1.25,178.3,5.0,111.91999816894533,81.8,27.81,2.18,0.6634,-2.8319,16.0037,17.58453369140625
2001-09-19,5.56,1.19,178.3,5.0,111.61000061035156,81.8,26.73,2.13,0.706,-2.569,14.9939,17.21608543395996
2001-09-20,5.62,2.22,178.3,5.0,111.87000274658205,81.8,26.60,2.06,0.7571,-3.6916,10.2809,15.929046630859375
2001-09-21,5.59,3.11,178.3,5.0,113.04000091552734,81.8,25.46,2.04,0.8045,-4.1468,9.3348,15.555550575256348
2001-09-24,5.58,3.31,178.3,5.0,112.83999633789062,81.8,21.46,1.99,0.8034,-3.631,24.3809,16.443862915039062
2001-09-25,5.58,3.11,178.3,5.0,112.27999877929688,81.8,21.63,1.94,0.7995,-2.5538,30.3559,16.78202247619629
2001-09-26,5.50,2.96,178.3,5.0,112.29000091552734,81.8,22.40,1.88,0.803,-2.1796,27.9396,16.44891357421875
2001-09-27,5.45,3.08,178.3,5.0,112.9800033569336,81.8,22.80,1.90,0.8067,-1.9419,32.7181,16.71640396118164
2001-09-28,5.42,2.75,178.3,5.0,113.4800033569336,81.8,23.44,1.80,0.8166,-1.5576,41.074,17.236278533935547
2001-10-01,5.38,3.02,177.7,5.3,113.0,82.7,23.12,1.74,0.7952,-0.6271,40.257,17.160573959350586
2001-10-02,5.34,2.35,177.7,5.3,113.01000213623048,82.7,22.70,1.83,0.7897,0.0759,47.7945,17.660247802734375
2001-10-03,5.32,2.27,177.7,5.3,113.4000015258789,82.7,22.17,1.97,0.769,0.4551,50.3512,17.67043113708496
2001-10-04,5.31,2.45,177.7,5.3,113.16000366210938,82.7,22.70,2.13,0.756,1.4842,46.7147,17.410505294799805
2001-10-05,5.31,2.42,177.7,5.3,112.91000366210938,82.7,22.32,2.11,0.756,1.4755,41.7838,17.028242111206055
2001-10-08,.,2.42,177.7,5.3,112.58999633789062,82.7,22.25,2.02,0.7516,0.2519,36.2806,16.533864974975586
2001-10-09,5.39,2.5,177.7,5.3,113.3499984741211,82.7,22.55,2.11,0.7391,0.1735,40.833,16.793794631958008
2001-10-10,5.36,2.42,177.7,5.3,113.6999969482422,82.7,22.51,2.22,0.7345,0.732,44.6255,17.018051147460938
2001-10-11,5.41,2.42,177.7,5.3,114.44000244140624,82.7,23.49,2.41,0.7371,0.4793,44.8931,17.033342361450195
2001-10-12,5.42,2.39,177.7,5.3,113.88999938964844,82.7,22.49,2.28,0.7359,-0.3072,41.0035,16.763216018676758
2001-10-15,5.38,2.51,177.7,5.3,113.81999969482422,82.7,22.37,2.26,0.7563,0.1057,47.3189,17.0996036529541
2001-10-16,5.35,2.47,177.7,5.3,113.91999816894533,82.7,22.01,2.51,0.7406,-0.1907,50.7784,17.29837417602539
2001-10-17,5.32,2.51,177.7,5.3,114.37999725341795,82.7,21.89,2.61,0.7719,-0.0357,56.1882,17.634754180908203
2001-10-18,5.32,2.5,177.7,5.3,114.3499984741211,82.7,21.33,2.39,0.7533,-0.0102,51.7809,17.400314331054688
2001-10-19,5.36,2.47,177.7,5.3,114.86000061035156,82.7,21.99,2.31,0.7421,0.2349,49.261,17.262697219848633
2001-10-22,5.36,2.52,177.7,5.3,115.75,82.7,21.78,2.61,0.7551,1.4656,60.6182,17.99662971496582
2001-10-23,5.38,2.48,177.7,5.3,115.8499984741211,82.7,21.28,2.82,0.741,1.435,63.4582,18.22597885131836
2001-10-24,5.32,2.53,177.7,5.3,115.5999984741211,82.7,22.00,2.67,0.7125,1.4452,66.2247,18.46043586730957
2001-10-25,5.28,2.54,177.7,5.3,115.5500030517578,82.7,21.75,3.15,0.7313,2.0733,72.5497,19.10262680053711
2001-10-26,5.27,2.51,177.7,5.3,115.6500015258789,82.7,22.07,3.06,0.7184,2.3797,72.8634,19.13829803466797
2001-10-29,5.25,2.55,177.7,5.3,114.44000244140624,82.7,22.10,3.21,0.7364,1.103,54.6302,18.200502395629883
2001-10-30,5.22,2.55,177.7,5.3,114.3499984741211,82.7,21.83,3.11,0.7392,0.8017,53.0276,18.098560333251953
2001-10-31,4.89,2.66,177.7,5.3,114.86000061035156,82.7,21.20,3.07,0.7269,0.3881,51.7622,18.022117614746094
2001-11-01,4.79,2.61,177.4,5.5,114.45999908447266,83.9,20.47,2.99,0.7272,1.1235,58.8845,18.521595001220703
2001-11-02,4.96,2.43,177.4,5.5,114.54000091552734,83.9,20.24,2.93,0.7,1.1081,56.0687,18.368690490722656
2001-11-05,4.86,2.45,177.4,5.5,114.54000091552734,83.9,20.00,2.87,0.688,0.5362,58.4249,18.531787872314453
2001-11-06,4.86,2.13,177.4,5.5,114.80999755859376,83.9,19.93,2.72,0.695,0.909,65.9152,19.133211135864258
2001-11-07,4.79,2.04,177.4,5.5,114.9800033569336,83.9,20.11,2.73,0.6968,1.2103,71.0687,19.668367385864258
2001-11-08,4.87,2.03,177.4,5.5,115.12999725341795,83.9,21.21,2.68,0.6853,0.6741,72.0092,19.775388717651367
2001-11-09,4.88,1.98,177.4,5.5,115.08999633789062,83.9,22.23,2.61,0.6831,0.766,73.1631,19.902822494506836
2001-11-12,.,1.98,177.4,5.5,115.33999633789062,83.9,21.26,2.45,0.6999,1.578,69.9585,19.775388717651367
2001-11-13,4.92,2.1,177.4,5.5,116.4000015258789,83.9,21.56,2.38,0.6933,1.961,72.8639,20.05571746826172
2001-11-14,5.02,2.16,177.4,5.5,116.1999969482422,83.9,19.63,2.29,0.6894,2.1908,74.3664,20.2086238861084
2001-11-15,5.22,2.22,177.4,5.5,116.51000213623048,83.9,17.50,1.99,0.6635,1.6392,72.872,20.15764617919922
2001-11-16,5.30,1.98,177.4,5.5,116.41000366210938,83.9,18.09,1.69,0.6431,1.7209,70.6632,20.086294174194336
2001-11-19,5.22,2.01,177.4,5.5,116.93000030517578,83.9,17.74,2.08,0.6274,1.9099,74.8396,20.43797492980957
2001-11-20,5.30,1.97,177.4,5.5,116.62000274658205,83.9,18.71,2.55,0.6125,0.9498,64.4908,20.081205368041992
2001-11-21,5.35,1.93,177.4,5.5,117.1500015258789,83.9,18.38,1.91,0.6104,0.1277,57.4316,19.795785903930664
2001-11-23,5.39,1.88,177.4,5.5,117.33000183105467,83.9,.,.,0.5956,0.3013,61.9739,20.07610511779785
2001-11-26,5.39,2.04,177.4,5.5,117.11000061035156,83.9,18.69,1.79,0.5735,0.2247,62.7763,20.127071380615234
2001-11-27,5.37,2.01,177.4,5.5,116.88999938964844,83.9,19.57,1.87,0.5704,0.5107,65.2985,20.285070419311523
2001-11-28,5.36,2.04,177.4,5.5,116.16999816894533,83.9,19.37,2.30,0.6245,-0.9447,41.8961,19.112823486328125
2001-11-29,5.24,2.09,177.4,5.5,116.12999725341795,83.9,18.55,2.19,0.6379,-0.812,47.0317,19.398237228393555
2001-11-30,5.27,2.06,177.4,5.5,116.12999725341795,83.9,19.46,1.83,0.6193,-0.9345,44.3852,19.224946975708008
2001-12-03,5.26,2.05,176.7,5.7,115.95999908447266,88.8,20.27,2.10,0.6331,-1.4605,36.5264,18.628629684448242
2001-12-04,5.22,1.93,176.7,5.7,116.08000183105467,88.8,19.71,2.00,0.6317,-1.4707,42.9532,18.970104217529297
2001-12-05,5.35,1.89,176.7,5.7,116.41000366210938,88.8,19.62,1.89,0.6701,-0.1941,56.1934,19.887514114379883
2001-12-06,5.47,1.87,176.7,5.7,115.62999725341795,88.8,18.69,1.81,0.6926,0.7864,63.337,20.5806827545166
2001-12-07,5.60,1.92,176.7,5.7,116.1500015258789,88.8,19.08,2.11,0.6679,0.1941,58.5765,20.269786834716797
2001-12-10,5.58,1.9,176.7,5.7,116.26000213623048,88.8,18.32,2.28,0.6698,-0.4136,50.9704,19.714231491088867
2001-12-11,5.55,1.8,176.7,5.7,116.0500030517578,88.8,18.04,2.58,0.6654,-0.6639,49.7843,19.622488021850586
2001-12-12,5.47,1.81,176.7,5.7,115.33000183105467,88.8,18.38,2.57,0.6573,0.4443,48.8716,19.556236267089844
2001-12-13,5.53,1.86,176.7,5.7,115.8000030517578,88.8,18.20,2.40,0.6676,-0.4953,40.7075,18.903854370117188
2001-12-14,5.59,1.88,176.7,5.7,114.93000030517578,88.8,19.31,2.40,0.6815,-0.8579,35.3284,18.368690490722656
2001-12-17,5.61,1.93,176.7,5.7,114.93000030517578,88.8,19.28,2.40,0.6799,0.0766,40.7926,18.705068588256836
2001-12-18,5.52,1.71,176.7,5.7,115.1500015258789,88.8,19.38,2.40,0.6551,-0.0153,44.6504,18.954816818237305
2001-12-19,5.45,1.71,176.7,5.7,115.4800033569336,88.8,19.37,2.40,0.6849,-0.5209,50.5664,19.367652893066406
2001-12-20,5.43,1.79,176.7,5.7,115.58999633789062,88.8,18.67,2.40,0.7034,-1.9712,41.5502,18.613340377807617
2001-12-21,5.45,1.78,176.7,5.7,116.9800033569336,88.8,19.30,2.40,0.7101,-2.0529,37.6677,18.220882415771484
2001-12-24,5.49,1.68,176.7,5.7,117.94000244140624,88.8,.,.,0.6758,-1.3482,40.0133,18.368690490722656
2001-12-26,5.52,1.89,176.7,5.7,117.8499984741211,88.8,21.32,2.40,0.6549,-1.1184,42.261,18.506305694580078
2001-12-27,5.49,1.85,176.7,5.7,117.56999969482422,88.8,21.07,2.40,0.6391,-1.0469,42.3499,18.511396408081055
2001-12-28,5.54,1.54,176.7,5.7,117.26000213623048,88.8,20.42,2.40,0.612,-0.2758,44.5323,18.628629684448242
2001-12-31,5.48,1.52,176.7,5.7,116.75,88.8,19.96,2.40,0.5826,0.1583,42.961,18.526683807373047
2002-01-02,5.56,1.92,177.1,5.7,115.79000091552734,93.0,21.13,2.55,0.5708,-0.0051,46.5251,18.701610565185547
2002-01-03,5.54,1.72,177.1,5.7,116.11000061035156,93.0,20.65,2.58,0.5727,0.2446,55.4349,19.200664520263672
2002-01-04,5.57,1.61,177.1,5.7,116.33000183105467,93.0,21.47,2.58,0.5973,0.6969,66.2548,20.065011978149414
2002-01-07,5.49,1.61,177.1,5.7,116.33000183105467,93.0,21.42,2.58,0.5834,1.4012,65.2077,20.0135555267334
2002-01-08,5.51,1.61,177.1,5.7,116.83000183105467,93.0,20.82,2.39,0.5701,1.6398,61.9446,19.85921287536621
2002-01-09,5.51,1.74,177.1,5.7,117.01000213623048,93.0,20.32,2.31,0.5739,1.5484,62.7049,19.915802001953125
2002-01-10,5.42,1.81,177.1,5.7,116.87999725341795,93.0,20.48,2.32,0.5635,1.6321,65.6831,20.13703727722168
2002-01-11,5.37,1.71,177.1,5.7,116.63999938964844,93.0,19.67,2.32,0.581,1.2147,56.3768,19.725440979003906
2002-01-14,5.38,1.78,177.1,5.7,116.63999938964844,93.0,18.88,2.32,0.587,0.5663,46.8757,19.195524215698242
2002-01-15,5.34,1.75,177.1,5.7,117.29000091552734,93.0,18.99,2.32,0.5812,0.9571,51.7844,19.4836368560791
2002-01-16,5.36,1.69,177.1,5.7,117.58999633789062,93.0,18.96,2.38,0.6048,0.0825,41.4496,18.7839412689209
2002-01-17,5.41,1.68,177.1,5.7,117.8499984741211,93.0,18.20,2.40,0.5874,-0.2423,44.525,18.95885467529297
2002-01-18,5.36,1.71,177.1,5.7,117.51000213623048,93.0,18.02,2.28,0.5951,-1.5927,38.3389,18.475242614746094
2002-01-22,5.39,1.84,177.1,5.7,117.75,93.0,18.36,2.28,0.5732,-1.6185,37.4171,18.398067474365234
2002-01-23,5.48,1.81,177.1,5.7,118.47000122070312,93.0,19.10,2.28,0.5824,-1.469,37.3506,18.392921447753906
2002-01-24,5.47,1.8,177.1,5.7,118.63999938964844,93.0,19.57,2.13,0.568,-1.4484,39.1534,18.470102310180664
2002-01-25,5.47,1.78,177.1,5.7,119.8499984741211,93.0,19.80,2.03,0.5742,-2.1391,32.7926,18.001914978027344
2002-01-28,5.47,1.79,177.1,5.7,120.04000091552734,93.0,20.05,2.03,0.5987,-2.0772,28.8951,17.652067184448242
2002-01-29,5.40,1.78,177.1,5.7,119.62000274658205,93.0,19.30,2.03,0.6646,-2.7112,20.0813,16.489320755004883
2002-01-30,5.41,1.78,177.1,5.7,119.7300033569336,93.0,19.11,2.28,0.7312,-2.4793,30.5938,17.00895118713379
2002-01-31,5.44,1.85,177.1,5.7,120.23999786376952,93.0,19.71,2.28,0.7188,-1.268,39.2911,17.518295288085938
2002-02-01,5.40,1.77,177.8,5.7,119.79000091552734,90.7,20.40,2.28,0.7411,-2.4174,31.0403,16.545915603637695
2002-02-04,5.35,1.74,177.8,5.7,118.9000015258789,90.7,20.02,2.28,0.7544,-2.7576,25.9205,15.722734451293945
2002-02-05,5.35,1.64,177.8,5.7,119.4000015258789,90.7,20.06,2.28,0.7841,-3.4741,22.0338,14.930423736572266
2002-02-06,5.38,1.66,177.8,5.7,119.3000030517578,90.7,19.77,2.14,0.7704,-3.2524,25.4224,15.146506309509277
2002-02-07,5.42,1.74,177.8,5.7,119.06999969482422,90.7,19.75,2.17,0.768,-3.005,30.4599,15.47062873840332
2002-02-08,5.39,1.69,177.8,5.7,118.9800033569336,90.7,20.25,2.21,0.7621,-1.9948,38.1913,16.010848999023438
2002-02-11,5.41,1.76,177.8,5.7,118.44000244140624,90.7,21.29,2.22,0.7523,-1.2731,43.0181,16.38127899169922
2002-02-12,5.45,1.72,177.8,5.7,118.25,90.7,20.76,2.39,0.7276,-0.2886,41.277,16.201213836669922
2002-02-13,5.47,1.75,177.8,5.7,118.8000030517578,90.7,21.19,2.37,0.7563,-1.4484,35.6045,15.563249588012695
2002-02-14,5.42,1.81,177.8,5.7,118.43000030517578,90.7,21.19,2.26,0.7534,-1.9793,35.43,15.5426607131958
2002-02-15,5.37,1.73,177.8,5.7,118.5999984741211,90.7,21.47,2.18,0.7401,-1.0876,34.6746,15.460339546203613
2002-02-19,5.54,1.77,177.8,5.7,118.36000061035156,90.7,20.77,2.32,0.7277,-0.7886,30.1252,14.935564994812012
2002-02-20,5.53,1.76,177.8,5.7,118.93000030517578,90.7,20.31,2.41,0.7314,0.201,33.7246,15.131077766418457
2002-02-21,5.53,1.77,177.8,5.7,119.16000366210938,90.7,20.81,2.40,0.7251,-0.1546,32.4067,14.99216365814209
2002-02-22,5.48,1.71,177.8,5.7,118.4800033569336,90.7,20.92,2.40,0.7632,-0.969,28.1119,14.50340461730957
2002-02-25,5.51,1.8,177.8,5.7,119.12999725341795,90.7,20.24,2.40,0.7565,-1.0927,36.1309,14.920137405395508
2002-02-26,5.53,1.77,177.8,5.7,119.81999969482422,90.7,21.37,2.46,0.729,-1.4845,35.9111,14.899552345275879
2002-02-27,5.51,1.76,177.8,5.7,119.56999969482422,90.7,21.40,2.49,0.7156,-1.3041,35.9111,14.899552345275879
2002-02-28,5.54,1.83,177.8,5.7,119.16000366210938,90.7,21.78,2.49,0.6877,-0.5154,39.2206,15.04875659942627
2002-03-01,5.60,1.78,178.8,5.7,119.4000015258789,95.7,22.37,2.51,0.6643,-0.2835,43.781,15.2597017288208
2002-03-04,5.61,1.68,178.8,5.7,118.80999755859376,95.7,22.55,2.66,0.7269,1.2628,64.3615,16.720844268798828
2002-03-05,5.60,1.63,178.8,5.7,118.56999969482422,95.7,23.18,2.63,0.7328,1.7937,64.4125,16.72598648071289
2002-03-06,5.67,1.71,178.8,5.7,117.95999908447266,95.7,23.32,2.52,0.7508,2.3916,71.4092,17.518295288085938
2002-03-07,5.76,1.77,178.8,5.7,116.8000030517578,95.7,23.62,2.73,0.7395,2.5308,71.4092,17.518295288085938
2002-03-08,5.83,1.69,178.8,5.7,117.98999786376952,95.7,23.87,2.82,0.7209,3.3761,74.2136,17.873300552368164
2002-03-11,5.81,1.75,178.8,5.7,117.7300033569336,95.7,24.36,2.90,0.7339,3.7627,79.3112,18.675886154174805
2002-03-12,5.84,1.68,178.8,5.7,117.8000030517578,95.7,24.55,2.94,0.7216,3.7576,78.7568,18.650165557861328
2002-03-13,5.83,1.73,178.8,5.7,117.95999908447266,95.7,24.14,2.97,0.7219,3.304,69.2847,18.19741439819336
2002-03-14,5.90,1.79,178.8,5.7,117.29000091552734,95.7,24.48,2.78,0.6976,3.0205,66.6531,18.063661575317383
2002-03-15,5.86,1.8,178.8,5.7,117.22000122070312,95.7,24.47,2.99,0.6927,3.2731,70.9037,18.52668571472168
2002-03-18,5.83,1.71,178.8,5.7,117.5,95.7,25.03,3.15,0.6922,1.4639,64.141,18.181983947753906
2002-03-19,5.86,1.67,178.8,5.7,117.5,95.7,25.02,3.33,0.6704,1.8453,67.9438,18.56784439086914
2002-03-20,5.89,1.78,178.8,5.7,117.22000122070312,95.7,24.92,3.29,0.6571,0.5876,59.5267,18.104814529418945
2002-03-21,5.87,1.74,178.8,5.7,117.5199966430664,95.7,25.74,3.20,0.6492,0.3814,56.095,17.899019241333008
2002-03-22,5.89,1.68,178.8,5.7,118.0500030517578,95.7,25.56,3.57,0.6411,0.2371,58.8001,18.109956741333008
2002-03-25,5.91,1.75,178.8,5.7,118.0999984741211,95.7,25.69,3.46,0.6384,-0.6958,56.444,17.98133659362793
2002-03-26,5.84,1.71,178.8,5.7,118.13999938964844,95.7,25.75,3.59,0.6344,-0.567,57.942,18.084232330322266
2002-03-27,5.86,1.69,178.8,5.7,118.54000091552734,95.7,25.79,3.35,0.62,0.067,60.5783,18.264299392700195
2002-03-28,5.91,1.77,178.8,5.7,118.62000274658205,95.7,26.21,3.18,0.6111,0.2783,61.7209,18.341476440429688
2002-04-01,5.92,1.88,179.8,5.9,117.7699966430664,93.0,26.82,3.43,0.6024,-0.2062,61.1953,18.320898056030273
2002-04-02,5.86,1.74,179.8,5.9,117.91999816894533,93.0,27.75,3.72,0.5778,-0.0155,57.1409,18.16655158996582
2002-04-03,5.82,1.81,179.8,5.9,117.68000030517578,93.0,27.55,3.68,0.5655,-0.3814,57.5575,18.187332153320312
2002-04-04,5.82,1.74,179.8,5.9,117.94000244140624,93.0,26.64,3.56,0.5653,-0.2142,49.8163,17.891223907470703
2002-04-05,5.79,1.7,179.8,5.9,117.69000244140624,93.0,26.21,3.31,0.5557,0.2106,54.794,18.10941505432129
2002-04-08,5.82,1.72,179.8,5.9,118.1999969482422,93.0,26.16,3.36,0.551,0.0617,56.1741,18.171743392944336
2002-04-09,5.79,1.68,179.8,5.9,117.58999633789062,93.0,25.45,3.25,0.5339,0.2999,58.6298,18.280834197998047
2002-04-10,5.78,1.73,179.8,5.9,117.51000213623048,93.0,26.15,3.25,0.5289,0.1187,56.1335,18.20292091369629
2002-04-11,5.78,1.83,179.8,5.9,117.37000274658205,93.0,24.93,3.14,0.5632,-0.884,37.4644,17.38212013244629
2002-04-12,5.79,1.79,179.8,5.9,117.73999786376952,93.0,23.51,3.07,0.5564,-0.5346,47.5278,17.80810546875
2002-04-15,5.76,1.84,179.8,5.9,117.63999938964844,93.0,24.53,3.27,0.5669,-0.4515,48.8658,17.870439529418945
2002-04-16,5.78,1.68,179.8,5.9,117.37000274658205,93.0,24.92,3.44,0.5699,0.2132,58.4741,18.37955093383789
2002-04-17,5.85,1.73,179.8,5.9,116.5999984741211,93.0,25.94,3.40,0.611,1.1762,70.3947,19.361373901367188
2002-04-18,5.86,1.71,179.8,5.9,116.38999938964844,93.0,25.86,3.50,0.6157,1.4677,70.2761,19.356178283691406
2002-04-19,5.80,1.67,179.8,5.9,116.29000091552734,93.0,26.43,3.40,0.5973,1.5093,72.8201,19.61592674255371
2002-04-22,5.78,1.73,179.8,5.9,116.43000030517578,93.0,26.28,3.58,0.6045,0.8431,59.658,19.013317108154297
2002-04-23,5.78,1.71,179.8,5.9,116.56999969482422,93.0,26.28,3.63,0.5855,0.7338,59.658,19.013317108154297
2002-04-24,5.72,1.76,179.8,5.9,116.1500015258789,93.0,26.28,3.53,0.5745,0.4424,52.489,18.644485473632812
2002-04-25,5.72,1.82,179.8,5.9,115.4499969482422,93.0,26.36,3.46,0.5892,0.8171,45.1818,18.197721481323242
2002-04-26,5.73,1.79,179.8,5.9,115.04000091552734,93.0,27.12,3.32,0.5873,0.3695,44.8591,18.176944732666016
2002-04-29,5.75,1.81,179.8,5.9,114.88999938964844,93.0,27.45,3.44,0.5992,-0.0312,39.7344,17.839275360107422
2002-04-30,5.72,1.82,179.8,5.9,115.19000244140624,93.0,27.32,3.65,0.6163,-0.1457,47.5227,18.234085083007812
2002-05-01,5.69,1.88,179.8,5.8,114.54000091552734,96.9,26.58,3.79,0.6262,-0.9212,51.21,18.441875457763672
2002-05-02,5.72,1.79,179.8,5.8,114.87000274658205,96.9,26.31,3.65,0.6108,-0.5257,57.4401,18.83149528503418
2002-05-03,5.65,1.73,179.8,5.8,113.58999633789062,96.9,26.75,3.71,0.6189,-1.0825,51.8493,18.535390853881836
2002-05-06,5.66,1.75,179.8,5.8,113.66000366210938,96.9,26.11,3.61,0.6382,-1.145,41.7177,17.870439529418945
2002-05-07,5.66,1.72,179.8,5.8,113.91999816894533,96.9,26.79,3.50,0.635,-1.0253,43.9061,17.989919662475586
2002-05-08,5.77,1.71,179.8,5.8,114.91000366210938,96.9,27.76,3.74,0.6833,0.5309,60.3177,19.17436408996582
2002-05-09,5.78,1.74,179.8,5.8,114.5199966430664,96.9,27.78,3.72,0.6869,0.3851,51.8844,18.582143783569336
2002-05-10,5.72,1.74,179.8,5.8,113.9499969482422,96.9,27.92,3.70,0.6751,0.0468,47.4251,18.22370147705078
2002-05-13,5.79,1.75,179.8,5.8,114.1500015258789,96.9,28.62,3.62,0.6774,1.0409,55.2319,18.878252029418945
2002-05-14,5.84,1.69,179.8,5.8,115.08999633789062,96.9,29.17,3.75,0.6807,1.2959,61.5288,19.527612686157227
2002-05-15,5.82,1.84,179.8,5.8,114.12000274658205,96.9,28.17,3.60,0.6707,0.7599,57.0362,19.20032501220703
2002-05-16,5.80,1.76,179.8,5.8,114.12999725341795,96.9,28.00,3.45,0.6663,0.8223,61.3648,19.652292251586914
2002-05-17,5.84,1.7,179.8,5.8,113.0,96.9,28.19,3.41,0.6615,1.2595,62.6619,19.792543411254883
2002-05-20,5.78,1.72,179.8,5.8,112.81999969482422,96.9,28.24,3.44,0.6447,1.5926,57.5711,19.4600830078125
2002-05-21,5.79,1.68,179.8,5.8,112.8000030517578,96.9,27.35,3.33,0.6488,1.5041,57.9272,19.491247177124023
2002-05-22,5.75,1.73,179.8,5.8,112.33000183105467,96.9,27.01,3.39,0.6341,0.3383,58.1871,19.512033462524414
2002-05-23,5.78,1.76,179.8,5.8,112.79000091552734,96.9,26.60,3.38,0.6304,1.3532,63.2897,19.932817459106445
2002-05-24,5.78,1.75,179.8,5.8,112.8000030517578,96.9,26.69,3.21,0.63,1.4156,57.7767,19.636707305908203
2002-05-28,5.78,1.88,179.8,5.8,112.0999984741211,96.9,25.08,3.18,0.6203,0.4476,52.4347,19.32501220703125
2002-05-29,5.77,1.79,179.8,5.8,111.48999786376952,96.9,25.64,3.30,0.6058,-0.3227,50.448,19.205530166625977
2002-05-30,5.74,1.8,179.8,5.8,111.16999816894533,96.9,24.78,3.33,0.6339,-0.4944,42.9083,18.70681381225586
2002-05-31,5.75,1.79,179.8,5.8,111.80999755859376,96.9,25.37,3.15,0.6213,-0.9784,42.4676,18.675655364990234
2002-06-03,5.76,1.83,179.9,5.8,111.3000030517578,92.4,25.10,3.18,0.6394,-1.7903,34.0998,18.005512237548828
2002-06-04,5.75,1.73,179.9,5.8,111.08999633789062,92.4,25.32,3.31,0.6521,-1.4625,34.042,18.000308990478516
2002-06-05,5.79,1.7,179.9,5.8,111.33999633789062,92.4,25.02,3.29,0.6401,-1.4677,34.657,18.026290893554688
2002-06-06,5.77,1.75,179.9,5.8,110.83000183105467,92.4,24.89,3.29,0.6501,-2.0141,28.6589,17.50159454345703
2002-06-07,5.81,1.73,179.9,5.8,110.98999786376952,92.4,24.72,3.11,0.6591,-2.4357,28.6589,17.50159454345703
2002-06-10,5.76,1.76,179.9,5.8,111.0999984741211,92.4,24.24,3.14,0.6462,-2.0402,31.4157,17.60030746459961
2002-06-11,5.71,1.72,179.9,5.8,110.77999877929688,92.4,24.21,3.11,0.6666,-2.2223,25.8634,17.106788635253906
2002-06-12,5.68,1.75,179.9,5.8,111.0,92.4,24.79,3.15,0.6777,-1.9777,29.3675,17.231470108032227
2002-06-13,5.65,1.76,179.9,5.8,111.1500015258789,92.4,25.54,3.04,0.6646,-1.7435,26.4192,16.966529846191406
2002-06-14,5.59,1.75,179.9,5.8,110.76000213623048,92.4,25.90,3.13,0.7004,-1.5353,31.5123,17.14316177368164
2002-06-17,5.63,1.82,179.9,5.8,110.8499984741211,92.4,25.98,3.34,0.7429,0.4268,56.1254,18.431488037109375
2002-06-18,5.62,1.71,179.9,5.8,110.1999969482422,92.4,25.36,3.23,0.7237,0.1926,52.2551,18.192523956298828
2002-06-19,5.58,1.69,179.9,5.8,109.66999816894533,92.4,25.57,3.24,0.7055,-0.0468,48.9146,17.97952651977539
2002-06-20,5.64,1.75,179.9,5.8,108.94000244140624,92.4,25.62,3.33,0.7146,-0.1613,40.3224,17.340564727783203
2002-06-21,5.56,1.74,179.9,5.8,108.19000244140624,92.4,25.51,3.18,0.6955,-0.3643,37.9725,17.137958526611328
2002-06-24,5.62,1.77,179.9,5.8,108.20999908447266,92.4,26.31,3.33,0.7295,-0.3643,39.8694,17.236665725708008
2002-06-25,5.64,1.75,179.9,5.8,107.56999969482422,92.4,26.06,3.49,0.7387,0.0,38.1631,17.106788635253906
2002-06-26,5.60,1.78,179.9,5.8,106.55999755859376,92.4,26.67,3.92,0.7893,-0.8744,29.9577,16.358732223510742
2002-06-27,5.68,1.81,179.9,5.8,106.37000274658205,92.4,26.77,3.22,0.7924,0.0312,41.8282,16.997697830200195
2002-06-28,5.70,1.73,179.9,5.8,106.11000061035156,92.4,26.79,3.20,0.7867,0.4788,50.8565,17.621084213256836
2002-07-01,5.67,1.83,180.1,5.8,106.51000213623048,88.1,26.79,3.28,0.8261,-2.1442,37.179,16.291200637817383
2002-07-02,5.64,1.72,180.1,5.8,106.8000030517578,88.1,26.83,3.17,0.8249,-1.7955,38.6821,16.4014835357666
2002-07-03,5.62,1.71,180.1,5.8,107.0500030517578,88.1,26.82,3.08,0.8122,-1.7295,37.3439,16.25443458557129
2002-07-05,5.70,1.72,180.1,5.8,107.66999816894533,88.1,.,.,0.82,-0.2265,48.8576,17.115734100341797
2002-07-08,5.66,1.75,180.1,5.8,106.3000030517578,88.1,26.14,3.06,0.8046,-0.1866,47.0421,16.952926635742188
2002-07-09,5.60,1.72,180.1,5.8,105.6500015258789,88.1,26.16,2.97,0.8035,-0.8169,41.4642,16.42249298095703
2002-07-10,5.53,1.74,180.1,5.8,106.01000213623048,88.1,26.73,3.04,0.8096,-1.276,36.1786,15.834280014038086
2002-07-11,5.57,1.76,180.1,5.8,105.72000122070312,88.1,27.01,2.85,0.8138,-0.3056,39.3974,16.054861068725586
2002-07-12,5.55,1.71,180.1,5.8,105.88999938964844,88.1,27.48,2.87,0.8034,-1.1351,37.5918,15.865792274475098
2002-07-15,5.57,1.83,180.1,5.8,104.66999816894533,88.1,27.23,2.83,0.8125,-1.8281,36.913,15.797518730163574
2002-07-16,5.63,1.72,180.1,5.8,104.48999786376952,88.1,27.68,2.89,0.9999,-1.327,29.6764,14.967732429504395
2002-07-17,5.62,1.71,180.1,5.8,104.41999816894533,88.1,27.88,2.97,1.0157,-1.6257,28.2731,14.778660774230957
2002-07-18,5.62,1.74,180.1,5.8,104.47000122070312,88.1,27.50,2.85,0.9916,-1.9729,24.8624,14.284991264343262
2002-07-19,5.55,1.72,180.1,5.8,104.05999755859376,88.1,27.83,2.95,0.9715,-3.4145,21.4914,13.707287788391113
2002-07-22,5.50,1.77,180.1,5.8,104.75,88.1,26.61,3.01,0.9859,-4.0826,17.6682,12.877504348754883
2002-07-23,5.49,1.73,180.1,5.8,106.66000366210938,88.1,26.61,2.95,1.0929,-5.8872,11.3589,10.545677185058594
2002-07-24,5.57,1.67,180.1,5.8,105.5199966430664,88.1,26.78,2.91,1.2207,-3.6039,31.1661,12.236777305603027
2002-07-25,5.54,1.75,180.1,5.8,105.12000274658205,88.1,26.67,3.05,1.3026,-4.3246,29.039,11.737849235534668
2002-07-26,5.52,1.69,180.1,5.8,106.61000061035156,88.1,26.55,2.94,1.2941,-4.1879,28.809,11.685334205627441
2002-07-29,5.62,1.75,180.1,5.8,107.0999984741211,88.1,26.54,3.07,1.3133,-2.62,43.0828,13.182106018066406
2002-07-30,5.59,1.71,180.1,5.8,106.8000030517578,88.1,27.43,2.97,1.2834,-1.8993,42.387,13.071818351745605
2002-07-31,5.51,1.76,180.1,5.8,107.41000366210938,88.1,27.02,3.02,1.2289,-1.673,42.7296,13.10858154296875
2002-08-01,5.51,1.79,180.7,5.7,107.0199966430664,87.6,26.51,3.07,1.1799,-1.1469,43.052,13.140091896057129
2002-08-02,5.44,1.72,180.7,5.7,106.66999816894533,87.6,26.87,2.90,1.161,-1.1838,38.3707,12.525627136230469
2002-08-05,5.41,1.77,180.7,5.7,107.2699966430664,87.6,26.55,2.81,1.1438,-1.1417,33.2244,11.737849235534668
2002-08-06,5.45,1.74,180.7,5.7,108.69000244140624,87.6,27.18,2.80,1.1478,1.8782,40.8622,12.4205904006958
2002-08-07,5.44,1.71,180.7,5.7,107.8499984741211,87.6,26.58,2.73,1.1173,0.3893,43.0342,12.625415802001953
2002-08-08,5.44,1.71,180.7,5.7,108.66000366210938,87.6,26.67,2.75,1.1262,2.1202,54.2386,13.854344367980957
2002-08-09,5.35,1.68,180.7,5.7,108.20999908447266,87.6,26.87,2.83,1.1032,2.1571,54.0871,13.838586807250977
2002-08-12,5.29,1.76,180.7,5.7,107.41000366210938,87.6,27.84,2.91,1.0748,0.1894,49.5258,13.371169090270996
2002-08-13,5.22,1.74,180.7,5.7,107.11000061035156,87.6,28.35,3.01,1.0536,-0.2578,44.5537,12.814478874206543
2002-08-14,5.08,1.78,180.7,5.7,106.79000091552734,87.6,28.19,3.03,1.0449,0.0947,48.5596,13.203115463256836
2002-08-15,5.17,1.87,180.7,5.7,106.72000122070312,87.6,28.99,2.92,1.03,-0.121,46.7833,13.019302368164062
2002-08-16,5.24,1.7,180.7,5.7,106.72000122070312,87.6,29.24,3.10,0.9891,0.5314,47.2124,13.056066513061523
2002-08-19,5.21,1.72,180.7,5.7,107.5199966430664,87.6,29.86,3.10,1.0128,2.5569,59.4182,14.290238380432129
2002-08-20,5.14,1.7,180.7,5.7,107.30999755859376,87.6,30.12,3.25,0.9747,1.5205,55.363,13.938370704650879
2002-08-21,5.19,1.72,180.7,5.7,107.13999938964844,87.6,30.37,3.22,0.9437,1.4942,57.0171,14.11693286895752
2002-08-22,5.27,1.73,180.7,5.7,108.12999725341795,87.6,30.11,3.36,0.9248,0.1631,55.7347,14.017152786254883
2002-08-23,5.25,1.72,180.7,5.7,107.97000122070312,87.6,29.99,3.48,0.9072,-0.3367,49.3709,13.502466201782227
2002-08-26,5.22,1.81,180.7,5.7,107.86000061035156,87.6,29.23,3.51,0.8838,0.5419,54.0143,13.912114143371582
2002-08-27,5.25,1.79,180.7,5.7,106.7699966430664,87.6,28.84,3.47,0.8657,1.2364,55.5251,14.048657417297363
2002-08-28,5.21,1.8,180.7,5.7,107.08000183105467,87.6,28.31,3.31,0.8306,0.5998,52.088,13.801823616027832
2002-08-29,5.18,1.82,180.7,5.7,106.6999969482422,87.6,28.83,3.25,0.8137,0.9523,54.2313,13.96987533569336
2002-08-30,5.11,1.81,180.7,5.7,106.9800033569336,87.6,28.97,3.12,0.7984,0.8102,52.5973,13.86484432220459
2002-09-03,5.02,1.87,181.0,5.7,105.56999969482422,86.1,27.76,3.10,0.8034,-1.2942,41.2146,12.998291969299316
2002-09-04,4.98,1.74,181.0,5.7,106.0999984741211,86.1,28.28,3.13,0.8024,-0.605,46.2297,13.33441162109375
2002-09-05,4.98,1.75,181.0,5.7,105.9800033569336,86.1,29.06,3.20,0.7977,-1.4626,38.8138,12.6569242477417
2002-09-06,5.07,1.71,181.0,5.7,106.83999633789062,86.1,29.51,3.39,0.7869,-1.4626,37.8209,12.557144165039062
2002-09-09,5.04,1.76,181.0,5.7,107.0999984741211,86.1,29.80,3.24,0.7995,-1.1154,36.0932,12.389079093933105
2002-09-10,5.03,1.74,181.0,5.7,107.5199966430664,86.1,29.62,3.35,0.7871,-1.7572,33.7384,12.157999038696289
2002-09-11,5.08,1.72,181.0,5.7,107.62000274658205,86.1,29.77,3.33,0.7726,-1.9834,32.8192,12.068718910217285
2002-09-12,5.03,1.74,181.0,5.7,107.16000366210938,86.1,28.95,3.22,0.7595,-2.2465,27.9855,11.559289932250977
2002-09-13,4.97,1.72,181.0,5.7,108.05999755859376,86.1,29.83,3.37,0.7334,-2.3991,28.3481,11.57504653930664
2002-09-16,4.95,1.83,181.0,5.7,108.23999786376952,86.1,29.14,3.45,0.7104,-2.4675,26.7045,11.4017333984375
2002-09-17,4.96,1.72,181.0,5.7,108.33000183105467,86.1,29.08,3.46,0.6995,-1.6836,25.8956,11.317703247070312
2002-09-18,4.95,1.68,181.0,5.7,107.76000213623048,86.1,29.57,3.80,0.7528,-2.6043,20.994,10.734750747680664
2002-09-19,4.90,1.69,181.0,5.7,107.0,86.1,29.49,3.90,0.7344,-2.2255,18.9476,10.43539810180664
2002-09-20,4.95,1.7,181.0,5.7,107.52999877929688,86.1,29.65,3.95,0.7056,-1.9624,23.4562,10.5982027053833
2002-09-23,4.88,1.74,181.0,5.7,107.86000061035156,86.1,30.85,3.87,0.6992,-2.2833,19.7873,10.109782218933105
2002-09-24,4.84,1.75,181.0,5.7,107.5199966430664,86.1,30.79,4.00,0.6793,-2.3728,17.7624,9.789419174194336
2002-09-25,4.91,1.79,181.0,5.7,107.79000091552734,86.1,30.69,3.76,0.6676,-2.1518,21.424,9.920719146728516
2002-09-26,4.93,1.8,181.0,5.7,107.68000030517578,86.1,30.31,3.61,0.6545,-1.4415,26.9193,10.120285034179688
2002-09-27,4.91,1.78,181.0,5.7,107.52999877929688,86.1,30.53,3.76,0.6637,-1.9466,22.6179,9.631869316101074
2002-09-30,4.88,1.85,181.0,5.7,106.87000274658205,86.1,30.59,4.09,0.678,-1.431,31.1602,9.973234176635742
2002-10-01,5.01,1.85,181.3,5.7,107.06999969482422,80.6,30.71,4.41,0.6791,-0.9523,39.695,10.367124557495117
2002-10-02,4.98,1.75,181.3,5.7,107.16000366210938,80.6,30.59,4.27,0.6953,-0.9733,32.7726,9.752578735351562
2002-10-03,4.99,1.76,181.3,5.7,106.97000122070312,80.6,29.73,4.23,0.6862,-1.0111,29.5747,9.415915489196777
2002-10-04,5.00,1.72,181.3,5.7,107.5999984741211,80.6,29.65,3.86,0.6981,-1.7529,24.9394,8.838775634765625
2002-10-07,4.98,1.74,181.3,5.7,107.5500030517578,80.6,29.65,3.77,0.6903,-1.1404,27.6236,8.961686134338379
2002-10-08,4.99,1.72,181.3,5.7,108.06999969482422,80.6,29.56,3.86,0.7007,-0.9106,26.8355,8.870833396911621
2002-10-09,4.95,1.73,181.3,5.7,106.94000244140624,80.6,29.31,3.91,0.7024,-1.6584,22.0969,8.2562894821167
2002-10-10,4.98,1.75,181.3,5.7,107.1999969482422,80.6,28.96,3.93,0.6908,-1.5904,28.22,8.523487091064453
2002-10-11,5.06,1.73,181.3,5.7,107.25,80.6,29.36,3.80,0.7142,-0.4365,40.9988,9.186124801635742
2002-10-14,.,1.73,181.3,5.7,107.1500015258789,80.6,30.06,4.19,0.6912,-0.9446,39.0668,9.020463943481445
2002-10-15,5.22,1.88,181.3,5.7,107.77999877929688,80.6,29.73,4.19,0.7122,-0.4121,52.8449,9.944953918457031
2002-10-16,5.23,1.73,181.3,5.7,107.62999725341795,80.6,29.28,4.10,0.6847,0.0214,50.4982,9.773954391479492
2002-10-17,5.31,1.74,181.3,5.7,108.37000274658205,80.6,29.61,4.10,0.6917,0.627,54.0415,10.04114818572998
2002-10-18,5.32,1.71,181.3,5.7,108.5199966430664,80.6,29.56,4.11,0.6882,1.3023,55.3208,10.137332916259766
2002-10-21,5.36,1.73,181.3,5.7,108.2300033569336,80.6,28.31,4.23,0.7191,1.8757,63.4785,10.83204174041748
2002-10-22,5.36,1.71,181.3,5.7,107.94000244140624,80.6,27.93,4.20,0.6888,1.7739,60.102,10.639659881591797
2002-10-23,5.39,1.76,181.3,5.7,108.0,80.6,28.19,4.24,0.6778,2.3152,58.7516,10.564846992492676
2002-10-24,5.35,1.8,181.3,5.7,107.91000366210938,80.6,27.87,4.30,0.6765,2.0097,58.0273,10.527442932128906
2002-10-25,5.31,1.82,181.3,5.7,107.91999816894533,80.6,27.09,4.12,0.6623,1.7042,62.8924,10.885478973388672
2002-10-28,5.35,1.79,181.3,5.7,107.16000366210938,80.6,27.25,4.16,0.6624,2.3419,68.2613,11.355743408203125
2002-10-29,5.28,1.75,181.3,5.7,107.06999969482422,80.6,26.81,4.20,0.6668,0.9914,59.6524,10.933568954467773
2002-10-30,5.30,1.72,181.3,5.7,107.06999969482422,80.6,26.85,4.34,0.6521,1.4791,63.4749,11.248858451843262
2002-10-31,5.28,1.82,181.3,5.7,106.63999938964844,80.6,27.18,4.39,0.6346,1.0504,60.25,11.08854866027832
2002-11-01,5.30,1.74,181.3,5.9,106.08000183105467,84.2,27.04,4.07,0.6379,1.3666,65.2805,11.500024795532227
2002-11-04,5.31,1.71,181.3,5.9,106.12000274658205,84.2,26.89,3.94,0.6513,0.9325,68.1321,11.761876106262207
2002-11-05,5.33,1.64,181.3,5.9,105.87000274658205,84.2,26.06,3.90,0.6354,1.3719,70.6468,12.007692337036133
2002-11-06,5.35,1.48,181.3,5.9,105.5999984741211,84.2,25.72,3.92,0.6566,1.2272,65.5261,11.788590431213379
2002-11-07,5.17,1.27,181.3,5.9,104.97000122070312,84.2,25.36,3.90,0.6882,0.4823,50.922,11.008393287658691
2002-11-08,5.05,1.18,181.3,5.9,104.5,84.2,25.83,3.76,0.6823,-0.0911,47.6866,10.794631958007812
2002-11-11,.,1.18,181.3,5.9,104.56999969482422,84.2,26.02,3.83,0.6642,-0.4448,49.6419,10.912199020385742
2002-11-12,5.05,1.29,181.3,5.9,104.66000366210938,84.2,26.19,3.83,0.6397,0.0429,50.7573,10.976325988769531
2002-11-13,5.01,1.17,181.3,5.9,105.0999984741211,84.2,25.28,3.83,0.6323,-0.0536,54.5769,11.19542407989502
2002-11-14,5.16,1.29,181.3,5.9,105.20999908447266,84.2,25.40,3.90,0.6254,0.627,62.2701,11.713780403137207
2002-11-15,5.12,1.35,181.3,5.9,105.04000091552734,84.2,25.50,3.92,0.6152,0.3055,63.4748,11.804622650146484
2002-11-18,5.10,1.21,181.3,5.9,105.1999969482422,84.2,26.71,4.18,0.598,-0.0643,60.9317,11.697746276855469
2002-11-19,5.06,1.2,181.3,5.9,105.66999816894533,84.2,26.41,4.25,0.5733,-0.2787,61.4466,11.729814529418945
2002-11-20,5.14,1.23,181.3,5.9,105.87000274658205,84.2,27.00,4.27,0.6032,0.8896,73.0766,12.675673484802246
2002-11-21,5.20,1.27,181.3,5.9,105.80999755859376,84.2,27.07,4.24,0.6049,2.2991,77.9598,13.300911903381348
2002-11-22,5.22,1.25,181.3,5.9,106.12000274658205,84.2,27.73,4.32,0.5988,2.567,78.333,13.354351043701172
2002-11-25,5.23,1.32,181.3,5.9,106.54000091552734,84.2,27.01,4.34,0.5832,2.4277,77.7479,13.332975387573242
2002-11-26,5.15,1.26,181.3,5.9,106.52999877929688,84.2,26.60,4.23,0.5745,1.9561,67.1579,12.926841735839844
2002-11-27,5.28,1.27,181.3,5.9,106.7699966430664,84.2,26.87,4.19,0.5721,2.2723,72.6119,13.461228370666504
2002-11-29,5.23,1.23,181.3,5.9,106.41000366210938,84.2,.,.,0.5538,1.7417,72.3449,13.450542449951172
2002-12-02,5.22,1.27,180.9,6.0,106.3499984741211,86.7,27.27,4.23,0.5656,1.6774,72.6245,13.47726058959961
2002-12-03,5.23,1.24,180.9,6.0,106.37000274658205,86.7,27.34,4.35,0.5565,1.4577,63.8711,13.15128231048584
2002-12-04,5.19,1.23,180.9,6.0,106.13999938964844,86.7,26.80,4.24,0.5608,1.4738,64.5711,13.199376106262207
2002-12-05,5.16,1.24,180.9,6.0,106.0999984741211,86.7,27.27,4.35,0.5655,-0.059,51.2168,12.616900444030762
2002-12-06,5.15,1.21,180.9,6.0,105.36000061035156,86.7,27.03,4.39,0.5979,-0.2465,58.4071,13.055097579956055
2002-12-09,5.12,1.22,180.9,6.0,105.23999786376952,86.7,27.29,4.32,0.6061,-0.9271,47.3441,12.429862976074219
2002-12-10,5.09,1.22,180.9,6.0,105.37000274658205,86.7,27.73,4.40,0.5988,-0.4287,54.6106,12.905466079711914
2002-12-11,5.04,1.29,180.9,6.0,105.3499984741211,86.7,27.49,4.63,0.579,-0.0536,54.0518,12.873403549194336
2002-12-12,5.07,1.29,180.9,6.0,104.51000213623048,86.7,28.20,4.81,0.5713,-0.5574,54.5683,12.905466079711914
2002-12-13,5.15,1.25,180.9,6.0,103.9800033569336,86.7,28.39,5.05,0.555,-0.8307,49.1464,12.622239112854004
2002-12-16,5.21,1.36,180.9,6.0,104.05999755859376,86.7,30.15,5.31,0.5644,-0.2251,59.1798,13.25281810760498
2002-12-17,5.24,1.26,180.9,6.0,103.51000213623048,86.7,30.04,5.13,0.5596,0.2197,60.7827,13.370381355285645
2002-12-18,5.20,1.25,180.9,6.0,103.62999725341795,86.7,30.41,4.98,0.5625,-0.3751,50.556,12.825302124023438
2002-12-19,5.15,1.28,180.9,6.0,103.4800033569336,86.7,30.57,5.14,0.5733,-0.1501,45.0269,12.467262268066406
2002-12-20,5.12,1.26,180.9,6.0,103.45999908447266,86.7,30.57,5.05,0.5913,0.2358,57.0291,13.290224075317383
2002-12-23,5.13,1.28,180.9,6.0,103.63999938964844,86.7,32.09,5.03,0.5755,0.7771,55.6271,13.204719543457031
2002-12-24,5.11,1.15,180.9,6.0,103.25,86.7,32.13,5.03,0.5604,0.0268,51.1716,12.932184219360352
2002-12-26,5.11,1.28,180.9,6.0,102.81999969482422,86.7,32.61,4.98,0.5468,0.1929,53.2127,13.065784454345703
2002-12-27,5.06,1.2,180.9,6.0,102.41000366210938,86.7,32.68,4.81,0.538,-0.1876,47.4791,12.718430519104004
2002-12-30,5.02,1.23,180.9,6.0,102.01000213623048,86.7,31.41,4.74,0.5183,0.1983,49.255,12.819963455200195
2002-12-31,5.03,1.16,180.9,6.0,101.8499984741211,86.7,31.21,4.59,0.4989,-0.4287,49.3551,12.825302124023438
2003-01-02,5.18,1.3,181.7,5.8,102.9800033569336,82.4,31.97,4.93,0.5337,0.4073,63.5726,13.79018783569336
2003-01-03,5.18,1.12,181.7,5.8,102.47000122070312,82.4,33.26,5.13,0.5262,1.2255,66.5432,14.06121826171875
2003-01-06,5.20,1.22,181.7,5.8,101.97000122070312,82.4,32.29,4.94,0.5724,2.6924,75.5734,15.167038917541504
2003-01-07,5.18,1.2,181.7,5.8,102.56999969482422,82.4,31.20,4.89,0.5575,1.7911,74.0494,15.091140747070312
2003-01-08,5.13,1.29,181.7,5.8,101.87000274658205,82.4,30.66,5.07,0.5693,1.2957,63.2224,14.511134147644043
2003-01-09,5.27,1.29,181.7,5.8,101.94000244140624,82.4,31.95,5.05,0.5527,1.8569,65.9615,14.798430442810059
2003-01-10,5.24,1.25,181.7,5.8,101.2300033569336,82.4,31.59,5.19,0.5497,1.6088,63.8674,14.684605598449707
2003-01-13,5.23,1.26,181.7,5.8,101.47000122070312,82.4,32.08,5.23,0.5337,2.0604,64.9849,14.787582397460938
2003-01-14,5.19,1.24,181.7,5.8,101.20999908447266,82.4,32.42,5.25,0.5192,2.1269,66.8439,14.955632209777832
2003-01-15,5.17,1.3,181.7,5.8,101.33999633789062,82.4,33.23,5.21,0.5139,1.8446,60.9306,14.679169654846191
2003-01-16,5.16,1.24,181.7,5.8,100.79000091552734,82.4,33.58,5.50,0.5087,0.7277,57.6002,14.516556739807129
2003-01-17,5.13,1.2,181.7,5.8,100.5500030517578,82.4,33.88,5.66,0.5037,0.1358,51.4544,14.196734428405762
2003-01-21,5.11,1.31,181.7,5.8,100.2300033569336,82.4,34.62,5.47,0.5194,-1.3903,44.56,13.779350280761719
2003-01-22,5.07,1.26,181.7,5.8,100.2300033569336,82.4,34.32,5.72,0.5141,-1.7053,39.1148,13.389059066772461
2003-01-23,5.08,1.27,181.7,5.8,99.86000061035156,82.4,33.90,6.55,0.5068,-0.8906,43.6816,13.622142791748047
2003-01-24,5.05,1.21,181.7,5.8,99.22000122070312,82.4,34.98,5.91,0.5315,-1.8953,34.7829,12.906617164611816
2003-01-27,5.06,1.3,181.7,5.8,99.26000213623048,82.4,32.43,5.91,0.5339,-2.0637,31.9352,12.62474536895752
2003-01-28,5.06,1.23,181.7,5.8,99.4800033569336,82.4,32.70,5.52,0.5233,-2.0474,34.4576,12.743998527526855
2003-01-29,5.11,1.26,181.7,5.8,99.27999877929688,82.4,33.54,5.61,0.5135,-2.2158,34.4576,12.73857593536377
2003-01-30,5.06,1.29,181.7,5.8,99.5199966430664,82.4,33.78,5.76,0.5164,-2.194,31.3895,12.489224433898926
2003-01-31,5.03,1.33,181.7,5.8,99.91000366210938,82.4,33.51,5.58,0.5101,-1.8682,35.4649,12.65184211730957
2003-02-03,5.01,1.3,183.1,5.9,99.9000015258789,79.9,32.84,5.71,0.4942,-1.4174,38.7013,12.781938552856445
2003-02-04,4.99,1.21,183.1,5.9,99.13999938964844,79.9,33.61,6.26,0.4915,-1.2871,34.4608,12.49464225769043
2003-02-05,5.02,1.21,183.1,5.9,99.6500015258789,79.9,33.91,6.22,0.4917,-0.9558,33.6115,12.435022354125977
2003-02-06,4.99,1.23,183.1,5.9,99.45999908447266,79.9,34.36,6.08,0.4853,-1.5315,29.0547,12.093513488769531
2003-02-07,4.98,1.21,183.1,5.9,99.56999969482422,79.9,35.05,6.30,0.4832,-0.9938,26.9299,11.914630889892578
2003-02-10,5.04,1.25,183.1,5.9,100.2699966430664,79.9,34.46,6.35,0.4697,-0.6463,29.027,11.979681968688965
2003-02-11,5.06,1.22,183.1,5.9,100.38999938964844,79.9,35.43,6.19,0.4559,-0.82,28.2756,11.92547607421875
2003-02-12,5.08,1.23,183.1,5.9,100.51000213623048,79.9,35.83,6.19,0.4509,-1.0862,24.7827,11.65986442565918
2003-02-13,5.04,1.28,183.1,5.9,99.58999633789062,79.9,36.63,5.81,0.4447,-0.9504,23.3442,11.540604591369629
2003-02-14,5.09,1.3,183.1,5.9,100.04000091552734,79.9,36.61,5.88,0.4432,-0.8092,34.1544,11.844162940979004
2003-02-18,5.10,1.35,183.1,5.9,100.52999877929688,79.9,36.88,6.09,0.4507,-0.5865,44.2871,12.196504592895508
2003-02-19,5.04,1.24,183.1,5.9,100.0,79.9,37.02,6.10,0.4321,-0.2987,44.2871,12.196504592895508
2003-02-20,5.04,1.25,183.1,5.9,99.5500030517578,79.9,36.45,6.38,0.4175,-0.1358,47.2183,12.299503326416016
2003-02-21,5.08,1.21,183.1,5.9,100.08999633789062,79.9,36.76,6.73,0.4245,0.3096,50.1333,12.40249252319336
2003-02-24,5.05,1.25,183.1,5.9,99.66000366210938,79.9,37.29,11.98,0.4214,0.1738,42.2237,12.088096618652344
2003-02-25,5.01,1.28,183.1,5.9,99.83000183105467,79.9,36.06,18.48,0.4235,0.2444,46.2827,12.22360610961914
2003-02-26,4.97,1.28,183.1,5.9,99.62000274658205,79.9,37.96,10.47,0.4126,0.1846,43.4347,12.109782218933105
2003-02-27,4.98,1.31,183.1,5.9,99.80999755859376,79.9,36.83,8.42,0.4138,0.6245,48.7719,12.283245086669922
2003-02-28,4.90,1.33,183.1,5.9,99.70999908447266,79.9,36.76,10.81,0.4032,0.7549,49.1054,12.294079780578613
2003-03-03,4.92,1.33,184.2,5.9,99.0999984741211,77.6,36.10,8.51,0.4004,0.5431,52.0532,12.386234283447266
2003-03-04,4.91,1.2,184.2,5.9,99.12999725341795,77.6,36.95,7.71,0.3912,-0.0543,44.4765,12.142304420471191
2003-03-05,4.90,1.22,184.2,5.9,98.27999877929688,77.6,36.86,7.80,0.3811,0.1684,51.6074,12.364557266235352
2003-03-06,4.93,1.23,184.2,5.9,98.30999755859376,77.6,37.21,7.57,0.3869,-0.3747,40.2579,11.92547607421875
2003-03-07,4.90,1.2,184.2,5.9,98.04000091552734,77.6,37.76,7.42,0.4069,-0.3204,45.064,12.082677841186523
2003-03-10,4.90,1.23,184.2,5.9,97.8499984741211,77.6,37.18,6.78,0.4143,-0.467,35.7086,11.621923446655273
2003-03-11,4.90,1.21,184.2,5.9,97.98999786376952,77.6,36.81,6.25,0.4286,-0.9775,30.0767,11.247895240783691
2003-03-12,4.85,1.23,184.2,5.9,98.16000366210938,77.6,37.87,5.80,0.4317,-0.8635,30.0767,11.247895240783691
2003-03-13,4.95,1.31,184.2,5.9,99.5500030517578,77.6,36.05,5.71,0.4404,-0.5105,45.1034,11.773701667785645
2003-03-14,4.93,1.3,184.2,5.9,99.98999786376952,77.6,35.41,5.17,0.4454,-0.7712,40.5156,11.524349212646484
2003-03-17,5.00,1.31,184.2,5.9,100.73999786376952,77.6,34.92,5.32,0.478,-0.1575,54.9156,12.22903060913086
2003-03-18,5.07,1.2,184.2,5.9,100.86000061035156,77.6,31.55,5.13,0.4652,0.2227,57.133,12.364557266235352
2003-03-19,5.14,1.2,184.2,5.9,101.58000183105467,77.6,30.01,5.20,0.4572,0.2824,61.5083,12.64642333984375
2003-03-20,5.17,1.23,184.2,5.9,101.1500015258789,77.6,28.62,5.20,0.4598,0.8309,63.117,12.75483226776123
2003-03-21,5.23,1.2,184.2,5.9,101.91999816894533,77.6,27.18,5.05,0.4801,1.2817,70.7291,13.361955642700195
2003-03-24,5.15,1.23,184.2,5.9,100.9800033569336,77.6,29.51,5.07,0.4924,1.1893,58.5098,12.80904483795166
2003-03-25,5.15,1.24,184.2,5.9,100.87000274658205,77.6,33.42,5.07,0.4917,1.841,62.1432,13.08549690246582
2003-03-26,5.17,1.26,184.2,5.9,100.61000061035156,77.6,28.71,4.90,0.4749,1.8573,62.3587,13.101759910583496
2003-03-27,5.17,1.29,184.2,5.9,100.63999938964844,77.6,30.31,4.87,0.4696,1.3034,61.7083,13.074653625488281
2003-03-28,5.16,1.26,184.2,5.9,99.95999908447266,77.6,30.21,5.06,0.4636,1.7324,64.4289,13.25354290008545
2003-03-31,5.07,1.38,184.2,5.9,99.05999755859376,77.6,31.14,5.01,0.4616,0.6245,54.7389,12.852409362792969
2003-04-01,5.06,1.29,183.8,6.0,99.1500015258789,86.0,29.48,4.90,0.4554,0.7712,59.4953,13.134278297424316
2003-04-02,5.15,1.19,183.8,6.0,100.08000183105467,86.0,28.55,4.89,0.4784,1.1513,68.2053,13.80501651763916
2003-04-03,5.16,1.24,183.8,6.0,100.33999633789062,86.0,29.05,4.91,0.4674,0.9491,65.9789,13.711553573608398
2003-04-04,5.20,1.22,183.8,6.0,100.4499969482422,86.0,28.41,4.86,0.462,0.6932,70.0662,14.063420295715332
2003-04-07,5.24,1.25,183.8,6.0,101.04000091552734,86.0,27.76,4.98,0.4742,1.2801,70.4362,14.09640121459961
2003-04-08,5.16,1.22,183.8,6.0,100.52999877929688,86.0,27.97,5.21,0.4659,1.1958,72.6289,14.288820266723633
2003-04-09,5.15,1.24,183.8,6.0,100.16000366210938,86.0,28.93,5.11,0.4651,1.0364,68.4391,14.145878791809082
2003-04-10,5.17,1.27,183.8,6.0,99.81999969482422,86.0,27.20,5.18,0.4511,1.0581,68.2708,14.140382766723633
2003-04-11,5.19,1.24,183.8,6.0,100.18000030517578,86.0,28.28,5.28,0.4519,0.8073,65.9289,14.06891918182373
2003-04-14,5.20,1.32,183.8,6.0,99.95999908447266,86.0,28.41,5.29,0.4594,1.7321,73.3514,14.591206550598145
2003-04-15,5.19,1.34,183.8,6.0,99.76000213623048,86.0,29.46,5.53,0.4706,1.6313,75.4183,14.772639274597168
2003-04-16,5.13,1.26,183.8,6.0,99.05999755859376,86.0,29.16,5.62,0.494,0.7651,68.7731,14.569212913513184
2003-04-17,5.12,1.28,183.8,6.0,99.3000030517578,86.0,30.10,5.54,0.4968,1.3045,74.2846,15.01453685760498
2003-04-21,5.13,1.29,183.8,6.0,99.58999633789062,86.0,30.76,5.55,0.4842,1.0293,75.1276,15.09150505065918
2003-04-22,5.12,1.26,183.8,6.0,98.7300033569336,86.0,29.92,5.58,0.5137,1.6733,81.1578,15.767739295959473
2003-04-23,5.10,1.24,183.8,6.0,98.77999877929688,86.0,28.04,5.58,0.5179,1.899,83.8465,16.185569763183594
2003-04-24,5.05,1.24,183.8,6.0,98.33000183105467,86.0,27.52,5.46,0.5253,1.5577,70.8411,15.701757431030273
2003-04-25,5.04,1.28,183.8,6.0,98.36000061035156,86.0,25.92,5.39,0.5314,1.233,63.392,15.371893882751465
2003-04-28,5.04,1.29,183.8,6.0,98.66999816894533,86.0,25.25,5.30,0.5308,1.7724,68.5908,15.839211463928223
2003-04-29,5.07,1.27,183.8,6.0,98.0199966430664,86.0,25.32,5.12,0.5173,1.4311,70.4038,16.020639419555664
2003-04-30,5.00,1.31,183.8,6.0,97.19000244140624,86.0,26.09,5.25,0.5133,1.3651,71.5644,16.136089324951172
2003-05-01,5.01,1.3,183.5,6.1,96.6999969482422,92.1,26.05,5.32,0.5109,1.5302,70.5399,16.097612380981445
2003-05-02,5.05,1.24,183.5,6.1,96.76000213623048,92.1,25.74,5.24,0.5121,1.4036,73.9705,16.416479110717773
2003-05-05,5.03,1.27,183.5,6.1,96.37000274658205,92.1,26.43,5.36,0.5184,1.6018,76.5825,16.691377639770508
2003-05-06,5.02,1.28,183.5,6.1,95.33999633789062,92.1,25.65,5.64,0.5238,1.1174,78.2779,16.883792877197266
2003-05-07,4.96,1.28,183.5,6.1,95.58000183105467,92.1,26.24,5.49,0.5191,0.7596,78.8135,16.94426918029785
2003-05-08,4.96,1.27,183.5,6.1,94.93000030517578,92.1,26.94,5.65,0.5213,0.7706,64.9096,16.471460342407227
2003-05-09,4.95,1.24,183.5,6.1,94.9800033569336,92.1,27.65,5.73,0.5077,1.1669,65.8438,16.537437438964844
2003-05-12,4.91,1.25,183.5,6.1,94.5500030517578,92.1,27.34,5.91,0.5194,1.1724,71.8183,17.010250091552734
2003-05-13,4.92,1.23,183.5,6.1,94.72000122070312,92.1,28.51,5.98,0.5094,0.8697,68.4168,16.889293670654297
2003-05-14,4.76,1.3,183.5,6.1,94.58000183105467,92.1,29.21,6.17,0.5001,0.6275,64.8489,16.76283836364746
2003-05-15,4.69,1.36,183.5,6.1,95.22000122070312,92.1,28.57,6.24,0.4982,0.9688,69.1267,17.06521987915039
2003-05-16,4.67,1.26,183.5,6.1,94.08000183105467,92.1,29.07,5.96,0.4862,0.7651,70.6424,17.180675506591797
2003-05-19,4.67,1.26,183.5,6.1,93.77999877929688,92.1,28.84,6.08,0.4916,0.033,58.1132,16.724361419677734
2003-05-20,4.59,1.23,183.5,6.1,93.26000213623048,92.1,29.29,5.93,0.4856,-0.1541,58.2124,16.729862213134766
2003-05-21,4.54,1.23,183.5,6.1,93.54000091552734,92.1,29.51,6.08,0.4772,-0.1486,59.4918,16.795827865600586
2003-05-22,4.50,1.25,183.5,6.1,93.55999755859376,92.1,29.09,6.09,0.4597,0.2917,58.4968,16.76283836364746
2003-05-23,4.44,1.21,183.5,6.1,93.0500030517578,92.1,29.74,5.92,0.452,0.4514,63.1731,16.98825454711914
2003-05-27,4.57,1.32,183.5,6.1,92.72000122070312,92.1,29.24,5.84,0.4842,0.611,72.744,17.620512008666992
2003-05-28,4.63,1.29,183.5,6.1,93.4499969482422,92.1,28.46,5.71,0.4803,1.0073,75.7843,17.895389556884766
2003-05-29,4.56,1.29,183.5,6.1,92.70999908447266,92.1,29.15,5.76,0.4735,0.9798,70.8658,17.741456985473633
2003-05-30,4.59,1.28,183.5,6.1,93.2699966430664,92.1,29.56,5.99,0.4711,1.0018,74.7088,18.065828323364258
2003-06-02,4.64,1.27,183.7,6.3,93.33999633789062,89.7,30.72,6.22,0.5051,1.4696,79.9804,18.648591995239258
2003-06-03,4.59,1.21,183.7,6.3,93.52999877929688,89.7,30.78,6.25,0.4942,1.8715,78.2703,18.593624114990234
2003-06-04,4.58,1.22,183.7,6.3,93.7300033569336,89.7,29.81,6.40,0.5151,2.3448,81.9922,19.071922302246094
2003-06-05,4.63,1.26,183.7,6.3,92.5199966430664,89.7,30.84,6.17,0.5129,2.5045,83.4744,19.29733657836914
2003-06-06,4.66,1.24,183.7,6.3,93.4800033569336,89.7,31.26,6.25,0.5356,2.554,83.5843,19.313831329345703
2003-06-09,4.60,1.25,183.7,6.3,93.3000030517578,89.7,31.36,6.25,0.5575,1.5742,62.5031,18.560623168945312
2003-06-10,4.51,1.22,183.7,6.3,93.55999755859376,89.7,31.72,6.08,0.5405,1.1174,64.8068,18.736570358276367
2003-06-11,4.49,1.25,183.7,6.3,92.97000122070312,89.7,32.17,6.06,0.5365,1.0954,67.9516,18.989459991455078
2003-06-12,4.47,1.25,183.7,6.3,92.9000015258789,89.7,31.41,5.86,0.5332,1.3375,69.0214,19.07742691040039
2003-06-13,4.42,1.24,183.7,6.3,92.22000122070312,89.7,30.63,5.44,0.523,1.0128,69.0214,19.07742691040039
2003-06-16,4.47,1.33,183.7,6.3,92.4000015258789,89.7,31.14,5.45,0.5348,1.1174,76.5663,19.764650344848633
2003-06-17,4.55,1.24,183.7,6.3,92.61000061035156,89.7,31.08,5.66,0.519,1.2495,77.2557,19.84161376953125
2003-06-18,4.64,1.22,183.7,6.3,93.16999816894533,89.7,30.28,5.53,0.5326,0.2092,62.3966,19.280845642089844
2003-06-19,4.66,1.22,183.7,6.3,93.16000366210938,89.7,29.86,5.53,0.5437,-0.3578,55.2231,18.939985275268555
2003-06-20,4.70,1.23,183.7,6.3,94.04000091552734,89.7,30.63,5.68,0.5332,-0.1816,58.2349,19.132400512695312
2003-06-23,4.64,1.21,183.7,6.3,94.08000183105467,89.7,30.22,5.89,0.5419,0.0495,48.414,18.61011505126953
2003-06-24,4.60,1.15,183.7,6.3,94.38999938964844,89.7,30.05,5.84,0.5398,0.1211,52.6195,18.85751724243164
2003-06-25,4.69,1.18,183.7,6.3,94.12000274658205,89.7,31.65,5.64,0.5417,-0.3027,49.5289,18.68707847595215
2003-06-26,4.81,1.1,183.7,6.3,94.97000122070312,89.7,28.97,5.49,0.5384,-0.1651,53.5391,18.912490844726562
2003-06-27,4.83,1.08,183.7,6.3,95.1500015258789,89.7,29.18,5.19,0.5251,-0.4403,48.3352,18.63759994506836
2003-06-30,4.81,1.45,183.7,6.3,94.7300033569336,89.7,30.15,5.31,0.5202,-0.9743,51.2816,18.791532516479492
2003-07-01,4.86,1.11,183.9,6.2,94.3000030517578,90.9,30.41,5.22,0.5291,-0.8477,55.0458,18.996999740600586
2003-07-02,4.83,1.01,183.9,6.2,94.12000274658205,90.9,30.29,5.05,0.51,-0.1973,56.6704,19.085851669311523
2003-07-03,4.93,0.96,183.9,6.2,94.41000366210938,90.9,30.39,4.96,0.5002,0.0106,53.451,18.952579498291016
2003-07-07,4.98,1.0,183.9,6.2,95.51000213623048,90.9,30.08,5.20,0.5085,0.3405,62.6779,19.474571228027344
2003-07-08,4.95,0.93,183.9,6.2,95.81999969482422,90.9,30.32,5.40,0.4936,1.0468,65.3565,19.65781593322754
2003-07-09,4.93,0.96,183.9,6.2,95.58999633789062,90.9,30.87,5.56,0.487,0.9437,67.4044,19.802188873291016
2003-07-10,4.94,1.0,183.9,6.2,95.38999938964844,90.9,31.04,5.40,0.4895,0.753,57.8972,19.441246032714844
2003-07-11,4.94,0.98,183.9,6.2,95.8000030517578,90.9,31.33,5.22,0.4927,0.9442,64.3448,19.85771942138672
2003-07-14,4.98,1.07,183.9,6.2,96.06999969482422,90.9,31.20,5.15,0.5289,2.0755,73.5766,20.712888717651367
2003-07-15,5.12,1.13,183.9,6.2,96.06999969482422,90.9,31.60,5.17,0.5257,1.9158,73.4394,20.70734977722168
2003-07-16,5.10,1.01,183.9,6.2,96.72000122070312,90.9,31.20,5.00,0.5779,1.134,60.4207,20.12982177734375
2003-07-17,5.08,1.02,183.9,6.2,96.86000061035156,90.9,31.44,4.96,0.5934,0.3725,49.1559,19.457910537719727
2003-07-18,5.09,0.99,183.9,6.2,96.86000061035156,90.9,31.96,5.01,0.5768,0.6671,51.5608,19.618940353393555
2003-07-21,5.25,1.02,183.9,6.2,96.11000061035156,90.9,31.67,5.11,0.6083,-0.3558,44.3304,19.119173049926758
2003-07-22,5.23,1.0,183.9,6.2,96.37999725341795,90.9,30.20,5.04,0.5966,-0.2557,48.8469,19.402372360229492
2003-07-23,5.20,1.05,183.9,6.2,95.44000244140624,90.9,30.13,4.88,0.575,-0.4447,48.1658,19.35795021057129
2003-07-24,5.25,1.04,183.9,6.2,95.33999633789062,90.9,30.72,4.86,0.5673,-0.239,45.6884,19.202476501464844
2003-07-25,5.31,1.03,183.9,6.2,94.95999908447266,90.9,30.31,4.68,0.5681,-0.1612,54.0377,19.696697235107422
2003-07-28,5.39,1.05,183.9,6.2,95.05999755859376,90.9,29.98,4.68,0.5537,-1.0062,54.2134,19.70779037475586
2003-07-29,5.46,1.04,183.9,6.2,95.33000183105467,90.9,30.21,4.72,0.5475,-1.1396,51.4795,19.568967819213867
2003-07-30,5.43,1.03,183.9,6.2,96.06999969482422,90.9,30.69,4.68,0.5303,-0.6615,49.4831,19.469013214111328
2003-07-31,5.56,1.04,183.9,6.2,96.88999938964844,90.9,30.56,4.63,0.5253,0.0056,49.365,19.46345329284668
2003-08-01,5.47,1.0,184.6,6.1,96.66000366210938,89.3,32.23,4.71,0.5617,-1.0951,34.0819,18.52499771118164
2003-08-04,5.47,1.0,184.6,6.1,96.18000030517578,89.3,31.80,4.81,0.5771,-0.3891,38.6986,18.730457305908203
2003-08-05,5.51,0.86,184.6,6.1,96.16000366210938,89.3,32.34,4.71,0.5756,-1.2119,32.1413,18.191810607910156
2003-08-06,5.42,0.88,184.6,6.1,96.2300033569336,89.3,31.77,4.74,0.5651,-1.0395,35.0412,18.319528579711914
2003-08-07,5.40,0.95,184.6,6.1,95.83000183105467,89.3,32.41,4.85,0.547,-0.9617,34.0569,18.241785049438477
2003-08-08,5.40,0.96,184.6,6.1,96.36000061035156,89.3,32.23,5.02,0.5309,-1.3786,36.0528,18.319528579711914
2003-08-11,5.47,1.02,184.6,6.1,95.87000274658205,89.3,31.91,5.08,0.5224,-1.2619,39.4008,18.447246551513672
2003-08-12,5.49,0.99,184.6,6.1,96.1500015258789,89.3,31.91,5.06,0.5073,-0.8894,45.2201,18.680469512939453
2003-08-13,5.60,1.01,184.6,6.1,96.18000030517578,89.3,30.85,5.17,0.4989,-0.9061,42.9298,18.563865661621094
2003-08-14,5.57,1.22,184.6,6.1,96.68000030517578,89.3,30.85,5.10,0.4926,-0.6393,49.3137,18.824851989746094
2003-08-15,5.57,1.39,184.6,6.1,96.6500015258789,89.3,31.01,4.83,0.4781,0.1668,46.3707,18.691585540771484
2003-08-18,5.50,1.03,184.6,6.1,97.3499984741211,89.3,30.81,4.94,0.4614,0.1779,51.5873,18.908151626586914
2003-08-19,5.41,0.93,184.6,6.1,97.30999755859376,89.3,30.76,4.99,0.4515,0.7949,53.3955,18.985889434814453
2003-08-20,5.42,0.89,184.6,6.1,97.37000274658205,89.3,30.96,5.03,0.4581,1.0229,60.827,19.341293334960938
2003-08-21,5.43,1.01,184.6,6.1,98.61000061035156,89.3,31.78,5.14,0.4671,0.9728,57.1858,19.213565826416016
2003-08-22,5.40,0.99,184.6,6.1,98.83000183105467,89.3,31.64,5.24,0.4865,0.517,47.7884,18.83595848083496
2003-08-25,5.40,1.04,184.6,6.1,98.83000183105467,89.3,31.43,5.26,0.4776,0.2891,45.5852,18.736011505126953
2003-08-26,5.39,1.0,184.6,6.1,98.76000213623048,89.3,32.01,5.09,0.5054,-0.1445,41.3489,18.536100387573242
2003-08-27,5.40,0.98,184.6,6.1,98.86000061035156,89.3,31.18,5.11,0.4828,-0.0945,39.973,18.469467163085938
2003-08-28,5.34,1.04,184.6,6.1,98.83000183105467,89.3,31.41,4.94,0.4861,0.0056,49.9884,18.830406188964844
2003-08-29,5.30,1.01,184.6,6.1,98.0999984741211,89.3,31.76,4.86,0.472,0.3113,54.051,19.002553939819336
2003-09-02,5.38,1.06,185.2,6.1,98.9499969482422,87.7,29.57,4.62,0.476,0.3613,59.6852,19.269102096557617
2003-09-03,5.41,0.96,185.2,6.1,98.70999908447266,87.7,29.43,4.68,0.4615,0.3725,61.4365,19.35795021057129
2003-09-04,5.40,0.98,185.2,6.1,98.1999969482422,87.7,28.87,4.70,0.4436,-0.0834,58.2722,19.257999420166016
2003-09-05,5.32,0.96,185.2,6.1,97.08999633789062,87.7,28.93,4.76,0.4329,-0.2279,50.4178,18.985889434814453
2003-09-08,5.36,0.99,185.2,6.1,97.16000366210938,87.7,28.85,4.82,0.4262,0.4058,56.5296,19.241329193115234
2003-09-09,5.36,0.95,185.2,6.1,96.44000244140624,87.7,29.22,4.70,0.4137,0.2891,50.6483,19.024768829345703
2003-09-10,5.30,0.95,185.2,6.1,96.5,87.7,29.41,4.78,0.4282,0.0,40.1704,18.536100387573242
2003-09-11,5.35,1.0,185.2,6.1,96.55999755859376,87.7,28.86,4.85,0.4282,0.2335,44.5181,18.70269203186035
2003-09-12,5.33,1.02,185.2,6.1,96.01000213623048,87.7,28.26,4.66,0.425,0.05,48.9175,18.880395889282227
2003-09-15,5.35,1.11,185.2,6.1,95.9800033569336,87.7,28.15,4.66,0.414,-0.139,48.5168,18.863727569580078
2003-09-16,5.34,0.97,185.2,6.1,96.66999816894533,87.7,27.60,4.67,0.4166,-0.0556,56.7787,19.213565826416016
2003-09-17,5.26,0.97,185.2,6.1,95.73999786376952,87.7,27.00,4.61,0.3996,-0.1112,57.5004,19.246898651123047
2003-09-18,5.23,1.0,185.2,6.1,95.9499969482422,87.7,27.26,4.52,0.4206,0.5893,68.1404,19.846622467041016
2003-09-19,5.20,0.99,185.2,6.1,94.95999908447266,87.7,26.93,4.33,0.418,0.7227,64.0181,19.70779037475586
2003-09-22,5.28,1.02,185.2,6.1,93.8499984741211,87.7,26.97,4.38,0.4251,0.189,56.4317,19.430143356323242
2003-09-23,5.24,1.01,185.2,6.1,93.98999786376952,87.7,27.00,4.51,0.4285,0.6615,61.1392,19.685585021972656
2003-09-24,5.17,1.03,185.2,6.1,93.6999969482422,87.7,28.19,4.58,0.436,0.8283,53.1011,19.36350440979004
2003-09-25,5.17,1.08,185.2,6.1,93.76000213623048,87.7,28.29,4.55,0.437,0.4447,48.3517,19.146930694580078
2003-09-26,5.11,1.03,185.2,6.1,93.87000274658205,87.7,28.21,4.42,0.4364,0.1056,45.0245,18.985889434814453
2003-09-29,5.16,1.04,185.2,6.1,93.08000183105467,87.7,28.35,4.57,0.4322,0.378,50.9707,19.241329193115234
2003-09-30,5.07,1.17,185.2,6.1,92.8499984741211,87.7,29.19,4.66,0.4347,-0.1501,47.0382,19.06363868713379
2003-10-01,5.05,1.11,185.0,6.0,92.38999938964844,89.6,29.43,4.47,0.4493,0.4002,58.6651,19.64670753479004
2003-10-02,5.10,1.02,185.0,6.0,92.41999816894533,89.6,29.83,4.42,0.436,-0.2112,58.3937,19.635486602783203
2003-10-03,5.23,0.99,185.0,6.0,93.2300033569336,89.6,30.37,4.34,0.4369,0.0119,59.9521,19.7195987701416
2003-10-06,5.21,0.99,185.0,6.0,92.41000366210938,89.6,30.40,4.40,0.4293,0.5032,63.7717,19.932655334472656
2003-10-07,5.29,0.98,185.0,6.0,91.88999938964844,89.6,30.48,4.66,0.4384,0.5506,68.5134,20.23543930053711
2003-10-08,5.33,0.99,185.0,6.0,91.7300033569336,89.6,29.60,4.84,0.4333,0.6036,60.6707,19.96630859375
2003-10-09,5.35,1.02,185.0,6.0,91.98999786376952,89.6,30.97,4.78,0.4288,0.8709,61.5867,20.016769409179688
2003-10-10,5.34,1.0,185.0,6.0,91.5199966430664,89.6,32.01,4.92,0.4146,0.9311,58.5558,19.915843963623047
2003-10-13,.,1.0,185.0,6.0,91.88999938964844,89.6,31.91,4.96,0.423,1.1917,67.6087,20.43167495727539
2003-10-14,5.40,1.08,185.0,6.0,91.83000183105467,89.6,31.68,4.84,0.4181,1.5605,70.2749,20.622312545776367
2003-10-15,5.41,1.09,185.0,6.0,92.41999816894533,89.6,31.74,4.93,0.4171,0.8757,67.0294,20.521385192871094
2003-10-16,5.41,1.04,185.0,6.0,92.61000061035156,89.6,31.51,4.92,0.4069,1.0216,69.1408,20.65595817565918
2003-10-17,5.37,0.98,185.0,6.0,92.29000091552734,89.6,30.61,4.53,0.4083,0.6567,60.2148,20.375612258911133
2003-10-20,5.35,1.02,185.0,6.0,92.43000030517578,89.6,30.37,4.30,0.4044,0.5894,62.9764,20.521385192871094
2003-10-21,5.33,0.99,185.0,6.0,92.37000274658205,89.6,30.19,4.64,0.3976,0.3256,63.7295,20.560630798339844
2003-10-22,5.30,0.99,185.0,6.0,91.2699966430664,89.6,30.00,4.89,0.4486,-0.3536,41.2306,19.613067626953125
2003-10-23,5.36,1.02,185.0,6.0,91.51000213623048,89.6,30.31,4.90,0.4446,-0.3929,41.5021,19.624277114868164
2003-10-24,5.27,1.01,185.0,6.0,91.27999877929688,89.6,29.99,4.78,0.4317,-0.421,39.1884,19.495319366455078
2003-10-27,5.30,1.03,185.0,6.0,91.61000061035156,89.6,29.95,4.56,0.4213,-0.8363,42.0001,19.59624481201172
2003-10-28,5.27,0.98,185.0,6.0,91.86000061035156,89.6,29.57,4.45,0.4209,-0.6904,50.4804,19.932655334472656
2003-10-29,5.32,0.97,185.0,6.0,91.86000061035156,89.6,28.95,4.51,0.4185,-0.3761,55.1001,20.145727157592773
2003-10-30,5.33,1.02,185.0,6.0,92.20999908447266,89.6,28.67,4.40,0.4074,-0.5613,53.7798,20.09525489807129
2003-10-31,5.28,1.03,185.0,6.0,92.7300033569336,89.6,29.24,3.98,0.3928,-0.247,54.5859,20.1289119720459
2003-11-03,5.30,1.02,184.5,5.8,93.66000366210938,93.7,28.81,4.12,0.3988,0.0617,64.0028,20.58306884765625
2003-11-04,5.27,0.98,184.5,5.8,93.2300033569336,93.7,28.86,4.01,0.3895,-0.0393,62.061,20.521385192871094
2003-11-05,5.32,0.98,184.5,5.8,93.62999725341795,93.7,30.29,4.46,0.3792,0.87,60.7576,20.482141494750977
2003-11-06,5.37,1.0,184.5,5.8,93.88999938964844,93.7,30.25,4.74,0.3694,0.7353,56.6063,20.358797073364258
2003-11-07,5.38,0.98,184.5,5.8,93.0199966430664,93.7,30.73,4.48,0.3614,0.7128,51.7816,20.207399368286133
2003-11-10,5.39,0.99,184.5,5.8,93.0500030517578,93.7,31.01,4.42,0.3536,0.5276,49.1934,20.12329864501953
2003-11-11,.,0.99,184.5,5.8,93.0999984741211,93.7,31.21,4.52,0.354,0.275,51.8666,20.207399368286133
2003-11-12,5.34,1.0,184.5,5.8,92.30999755859376,93.7,31.37,4.77,0.3492,-0.0225,49.0019,20.12329864501953
2003-11-13,5.24,0.99,184.5,5.8,91.61000061035156,93.7,31.89,4.60,0.3399,0.0112,48.4078,20.106477737426758
2003-11-14,5.21,0.98,184.5,5.8,91.44000244140624,93.7,32.31,4.62,0.3504,-0.247,41.0365,19.8821964263916
2003-11-17,5.17,1.04,184.5,5.8,91.52999877929688,93.7,31.75,4.49,0.3446,-0.7297,40.1866,19.854169845581055
2003-11-18,5.15,0.98,184.5,5.8,90.33000183105467,93.7,33.16,4.35,0.3497,-0.9598,32.4261,19.56260108947754
2003-11-19,5.22,0.98,184.5,5.8,90.9000015258789,93.7,32.84,4.46,0.3423,-0.9935,30.7752,19.48971176147461
2003-11-20,5.16,1.0,184.5,5.8,90.66000366210938,93.7,32.87,4.35,0.3484,-0.943,29.1275,19.416820526123047
2003-11-21,5.13,0.98,184.5,5.8,90.5999984741211,93.7,32.26,4.15,0.3439,-0.5837,39.3896,19.624277114868164
2003-11-24,5.19,0.98,184.5,5.8,91.58999633789062,93.7,29.99,4.57,0.3342,-0.348,45.7578,19.775667190551758
2003-11-25,5.17,1.02,184.5,5.8,91.45999908447266,93.7,30.02,4.49,0.332,-0.2863,51.2394,19.92144775390625
2003-11-26,5.20,1.01,184.5,5.8,90.5999984741211,93.7,30.33,4.86,0.3263,-0.2133,50.8006,19.910236358642578
2003-11-28,5.23,1.01,184.5,5.8,90.20999908447266,93.7,.,.,0.3134,-0.2582,48.2743,19.848556518554688
2003-12-01,5.28,1.03,184.3,5.7,90.3499984741211,92.6,29.89,5.02,0.3047,0.1123,54.2495,19.994333267211914
2003-12-02,5.25,0.97,184.3,5.7,89.63999938964844,92.6,30.74,5.45,0.2957,0.2245,57.4037,20.07845115661621
2003-12-03,5.28,0.98,184.3,5.7,89.5,92.6,30.61,5.45,0.289,0.522,57.6201,20.072837829589844
2003-12-04,5.27,0.99,184.3,5.7,89.5999984741211,92.6,31.24,5.70,0.2921,0.3536,46.3647,19.842947006225586
2003-12-05,5.20,0.98,184.3,5.7,89.13999938964844,92.6,30.68,6.27,0.2928,0.1852,38.0962,19.60185432434082
2003-12-08,5.26,0.99,184.3,5.7,88.75,92.6,32.08,6.06,0.3016,0.2582,49.6884,19.8821964263916
2003-12-09,5.26,0.97,184.3,5.7,88.61000061035156,92.6,31.72,6.52,0.3121,-0.247,39.3676,19.528972625732422
2003-12-10,5.28,0.99,184.3,5.7,88.8499984741211,92.6,31.92,6.67,0.3119,-0.4827,37.1879,19.439250946044922
2003-12-11,5.27,0.99,184.3,5.7,88.87999725341797,92.6,32.01,6.56,0.3129,-0.2975,43.8774,19.613067626953125
2003-12-12,5.23,0.99,184.3,5.7,88.48999786376953,92.6,33.06,6.73,0.3013,-0.174,46.139,19.67474365234375
2003-12-15,5.24,1.04,184.3,5.7,88.45999908447266,92.6,33.17,6.63,0.2987,-0.2245,49.6248,19.77006721496582
2003-12-16,5.23,0.99,184.3,5.7,88.30999755859375,92.6,32.94,6.58,0.2966,-0.0505,57.8303,20.027984619140625
2003-12-17,5.16,0.99,184.3,5.7,87.94000244140625,92.6,33.36,6.56,0.2942,-0.0898,56.4966,19.994333267211914
2003-12-18,5.10,1.01,184.3,5.7,87.8499984741211,92.6,33.72,6.98,0.2953,0.1459,56.2563,19.988731384277344
2003-12-19,5.11,0.98,184.3,5.7,88.11000061035156,92.6,32.81,6.92,0.2918,0.4603,58.7879,20.06162452697754
2003-12-22,5.13,1.02,184.3,5.7,87.98999786376953,92.6,31.71,6.32,0.2894,0.3592,64.4196,20.24104881286621
2003-12-23,5.20,1.0,184.3,5.7,87.98999786376953,92.6,32.03,5.58,0.2808,0.7521,65.5634,20.28029441833496
2003-12-24,5.15,0.97,184.3,5.7,87.54000091552734,92.6,32.99,5.50,0.2695,0.8195,64.252,20.257858276367188
2003-12-26,5.15,0.97,184.3,5.7,87.62999725341797,92.6,.,.,0.2579,0.696,65.9544,20.308324813842773
2003-12-29,5.18,0.98,184.3,5.7,87.3499984741211,92.6,32.51,5.46,0.2523,0.8083,71.2031,20.482141494750977
2003-12-30,5.23,0.93,184.3,5.7,87.0,92.6,33.01,5.96,0.2407,0.7521,72.2755,20.521385192871094
2003-12-31,5.23,0.94,184.3,5.7,86.91999816894531,92.6,32.51,5.76,0.2331,0.5669,74.2539,20.594282150268555
2004-01-02,5.30,1.01,185.2,5.7,86.91999816894531,103.8,.,.,0.2439,0.7297,77.4212,20.724435806274414
2004-01-05,5.28,0.97,185.2,5.7,86.06999969482422,103.8,33.71,6.28,0.2491,0.6956,74.3015,20.684831619262695
2004-01-06,5.26,0.92,185.2,5.7,85.62999725341797,103.8,33.54,7.04,0.2726,1.1439,83.8216,21.205486297607422
2004-01-07,5.22,0.94,185.2,5.7,86.19999694824219,103.8,33.57,6.61,0.2782,1.2758,87.0165,21.516752243041992
2004-01-08,5.20,0.99,185.2,5.7,85.56999969482422,103.8,34.27,6.41,0.2887,1.6048,89.6901,21.88460350036621
2004-01-09,5.14,0.99,185.2,5.7,85.11000061035156,103.8,34.38,6.91,0.3001,1.6782,90.0066,21.93553352355957
2004-01-12,5.12,1.0,185.2,5.7,85.55000305175781,103.8,34.92,6.29,0.3082,1.6447,90.119,21.95252227783203
2004-01-13,5.11,0.99,185.2,5.7,85.51000213623047,103.8,34.26,6.26,0.3064,1.533,90.5519,22.014772415161133
2004-01-14,5.06,1.01,185.2,5.7,86.02999877929688,103.8,34.62,5.73,0.3019,1.675,91.7238,22.195858001708984
2004-01-15,5.03,1.04,185.2,5.7,86.55999755859375,103.8,33.61,6.02,0.3309,1.4321,81.2288,22.026092529296875
2004-01-16,5.04,0.98,185.2,5.7,87.7300033569336,103.8,35.16,5.43,0.3218,1.5012,83.6534,22.224164962768555
2004-01-20,5.09,1.02,185.2,5.7,86.70999908447266,103.8,36.21,6.15,0.3248,1.4389,77.9035,22.122291564941406
2004-01-21,5.06,1.0,185.2,5.7,86.36000061035156,103.8,35.53,6.26,0.3473,1.4899,84.532,22.693899154663086
2004-01-22,5.02,1.02,185.2,5.7,85.81999969482422,103.8,35.12,6.03,0.354,1.0877,80.2924,22.603342056274414
2004-01-23,5.08,1.0,185.2,5.7,86.55999755859375,103.8,34.94,5.82,0.366,0.5269,71.7911,22.410926818847656
2004-01-26,5.14,1.08,185.2,5.7,87.25,103.8,34.41,5.70,0.3784,0.8498,77.0355,22.784433364868164
2004-01-27,5.09,1.02,185.2,5.7,86.27999877929688,103.8,33.99,5.87,0.3663,0.7025,71.8624,22.654279708862305
2004-01-28,5.14,0.99,185.2,5.7,86.97000122070312,103.8,33.63,6.04,0.3903,0.1246,55.4832,22.139278411865234
2004-01-29,5.13,1.0,185.2,5.7,87.58000183105469,103.8,32.86,5.99,0.4029,-0.0963,54.423,22.099666595458984
2004-01-30,5.11,1.03,185.2,5.7,87.19999694824219,103.8,33.16,5.80,0.3899,-0.017,51.9041,22.00911521911621
2004-02-02,5.13,1.01,186.2,5.6,87.52999877929688,94.4,34.02,5.51,0.3839,-0.1473,53.6903,22.077022552490234
2004-02-03,5.11,0.97,186.2,5.6,86.79000091552734,94.4,34.20,5.69,0.3727,0.0227,55.5254,22.14493751525879
2004-02-04,5.11,1.0,186.2,5.6,86.83999633789062,94.4,33.06,5.74,0.3614,-0.6685,51.553,22.026092529296875
2004-02-05,5.13,1.01,186.2,5.6,86.9000015258789,94.4,33.26,5.54,0.3595,-0.5552,52.2756,22.048721313476562
2004-02-06,5.08,0.99,186.2,5.6,86.0199966430664,94.4,32.49,5.38,0.3706,0.0736,63.8184,22.4844970703125
2004-02-09,5.06,1.01,186.2,5.6,86.0,94.4,32.91,5.44,0.3599,-0.4249,59.2677,22.3599910736084
2004-02-10,5.08,1.0,186.2,5.6,85.83999633789062,94.4,34.03,5.49,0.35,-0.3116,58.6342,22.343019485473633
2004-02-11,5.06,1.0,186.2,5.6,85.19999694824219,94.4,33.93,5.34,0.3618,0.6515,68.489,22.79009437561035
2004-02-12,5.10,1.02,186.2,5.6,85.29000091552734,94.4,34.03,5.35,0.353,0.7421,69.4114,22.841035842895508
2004-02-13,5.08,1.01,186.2,5.6,85.55999755859375,94.4,34.51,5.62,0.3541,0.7195,64.7325,22.727832794189453
2004-02-17,5.07,1.02,186.2,5.6,85.0199966430664,94.4,35.13,5.43,0.355,0.9347,70.2947,23.010805130004883
2004-02-18,5.07,1.0,186.2,5.6,85.87999725341797,94.4,35.42,5.33,0.3455,0.7648,66.1233,22.908946990966797
2004-02-19,5.04,1.0,186.2,5.6,85.94999694824219,94.4,35.81,5.28,0.3472,1.0764,69.8752,23.10135269165039
2004-02-20,5.09,0.99,186.2,5.6,87.23999786376953,94.4,35.80,5.19,0.3438,0.9121,64.0773,22.95988655090332
2004-02-23,5.11,1.0,186.2,5.6,87.04000091552734,94.4,35.75,5.10,0.3395,0.3286,58.4709,22.812740325927734
2004-02-24,5.06,0.99,186.2,5.6,86.13999938964844,94.4,35.85,5.08,0.3379,0.3909,56.1611,22.750478744506836
2004-02-25,5.02,1.02,186.2,5.6,87.25,94.4,37.28,5.10,0.334,0.4929,58.6369,22.835384368896484
2004-02-26,5.05,1.03,186.2,5.6,87.68000030517578,94.4,35.45,5.13,0.3308,0.1643,61.9772,22.9542236328125
2004-02-27,5.01,1.04,186.2,5.6,87.30999755859375,94.4,36.08,5.27,0.333,0.3739,68.2229,23.214553833007812
2004-03-01,4.99,1.04,187.4,5.8,87.5199966430664,95.8,36.85,5.17,0.3331,0.7761,73.5709,23.5031795501709
2004-03-02,5.06,1.0,187.4,5.8,88.83000183105469,95.8,36.60,5.37,0.3328,0.5722,74.8613,23.5824031829834
2004-03-03,5.02,1.0,187.4,5.8,89.02999877929688,95.8,35.80,5.34,0.3353,0.9177,78.4519,23.82574462890625
2004-03-04,4.99,0.99,187.4,5.8,89.13999938964844,95.8,36.81,5.17,0.3377,1.0084,81.8088,24.108715057373047
2004-03-05,4.91,1.0,187.4,5.8,88.18000030517578,95.8,37.31,5.32,0.3739,1.3823,84.0699,24.34074592590332
2004-03-08,4.87,1.0,187.4,5.8,88.0,95.8,36.53,5.42,0.3702,1.4899,82.1332,24.3011417388916
2004-03-09,4.85,0.99,187.4,5.8,88.29000091552734,95.8,36.29,5.34,0.3701,1.286,70.0882,24.035152435302734
2004-03-10,4.83,1.0,187.4,5.8,88.94999694824219,95.8,36.21,5.33,0.3716,0.9517,60.8116,23.786157608032227
2004-03-11,4.87,1.01,187.4,5.8,88.51000213623047,95.8,36.95,5.33,0.3912,0.4249,49.016,23.3786678314209
2004-03-12,4.89,0.99,187.4,5.8,89.12000274658203,95.8,36.21,5.52,0.3839,0.2833,52.0313,23.497512817382812
2004-03-15,4.88,1.05,187.4,5.8,88.80999755859375,95.8,37.44,5.59,0.3876,-0.3399,43.9222,23.163604736328125
2004-03-16,4.82,0.99,187.4,5.8,88.58999633789062,95.8,37.36,5.60,0.383,-0.1926,49.8141,23.389995574951172
2004-03-17,4.83,1.0,187.4,5.8,88.6500015258789,95.8,38.21,5.61,0.4009,0.102,60.7082,23.927623748779297
2004-03-18,4.87,1.0,187.4,5.8,87.69999694824219,95.8,37.81,5.63,0.3958,-0.3286,56.9489,23.780481338500977
2004-03-19,4.89,0.99,187.4,5.8,88.16000366210938,95.8,38.09,5.49,0.4161,-0.9517,48.1559,23.389995574951172
2004-03-22,4.84,1.01,187.4,5.8,87.80999755859375,95.8,37.12,5.46,0.4224,-1.2123,42.549,23.090038299560547
2004-03-23,4.83,0.99,187.4,5.8,87.8499984741211,95.8,37.81,5.36,0.4165,-0.8441,44.967,23.191923141479492
2004-03-24,4.83,0.99,187.4,5.8,88.93000030517578,95.8,37.06,5.35,0.4078,-0.7308,42.3277,23.056087493896484
2004-03-25,4.86,1.02,187.4,5.8,88.9000015258789,95.8,35.67,5.22,0.4159,0.1076,52.1991,23.486202239990234
2004-03-26,4.91,1.0,187.4,5.8,88.88999938964844,95.8,35.61,5.16,0.4056,-0.153,49.1258,23.34470558166504
2004-03-29,4.96,1.0,187.4,5.8,88.62999725341797,95.8,35.41,5.25,0.4138,0.6402,58.0231,23.80312156677246
2004-03-30,4.96,0.98,187.4,5.8,88.43000030517578,95.8,36.15,5.40,0.3988,0.3682,56.9305,23.75784683227539
2004-03-31,4.93,1.05,187.4,5.8,87.61000061035156,95.8,35.75,5.63,0.3906,-0.1869,56.4873,23.740861892700195
2004-04-01,5.01,1.03,188.0,5.6,87.20999908447266,94.2,34.47,5.82,0.3813,0.136,60.0575,23.91629981994629
2004-04-02,5.13,1.0,188.0,5.6,88.51000213623047,94.2,34.39,5.69,0.414,0.3059,53.878,23.693805694580078
2004-04-05,5.18,1.01,188.0,5.6,89.22000122070312,94.2,34.29,5.81,0.4098,0.7318,56.6937,23.81931495666504
2004-04-06,5.17,1.0,188.0,5.6,88.75,94.2,35.09,5.70,0.3968,0.4871,52.6364,23.67669105529785
2004-04-07,5.18,1.0,188.0,5.6,88.2699966430664,94.2,36.28,5.76,0.3827,0.5488,50.5464,23.602508544921875
2004-04-08,5.17,1.02,188.0,5.6,89.0199966430664,94.2,37.14,5.84,0.3868,-0.0074,47.0346,23.47700309753418
2004-04-12,5.19,1.0,188.0,5.6,88.94999694824219,94.2,37.79,5.85,0.3779,0.3684,53.6961,23.710912704467773
2004-04-13,5.25,1.0,188.0,5.6,89.83000183105469,94.2,37.09,5.92,0.4178,-0.9586,35.3711,22.843725204467773
2004-04-14,5.26,1.01,188.0,5.6,90.23999786376952,94.2,36.62,5.73,0.43,-1.3531,29.6714,22.4044189453125
2004-04-15,5.33,1.03,188.0,5.6,90.05999755859375,94.2,37.74,5.68,0.4535,-1.6217,26.5811,22.119152069091797
2004-04-16,5.31,0.99,188.0,5.6,89.94000244140625,94.2,37.70,5.62,0.4534,-1.5174,34.0594,22.398706436157227
2004-04-19,5.33,1.0,188.0,5.6,89.80000305175781,94.2,37.46,5.57,0.4447,-1.2394,35.5481,22.455764770507812
2004-04-20,5.35,0.99,188.0,5.6,90.48999786376952,94.2,37.61,5.46,0.4533,-1.8334,29.4836,21.98793601989746
2004-04-21,5.36,0.99,188.0,5.6,91.12000274658205,94.2,36.61,5.52,0.4654,-2.1818,24.5942,21.497285842895508
2004-04-22,5.33,1.0,188.0,5.6,90.81999969482422,94.2,37.70,5.59,0.4795,-1.7077,34.4286,21.89665412902832
2004-04-23,5.38,0.99,188.0,5.6,91.08000183105467,94.2,37.22,5.53,0.4668,-1.6278,33.8677,21.85101318359375
2004-04-26,5.36,1.01,188.0,5.6,90.62000274658205,94.2,37.02,5.60,0.4873,-1.7192,37.4083,21.993642807006836
2004-04-27,5.35,0.99,188.0,5.6,90.41000366210938,94.2,37.49,5.81,0.4762,-0.811,38.4338,22.033580780029297
2004-04-28,5.39,1.01,188.0,5.6,91.16999816894533,94.2,37.23,5.80,0.472,-0.7653,32.5865,21.639925003051758
2004-04-29,5.41,1.03,188.0,5.6,90.56999969482422,94.2,37.50,5.78,0.4774,-0.6397,30.4946,21.480180740356445
2004-04-30,5.39,1.03,188.0,5.6,90.4800033569336,94.2,37.31,5.81,0.4617,-0.9481,30.1111,21.45165252685547
2004-05-03,5.41,1.03,189.1,5.6,90.76000213623048,90.2,38.26,5.80,0.4507,-0.8567,34.8456,21.599985122680664
2004-05-04,5.45,1.0,189.1,5.6,89.80999755859375,90.2,38.86,6.21,0.4569,-0.1314,42.3552,21.85671043395996
2004-05-05,5.46,0.99,189.1,5.6,89.30999755859375,90.2,39.69,6.09,0.4467,0.2113,39.4371,21.70838737487793
2004-05-06,5.46,1.0,189.1,5.6,89.87999725341797,90.2,39.41,6.22,0.4446,-0.4455,34.8233,21.45165252685547
2004-05-07,5.53,0.99,189.1,5.6,91.12999725341795,90.2,39.98,6.18,0.4634,-1.0395,26.3109,20.81266212463379
2004-05-10,5.54,1.0,189.1,5.6,91.55999755859376,90.2,38.90,6.14,0.5062,-1.7934,20.8903,20.202207565307617
2004-05-11,5.53,0.96,189.1,5.6,91.66000366210938,90.2,40.30,6.24,0.5096,-1.959,19.9513,20.076683044433594
2004-05-12,5.57,0.98,189.1,5.6,91.29000091552734,90.2,40.30,6.41,0.5148,-1.2337,29.2652,20.407590866088867
2004-05-13,5.61,1.0,189.1,5.6,91.95999908447266,90.2,40.94,6.42,0.5152,-1.0852,29.1353,20.39617919921875
2004-05-14,5.59,1.02,189.1,5.6,91.66000366210938,90.2,41.42,6.43,0.5155,-1.108,28.5028,20.34482765197754
2004-05-17,5.52,1.05,189.1,5.6,91.0,90.2,41.53,6.41,0.5158,-1.4564,26.0584,20.145151138305664
2004-05-18,5.56,1.0,189.1,5.6,91.25,90.2,40.32,6.28,0.5059,-1.5649,30.9464,20.29348373413086
2004-05-19,5.57,1.0,189.1,5.6,90.52999877929688,90.2,41.61,6.18,0.4995,-1.3194,34.1108,20.390478134155273
2004-05-20,5.52,1.0,189.1,5.6,91.02999877929688,90.2,40.92,6.44,0.4867,-0.9652,37.3032,20.487457275390625
2004-05-21,5.53,0.99,189.1,5.6,90.48999786376952,90.2,39.83,6.35,0.467,-0.2285,40.506,20.584453582763672
2004-05-24,5.53,1.0,189.1,5.6,90.4800033569336,90.2,42.03,6.48,0.4569,0.3827,40.506,20.584453582763672
2004-05-25,5.50,1.0,189.1,5.6,89.83999633789062,90.2,41.45,6.73,0.4692,0.9424,53.5907,21.018049240112305
2004-05-26,5.46,0.99,189.1,5.6,89.72000122070312,90.2,40.60,6.70,0.4569,0.6054,53.419,21.012346267700195
2004-05-27,5.45,1.0,189.1,5.6,88.66999816894531,90.2,39.25,6.51,0.4483,0.6854,55.328,21.080808639526367
2004-05-28,5.42,1.02,189.1,5.6,88.94999694824219,90.2,39.90,6.45,0.4285,0.674,53.111,21.018049240112305
2004-06-01,5.48,1.02,189.7,5.6,88.87999725341797,95.6,42.33,6.45,0.4203,0.8796,53.3001,21.023746490478516
2004-06-02,5.50,0.98,189.7,5.6,88.83999633789062,95.6,39.96,6.51,0.4164,0.9881,61.1338,21.28048324584961
2004-06-03,5.49,0.99,189.7,5.6,88.94999694824219,95.6,39.29,6.44,0.4054,0.6968,53.5874,21.08650779724121
2004-06-04,5.54,0.99,189.7,5.6,88.54000091552734,95.6,38.44,6.15,0.3981,0.7825,58.8937,21.269067764282227
2004-06-07,5.50,0.99,189.7,5.6,88.25,95.6,38.72,6.09,0.4052,1.1766,69.3557,21.759719848632812
2004-06-08,5.53,0.97,189.7,5.6,88.51000213623047,95.6,37.18,6.19,0.393,1.1309,67.578,21.714080810546875
2004-06-09,5.53,0.99,189.7,5.6,89.7300033569336,95.6,37.60,6.04,0.3836,0.4798,59.5255,21.497285842895508
2004-06-10,5.51,1.0,189.7,5.6,89.25,95.6,38.45,6.00,0.3693,0.554,61.1498,21.565750122070312
2004-06-14,5.58,1.02,189.7,5.6,89.94000244140625,95.6,37.58,6.15,0.3747,0.1199,49.4012,21.434528350830078
2004-06-15,5.45,1.03,189.7,5.6,89.08999633789062,95.6,37.18,6.35,0.3684,0.2342,50.8759,21.251970291137695
2004-06-16,5.45,1.0,189.7,5.6,90.04000091552734,95.6,37.33,6.38,0.358,0.2684,52.0828,21.291898727416992
2004-06-17,5.41,1.01,189.7,5.6,89.5999984741211,95.6,38.51,6.57,0.3512,0.0114,52.0828,21.291898727416992
2004-06-18,5.46,1.0,189.7,5.6,89.08000183105469,95.6,38.68,6.48,0.3477,0.1542,50.1279,21.24054527282715
2004-06-21,5.45,1.0,189.7,5.6,89.29000091552734,95.6,37.69,6.42,0.3429,-0.1599,45.3,21.109331130981445
2004-06-22,5.47,1.0,189.7,5.6,89.43000030517578,95.6,38.11,6.29,0.3314,-0.674,44.4723,21.08650779724121
2004-06-23,5.45,1.02,189.7,5.6,89.41999816894531,95.6,37.56,6.30,0.3347,-0.2513,58.4053,21.46306037902832
2004-06-24,5.44,1.03,189.7,5.6,88.75,95.6,37.81,6.41,0.3251,0.0514,60.8838,21.548641204833984
2004-06-25,5.41,1.05,189.7,5.6,88.87999725341797,95.6,37.34,6.28,0.332,0.1085,64.346,21.674152374267578
2004-06-28,5.49,1.09,189.7,5.6,88.72000122070312,95.6,36.25,6.13,0.3381,0.4512,63.2157,21.651334762573242
2004-06-29,5.44,1.13,189.7,5.6,89.41000366210938,95.6,35.60,6.02,0.3376,0.594,68.4501,21.845312118530273
2004-06-30,5.41,1.38,189.7,5.6,88.80000305175781,95.6,36.92,6.03,0.34,0.8282,74.2074,22.119152069091797
2004-07-01,5.35,1.4,189.4,5.5,88.79000091552734,96.7,38.56,5.95,0.3544,0.6797,66.8639,21.96950340270996
2004-07-02,5.30,1.25,189.4,5.5,87.97000122070312,96.7,38.37,5.88,0.3513,0.6792,64.3913,21.917709350585938
2004-07-06,5.32,1.3,189.4,5.5,88.12000274658203,96.7,39.56,6.16,0.3616,0.3323,46.6964,21.439990997314453
2004-07-07,5.32,1.26,189.4,5.5,87.6500015258789,96.7,39.18,6.27,0.3654,0.1304,40.8374,21.215526580810547
2004-07-08,5.32,1.26,189.4,5.5,87.54000091552734,96.7,40.27,6.19,0.3628,-0.3099,39.2924,21.152204513549805
2004-07-09,5.31,1.24,189.4,5.5,87.41999816894531,96.7,39.90,5.89,0.3546,-0.3495,41.0933,21.1982479095459
2004-07-12,5.26,1.26,189.4,5.5,87.38999938964844,96.7,39.30,5.95,0.3469,-0.4348,42.7447,21.238536834716797
2004-07-13,5.29,1.24,189.4,5.5,87.81999969482422,96.7,39.55,5.85,0.3456,-0.2737,48.2691,21.376672744750977
2004-07-14,5.32,1.24,189.4,5.5,87.58000183105469,96.7,40.98,5.91,0.3617,-0.8655,36.8966,20.97954559326172
2004-07-15,5.28,1.3,189.4,5.5,87.98999786376953,96.7,40.70,5.92,0.3659,-1.3989,31.516,20.720521926879883
2004-07-16,5.22,1.24,189.4,5.5,87.13999938964844,96.7,41.10,5.77,0.362,-1.3253,30.1067,20.64570426940918
2004-07-19,5.22,1.25,189.4,5.5,87.18000030517578,96.7,41.55,5.75,0.3575,-1.1986,33.415,20.720521926879883
2004-07-20,5.25,1.25,189.4,5.5,87.83000183105469,96.7,40.86,5.80,0.3783,-0.4898,42.6892,20.95074462890625
2004-07-21,5.31,1.25,189.4,5.5,88.55999755859375,96.7,40.63,5.90,0.4089,-0.023,50.7003,21.192485809326172
2004-07-22,5.30,1.26,189.4,5.5,88.44999694824219,96.7,41.51,5.85,0.4155,0.0173,49.9613,21.169464111328125
2004-07-23,5.27,1.25,189.4,5.5,89.26000213623047,96.7,41.82,5.98,0.4088,-0.1729,45.3689,21.025577545166016
2004-07-26,5.27,1.27,189.4,5.5,89.02999877929688,96.7,41.45,5.94,0.399,-0.2478,44.2834,20.991043090820312
2004-07-27,5.42,1.27,189.4,5.5,89.79000091552734,96.7,41.83,5.87,0.3981,-0.1325,53.3732,21.24429702758789
2004-07-28,5.42,1.29,189.4,5.5,89.75,96.7,42.81,5.77,0.4104,0.3573,56.2567,21.336380004882812
2004-07-29,5.37,1.3,189.4,5.5,89.94999694824219,96.7,42.69,5.93,0.4095,0.6569,57.5333,21.376672744750977
2004-07-30,5.31,1.29,189.4,5.5,89.95999908447266,96.7,43.72,6.03,0.4012,0.8413,60.9686,21.486040115356445
2004-08-02,5.26,1.28,189.5,5.4,89.75,95.9,43.83,5.86,0.396,0.8125,62.3919,21.532081604003906
2004-08-03,5.24,1.24,189.5,5.4,89.56999969482422,95.9,44.13,5.77,0.392,0.3861,53.2264,21.336380004882812
2004-08-04,5.24,1.22,189.5,5.4,89.68000030517578,95.9,42.73,5.70,0.3941,0.2247,56.1721,21.416959762573242
2004-08-05,5.22,1.3,189.5,5.4,89.63999938964844,95.9,44.39,5.54,0.4128,-0.2881,38.3471,20.881683349609375
2004-08-06,5.13,1.32,189.5,5.4,88.36000061035156,95.9,43.95,5.42,0.4146,-0.2535,35.7704,20.772319793701172
2004-08-09,5.15,1.35,189.5,5.4,88.38999938964844,95.9,44.86,5.58,0.3978,-0.2305,35.4914,20.760812759399414
2004-08-10,5.17,1.43,189.5,5.4,88.79000091552734,95.9,44.51,5.78,0.4076,0.0461,53.8746,21.290342330932617
2004-08-11,5.16,1.5,189.5,5.4,88.8499984741211,95.9,44.72,5.64,0.3999,-0.098,52.2559,21.238536834716797
2004-08-12,5.17,1.51,189.5,5.4,88.69000244140625,95.9,45.52,5.46,0.3808,-0.1613,51.4919,21.215526580810547
2004-08-13,5.11,1.48,189.5,5.4,87.9000015258789,95.9,46.61,5.27,0.3713,-0.2651,51.6881,21.221277236938477
2004-08-16,5.13,1.43,189.5,5.4,87.95999908447266,95.9,46.02,5.34,0.3831,0.1902,65.2679,21.722017288208008
2004-08-17,5.13,1.2,189.5,5.4,88.05999755859375,95.9,46.75,5.27,0.3767,0.4956,67.4856,21.831378936767578
2004-08-18,5.11,1.39,189.5,5.4,88.08000183105469,95.9,47.36,5.36,0.372,0.6396,71.6187,22.055845260620117
2004-08-19,5.14,1.5,189.5,5.4,87.79000091552734,95.9,48.66,5.34,0.3648,0.9911,64.1808,21.87165641784668
2004-08-20,5.14,1.5,189.5,5.4,88.12000274658203,95.9,47.60,5.39,0.375,1.4752,70.9823,22.245792388916016
2004-08-23,5.15,1.51,189.5,5.4,89.05999755859375,95.9,46.00,5.34,0.3651,1.4291,68.7507,22.1882266998291
2004-08-24,5.15,1.51,189.5,5.4,89.45999908447266,95.9,45.68,5.23,0.36,0.922,69.1814,22.21125030517578
2004-08-25,5.13,1.55,189.5,5.4,89.41999816894531,95.9,43.83,5.32,0.3771,1.4636,76.747,22.700485229492188
2004-08-26,5.10,1.55,189.5,5.4,89.30000305175781,95.9,43.06,5.19,0.3728,1.4924,76.8214,22.70624542236328
2004-08-27,5.10,1.52,189.5,5.4,89.7699966430664,95.9,43.11,5.05,0.3605,1.6423,78.8509,22.86164093017578
2004-08-30,5.07,1.54,189.5,5.4,89.69000244140625,95.9,42.32,5.05,0.3603,0.7837,64.4521,22.50478744506836
2004-08-31,5.01,1.55,189.5,5.4,88.94000244140625,95.9,42.23,5.04,0.3622,0.9508,69.278,22.78107452392578
2004-09-01,5.01,1.53,189.9,5.4,88.87000274658203,94.2,43.89,5.02,0.3634,0.5417,62.9479,22.596874237060547
2004-09-02,5.07,1.51,189.9,5.4,88.9800033569336,94.2,44.04,4.75,0.3675,1.0603,68.7063,22.942218780517578
2004-09-03,5.14,1.48,189.9,5.4,89.62999725341797,94.2,43.94,4.32,0.3536,0.6915,68.7992,22.936464309692383
2004-09-07,5.10,1.54,189.9,5.4,89.2300033569336,94.2,43.18,4.41,0.3444,0.7606,69.0037,22.947980880737305
2004-09-08,5.04,1.51,189.9,5.4,88.7699966430664,94.2,42.77,4.69,0.342,0.4495,58.3769,22.66019630432129
2004-09-09,5.07,1.49,189.9,5.4,88.83000183105469,94.2,44.53,4.57,0.337,0.1729,63.055,22.873157501220703
2004-09-10,5.05,1.48,189.9,5.4,88.38999938964844,94.2,42.84,4.57,0.3314,0.2017,63.7884,22.907703399658203
2004-09-13,5.02,1.51,189.9,5.4,88.55000305175781,94.2,43.86,5.12,0.3374,-0.3227,51.6401,22.53933334350586
2004-09-14,5.01,1.4,189.9,5.4,88.45999908447266,94.2,44.62,5.15,0.3343,0.2247,56.3976,22.729263305664062
2004-09-15,5.04,1.57,189.9,5.4,89.1500015258789,94.2,43.83,5.17,0.3273,-0.2881,49.6543,22.493282318115234
2004-09-16,4.95,1.61,189.9,5.4,88.79000091552734,94.2,44.03,4.82,0.3352,0.1844,56.6738,22.78107452392578
2004-09-17,4.99,1.58,189.9,5.4,88.91000366210938,94.2,45.63,4.95,0.3232,-0.1095,57.5935,22.82135772705078
2004-09-20,4.94,1.64,189.9,5.4,88.98999786376953,94.2,46.33,5.22,0.3149,-0.2708,52.7907,22.665952682495117
2004-09-21,4.94,1.7,189.9,5.4,88.12999725341797,94.2,47.11,5.43,0.3282,0.1325,62.1443,23.08036994934082
2004-09-22,4.88,1.78,189.9,5.4,88.51000213623047,94.2,48.41,5.58,0.3356,0.2766,57.7314,22.936464309692383
2004-09-23,4.86,1.8,189.9,5.4,88.44000244140625,94.2,48.37,5.58,0.3298,-0.1613,51.4042,22.711986541748047
2004-09-24,4.87,1.76,189.9,5.4,88.4000015258789,94.2,48.86,5.41,0.3272,-0.0288,55.4392,22.87890625
2004-09-27,4.84,1.76,189.9,5.4,88.29000091552734,94.2,49.56,5.22,0.3322,-0.0173,46.3059,22.52206039428711
2004-09-28,4.90,1.72,189.9,5.4,88.11000061035156,94.2,49.76,5.45,0.3299,-0.0634,49.9967,22.665952682495117
2004-09-29,4.97,1.76,189.9,5.4,88.0999984741211,94.2,49.53,6.26,0.3327,0.3457,54.1947,22.838623046875
2004-09-30,4.97,1.94,189.9,5.4,87.36000061035156,94.2,49.56,6.36,0.3242,0.0864,54.8959,22.867401123046875
2004-10-01,5.06,1.86,190.9,5.5,87.62999725341797,91.7,50.16,5.38,0.3286,0.3976,62.6475,23.218494415283203
2004-10-04,5.04,1.77,190.9,5.5,88.37999725341797,91.7,49.85,5.72,0.3342,0.4149,58.2697,23.079191207885742
2004-10-05,5.04,1.73,190.9,5.5,88.16999816894531,91.7,51.08,6.07,0.3414,-0.1743,53.0745,22.90504264831543
2004-10-06,5.04,1.74,190.9,5.5,88.4800033569336,91.7,51.98,6.00,0.3324,-0.0129,53.5348,22.922460556030273
2004-10-07,5.08,1.76,190.9,5.5,88.33999633789062,91.7,52.56,6.24,0.3286,0.2351,54.2004,22.945682525634766
2004-10-08,4.98,1.71,190.9,5.5,87.44999694824219,91.7,53.40,5.59,0.3263,0.1378,56.2875,23.015338897705078
2004-10-11,.,1.71,190.9,5.5,87.54000091552734,91.7,53.65,5.63,0.3158,0.3381,50.5307,22.858604431152344
2004-10-12,4.95,1.78,190.9,5.5,88.0199966430664,91.7,53.49,5.63,0.3194,0.2696,53.097,22.93406867980957
2004-10-13,4.98,1.73,190.9,5.5,87.87999725341797,91.7,53.86,5.38,0.3273,-0.0602,47.42,22.77735137939453
2004-10-14,4.93,1.77,190.9,5.5,87.55000305175781,91.7,54.69,5.76,0.3471,-0.5016,36.1326,22.365222930908203
2004-10-15,4.92,1.79,190.9,5.5,87.08999633789062,91.7,54.89,5.64,0.3464,-0.7311,40.7662,22.487119674682617
2004-10-18,4.92,1.73,190.9,5.5,87.0199966430664,91.7,53.59,5.64,0.3457,-0.4417,46.1416,22.638038635253906
2004-10-19,4.91,1.72,190.9,5.5,86.83999633789062,91.7,53.28,6.13,0.3871,-0.8601,33.0629,22.045955657958984
2004-10-20,4.85,1.74,190.9,5.5,86.3499984741211,91.7,54.93,7.27,0.4283,-1.3018,26.9814,21.62223243713379
2004-10-21,4.84,1.76,190.9,5.5,86.0199966430664,91.7,54.51,7.35,0.4309,-1.0635,35.1514,21.883441925048828
2004-10-22,4.87,1.72,190.9,5.5,85.87000274658203,91.7,55.83,7.11,0.4199,-1.2669,33.0512,21.749927520751953
2004-10-25,4.86,1.76,190.9,5.5,84.97000122070312,91.7,55.52,7.75,0.4161,-1.3715,29.2519,21.48872184753418
2004-10-26,4.87,1.72,190.9,5.5,85.20999908447266,91.7,56.37,7.78,0.4134,-1.1739,37.5789,21.76153564453125
2004-10-27,4.96,1.77,190.9,5.5,85.44000244140625,91.7,52.52,8.12,0.4316,-0.709,45.6012,22.069177627563477
2004-10-28,4.91,1.79,190.9,5.5,85.27999877929688,91.7,50.95,6.80,0.4373,-0.0291,51.5999,22.33619499206543
2004-10-29,4.87,1.79,190.9,5.5,84.91000366210938,91.7,51.78,6.43,0.4309,-0.0814,53.099,22.405855178833008
2004-11-01,4.92,1.83,191.0,5.4,85.19999694824219,92.8,50.10,6.98,0.4213,-0.2906,51.6186,22.347795486450195
2004-11-02,4.91,1.74,191.0,5.4,85.47000122070312,92.8,49.60,6.88,0.4228,0.3313,52.3566,22.3768367767334
2004-11-03,4.90,1.73,191.0,5.4,84.69999694824219,92.8,50.90,7.25,0.4291,0.9299,56.7539,22.55096435546875
2004-11-04,4.89,1.77,191.0,5.4,84.54000091552734,92.8,48.80,7.40,0.4466,1.1275,65.9493,23.00952911376953
2004-11-05,4.99,1.76,191.0,5.4,84.01000213623047,92.8,49.65,6.08,0.4525,1.0926,60.6862,22.84119415283203
2004-11-08,4.98,1.8,191.0,5.4,84.08999633789062,92.8,49.10,6.62,0.4343,1.3134,59.4145,22.80057144165039
2004-11-09,5.02,1.79,191.0,5.4,84.29000091552734,92.8,47.40,5.79,0.4211,0.9415,56.2346,22.70189666748047
2004-11-10,5.05,1.92,191.0,5.4,84.43000030517578,92.8,48.70,6.12,0.4052,0.5405,53.2541,22.60901641845703
2004-11-11,.,1.92,191.0,5.4,84.37000274658203,92.8,47.50,6.19,0.399,0.4068,56.9025,22.742511749267578
2004-11-12,4.96,2.02,191.0,5.4,83.69000244140625,92.8,47.30,5.90,0.3867,0.3313,56.6888,22.73671531677246
2004-11-15,4.98,2.06,191.0,5.4,84.0,92.8,46.95,6.02,0.3682,0.3836,56.4532,22.730913162231445
2004-11-16,4.96,1.98,191.0,5.4,83.80000305175781,92.8,46.10,6.57,0.3735,-0.0465,42.8113,22.33038902282715
2004-11-17,4.89,1.99,191.0,5.4,83.29000091552734,92.8,46.85,6.06,0.3763,-0.3371,39.7201,22.21429443359375
2004-11-18,4.86,1.99,191.0,5.4,83.69000244140625,92.8,46.30,5.59,0.3722,-1.0577,33.6464,21.953086853027344
2004-11-19,4.93,1.99,191.0,5.4,83.30999755859375,92.8,48.90,4.81,0.3751,-1.1216,29.2317,21.720903396606445
2004-11-22,4.89,2.01,191.0,5.4,83.19000244140625,92.8,48.48,5.24,0.3774,-1.0054,32.4331,21.79636001586914
2004-11-23,4.89,2.0,191.0,5.4,82.97000122070312,92.8,48.74,5.24,0.3687,-0.9008,32.6933,21.80217170715332
2004-11-24,4.89,2.02,191.0,5.4,82.41000366210938,92.8,49.14,5.01,0.3527,-0.7265,36.4979,21.883441925048828
2004-11-26,4.94,2.01,191.0,5.4,81.77999877929688,92.8,.,.,0.3354,-0.8659,36.3349,21.877628326416016
2004-11-29,5.03,2.03,191.0,5.4,81.93000030517578,92.8,49.71,6.76,0.3426,-1.081,30.5702,21.65704917907715
2004-11-30,5.07,2.02,191.0,5.4,81.81999969482422,92.8,49.16,6.79,0.3447,-0.8776,40.0292,21.854415893554688
2004-12-01,5.08,2.04,190.3,5.4,81.55999755859375,97.1,45.56,6.78,0.3462,-0.1104,53.1658,22.220104217529297
2004-12-02,5.11,2.0,190.3,5.4,81.94999694824219,97.1,43.31,6.69,0.3389,0.0988,55.8922,22.312984466552734
2004-12-03,4.99,1.98,190.3,5.4,80.9800033569336,97.1,42.56,6.04,0.3367,0.1395,48.4494,22.09239959716797
2004-12-06,4.96,2.04,190.3,5.4,81.27999877929688,97.1,42.96,6.05,0.3396,0.4068,49.6262,22.127227783203125
2004-12-07,4.95,1.99,190.3,5.4,81.23999786376953,97.1,41.51,6.03,0.3361,0.1511,43.876,21.94728660583496
2004-12-08,4.84,2.01,190.3,5.4,81.9000015258789,97.1,41.96,5.98,0.3245,-0.0058,39.6001,21.79636001586914
2004-12-09,4.88,2.05,190.3,5.4,82.02999877929688,97.1,42.41,6.04,0.3279,-0.0058,42.9278,21.877628326416016
2004-12-10,4.87,2.09,190.3,5.4,82.55000305175781,97.1,40.71,6.29,0.3199,-0.0349,41.8303,21.842803955078125
2004-12-13,4.85,2.18,190.3,5.4,82.0999984741211,97.1,41.06,6.89,0.329,0.5463,55.03,22.202682495117188
2004-12-14,4.83,2.24,190.3,5.4,82.31999969482422,97.1,41.76,7.10,0.3283,0.6335,62.502,22.487119674682617
2004-12-15,4.76,2.31,190.3,5.4,81.62999725341797,97.1,44.21,7.04,0.326,0.4359,66.1955,22.655447006225586
2004-12-16,4.88,2.26,190.3,5.4,82.5,97.1,44.16,6.88,0.3193,0.2848,63.7882,22.59740447998047
2004-12-17,4.89,2.23,190.3,5.4,82.16000366210938,97.1,46.31,7.26,0.3273,0.2673,54.7222,22.35941505432129
2004-12-20,4.88,2.26,190.3,5.4,81.66999816894531,97.1,45.57,7.14,0.3188,0.279,56.0757,22.405855178833008
2004-12-21,4.83,2.24,190.3,5.4,81.94000244140625,97.1,45.76,6.83,0.323,0.7323,63.2472,22.678672790527344
2004-12-22,4.86,2.25,190.3,5.4,81.93000030517578,97.1,44.05,7.05,0.3178,0.8601,62.2856,22.655447006225586
2004-12-23,4.90,2.34,190.3,5.4,81.33999633789062,97.1,42.19,6.98,0.3138,0.8543,64.2485,22.730913162231445
2004-12-27,4.97,2.24,190.3,5.4,80.72000122070312,97.1,41.26,6.57,0.3065,0.802,60.2295,22.643836975097656
2004-12-28,4.95,2.24,190.3,5.4,80.72000122070312,97.1,41.78,6.27,0.2994,0.5579,63.6026,22.759929656982422
2004-12-29,4.97,2.23,190.3,5.4,80.97000122070312,97.1,43.69,6.18,0.2892,0.2441,62.1387,22.730913162231445
2004-12-30,4.94,2.24,190.3,5.4,80.52999877929688,97.1,43.36,6.02,0.2797,0.0291,59.696,22.684473037719727
2004-12-31,4.86,1.97,190.3,5.4,80.8499984741211,97.1,.,.,0.2689,0.0465,57.4985,22.643836975097656
2005-01-03,4.85,2.31,190.7,5.3,81.30000305175781,95.5,42.16,5.53,0.2779,0.3661,60.7123,22.725114822387695
2005-01-04,4.91,2.25,190.7,5.3,82.56999969482422,95.5,43.96,5.71,0.2891,0.0872,48.9594,22.49089813232422
2005-01-05,4.88,2.25,190.7,5.3,82.54000091552734,95.5,43.41,5.84,0.2906,-0.1391,51.0824,22.53773307800293
2005-01-06,4.89,2.25,190.7,5.3,83.1500015258789,95.5,45.51,5.79,0.2904,0.0132,56.5985,22.66655158996582
2005-01-07,4.88,2.24,190.7,5.3,83.61000061035156,95.5,45.32,5.82,0.2897,-0.2441,48.1056,22.485031127929688
2005-01-10,4.86,2.26,190.7,5.3,83.29000091552734,95.5,45.31,6.21,0.2883,-0.2332,44.9619,22.40890884399414
2005-01-11,4.84,2.24,190.7,5.3,83.0199966430664,95.5,45.66,5.96,0.2832,-0.5664,37.2615,22.1922607421875
2005-01-12,4.80,2.25,190.7,5.3,82.13999938964844,95.5,46.46,5.89,0.2822,-0.4845,40.037,22.244958877563477
2005-01-13,4.77,2.29,190.7,5.3,82.51000213623047,95.5,48.11,6.06,0.2901,-0.567,35.7423,22.116138458251953
2005-01-14,4.78,2.29,190.7,5.3,83.05999755859375,95.5,48.41,6.45,0.2832,-0.5029,37.1053,22.139554977416992
2005-01-18,4.72,2.31,190.7,5.3,83.36000061035156,95.5,48.46,6.69,0.3035,-0.2383,53.3291,22.485031127929688
2005-01-19,4.70,2.19,190.7,5.3,83.5999984741211,95.5,47.61,6.19,0.3078,-0.3342,41.9241,22.15711784362793
2005-01-20,4.71,2.25,190.7,5.3,83.83999633789062,95.5,47.01,6.27,0.3164,-0.727,33.5298,21.811660766601562
2005-01-21,4.70,2.26,190.7,5.3,83.26000213623047,95.5,48.31,6.43,0.3206,-1.0905,29.1353,21.57743263244629
2005-01-24,4.63,2.26,190.7,5.3,83.23999786376953,95.5,48.61,6.41,0.317,-0.8912,29.9009,21.595001220703125
2005-01-25,4.71,2.29,190.7,5.3,83.98999786376953,95.5,49.43,6.44,0.3102,-0.8267,29.6635,21.583293914794922
2005-01-26,4.70,2.33,190.7,5.3,83.30000305175781,95.5,48.80,6.44,0.2981,-0.6273,29.2761,21.565715789794922
2005-01-27,4.71,2.39,190.7,5.3,83.43000030517578,95.5,48.80,6.50,0.2932,-0.727,28.1855,21.518878936767578
2005-01-28,4.64,2.48,190.7,5.3,83.4800033569336,95.5,47.15,6.23,0.2877,-0.4515,36.4108,21.66525650024414
2005-01-31,4.62,2.5,190.7,5.3,83.5999984741211,95.5,48.25,6.14,0.2839,-0.2814,45.5565,21.858497619628906
2005-02-01,4.63,2.4,191.8,5.4,83.44999694824219,94.1,47.10,6.28,0.2779,-0.5277,49.6976,21.95803451538086
2005-02-02,4.61,2.29,191.8,5.4,83.5199966430664,94.1,46.65,6.38,0.2647,-0.1876,50.1928,21.96974754333496
2005-02-03,4.58,2.49,191.8,5.4,83.97000122070312,94.1,46.40,6.32,0.2534,0.0821,46.8609,21.89362335205078
2005-02-04,4.48,2.51,191.8,5.4,84.38999938964844,94.1,46.45,6.12,0.2499,0.4925,54.5901,22.069292068481445
2005-02-07,4.43,2.5,191.8,5.4,85.04000091552734,94.1,45.35,6.02,0.2518,0.6391,60.542,22.233253479003906
2005-02-08,4.39,2.48,191.8,5.4,85.0999984741211,94.1,45.40,5.95,0.2463,0.5277,54.5804,22.110273361206055
2005-02-09,4.40,2.5,191.8,5.4,85.0199966430664,94.1,45.45,6.20,0.2417,0.3928,48.069,21.95803451538086
2005-02-10,4.50,2.51,191.8,5.4,84.54000091552734,94.1,47.05,6.21,0.2358,0.4104,46.8741,21.92875862121582
2005-02-11,4.52,2.5,191.8,5.4,84.56999969482422,94.1,47.15,6.02,0.2374,0.2814,47.7402,21.946332931518555
2005-02-14,4.45,2.51,191.8,5.4,83.95999908447266,94.1,47.50,5.95,0.233,0.0997,48.3637,21.95803451538086
2005-02-15,4.48,2.53,191.8,5.4,83.58999633789062,94.1,47.30,6.01,0.2289,0.0293,50.0201,21.987308502197266
2005-02-16,4.53,2.48,191.8,5.4,83.66999816894531,94.1,48.35,6.10,0.228,-0.1114,43.2389,21.858497619628906
2005-02-17,4.58,2.5,191.8,5.4,83.47000122070312,94.1,47.50,6.05,0.2365,-0.3576,31.4103,21.53645133972168
2005-02-18,4.65,2.51,191.8,5.4,83.48999786376953,94.1,48.45,5.88,0.2397,-0.6918,27.3319,21.37834358215332
2005-02-22,4.71,2.57,191.8,5.4,82.41000366210938,94.1,51.00,5.92,0.2531,-1.1961,20.8655,21.038726806640625
2005-02-23,4.69,2.53,191.8,5.4,82.68000030517578,94.1,51.73,6.02,0.2623,-0.7505,36.6559,21.36077880859375
2005-02-24,4.67,2.55,191.8,5.4,82.87999725341797,94.1,52.05,6.33,0.262,-0.4808,41.3818,21.477888107299805
2005-02-25,4.61,2.54,191.8,5.4,82.66000366210938,94.1,52.20,6.24,0.2613,-0.2814,47.6717,21.647701263427734
2005-02-28,4.71,2.52,191.8,5.4,82.51000213623047,94.1,51.75,6.62,0.2635,-0.5453,40.6522,21.40176773071289
2005-03-01,4.69,2.39,193.3,5.2,82.7699966430664,92.6,51.67,6.63,0.2778,-0.2404,50.9665,21.71796989440918
2005-03-02,4.71,2.48,193.3,5.2,83.08000183105469,92.6,53.00,6.61,0.281,-0.3283,49.2068,21.65940284729004
2005-03-03,4.71,2.51,193.3,5.2,83.27999877929688,92.6,53.60,6.71,0.281,-0.1876,49.5936,21.671119689941406
2005-03-04,4.66,2.5,193.3,5.2,82.54000091552734,92.6,53.70,6.51,0.2936,0.428,58.3932,21.963886260986328
2005-03-07,4.63,2.51,193.3,5.2,82.79000091552734,92.6,53.90,6.66,0.2827,0.4866,54.7804,21.864347457885742
2005-03-08,4.67,2.49,193.3,5.2,81.9800033569336,92.6,54.55,6.81,0.2805,0.5922,47.1533,21.6301326751709
2005-03-09,4.84,2.5,193.3,5.2,81.62999725341797,92.6,54.75,6.99,0.2854,-0.0059,39.9005,21.354915618896484
2005-03-10,4.74,2.52,193.3,5.2,81.56999969482422,92.6,53.52,6.91,0.278,-0.1876,38.3659,21.2905216217041
2005-03-11,4.80,2.51,193.3,5.2,81.41999816894531,92.6,54.40,6.73,0.2741,-0.5042,34.9695,21.144119262695312
2005-03-14,4.77,2.59,193.3,5.2,81.97000122070312,92.6,54.90,6.86,0.2809,-0.0586,42.6423,21.343223571777344
2005-03-15,4.80,2.61,193.3,5.2,82.12000274658203,92.6,55.05,7.16,0.2809,-0.4925,39.5894,21.226097106933594
2005-03-16,4.78,2.57,193.3,5.2,81.62000274658203,92.6,56.50,7.08,0.2755,-0.4339,39.5894,21.226097106933594
2005-03-17,4.75,2.68,193.3,5.2,81.83999633789062,92.6,56.40,7.25,0.2717,-0.5042,37.9138,21.16755485534668
2005-03-18,4.80,2.7,193.3,5.2,82.12999725341797,92.6,56.80,7.12,0.2703,-0.8795,35.5718,21.0855655670166
2005-03-21,4.85,2.71,193.3,5.2,82.87999725341797,92.6,56.70,7.16,0.2724,-0.9088,32.1088,20.956756591796875
2005-03-22,4.88,2.72,193.3,5.2,83.36000061035156,92.6,55.95,7.24,0.2965,-1.1023,23.628,20.5293025970459
2005-03-23,4.86,2.73,193.3,5.2,84.0,92.6,49.43,7.11,0.2925,-0.9029,22.4545,20.453176498413086
2005-03-24,4.84,2.75,193.3,5.2,84.12999725341797,92.6,49.70,7.07,0.2833,-0.8384,22.4545,20.453176498413086
2005-03-28,4.88,2.79,193.3,5.2,84.62000274658203,92.6,54.06,6.94,0.2777,-0.7387,21.638,20.406333923339844
2005-03-29,4.85,2.72,193.3,5.2,84.31999969482422,92.6,54.26,6.93,0.2906,-1.0964,19.0416,20.248241424560547
2005-03-30,4.77,2.74,193.3,5.2,84.29000091552734,92.6,53.96,7.18,0.2912,-0.7622,31.5482,20.464889526367188
2005-03-31,4.76,2.96,193.3,5.2,84.05999755859375,92.6,55.31,7.46,0.288,-0.9674,27.1413,20.259946823120117
2005-04-01,4.72,2.83,194.6,5.2,84.43000030517578,87.7,57.26,7.57,0.3206,-1.114,23.4947,20.055007934570312
2005-04-04,4.73,2.78,194.6,5.2,84.77999877929688,87.7,56.86,7.80,0.3231,-1.114,22.1708,19.97220230102539
2005-04-05,4.75,2.72,194.6,5.2,84.66000366210938,87.7,55.83,7.44,0.3419,-0.5053,43.0194,20.451261520385742
2005-04-06,4.73,2.73,194.6,5.2,84.68000030517578,87.7,55.88,7.46,0.3314,-0.0181,45.0389,20.510406494140625
2005-04-07,4.78,2.76,194.6,5.2,84.87000274658203,87.7,54.16,7.50,0.3259,0.1292,47.5191,20.581369400024414
2005-04-08,4.77,2.75,194.6,5.2,84.47000122070312,87.7,53.46,7.26,0.3217,-0.0485,42.2261,20.40394401550293
2005-04-11,4.73,2.78,194.6,5.2,84.16000366210938,87.7,53.71,7.17,0.3118,0.0695,44.9513,20.474925994873047
2005-04-12,4.66,2.77,194.6,5.2,84.41999816894531,87.7,51.54,7.34,0.3297,0.4765,53.4841,20.723312377929688
2005-04-13,4.68,2.76,194.6,5.2,84.41999816894531,87.7,50.21,7.07,0.3311,-0.0187,44.8417,20.445337295532227
2005-04-14,4.73,2.79,194.6,5.2,85.0,87.7,51.11,7.02,0.3252,-0.0386,39.1576,20.22060775756836
2005-04-15,4.66,2.82,194.6,5.2,84.55999755859375,87.7,50.61,6.95,0.3363,0.0127,35.7157,20.06684112548828
2005-04-18,4.62,2.75,194.6,5.2,84.0,87.7,50.52,6.95,0.3541,0.5152,49.2505,20.486740112304688
2005-04-19,4.53,2.74,194.6,5.2,83.76000213623047,87.7,52.33,6.95,0.3508,0.2191,53.9537,20.67008399963379
2005-04-20,4.59,2.74,194.6,5.2,83.5199966430664,87.7,52.45,7.10,0.3744,0.0474,50.7507,20.557714462280273
2005-04-21,4.62,2.75,194.6,5.2,83.69999694824219,87.7,52.49,6.93,0.3836,0.1658,55.675,20.723312377929688
2005-04-22,4.60,2.74,194.6,5.2,83.5,87.7,54.16,7.06,0.3825,0.2191,51.8917,20.622772216796875
2005-04-25,4.54,2.82,194.6,5.2,83.81999969482422,87.7,53.16,7.27,0.3691,0.3257,56.5755,20.800195693969727
2005-04-26,4.59,2.78,194.6,5.2,83.95999908447266,87.7,54.33,7.08,0.3592,0.0237,54.7972,20.74697494506836
2005-04-27,4.57,2.63,194.6,5.2,84.12000274658203,87.7,51.37,7.10,0.3666,0.5508,61.1321,20.995363235473633
2005-04-28,4.52,2.89,194.6,5.2,84.3499984741211,87.7,51.92,6.67,0.362,0.4915,51.8965,20.711484909057617
2005-04-29,4.53,2.97,194.6,5.2,84.43000030517578,87.7,49.20,6.64,0.3606,0.9238,58.687,20.989456176757812
2005-05-02,4.53,2.98,194.4,5.1,84.48999786376953,86.9,50.94,6.50,0.3552,0.5508,59.7612,21.036762237548828
2005-05-03,4.49,2.95,194.4,5.1,84.51000213623047,86.9,49.60,6.61,0.3531,0.3257,58.2877,20.995363235473633
2005-05-04,4.60,2.99,194.4,5.1,84.0,86.9,50.22,6.49,0.3584,0.7936,66.2203,21.350217819213867
2005-05-05,4.60,2.99,194.4,5.1,83.94000244140625,86.9,51.12,6.65,0.3611,0.4856,61.863,21.231935501098633
2005-05-06,4.62,2.98,194.4,5.1,84.61000061035156,86.9,51.30,6.67,0.3586,0.4382,55.9334,21.060422897338867
2005-05-09,4.64,2.99,194.4,5.1,84.63999938964844,86.9,52.04,6.56,0.3525,0.4678,60.9524,21.267417907714844
2005-05-10,4.60,2.99,194.4,5.1,84.44999694824219,86.9,51.76,6.67,0.3679,0.0355,47.0134,20.78244972229004
2005-05-11,4.54,2.99,194.4,5.1,84.94000244140625,86.9,50.39,6.63,0.3661,-0.1184,49.5163,20.877077102661133
2005-05-12,4.54,3.01,194.4,5.1,85.48999786376953,86.9,48.83,6.62,0.3721,-0.1125,42.9018,20.599119186401367
2005-05-13,4.48,3.01,194.4,5.1,86.0999984741211,86.9,48.65,6.47,0.376,-0.61,38.4134,20.380285263061523
2005-05-16,4.49,3.06,194.4,5.1,86.12000274658203,86.9,48.64,6.45,0.3686,-0.4915,43.3931,20.545886993408203
2005-05-17,4.47,2.99,194.4,5.1,86.20999908447266,86.9,48.97,6.41,0.3744,-0.1717,50.811,20.823850631713867
2005-05-18,4.42,3.0,194.4,5.1,85.81999969482422,86.9,46.99,6.50,0.3853,-0.0296,60.9681,21.320646286010742
2005-05-19,4.44,3.02,194.4,5.1,86.08999633789062,86.9,47.00,6.39,0.3785,0.1717,62.4057,21.4034366607666
2005-05-20,4.44,3.01,194.4,5.1,86.62999725341797,86.9,47.25,6.36,0.3896,0.2665,60.1211,21.326560974121094
2005-05-23,4.38,3.01,194.4,5.1,86.4000015258789,86.9,48.68,6.33,0.3761,-0.0296,57.4258,21.23784828186035
2005-05-24,4.35,2.99,194.4,5.1,86.37000274658203,86.9,49.14,6.45,0.3636,0.4442,57.0469,21.22601890563965
2005-05-25,4.40,3.01,194.4,5.1,86.3499984741211,86.9,50.37,6.33,0.3504,0.3612,57.3595,21.23784828186035
2005-05-26,4.45,3.01,194.4,5.1,86.8499984741211,86.9,50.89,6.30,0.341,0.6574,57.8705,21.255584716796875
2005-05-27,4.45,3.01,194.4,5.1,86.41999816894531,86.9,51.65,6.22,0.3306,0.7936,54.4849,21.172788619995117
2005-05-31,4.36,3.09,194.4,5.1,87.76000213623047,86.9,52.08,6.31,0.3222,0.5981,53.2488,21.143213272094727
2005-06-01,4.27,3.02,194.5,5.0,88.11000061035156,96.0,54.40,6.36,0.339,0.3257,53.4833,21.149127960205078
2005-06-02,4.20,3.0,194.5,5.0,87.75,96.0,53.46,6.63,0.3473,-0.1836,52.8936,21.13730812072754
2005-06-03,4.26,2.99,194.5,5.0,88.04000091552734,96.0,55.08,6.65,0.3411,-0.379,47.3797,21.024940490722656
2005-06-06,4.23,3.0,194.5,5.0,87.5999984741211,96.0,54.46,7.05,0.3332,-0.3257,46.2519,21.00128173828125
2005-06-07,4.18,2.96,194.5,5.0,87.48999786376953,96.0,53.84,7.13,0.3302,-0.2547,45.3522,20.9835262298584
2005-06-08,4.24,2.96,194.5,5.0,87.87999725341797,96.0,52.51,7.22,0.3205,-0.1303,51.9317,21.095905303955078
2005-06-09,4.23,3.01,194.5,5.0,88.06999969482422,96.0,54.36,7.05,0.3141,-0.2428,46.3803,20.995363235473633
2005-06-10,4.30,3.01,194.5,5.0,88.69000244140625,96.0,53.55,7.09,0.3086,-0.302,44.2177,20.953968048095703
2005-06-13,4.39,3.04,194.5,5.0,88.94999694824219,96.0,55.47,7.08,0.3073,-0.1777,46.9653,20.995363235473633
2005-06-14,4.41,3.01,194.5,5.0,89.26000213623047,96.0,55.03,7.32,0.2997,-0.0888,50.8112,21.054502487182617
2005-06-15,4.44,3.05,194.5,5.0,88.6500015258789,96.0,55.53,7.39,0.291,-0.0296,54.8158,21.119552612304688
2005-06-16,4.36,3.0,194.5,5.0,88.72000122070312,96.0,56.48,7.41,0.2888,0.0948,60.9218,21.231935501098633
2005-06-17,4.35,2.99,194.5,5.0,87.7300033569336,96.0,58.40,7.61,0.2818,0.3139,65.7883,21.33839225769043
2005-06-20,4.34,3.01,194.5,5.0,88.48999786376953,96.0,59.19,7.80,0.2781,0.3198,64.3053,21.320646286010742
2005-06-21,4.32,2.96,194.5,5.0,88.18000030517578,96.0,58.90,7.46,0.2686,0.3316,63.7729,21.314733505249023
2005-06-22,4.23,2.93,194.5,5.0,88.55999755859375,96.0,58.27,7.39,0.2659,0.3494,69.8708,21.444839477539062
2005-06-23,4.27,3.05,194.5,5.0,89.12000274658203,96.0,59.23,7.51,0.2685,0.2547,54.5635,21.249675750732422
2005-06-24,4.23,3.07,194.5,5.0,88.77999877929688,96.0,59.63,7.45,0.276,0.0829,43.1144,21.036762237548828
2005-06-27,4.25,3.17,194.5,5.0,88.44999694824219,96.0,59.78,7.29,0.2668,0.0533,43.8418,21.048593521118164
2005-06-28,4.22,3.17,194.5,5.0,88.98999786376953,96.0,58.32,7.04,0.2617,0.1895,54.5066,21.24376106262207
2005-06-29,4.24,3.2,194.5,5.0,89.11000061035156,96.0,57.23,7.08,0.2524,0.1481,55.6412,21.267417907714844
2005-06-30,4.19,3.35,194.5,5.0,89.11000061035156,96.0,56.63,7.01,0.2631,-0.3435,38.5498,20.88890838623047
2005-07-01,4.28,3.36,195.4,5.0,90.12999725341795,96.5,59.11,7.01,0.2579,-0.4027,41.0642,20.93667984008789
2005-07-05,4.34,3.27,195.4,5.0,90.44000244140624,96.5,59.71,7.38,0.2596,-0.4388,39.0477,20.882936477661133
2005-07-06,4.31,2.99,195.4,5.0,90.37999725341795,96.5,61.24,7.69,0.2718,-0.6541,31.8936,20.661983489990234
2005-07-07,4.28,3.18,195.4,5.0,90.27999877929688,96.5,60.76,7.62,0.2652,-0.8681,29.6126,20.578378677368164
2005-07-08,4.33,3.22,195.4,5.0,90.25,96.5,59.71,7.87,0.2706,-0.4634,41.2784,20.787384033203125
2005-07-11,4.30,3.23,195.4,5.0,89.45999908447266,96.5,59.23,7.35,0.276,-0.1605,45.5738,20.87696075439453
2005-07-12,4.36,3.23,195.4,5.0,88.41000366210938,96.5,60.49,7.79,0.2773,0.0011,52.9647,21.050142288208008
2005-07-13,4.38,3.27,195.4,5.0,89.30999755859375,96.5,60.00,7.78,0.2745,-0.0508,58.186,21.19347381591797
2005-07-14,4.40,3.32,195.4,5.0,89.4000015258789,96.5,57.83,7.99,0.2712,0.0451,62.0833,21.31289291381836
2005-07-15,4.39,3.32,195.4,5.0,89.72000122070312,96.5,58.36,8.02,0.2667,0.5257,65.151,21.414417266845703
2005-07-18,4.44,3.19,195.4,5.0,89.63999938964844,96.5,57.12,7.77,0.2682,0.2691,54.9761,21.20541000366211
2005-07-19,4.41,3.13,195.4,5.0,89.8499984741211,96.5,57.61,7.70,0.2751,0.1435,47.8579,21.02625274658203
2005-07-20,4.37,3.25,195.4,5.0,89.33999633789062,96.5,56.73,7.75,0.2849,0.3349,46.7372,20.99639892578125
2005-07-21,4.48,3.27,195.4,5.0,88.93000030517578,96.5,57.31,7.64,0.2919,0.5621,52.6505,21.13972282409668
2005-07-22,4.39,3.25,195.4,5.0,89.63999938964844,96.5,57.75,7.41,0.283,0.4724,57.0642,21.259151458740234
2005-07-25,4.44,3.28,195.4,5.0,89.5999984741211,96.5,58.16,7.38,0.2782,0.287,52.6978,21.163606643676758
2005-07-26,4.44,3.25,195.4,5.0,90.0,96.5,59.05,7.45,0.2728,0.0718,50.8079,21.121803283691406
2005-07-27,4.42,3.27,195.4,5.0,89.7300033569336,96.5,59.12,7.52,0.273,-0.0837,50.236,21.109865188598633
2005-07-28,4.38,3.27,195.4,5.0,89.33999633789062,96.5,59.91,7.69,0.2667,-0.1375,53.439,21.175548553466797
2005-07-29,4.42,3.31,195.4,5.0,89.3499984741211,96.5,60.71,7.76,0.2626,-0.4305,44.236,20.98445701599121
2005-08-01,4.46,3.3,196.4,4.9,88.80000305175781,89.1,61.51,8.03,0.2567,-0.1256,49.1053,21.079998016357422
2005-08-02,4.52,3.2,196.4,4.9,88.76000213623047,89.1,61.87,8.38,0.2529,0.2033,55.8052,21.22929573059082
2005-08-03,4.48,3.35,196.4,4.9,87.98999786376953,89.1,60.76,8.75,0.2446,0.2691,57.304,21.26512908935547
2005-08-04,4.50,3.44,196.4,4.9,87.80000305175781,89.1,61.60,8.55,0.2383,0.0359,52.3704,21.175548553466797
2005-08-05,4.56,3.49,196.4,4.9,88.05999755859375,89.1,62.44,8.60,0.2336,-0.2093,46.1851,21.050142288208008
2005-08-08,4.58,3.5,196.4,4.9,87.91999816894531,89.1,63.92,8.93,0.2379,-0.2691,39.7299,20.894880294799805
2005-08-09,4.56,3.47,196.4,4.9,87.88999938964844,89.1,63.13,8.70,0.2384,-0.2033,41.1363,20.918766021728516
2005-08-10,4.56,3.48,196.4,4.9,87.61000061035156,89.1,64.80,8.82,0.2525,-0.3289,35.7993,20.781417846679688
2005-08-11,4.51,3.51,196.4,4.9,87.0999984741211,89.1,65.67,9.29,0.2563,-0.3887,36.1992,20.787384033203125
2005-08-12,4.42,3.55,196.4,4.9,86.9800033569336,89.1,66.71,9.59,0.2602,-0.4963,26.8933,20.48880958557129
2005-08-15,4.45,3.61,196.4,4.9,87.31999969482422,89.1,66.21,9.53,0.2647,-0.3887,38.7836,20.69183921813965
2005-08-16,4.41,3.46,196.4,4.9,87.43000030517578,89.1,66.11,9.66,0.2658,-0.58,37.3924,20.65004539489746
2005-08-17,4.49,3.57,196.4,4.9,88.0,89.1,63.29,9.99,0.2601,-0.6876,35.0009,20.578378677368164
2005-08-18,4.40,3.5,196.4,4.9,88.58999633789062,89.1,63.47,9.38,0.2582,-0.4784,41.884,20.697818756103516
2005-08-19,4.40,3.54,196.4,4.9,88.58000183105469,89.1,65.51,9.09,0.2517,-0.4245,39.1221,20.626157760620117
2005-08-22,4.40,3.51,196.4,4.9,88.13999938964844,89.1,65.46,9.44,0.2495,-0.287,38.4184,20.608232498168945
2005-08-23,4.39,3.49,196.4,4.9,88.08000183105469,89.1,65.81,9.96,0.2466,-0.4066,34.7177,20.512699127197266
2005-08-24,4.38,3.5,196.4,4.9,87.91000366210938,89.1,67.10,10.02,0.2619,-0.5681,26.0162,20.214115142822266
2005-08-25,4.37,3.55,196.4,4.9,87.63999938964844,89.1,67.29,9.77,0.2573,-0.4126,35.6876,20.375347137451172
2005-08-26,4.38,3.54,196.4,4.9,87.86000061035156,89.1,66.05,9.86,0.2628,-0.3946,28.4854,20.094680786132812
2005-08-29,4.37,3.54,196.4,4.9,88.25,89.1,67.41,9.86,0.2744,-0.4425,36.3775,20.249942779541016
2005-08-30,4.34,3.52,196.4,4.9,88.3499984741211,89.1,69.91,12.36,0.2804,-0.598,31.4785,20.052881240844727
2005-08-31,4.23,3.63,196.4,4.9,87.58000183105469,89.1,68.63,12.69,0.2843,-0.3408,39.9233,20.238008499145508
2005-09-01,4.28,3.57,198.8,5.0,86.55000305175781,76.9,69.50,11.36,0.2879,-0.3588,44.1196,20.339515686035156
2005-09-02,4.26,3.49,198.8,5.0,86.30000305175781,76.9,66.91,11.75,0.2827,-0.2571,45.3666,20.369369506835938
2005-09-06,4.36,3.57,198.8,5.0,86.56999969482422,76.9,65.83,11.56,0.2835,0.0359,55.515,20.644065856933594
2005-09-07,4.43,3.48,198.8,5.0,86.97000122070312,76.9,64.38,11.03,0.2777,0.3229,61.1001,20.835161209106445
2005-09-08,4.43,3.49,198.8,5.0,87.04000091552734,76.9,64.80,10.92,0.2763,0.4724,55.0955,20.68586540222168
2005-09-09,4.36,3.49,198.8,5.0,86.88999938964844,76.9,64.21,11.03,0.2689,0.4186,58.3686,20.79336166381836
2005-09-12,4.45,3.5,198.8,5.0,87.70999908447266,76.9,63.29,10.68,0.2664,0.5501,52.4669,20.644065856933594
2005-09-13,4.38,3.45,198.8,5.0,87.75,76.9,63.18,10.71,0.2653,0.1435,44.1366,20.39325523376465
2005-09-14,4.41,3.54,198.8,5.0,87.66999816894531,76.9,65.20,10.80,0.2607,0.3946,46.1715,20.44700813293457
2005-09-15,4.51,3.67,198.8,5.0,88.12999725341797,76.9,64.64,11.24,0.2583,0.1435,43.9952,20.38131332397461
2005-09-16,4.56,3.62,198.8,5.0,88.05000305175781,76.9,62.91,11.25,0.277,0.5561,60.2651,20.894880294799805
2005-09-19,4.55,3.62,198.8,5.0,88.44000244140625,76.9,67.21,11.99,0.2815,0.287,52.3983,20.656007766723633
2005-09-20,4.49,3.67,198.8,5.0,88.5999984741211,76.9,66.24,12.76,0.2828,-0.0239,51.2826,20.620187759399414
2005-09-21,4.47,3.72,198.8,5.0,88.13999938964844,76.9,66.96,14.26,0.2886,-0.5262,42.5567,20.30965805053711
2005-09-22,4.47,3.77,198.8,5.0,88.55999755859375,76.9,67.07,14.84,0.2937,-0.2332,47.1668,20.45298194885254
2005-09-23,4.47,3.76,198.8,5.0,89.20999908447266,76.9,64.67,.,0.2885,-0.4485,44.2101,20.34548568725586
2005-09-26,4.56,3.83,198.8,5.0,89.11000061035156,76.9,65.98,.,0.2832,-0.3887,41.7848,20.255908966064453
2005-09-27,4.56,3.73,198.8,5.0,89.5999984741211,76.9,64.94,.,0.2801,-0.1614,41.1164,20.232027053833008
2005-09-28,4.46,3.76,198.8,5.0,89.47000122070312,76.9,66.36,.,0.2815,-0.1913,42.1446,20.255908966064453
2005-09-29,4.50,3.82,198.8,5.0,89.4000015258789,76.9,66.83,.,0.2989,0.1315,52.129,20.512699127197266
2005-09-30,4.53,3.93,198.8,5.0,89.5199966430664,76.9,66.21,.,0.3019,-0.6338,43.9058,20.261886596679688
2005-10-03,4.58,3.87,199.2,5.0,90.12999725341795,74.2,65.36,.,0.3094,-0.281,48.0268,20.375347137451172
2005-10-04,4.61,3.75,199.2,5.0,90.0999984741211,74.2,63.74,.,0.3184,-0.3528,44.5794,20.26677131652832
2005-10-05,4.54,3.75,199.2,5.0,89.9800033569336,74.2,62.56,.,0.3133,-0.1325,41.7748,20.176284790039062
2005-10-06,4.55,3.76,199.2,5.0,88.66000366210938,74.2,61.81,.,0.3151,-0.1491,46.965,20.302961349487305
2005-10-07,4.53,3.73,199.2,5.0,89.16999816894531,74.2,61.81,13.67,0.3103,0.1035,52.3578,20.447729110717773
2005-10-10,.,3.73,199.2,5.0,89.45999908447266,74.2,60.71,13.29,0.3114,-0.0364,44.4129,20.218517303466797
2005-10-11,4.56,3.72,199.2,5.0,89.97000122070312,74.2,63.84,13.67,0.3133,-0.1393,40.6274,20.091854095458984
2005-10-12,4.62,3.36,199.2,5.0,89.62999725341797,74.2,64.13,13.77,0.313,-0.1874,39.9075,20.06772232055664
2005-10-13,4.66,3.75,199.2,5.0,89.80999755859375,74.2,63.05,13.48,0.3278,-0.1546,51.3916,20.357255935668945
2005-10-14,4.67,3.77,199.2,5.0,89.3499984741211,74.2,62.61,12.80,0.3233,0.2959,57.5837,20.55630111694336
2005-10-17,4.68,3.82,199.2,5.0,89.80000305175781,74.2,64.26,13.89,0.324,0.134,55.6734,20.508041381835938
2005-10-18,4.64,3.71,199.2,5.0,90.29000091552734,74.2,62.94,13.41,0.3185,0.1027,50.3387,20.369308471679688
2005-10-19,4.66,3.71,199.2,5.0,89.98999786376953,74.2,62.11,13.52,0.338,0.7731,65.6177,20.9483642578125
2005-10-20,4.62,3.77,199.2,5.0,89.91000366210938,74.2,61.04,13.24,0.3419,0.6584,65.8608,20.960432052612305
2005-10-21,4.58,3.76,199.2,5.0,90.30999755859376,74.2,61.05,12.73,0.3365,0.7429,70.2954,21.189638137817383
2005-10-24,4.63,3.76,199.2,5.0,90.11000061035156,74.2,60.63,12.95,0.3409,1.353,76.0307,21.569631576538086
2005-10-25,4.70,3.74,199.2,5.0,89.23999786376953,74.2,62.83,13.90,0.3338,1.4556,75.009,21.545507431030273
2005-10-26,4.77,3.75,199.2,5.0,89.48999786376953,74.2,60.85,14.68,0.3423,1.7093,78.1136,21.77472496032715
2005-10-27,4.74,3.85,199.2,5.0,89.0999984741211,74.2,61.03,13.90,0.3339,1.3771,76.1767,21.73249626159668
2005-10-28,4.74,3.9,199.2,5.0,89.58999633789062,74.2,61.30,13.10,0.3307,1.4254,79.4869,21.979793548583984
2005-10-31,4.73,4.02,199.2,5.0,90.06999969482422,74.2,59.80,12.18,0.3244,1.5825,80.789,22.0883731842041
2005-11-01,4.74,3.99,197.6,5.0,90.08000183105467,81.6,59.85,10.80,0.3189,1.8603,82.3772,22.22709846496582
2005-11-02,4.74,3.99,197.6,5.0,89.72000122070312,81.6,59.75,10.85,0.3302,1.4919,84.5384,22.438209533691406
2005-11-03,4.79,4.01,197.6,5.0,90.44000244140624,81.6,61.70,10.79,0.3286,1.4134,81.0666,22.37186622619629
2005-11-04,4.84,4.0,197.6,5.0,91.26000213623048,81.6,60.60,9.67,0.3172,1.3167,82.65,22.504562377929688
2005-11-07,4.82,3.99,197.6,5.0,91.29000091552734,81.6,59.40,8.77,0.3127,1.1597,84.995,22.72774314880371
2005-11-08,4.75,3.95,197.6,5.0,91.37000274658205,81.6,59.70,9.15,0.3089,0.9785,74.6882,22.52265739440918
2005-11-09,4.78,4.02,197.6,5.0,91.5,81.6,59.65,9.31,0.3093,0.9785,78.001,22.751861572265625
2005-11-10,4.74,3.98,197.6,5.0,92.08000183105467,81.6,57.80,9.66,0.3187,1.3832,82.109,23.1137752532959
2005-11-11,.,3.98,197.6,5.0,91.9800033569336,81.6,57.45,9.20,0.3127,1.0993,80.44,23.077579498291016
2005-11-14,4.75,4.03,197.6,5.0,92.12999725341795,81.6,57.60,9.15,0.3025,0.912,76.6874,22.999170303344727
2005-11-15,4.70,3.97,197.6,5.0,92.08999633789062,81.6,57.05,9.21,0.3068,0.5315,66.1387,22.757902145385742
2005-11-16,4.63,3.96,197.6,5.0,92.33000183105467,81.6,57.85,11.03,0.3064,0.3684,67.1431,22.806148529052734
2005-11-17,4.60,3.98,197.6,5.0,91.87999725341795,81.6,56.20,11.92,0.2975,0.5074,68.6908,22.878530502319336
2005-11-18,4.68,4.0,197.6,5.0,91.93000030517578,81.6,56.30,10.01,0.2982,0.4349,69.9994,22.9388484954834
2005-11-21,4.62,4.03,197.6,5.0,92.02999877929688,81.6,57.75,10.48,0.2894,0.0846,63.7796,22.81218147277832
2005-11-22,4.65,3.99,197.6,5.0,91.5,81.6,58.30,11.15,0.3007,0.5194,69.2696,23.04139518737793
2005-11-23,4.70,4.01,197.6,5.0,91.51000213623048,81.6,58.35,11.02,0.3159,0.6402,75.5535,23.391223907470703
2005-11-25,4.66,4.03,197.6,5.0,92.04000091552734,81.6,.,.,0.3037,0.3262,76.2964,23.43947982788086
2005-11-28,4.58,4.01,197.6,5.0,90.9800033569336,81.6,57.36,11.01,0.2992,0.3866,76.6899,23.463613510131836
2005-11-29,4.65,3.99,197.6,5.0,91.62000274658205,81.6,56.46,11.17,0.2943,0.5013,77.3175,23.499801635742188
2005-11-30,4.66,4.03,197.6,5.0,91.56999969482422,81.6,57.33,11.73,0.3116,0.3141,57.1031,23.071542739868164
2005-12-01,4.68,4.03,196.8,4.9,91.81999969482422,91.5,58.46,12.58,0.3122,0.459,62.0693,23.264562606811523
2005-12-02,4.68,4.0,196.8,4.9,91.9499969482422,91.5,59.31,12.95,0.3193,0.6402,67.5482,23.517902374267578
2005-12-05,4.72,4.02,196.8,4.9,91.4800033569336,91.5,59.91,14.27,0.3146,0.4953,64.118,23.433454513549805
2005-12-06,4.68,3.97,196.8,4.9,91.44000244140624,91.5,59.96,13.57,0.3133,0.6221,64.118,23.433454513549805
2005-12-07,4.67,3.98,196.8,4.9,91.88999938964844,91.5,59.21,13.95,0.3155,0.1631,54.7939,23.20424461364746
2005-12-08,4.62,4.09,196.8,4.9,91.26000213623048,91.5,60.66,14.25,0.3132,-0.0785,58.0079,23.31282615661621
2005-12-09,4.72,4.16,196.8,4.9,91.25,91.5,59.41,15.02,0.3189,0.157,65.1883,23.59632682800293
2005-12-12,4.69,4.24,196.8,4.9,90.3499984741211,91.5,61.36,14.82,0.3129,0.151,65.6054,23.614418029785156
2005-12-13,4.68,4.23,196.8,4.9,90.37999725341795,91.5,61.36,15.39,0.316,0.2718,69.1634,23.771244049072266
2005-12-14,4.63,4.26,196.8,4.9,89.83000183105469,91.5,60.86,14.81,0.3133,0.7852,70.9607,23.855674743652344
2005-12-15,4.62,4.29,196.8,4.9,90.0199966430664,91.5,60.01,14.07,0.3056,0.61,71.3582,23.873777389526367
2005-12-16,4.63,4.25,196.8,4.9,89.69999694824219,91.5,58.01,13.36,0.2967,0.4832,74.1139,24.000457763671875
2005-12-19,4.62,4.25,196.8,4.9,89.87000274658203,91.5,57.31,13.73,0.2936,0.453,67.5776,23.885841369628906
2005-12-20,4.63,4.3,196.8,4.9,90.77999877929688,91.5,57.81,13.79,0.2882,0.453,67.5776,23.885841369628906
2005-12-21,4.65,4.08,196.8,4.9,90.94000244140624,91.5,58.56,13.56,0.284,0.8214,71.3533,24.024574279785156
2005-12-22,4.59,4.25,196.8,4.9,90.72000122070312,91.5,58.08,13.03,0.2758,0.8456,74.5083,24.157262802124023
2005-12-23,4.52,4.21,196.8,4.9,90.83999633789062,91.5,58.08,11.17,0.2738,0.6523,76.4714,24.24773406982422
2005-12-27,4.48,4.26,196.8,4.9,91.19000244140624,91.5,58.16,10.22,0.2797,0.5738,72.3446,24.187421798706055
2005-12-28,4.51,4.19,196.8,4.9,91.26000213623048,91.5,59.81,9.90,0.2774,0.302,64.9454,24.072832107543945
2005-12-29,4.49,4.18,196.8,4.9,91.0999984741211,91.5,60.26,10.07,0.2684,0.1872,63.0596,24.04267120361328
2005-12-30,4.51,4.09,196.8,4.9,91.16999816894533,91.5,61.06,9.52,0.2656,0.0664,56.8261,23.940120697021484
2006-01-03,4.52,4.34,198.3,4.7,89.83999633789062,91.2,63.11,9.90,0.2924,0.2416,67.3677,24.24172019958496
2006-01-04,4.55,4.22,198.3,4.7,89.13999938964844,91.2,63.41,9.25,0.3028,0.2174,59.8932,24.10179901123047
2006-01-05,4.51,4.24,198.3,4.7,89.33000183105469,91.2,62.81,9.24,0.2947,0.2905,62.3365,24.174795150756836
2006-01-06,4.53,4.22,198.3,4.7,88.8499984741211,91.2,64.21,9.30,0.3036,0.3222,67.4737,24.34513282775879
2006-01-09,4.53,4.25,198.3,4.7,89.25,91.2,63.56,8.79,0.3185,0.5853,75.9388,24.74053382873535
2006-01-10,4.62,4.24,198.3,4.7,89.33000183105469,91.2,63.41,8.60,0.3253,0.5312,76.5644,24.777042388916016
2006-01-11,4.61,4.24,198.3,4.7,88.98999786376953,91.2,63.91,8.55,0.3134,0.5734,75.4742,24.758792877197266
2006-01-12,4.56,4.28,198.3,4.7,89.44000244140625,91.2,63.96,8.70,0.3258,0.2312,54.0839,24.302547454833984
2006-01-13,4.49,4.3,198.3,4.7,88.88999938964844,91.2,63.86,8.50,0.3191,0.2432,53.4111,24.2843017578125
2006-01-17,4.52,4.32,198.3,4.7,89.30000305175781,91.2,66.36,8.82,0.3185,0.2179,48.6994,24.156543731689453
2006-01-18,4.53,4.24,198.3,4.7,89.26000213623047,91.2,65.76,8.86,0.3288,-0.3034,41.6936,23.894973754882812
2006-01-19,4.51,4.23,198.3,4.7,89.38999938964844,91.2,66.86,8.21,0.3345,-0.3411,36.9375,23.761125564575195
2006-01-20,4.54,4.24,198.3,4.7,88.94999694824219,91.2,68.16,8.80,0.3619,-1.0295,25.6255,23.146728515625
2006-01-23,4.54,4.26,198.3,4.7,87.94999694824219,91.2,68.06,8.29,0.3679,-1.0661,30.7577,23.280559539794922
2006-01-24,4.53,4.28,198.3,4.7,88.05999755859375,91.2,66.83,8.27,0.3607,-1.5595,29.1332,23.183237075805664
2006-01-25,4.62,4.36,198.3,4.7,88.33000183105469,91.2,65.60,8.50,0.3619,-1.3707,37.6012,23.40831184387207
2006-01-26,4.66,4.37,198.3,4.7,88.62000274658203,91.2,65.80,7.86,0.394,-0.6762,55.3755,24.08355140686035
2006-01-27,4.70,4.42,198.3,4.7,89.31999969482422,91.2,67.81,8.19,0.4037,-0.1218,57.3225,24.180883407592773
2006-01-30,4.67,4.48,198.3,4.7,89.41999816894531,91.2,68.36,8.36,0.3988,-0.0426,58.5775,24.241710662841797
2006-01-31,4.69,4.47,198.3,4.7,88.95999908447266,91.2,67.86,8.73,0.3899,0.0244,56.724,24.180883407592773
2006-02-01,4.69,4.47,198.7,4.8,89.51000213623047,86.7,66.61,8.71,0.386,0.3229,58.6155,24.25995445251465
2006-02-02,4.68,4.48,198.7,4.8,89.37000274658203,86.7,64.71,8.01,0.3832,0.5665,60.249,24.326875686645508
2006-02-03,4.64,4.51,198.7,4.8,89.88999938964844,86.7,65.41,8.01,0.3863,0.9016,50.9118,24.04705047607422
2006-02-06,4.61,4.51,198.7,4.8,90.29000091552734,86.7,65.11,8.24,0.3713,0.7127,49.2525,23.99230194091797
2006-02-07,4.64,4.47,198.7,4.8,90.23999786376952,86.7,63.01,7.74,0.3687,0.7006,45.9262,23.882802963256836
2006-02-08,4.67,4.48,198.7,4.8,90.43000030517578,86.7,62.51,7.88,0.3585,0.6823,52.6392,24.08963394165039
2006-02-09,4.51,4.52,198.7,4.8,90.29000091552734,86.7,62.66,7.55,0.3585,0.1097,55.6949,24.193050384521484
2006-02-10,4.55,4.51,198.7,4.8,90.5500030517578,86.7,62.01,7.57,0.363,0.1036,58.3307,24.2843017578125
2006-02-13,4.56,4.44,198.7,4.8,90.54000091552734,86.7,61.26,7.36,0.3675,-0.0487,54.714,24.193050384521484
2006-02-14,4.60,4.45,198.7,4.8,90.54000091552734,86.7,59.61,7.03,0.3708,0.2132,60.6743,24.39379119873047
2006-02-15,4.58,4.5,198.7,4.8,90.72000122070312,86.7,57.61,7.31,0.3674,0.268,64.1677,24.527631759643555
2006-02-16,4.57,4.48,198.7,4.8,90.7300033569336,86.7,58.61,7.16,0.3664,0.5056,70.733,24.831796646118164
2006-02-17,4.51,4.48,198.7,4.8,90.63999938964844,86.7,59.76,7.39,0.3585,0.7615,69.5995,24.807449340820312
2006-02-21,4.53,4.54,198.7,4.8,90.5500030517578,86.7,61.21,7.40,0.3503,0.7676,67.2061,24.758792877197266
2006-02-22,4.48,4.49,198.7,4.8,90.66999816894533,86.7,59.03,7.55,0.3623,1.3098,75.5105,25.19070053100586
2006-02-23,4.51,4.47,198.7,4.8,90.38999938964844,86.7,58.03,7.23,0.3612,0.9199,67.4872,25.00820541381836
2006-02-24,4.52,4.48,198.7,4.8,90.61000061035156,86.7,61.46,7.39,0.3772,1.1514,73.2722,25.34278678894043
2006-02-27,4.55,4.52,198.7,4.8,90.62999725341795,86.7,61.01,6.97,0.3676,1.0112,71.2241,25.29411506652832
2006-02-28,4.51,4.52,198.7,4.8,90.11000061035156,86.7,61.37,6.69,0.3688,0.8346,60.8325,25.026443481445312
2006-03-01,4.56,4.52,199.8,4.7,90.22000122070312,88.9,62.01,6.62,0.3777,0.9321,66.8222,25.32452392578125
2006-03-02,4.62,4.5,199.8,4.7,89.55999755859375,88.9,63.36,6.69,0.3712,0.8163,67.1638,25.34278678894043
2006-03-03,4.66,4.51,199.8,4.7,89.66000366210938,88.9,63.61,6.59,0.3734,0.4691,65.4176,25.300195693969727
2006-03-06,4.72,4.51,199.8,4.7,89.88999938964844,88.9,62.46,6.50,0.3759,0.396,61.3656,25.20287322998047
2006-03-07,4.72,4.51,199.8,4.7,90.7699966430664,88.9,61.51,6.53,0.3769,0.4752,62.179,25.23328399658203
2006-03-08,4.72,4.51,199.8,4.7,90.62000274658205,88.9,60.06,6.47,0.3734,0.1157,64.1896,25.30626678466797
2006-03-09,4.72,4.51,199.8,4.7,90.75,88.9,60.51,6.31,0.3807,-0.0366,50.5143,24.971702575683594
2006-03-10,4.74,4.51,199.8,4.7,90.8499984741211,88.9,59.91,6.40,0.3766,-0.3229,52.1615,25.020362854003906
2006-03-13,4.77,4.52,199.8,4.7,90.54000091552734,88.9,61.81,6.77,0.3714,-0.3168,50.5264,24.977787017822266
2006-03-14,4.71,4.51,199.8,4.7,90.0,88.9,63.01,7.15,0.364,0.1462,57.3216,25.172449111938477
2006-03-15,4.75,4.47,199.8,4.7,89.69999694824219,88.9,62.11,7.10,0.355,-0.2498,53.2577,25.075122833251953
2006-03-16,4.70,4.55,199.8,4.7,89.06999969482422,88.9,63.46,7.12,0.3431,-0.2071,55.451,25.135942459106445
2006-03-17,4.72,4.6,199.8,4.7,88.91999816894531,88.9,62.81,7.17,0.3295,-0.1157,57.2348,25.18462371826172
2006-03-20,4.70,4.55,199.8,4.7,89.12999725341797,88.9,60.31,7.00,0.3234,0.0122,58.3917,25.21503448486328
2006-03-21,4.74,4.54,199.8,4.7,89.62000274658203,88.9,60.41,6.83,0.3294,-0.1706,50.7624,25.062957763671875
2006-03-22,4.73,4.58,199.8,4.7,89.72000122070312,88.9,60.03,7.06,0.3581,0.2741,67.0342,25.580034255981445
2006-03-23,4.75,4.64,199.8,4.7,90.45999908447266,88.9,62.13,7.16,0.3491,0.6031,66.7458,25.573938369750977
2006-03-24,4.70,4.69,199.8,4.7,90.06999969482422,88.9,63.90,7.43,0.3468,0.5909,67.6728,25.610437393188477
2006-03-27,4.73,4.77,199.8,4.7,90.06999969482422,88.9,63.75,7.05,0.3403,0.6396,67.8389,25.616527557373047
2006-03-28,4.80,4.7,199.8,4.7,90.25,88.9,65.65,7.15,0.3469,0.1097,51.6336,25.281946182250977
2006-03-29,4.84,4.69,199.8,4.7,90.25,88.9,66.00,7.16,0.3556,0.2802,54.2811,25.354944229125977
2006-03-30,4.89,4.76,199.8,4.7,89.38999938964844,88.9,66.70,7.19,0.3702,0.1279,50.4458,25.263696670532227
2006-03-31,4.90,5.0,199.8,4.7,89.7300033569336,88.9,66.25,6.98,0.3629,0.1462,53.1435,25.330602645874023
2006-04-03,4.90,4.87,201.5,4.7,89.62999725341797,87.4,66.07,7.08,0.3727,0.2924,59.5877,25.50702476501465
2006-04-04,4.91,4.76,201.5,4.7,88.83000183105469,87.4,65.75,7.04,0.3882,0.859,70.2484,25.92405891418457
2006-04-05,4.90,4.76,201.5,4.7,88.62999725341797,87.4,66.76,6.89,0.3876,0.5069,73.3723,26.089662551879883
2006-04-06,4.96,4.76,201.5,4.7,88.95999908447266,87.4,67.22,7.06,0.3828,0.3595,66.219,25.936338424682617
2006-04-07,5.04,4.76,201.5,4.7,89.62999725341797,87.4,67.02,6.81,0.391,-0.0393,52.737,25.574493408203125
2006-04-10,5.04,4.78,201.5,4.7,89.72000122070312,87.4,68.29,6.83,0.388,0.0651,55.7883,25.684886932373047
2006-04-11,5.00,4.74,201.5,4.7,89.44000244140625,87.4,69.03,6.99,0.3985,0.2343,50.3686,25.519298553466797
2006-04-12,5.05,4.78,201.5,4.7,89.62000274658203,87.4,68.53,6.78,0.3862,0.3393,55.525,25.6971435546875
2006-04-13,5.11,4.82,201.5,4.7,89.62000274658203,87.4,69.53,6.64,0.3815,0.6088,60.1277,25.875009536743164
2006-04-17,5.08,4.78,201.5,4.7,88.63999938964844,87.4,70.30,7.22,0.3783,0.4251,55.9152,25.758474349975586
2006-04-18,5.07,4.72,201.5,4.7,88.23999786376953,87.4,71.28,7.60,0.3842,0.6169,64.6138,26.126449584960938
2006-04-19,5.13,4.7,201.5,4.7,87.79000091552734,87.4,72.07,7.72,0.387,0.2149,64.8706,26.138723373413086
2006-04-20,5.14,4.73,201.5,4.7,88.25,87.4,71.96,7.95,0.3844,0.0368,64.3518,26.126449584960938
2006-04-21,5.10,4.74,201.5,4.7,88.05000305175781,87.4,73.73,7.65,0.378,0.129,61.6145,26.065139770507812
2006-04-24,5.07,4.77,201.5,4.7,87.44999694824219,87.4,70.19,7.73,0.3782,0.6018,64.6241,26.1755313873291
2006-04-25,5.16,4.74,201.5,4.7,87.31999969482422,87.4,67.43,7.37,0.3823,0.2088,52.8568,25.893413543701172
2006-04-26,5.18,4.73,201.5,4.7,87.22000122070312,87.4,71.71,7.17,0.3804,0.6448,60.5008,26.16325569152832
2006-04-27,5.18,4.79,201.5,4.7,86.62999725341797,87.4,70.76,6.94,0.4204,1.2589,74.1531,26.954410552978516
2006-04-28,5.17,4.86,201.5,4.7,86.11000061035156,87.4,71.80,6.64,0.4759,1.9589,81.8709,27.831432342529297
2006-05-01,5.23,4.84,202.5,4.6,85.97000122070312,79.1,73.75,6.53,0.4796,1.7072,71.8666,27.463443756103516
2006-05-02,5.20,4.79,202.5,4.6,85.79000091552734,79.1,74.62,6.68,0.4774,1.7809,75.8082,27.9050235748291
2006-05-03,5.24,4.81,202.5,4.6,85.83999633789062,79.1,72.26,6.56,0.4643,1.744,75.1582,27.8804874420166
2006-05-04,5.23,4.83,202.5,4.6,85.83999633789062,79.1,69.98,6.47,0.4465,1.8975,76.4483,28.021543502807617
2006-05-05,5.20,4.83,202.5,4.6,85.12000274658203,79.1,70.09,6.80,0.4633,2.5485,81.0198,28.610336303710938
2006-05-08,5.19,4.88,202.5,4.6,85.2300033569336,79.1,69.75,6.54,0.457,2.1002,72.1098,28.27300262451172
2006-05-09,5.20,4.78,202.5,4.6,84.83000183105469,79.1,70.71,6.55,0.4463,2.3335,70.8505,28.223928451538086
2006-05-10,5.19,4.88,202.5,4.6,84.5,79.1,72.15,6.50,0.4411,2.0019,69.1728,28.162607192993164
2006-05-11,5.23,4.99,202.5,4.6,84.2699966430664,79.1,73.00,6.80,0.4535,0.7369,57.5197,27.69036102294922
2006-05-12,5.29,5.01,202.5,4.6,83.95999908447266,79.1,71.87,6.35,0.4601,-0.6509,47.8625,27.181339263916016
2006-05-15,5.26,5.01,202.5,4.6,84.54000091552734,79.1,69.25,5.92,0.4514,-0.1474,50.3191,27.316265106201172
2006-05-16,5.22,4.98,202.5,4.6,84.16999816894531,79.1,69.40,5.99,0.4485,-0.7246,47.8158,27.181339263916016
2006-05-17,5.28,4.96,202.5,4.6,84.8499984741211,79.1,68.65,6.15,0.4705,-1.3571,37.6848,26.52511215209961
2006-05-18,5.18,5.0,202.5,4.6,84.51000213623047,79.1,69.63,5.79,0.4684,-1.8116,33.8828,26.212318420410156
2006-05-19,5.14,5.0,202.5,4.6,84.87999725341797,79.1,68.44,5.77,0.4591,-2.3949,34.0278,26.218454360961914
2006-05-22,5.13,5.0,202.5,4.6,84.3499984741211,79.1,69.23,5.91,0.4531,-2.1247,33.1395,26.150985717773438
2006-05-23,5.16,4.94,202.5,4.6,84.3499984741211,79.1,70.78,6.27,0.4545,-2.3642,29.4852,25.862730026245117
2006-05-24,5.13,4.9,202.5,4.6,84.94999694824219,79.1,69.47,6.01,0.4611,-2.3151,29.3323,25.850467681884766
2006-05-25,5.17,5.01,202.5,4.6,84.6500015258789,79.1,70.92,5.85,0.461,-1.4124,41.1937,26.279787063598633
2006-05-26,5.16,4.99,202.5,4.6,85.26000213623047,79.1,71.35,5.78,0.4513,-0.6694,46.6,26.51283836364746
2006-05-30,5.19,5.02,202.5,4.6,84.27999877929688,79.1,71.85,6.20,0.4537,-1.2896,38.4374,26.028335571289062
2006-05-31,5.21,5.05,202.5,4.6,84.72000122070312,79.1,71.42,5.97,0.4564,-1.0317,41.3283,26.150985717773438
2006-06-01,5.20,5.02,202.9,4.6,84.79000091552734,84.9,70.11,6.25,0.4694,0.2026,52.8828,26.72748565673828
2006-06-02,5.10,4.97,202.9,4.6,84.05000305175781,84.9,72.73,6.23,0.4653,0.6571,55.2773,26.868555068969727
2006-06-05,5.10,5.01,202.9,4.6,84.13999938964844,84.9,72.50,6.40,0.4794,0.1351,45.8267,26.35338020324707
2006-06-06,5.08,4.99,202.9,4.6,84.7300033569336,84.9,72.43,6.16,0.4965,-0.1597,40.432,25.991527557373047
2006-06-07,5.09,4.99,202.9,4.6,84.98999786376953,84.9,70.90,5.82,0.4891,0.0491,39.2994,25.911808013916016
2006-06-08,5.06,5.02,202.9,4.6,85.91000366210938,84.9,70.25,5.84,0.509,0.1228,40.7188,25.973129272460938
2006-06-09,5.03,5.0,202.9,4.6,85.72000122070312,84.9,71.62,6.10,0.4977,-0.3009,40.8724,25.819799423217773
2006-06-12,5.03,5.01,202.9,4.6,85.8499984741211,84.9,70.28,6.02,0.4959,-1.001,33.5342,25.513158798217773
2006-06-13,5.01,5.0,202.9,4.6,86.43000030517578,84.9,68.48,5.95,0.528,-1.1729,26.1811,24.85693359375
2006-06-14,5.09,5.0,202.9,4.6,86.13999938964844,84.9,69.12,6.08,0.557,-1.6396,23.2203,24.513490676879883
2006-06-15,5.13,5.02,202.9,4.6,86.0199966430664,84.9,69.78,6.43,0.5545,-1.83,32.7298,24.899856567382812
2006-06-16,5.17,4.94,202.9,4.6,85.91999816894531,84.9,69.75,7.03,0.5451,-2.2414,29.8599,24.63001251220703
2006-06-19,5.18,4.95,202.9,4.6,86.30999755859375,84.9,69.21,6.71,0.5373,-1.8545,28.5331,24.501216888427734
2006-06-20,5.19,4.92,202.9,4.6,86.18000030517578,84.9,69.30,6.62,0.5354,-1.1606,36.5839,24.83240509033203
2006-06-21,5.19,4.91,202.9,4.6,85.77999877929688,84.9,70.07,6.50,0.5568,-0.6387,45.6538,25.27397346496582
2006-06-22,5.23,4.98,202.9,4.6,86.38999938964844,84.9,70.62,6.51,0.5464,-0.786,44.2854,25.188112258911133
2006-06-23,5.26,4.98,202.9,4.6,86.81999969482422,84.9,70.50,6.14,0.571,-0.915,42.2741,25.065454483032227
2006-06-26,5.28,5.03,202.9,4.6,86.48999786376953,84.9,71.63,5.89,0.5692,-0.0614,50.1916,25.451828002929688
2006-06-27,5.24,5.02,202.9,4.6,86.47000122070312,84.9,72.05,5.97,0.5672,0.1904,43.2816,25.04705047607422
2006-06-28,5.28,5.06,202.9,4.6,86.62999725341797,84.9,72.15,6.04,0.5473,0.7983,48.4219,25.31076431274414
2006-06-29,5.26,5.08,202.9,4.6,85.87000274658203,84.9,73.50,6.09,0.5779,1.2773,61.2253,26.1755313873291
2006-06-30,5.19,5.05,202.9,4.6,85.22000122070312,84.9,73.94,5.84,0.5801,1.1299,54.0374,25.758474349975586
2006-07-03,5.20,5.25,203.5,4.7,85.18000030517578,84.7,.,.,0.593,2.0019,62.6962,26.506637573242188
2006-07-05,5.27,5.25,203.5,4.7,85.5999984741211,84.7,75.20,5.70,0.5874,1.3856,58.0409,26.222200393676758
2006-07-06,5.23,5.24,203.5,4.7,85.3499984741211,84.7,75.00,5.28,0.5631,0.9682,58.3398,26.246946334838867
2006-07-07,5.18,5.22,203.5,4.7,84.9800033569336,84.7,73.76,5.18,0.5432,1.0294,57.8817,26.222200393676758
2006-07-10,5.17,5.24,203.5,4.7,85.5,84.7,73.50,5.32,0.5168,1.2575,59.3876,26.32731819152832
2006-07-11,5.14,5.25,203.5,4.7,85.36000061035156,84.7,74.05,5.51,0.517,1.0501,61.9652,26.506637573242188
2006-07-12,5.14,5.27,203.5,4.7,85.91000366210938,84.7,74.99,5.66,0.5252,1.0716,53.8468,26.123281478881836
2006-07-13,5.12,5.26,203.5,4.7,85.79000091552734,84.7,76.70,5.92,0.5336,0.2753,44.8005,25.591529846191406
2006-07-14,5.11,5.26,203.5,4.7,86.08999633789062,84.7,76.80,6.28,0.5353,-0.9001,40.4145,25.282392501831055
2006-07-17,5.10,5.28,203.5,4.7,86.95999908447266,84.7,75.70,6.27,0.521,-0.5815,39.055,25.183454513549805
2006-07-18,5.16,5.22,203.5,4.7,87.01000213623047,84.7,73.87,6.02,0.5098,-1.3369,38.8734,25.171091079711914
2006-07-19,5.10,5.23,203.5,4.7,86.45999908447266,84.7,72.79,5.89,0.5773,0.3961,61.904,26.617908477783203
2006-07-20,5.08,5.24,203.5,4.7,86.22000122070312,84.7,74.00,6.14,0.5635,0.328,61.1383,26.57465171813965
2006-07-21,5.10,5.23,203.5,4.7,85.93000030517578,84.7,73.52,5.90,0.5533,0.458,62.3934,26.67974853515625
2006-07-24,5.11,5.24,203.5,4.7,86.33999633789062,84.7,74.29,6.33,0.5668,1.0027,69.2165,27.328960418701172
2006-07-25,5.13,5.24,203.5,4.7,86.63999938964844,84.7,73.46,6.78,0.5639,1.0894,71.564,27.594837188720703
2006-07-26,5.10,5.24,203.5,4.7,85.93000030517578,84.7,73.82,6.71,0.5445,1.4855,71.6757,27.60720443725586
2006-07-27,5.11,5.27,203.5,4.7,85.87000274658203,84.7,74.50,7.03,0.5397,2.0487,71.9812,27.638118743896484
2006-07-28,5.07,5.26,203.5,4.7,85.44000244140625,84.7,73.30,7.24,0.5383,2.841,76.3947,28.120384216308594
2006-07-31,5.07,5.31,203.5,4.7,85.30000305175781,84.7,74.56,8.04,0.5294,3.0267,77.1137,28.20696258544922
2006-08-01,5.07,5.27,203.9,4.7,85.05000305175781,82.0,74.93,8.66,0.5155,2.971,75.1164,28.13893699645996
2006-08-02,5.05,5.25,203.9,4.7,85.05000305175781,82.0,76.16,8.65,0.5101,1.5103,74.7254,28.126583099365234
2006-08-03,5.04,5.27,203.9,4.7,85.0199966430664,82.0,75.59,7.61,0.5046,1.6588,75.9097,28.231691360473633
2006-08-04,5.00,5.25,203.9,4.7,84.56999969482422,82.0,74.78,7.44,0.5561,1.2193,65.1372,27.897796630859375
2006-08-07,5.00,5.24,203.9,4.7,84.75,82.0,77.05,6.97,0.538,0.6623,66.6001,27.990549087524414
2006-08-08,5.02,5.26,203.9,4.7,84.66000366210938,82.0,76.29,7.06,0.5341,0.2228,61.2678,27.817413330078125
2006-08-09,5.05,5.25,203.9,4.7,84.70999908447266,82.0,76.28,7.60,0.5423,-0.1857,50.9149,27.421709060668945
2006-08-10,5.06,5.24,203.9,4.7,85.08000183105469,82.0,74.17,7.95,0.5337,-0.4023,46.7964,27.23621368408203
2006-08-11,5.09,5.24,203.9,4.7,85.5199966430664,82.0,74.38,7.56,0.5243,-0.9594,45.1724,27.16203498840332
2006-08-14,5.12,5.26,203.9,4.7,85.63999938964844,82.0,73.33,6.89,0.5218,-1.0708,44.5992,27.137292861938477
2006-08-15,5.05,5.24,203.9,4.7,85.22000122070312,82.0,72.95,6.90,0.5384,-0.2909,60.5794,27.84834861755371
2006-08-16,5.00,5.17,203.9,4.7,84.87999725341797,82.0,71.64,7.01,0.5269,-0.0124,64.7979,28.114213943481445
2006-08-17,5.00,5.2,203.9,4.7,85.04000091552734,82.0,70.12,6.73,0.5083,-0.1238,64.6192,28.108028411865234
2006-08-18,4.97,5.25,203.9,4.7,85.08999633789062,82.0,70.93,6.66,0.4915,0.3652,67.1366,28.26259994506836
2006-08-21,4.96,5.24,203.9,4.7,84.62999725341797,82.0,72.45,6.72,0.4732,0.1176,62.2179,28.108028411865234
2006-08-22,4.95,5.24,203.9,4.7,85.18000030517578,82.0,72.55,6.86,0.4606,0.2228,60.0665,28.04001235961914
2006-08-23,4.95,5.25,203.9,4.7,85.12999725341797,82.0,71.45,7.19,0.4489,0.7242,62.3048,28.145116806030273
2006-08-24,4.94,5.25,203.9,4.7,85.27999877929688,82.0,72.02,7.22,0.4367,1.0089,64.3919,28.244054794311523
2006-08-25,4.93,5.25,203.9,4.7,85.37999725341797,82.0,72.13,7.48,0.4228,0.9841,60.66,28.145116806030273
2006-08-28,4.94,5.25,203.9,4.7,85.2300033569336,82.0,70.47,6.51,0.4249,1.3184,67.2504,28.45427703857422
2006-08-29,4.93,5.23,203.9,4.7,84.91000366210938,82.0,69.74,6.24,0.4209,0.5756,66.0215,28.423362731933594
2006-08-30,4.91,5.25,203.9,4.7,84.97000122070312,82.0,70.20,6.40,0.4072,0.1609,60.1585,28.274961471557617
2006-08-31,4.88,5.31,203.9,4.7,85.05000305175781,82.0,70.38,5.80,0.3909,0.1238,58.4756,28.231691360473633
2006-09-01,4.87,5.25,202.9,4.5,84.94000244140625,85.4,69.24,5.24,0.3886,0.0124,59.7274,28.274961471557617
2006-09-05,4.93,5.26,202.9,4.5,85.0,85.4,68.70,5.45,0.383,0.2104,61.0326,28.318260192871094
2006-09-06,4.95,5.21,202.9,4.5,85.0999984741211,85.4,67.75,5.70,0.3808,0.328,62.5729,28.36771583557129
2006-09-07,4.94,5.23,202.9,4.5,85.52999877929688,85.4,67.37,5.64,0.3881,-0.1981,45.5633,27.947265625
2006-09-08,4.92,5.23,202.9,4.5,85.94999694824219,85.4,66.30,5.31,0.3938,-0.26,46.9764,27.984365463256836
2006-09-11,4.95,5.24,202.9,4.5,85.91999816894531,85.4,65.42,5.29,0.3865,-0.0805,50.0951,28.064748764038086
2006-09-12,4.91,5.21,202.9,4.5,85.91999816894531,85.4,63.81,5.57,0.3911,-0.0062,61.9536,28.448095321655273
2006-09-13,4.90,5.26,202.9,4.5,85.87000274658203,85.4,64.09,5.40,0.4074,0.2662,67.3724,28.68922996520996
2006-09-14,4.92,5.26,202.9,4.5,85.66000366210938,85.4,63.27,5.09,0.3986,0.4766,68.6447,28.751070022583008
2006-09-15,4.92,5.25,202.9,4.5,85.98999786376953,85.4,63.30,4.40,0.4077,0.7985,73.7607,29.029294967651367
2006-09-18,4.93,5.23,202.9,4.5,85.80999755859375,85.4,63.84,5.02,0.3998,0.5261,64.1921,28.8005313873291
2006-09-19,4.86,5.21,202.9,4.5,85.94000244140625,85.4,61.77,4.99,0.3991,0.619,67.0187,28.936559677124023
2006-09-20,4.85,5.23,202.9,4.5,85.80999755859375,85.4,60.00,4.87,0.4011,0.8294,71.7492,29.196260452270508
2006-09-21,4.78,5.24,202.9,4.5,85.18000030517578,85.4,61.62,4.65,0.4025,0.9965,62.0898,28.9427433013916
2006-09-22,4.74,5.27,202.9,4.5,85.19999694824219,85.4,59.79,4.47,0.3928,0.9656,62.2276,28.94891929626465
2006-09-25,4.70,5.3,202.9,4.5,85.29000091552734,85.4,60.74,4.31,0.3891,0.9408,63.5526,29.004568099975586
2006-09-26,4.71,5.25,202.9,4.5,85.62999725341797,85.4,60.63,4.36,0.386,0.5509,63.2785,28.998384475708008
2006-09-27,4.73,5.3,202.9,4.5,85.66000366210938,85.4,62.96,4.35,0.3845,0.2723,61.5104,28.96129035949707
2006-09-28,4.76,5.28,202.9,4.5,85.72000122070312,85.4,62.46,4.15,0.3783,0.4023,66.831,29.15296173095703
2006-09-29,4.77,5.34,202.9,4.5,85.97000122070312,85.4,62.90,3.66,0.3787,0.0062,61.081,29.035486221313477
2006-10-02,4.76,5.33,201.8,4.4,85.58999633789062,93.6,60.96,4.11,0.3777,0.1795,58.4348,28.979835510253906
2006-10-03,4.76,5.25,201.8,4.4,85.70999908447266,93.6,58.64,4.01,0.3972,0.3776,67.7492,29.523942947387695
2006-10-04,4.72,5.23,201.8,4.4,85.83999633789062,93.6,59.53,4.38,0.3951,0.3776,72.9815,29.57376480102539
2006-10-05,4.76,5.23,201.8,4.4,85.91999816894531,93.6,60.02,4.69,0.3887,0.5815,70.542,29.523942947387695
2006-10-06,4.84,5.22,201.8,4.4,86.44000244140625,93.6,59.68,4.41,0.389,0.2324,56.1936,29.181440353393555
2006-10-09,.,5.22,201.8,4.4,86.5199966430664,93.6,59.93,5.06,0.3843,0.3326,60.2745,29.337127685546875
2006-10-10,4.88,5.28,201.8,4.4,87.0199966430664,93.6,58.50,5.16,0.3823,0.6006,66.1593,29.598674774169922
2006-10-11,4.91,5.25,201.8,4.4,87.12000274658203,93.6,57.56,5.66,0.3786,0.7063,67.5578,29.667173385620117
2006-10-12,4.91,5.25,201.8,4.4,86.91999816894531,93.6,58.23,5.17,0.3969,0.9009,74.228,30.053264617919922
2006-10-13,4.94,5.21,201.8,4.4,87.12000274658203,93.6,58.69,4.30,0.4006,0.9562,71.5902,29.99100112915039
2006-10-16,4.92,5.28,201.8,4.4,87.0,93.6,59.91,5.13,0.4014,0.7438,61.1993,29.723217010498047
2006-10-17,4.91,5.21,201.8,4.4,86.87000274658203,93.6,58.91,6.26,0.4266,0.5717,64.6467,29.885133743286133
2006-10-18,4.89,5.23,201.8,4.4,86.87999725341797,93.6,57.66,6.07,0.458,-0.1745,49.8755,29.39939308166504
2006-10-19,4.91,5.22,201.8,4.4,86.23999786376953,93.6,58.55,6.77,0.4627,-0.3366,44.906,29.187665939331055
2006-10-20,4.91,5.25,201.8,4.4,86.2699966430664,93.6,57.35,6.88,0.4559,0.1621,49.0533,29.34333610534668
2006-10-23,4.95,5.24,201.8,4.4,86.70999908447266,93.6,56.74,7.29,0.4523,0.1745,53.2741,29.511478424072266
2006-10-24,4.95,5.24,201.8,4.4,86.62999725341797,93.6,57.55,7.13,0.4485,-0.2431,49.0899,29.355810165405273
2006-10-25,4.89,5.26,201.8,4.4,86.37999725341797,93.6,59.09,7.20,0.4422,-0.2307,51.2999,29.436750411987305
2006-10-26,4.84,5.23,201.8,4.4,85.88999938964844,93.6,60.27,7.91,0.4409,-0.3055,58.9205,29.748140335083008
2006-10-27,4.80,5.23,201.8,4.4,85.55999755859375,93.6,60.75,7.41,0.4366,-0.5423,50.4926,29.4492130279541
2006-10-30,4.78,5.27,201.8,4.4,85.58999633789062,93.6,58.41,6.99,0.4317,-0.1745,52.9834,29.548847198486328
2006-10-31,4.72,5.31,201.8,4.4,85.31999969482422,93.6,58.72,6.64,0.4298,-0.3429,52.799,29.542625427246094
2006-11-01,4.68,5.23,201.5,4.5,85.31999969482422,92.1,58.64,7.15,0.4485,-0.1745,44.0985,29.225034713745117
2006-11-02,4.72,5.22,201.5,4.5,85.33999633789062,92.1,57.87,7.32,0.4338,0.0187,43.6286,29.20635986328125
2006-11-03,4.81,5.25,201.5,4.5,85.70999908447266,92.1,59.13,7.43,0.4362,-0.1434,43.4571,29.200117111206055
2006-11-06,4.79,5.24,201.5,4.5,85.75,92.1,60.11,6.72,0.442,0.1621,57.5487,29.673398971557617
2006-11-07,4.76,5.22,201.5,4.5,85.43000030517578,92.1,58.94,6.59,0.434,0.2182,54.3786,29.57376480102539
2006-11-08,4.73,5.22,201.5,4.5,85.41000366210938,92.1,59.93,7.39,0.4342,0.2307,56.8543,29.667173385620117
2006-11-09,4.73,5.23,201.5,4.5,85.18000030517578,92.1,61.18,7.35,0.4286,-0.3304,48.979,29.4180908203125
2006-11-10,4.69,5.23,201.5,4.5,85.05000305175781,92.1,59.66,7.16,0.4144,0.1995,55.3374,29.64849853515625
2006-11-13,4.71,5.27,201.5,4.5,85.36000061035156,92.1,58.59,7.26,0.4084,0.1309,56.1578,29.67962074279785
2006-11-14,4.66,5.25,201.5,4.5,85.23999786376953,92.1,58.28,7.42,0.4126,0.1933,57.7114,29.735671997070312
2006-11-15,4.69,5.29,201.5,4.5,85.33999633789062,92.1,58.79,7.45,0.417,0.3242,51.0159,29.548847198486328
2006-11-16,4.74,5.25,201.5,4.5,85.5,92.1,56.23,7.59,0.4143,0.5922,58.2003,29.797948837280273
2006-11-17,4.69,5.2,201.5,4.5,85.37000274658203,92.1,55.90,7.23,0.4025,0.48,54.0188,29.67962074279785
2006-11-20,4.68,5.25,201.5,4.5,85.41999816894531,92.1,56.42,7.79,0.3961,0.1558,58.2307,29.829076766967773
2006-11-21,4.66,5.29,201.5,4.5,85.23999786376953,92.1,58.01,7.57,0.3918,0.1621,54.7481,29.735671997070312
2006-11-22,4.65,5.26,201.5,4.5,84.6500015258789,92.1,57.28,7.42,0.3865,-0.0312,51.1243,29.636028289794922
2006-11-24,4.63,5.24,201.5,4.5,83.70999908447266,92.1,.,.,0.3772,0.0187,44.5687,29.436750411987305
2006-11-27,4.62,5.32,201.5,4.5,83.51000213623047,92.1,60.30,7.58,0.3868,-0.6109,34.6851,29.03819465637207
2006-11-28,4.59,5.24,201.5,4.5,83.20999908447266,92.1,60.97,7.61,0.397,-0.9101,29.7585,28.77044105529785
2006-11-29,4.61,5.26,201.5,4.5,83.44000244140625,92.1,62.45,7.74,0.3985,-0.6733,40.0925,29.06311798095703
2006-11-30,4.56,5.31,201.5,4.5,82.91999816894531,92.1,62.97,8.32,0.4007,-0.7294,35.3038,28.820270538330078
2006-12-01,4.54,5.27,201.8,4.4,82.4800033569336,91.7,63.43,8.42,0.4166,-1.147,32.3331,28.652109146118164
2006-12-04,4.55,5.22,201.8,4.4,82.48999786376953,91.7,62.39,7.84,0.4367,-0.5112,47.4397,29.168994903564453
2006-12-05,4.57,5.21,201.8,4.4,82.44999694824219,91.7,62.40,7.32,0.438,-0.4364,52.5454,29.393163681030273
2006-12-06,4.60,5.22,201.8,4.4,82.7699966430664,91.7,62.20,7.32,0.4286,-0.5735,47.2986,29.16275978088379
2006-12-07,4.60,5.25,201.8,4.4,82.80000305175781,91.7,62.54,7.61,0.4211,-0.5985,44.6224,29.03819465637207
2006-12-08,4.66,5.25,201.8,4.4,83.33000183105469,91.7,62.06,7.45,0.4262,-0.3179,46.7965,29.119169235229492
2006-12-11,4.63,5.25,201.8,4.4,83.12000274658203,91.7,61.26,6.81,0.4465,0.5735,57.9445,29.611116409301758
2006-12-12,4.60,5.23,201.8,4.4,82.97000122070312,91.7,61.06,6.93,0.4422,0.8914,58.9132,29.660945892333984
2006-12-13,4.69,5.23,201.8,4.4,82.97000122070312,91.7,61.34,7.21,0.4285,0.5798,58.3531,29.64227294921875
2006-12-14,4.72,5.29,201.8,4.4,83.6500015258789,91.7,62.48,7.26,0.4308,1.0411,62.9221,29.86021614074707
2006-12-15,4.72,5.27,201.8,4.4,84.05999755859375,91.7,63.40,6.82,0.4312,1.4276,66.9507,30.07818603515625
2006-12-18,4.72,5.21,201.8,4.4,83.9800033569336,91.7,62.19,6.62,0.4258,0.8665,65.3723,30.03458595275879
2006-12-19,4.73,5.21,201.8,4.4,83.45999908447266,91.7,62.87,6.27,0.419,0.667,65.883,30.059490203857422
2006-12-20,4.73,5.26,201.8,4.4,83.5199966430664,91.7,63.08,6.43,0.3993,0.8665,64.5606,30.02836036682129
2006-12-21,4.70,5.25,201.8,4.4,83.56999969482422,91.7,62.05,6.09,0.4042,1.2592,70.264,30.29613494873047
2006-12-22,4.76,5.24,201.8,4.4,83.94000244140625,91.7,61.81,5.88,0.4278,0.7044,53.3902,29.82286262512207
2006-12-26,4.73,5.29,201.8,4.4,84.06999969482422,91.7,61.07,5.72,0.4187,0.4738,59.38,30.08440589904785
2006-12-27,4.78,5.17,201.8,4.4,83.94000244140625,91.7,60.31,5.54,0.4413,0.8229,66.6388,30.482955932617188
2006-12-28,4.81,5.25,201.8,4.4,83.81999969482422,91.7,60.39,5.63,0.4258,0.8229,66.0243,30.46426773071289
2006-12-29,4.81,5.17,201.8,4.4,83.72000122070312,91.7,60.85,5.50,0.4243,0.2182,54.4866,30.07818603515625
2007-01-03,4.77,5.28,202.416,4.6,83.91999816894531,96.9,58.31,5.47,0.429,0.0686,56.0023,30.14716339111328
2007-01-04,4.72,5.24,202.416,4.6,84.31999969482422,96.9,55.65,5.60,0.4342,0.1875,57.721,30.2224178314209
2007-01-05,4.74,5.21,202.416,4.6,84.62999725341797,96.9,56.29,5.52,0.431,-0.0885,50.4255,29.9715633392334
2007-01-08,4.74,5.23,202.416,4.6,84.5999984741211,96.9,56.08,6.02,0.4334,0.0431,53.0622,30.071903228759766
2007-01-09,4.74,5.25,202.416,4.6,84.73999786376953,96.9,55.65,6.15,0.4361,-0.3505,49.4121,29.946470260620117
2007-01-10,4.77,5.26,202.416,4.6,85.08000183105469,96.9,53.95,6.42,0.4354,0.343,55.3803,30.165973663330078
2007-01-11,4.82,5.27,202.416,4.6,85.30999755859375,96.9,51.91,6.09,0.4259,0.213,58.6338,30.29767608642578
2007-01-12,4.86,5.22,202.416,4.6,85.02999877929688,96.9,52.96,5.97,0.4138,-0.3869,52.1906,30.09699058532715
2007-01-16,4.85,5.28,202.416,4.6,85.05000305175781,96.9,51.23,6.82,0.4053,-0.117,58.5212,30.347854614257812
2007-01-17,4.88,5.25,202.416,4.6,84.9800033569336,96.9,52.30,6.57,0.4109,0.2946,59.1226,30.372940063476562
2007-01-18,4.85,5.23,202.416,4.6,84.91000366210938,96.9,50.51,6.29,0.4112,0.0502,53.1309,30.197338104248047
2007-01-19,4.87,5.25,202.416,4.6,84.86000061035156,96.9,51.98,6.40,0.4127,0.3578,62.3637,30.579891204833984
2007-01-22,4.84,5.24,202.416,4.6,85.0199966430664,96.9,51.11,7.20,0.4353,1.174,71.5509,31.144350051879883
2007-01-23,4.90,5.26,202.416,4.6,84.66999816894531,96.9,53.61,7.53,0.4302,1.1803,72.9374,31.250944137573242
2007-01-24,4.91,5.27,202.416,4.6,84.94000244140625,96.9,54.24,7.58,0.4394,1.6386,76.8462,31.58333969116211
2007-01-25,4.96,5.31,202.416,4.6,85.11000061035156,96.9,53.49,7.18,0.4416,1.3247,73.5075,31.489276885986328
2007-01-26,4.98,5.26,202.416,4.6,85.27999877929688,96.9,55.38,6.95,0.4437,0.8726,63.1435,31.16942024230957
2007-01-29,4.99,5.26,202.416,4.6,85.0999984741211,96.9,54.01,7.35,0.4385,0.9291,58.9768,31.025175094604492
2007-01-30,4.98,5.23,202.416,4.6,85.02999877929688,96.9,57.03,7.32,0.4466,1.1238,66.5481,31.470458984375
2007-01-31,4.93,5.33,202.416,4.6,84.61000061035156,96.9,58.17,7.76,0.4735,1.5695,72.5043,31.940824508666992
2007-02-01,4.93,5.29,203.499,4.5,84.62999725341797,91.3,57.35,7.93,0.4567,1.9211,74.3954,32.11642074584961
2007-02-02,4.93,5.24,203.499,4.5,84.95999908447266,91.3,59.01,8.17,0.451,1.3623,69.1137,31.940824508666992
2007-02-05,4.91,5.25,203.499,4.5,85.08000183105469,91.3,58.69,9.14,0.4461,0.8161,69.3726,31.959630966186523
2007-02-06,4.87,5.24,203.499,4.5,84.77999877929688,91.3,58.91,8.29,0.4394,0.7345,69.7482,31.984710693359375
2007-02-07,4.86,5.23,203.499,4.5,84.75,91.3,57.75,7.90,0.4268,0.5336,71.7679,32.11642074584961
2007-02-08,4.81,5.25,203.499,4.5,84.69999694824219,91.3,59.76,8.06,0.4273,0.452,65.3083,31.940824508666992
2007-02-09,4.87,5.25,203.499,4.5,84.87000274658203,91.3,59.86,8.16,0.4465,0.452,55.2451,31.620962142944336
2007-02-12,4.88,5.28,203.499,4.5,85.1500015258789,91.3,57.76,7.78,0.4326,0.609,55.5436,31.633514404296875
2007-02-13,4.90,5.26,203.499,4.5,84.7300033569336,91.3,58.98,8.09,0.4326,0.4834,62.6091,31.953367233276367
2007-02-14,4.83,5.27,203.499,4.5,84.19999694824219,91.3,58.00,8.90,0.4286,0.3076,67.8424,32.24811935424805
2007-02-15,4.81,5.29,203.499,4.5,84.01000213623047,91.3,57.92,8.91,0.424,0.0,63.4347,32.11642074584961
2007-02-16,4.79,5.24,203.499,4.5,84.08999633789062,91.3,59.38,8.45,0.409,0.2009,63.9306,32.1414909362793
2007-02-20,4.78,5.27,203.499,4.5,84.19000244140625,91.3,58.32,7.34,0.408,0.4206,68.448,32.379825592041016
2007-02-21,4.79,5.23,203.499,4.5,84.20999908447266,91.3,59.40,7.51,0.4049,0.4081,68.6775,32.39236068725586
2007-02-22,4.83,5.26,203.499,4.5,84.31999969482422,91.3,60.28,7.47,0.4015,0.27,68.4012,32.38608932495117
2007-02-23,4.79,5.24,203.499,4.5,84.06999969482422,91.3,60.28,7.53,0.419,0.0628,53.7458,32.0035285949707
2007-02-26,4.73,5.3,203.499,4.5,83.93000030517578,91.3,61.41,7.73,0.4333,0.2448,49.4962,31.865554809570312
2007-02-27,4.62,5.27,203.499,4.5,83.4800033569336,91.3,61.46,7.44,0.5463,-0.7659,30.2738,30.868385314941406
2007-02-28,4.68,5.41,203.499,4.5,83.56999969482422,91.3,61.78,7.23,0.5521,-0.9794,33.3488,30.97499656677246
2007-03-01,4.68,5.31,205.352,4.4,83.68000030517578,88.4,61.97,7.07,0.5638,-1.3937,31.6172,30.8558406829834
2007-03-02,4.65,5.23,205.352,4.4,83.73999786376953,88.4,61.58,7.22,0.5724,-1.8959,24.1966,30.2224178314209
2007-03-05,4.64,5.27,205.352,4.4,84.1500015258789,88.4,60.05,7.36,0.5759,-2.3291,20.7193,29.81477928161621
2007-03-06,4.66,5.22,205.352,4.4,84.06999969482422,88.4,60.66,7.55,0.5908,-1.9525,36.1024,30.429378509521484
2007-03-07,4.64,5.24,205.352,4.4,83.77999877929688,88.4,61.85,7.50,0.576,-2.0655,34.8748,30.329036712646484
2007-03-08,4.65,5.24,205.352,4.4,84.0999984741211,88.4,61.63,7.14,0.5792,-1.8206,40.2372,30.56736183166504
2007-03-09,4.72,5.24,205.352,4.4,84.23999786376953,88.4,60.06,7.05,0.5746,-1.3874,41.3665,30.617525100708008
2007-03-12,4.69,5.25,205.352,4.4,83.86000061035156,88.4,58.94,6.81,0.5506,-1.2368,41.6727,30.63007354736328
2007-03-13,4.66,5.25,205.352,4.4,83.7300033569336,88.4,58.03,6.78,0.6135,-1.5821,25.7112,29.2879581451416
2007-03-14,4.69,5.27,205.352,4.4,83.61000061035156,88.4,58.15,6.86,0.6432,-1.3121,33.6305,29.66425132751465
2007-03-15,4.69,5.29,205.352,4.4,83.68000030517578,88.4,57.52,7.02,0.6444,-0.9417,38.4877,29.915117263793945
2007-03-16,4.70,5.25,205.352,4.4,83.2300033569336,88.4,57.06,6.84,0.6365,-0.7282,33.8739,29.49493408203125
2007-03-19,4.72,5.26,205.352,4.4,83.38999938964844,88.4,56.65,6.70,0.6255,0.0251,40.3915,29.839855194091797
2007-03-20,4.71,5.26,205.352,4.4,83.11000061035156,88.4,56.41,6.81,0.6055,-0.4834,42.3432,29.946470260620117
2007-03-21,4.70,5.26,205.352,4.4,82.7699966430664,88.4,56.98,6.82,0.6475,0.4332,54.8922,30.76178741455078
2007-03-22,4.78,5.27,205.352,4.4,83.08999633789062,88.4,60.21,7.07,0.6344,-0.1695,49.5464,30.39802360534668
2007-03-23,4.80,5.24,205.352,4.4,83.27999877929688,88.4,61.07,7.16,0.6097,-0.1883,50.0127,30.429378509521484
2007-03-26,4.79,5.28,205.352,4.4,83.08000183105469,88.4,61.77,7.15,0.6038,-0.0879,51.7947,30.542268753051758
2007-03-27,4.81,5.25,205.352,4.4,83.01000213623047,88.4,62.98,7.15,0.5764,1.174,50.3542,30.46074104309082
2007-03-28,4.83,5.27,205.352,4.4,83.02999877929688,88.4,64.11,7.47,0.5702,0.4332,44.2529,30.09699058532715
2007-03-29,4.83,5.29,205.352,4.4,83.08999633789062,88.4,66.10,7.34,0.5586,0.5022,50.1538,30.416818618774414
2007-03-30,4.84,5.3,205.352,4.4,82.93000030517578,88.4,65.94,7.50,0.5667,0.8475,48.8032,30.34159278869629
2007-04-02,4.84,5.25,206.686,4.5,82.87000274658203,87.1,66.03,7.62,0.5616,0.2009,43.5867,30.253782272338867
2007-04-03,4.85,5.2,206.686,4.5,83.1500015258789,87.1,64.59,7.57,0.5677,0.722,54.7763,30.670631408691406
2007-04-04,4.85,5.21,206.686,4.5,82.95999908447266,87.1,64.40,7.46,0.547,-0.0942,54.7763,30.670631408691406
2007-04-05,4.87,5.3,206.686,4.5,82.68000030517578,87.1,64.26,7.53,0.5328,0.4027,57.0029,30.803279876708984
2007-04-09,4.92,5.28,206.686,4.5,83.0999984741211,87.1,61.51,7.65,0.516,0.5167,59.4335,30.948545455932617
2007-04-10,4.91,5.26,206.686,4.5,82.69999694824219,87.1,61.92,7.65,0.4954,0.5555,61.9287,31.100120544433594
2007-04-11,4.92,5.24,206.686,4.5,82.66999816894531,87.1,61.98,7.97,0.4762,0.5802,60.3812,31.043283462524414
2007-04-12,4.91,5.27,206.686,4.5,82.37000274658203,87.1,63.87,7.95,0.4779,0.9759,60.983,31.074871063232422
2007-04-13,4.93,5.25,206.686,4.5,82.12999725341797,87.1,63.63,7.93,0.4794,0.5862,58.7996,31.005380630493164
2007-04-16,4.89,5.29,206.686,4.5,82.06999969482422,87.1,63.63,7.66,0.4976,1.2178,68.7461,31.561195373535156
2007-04-17,4.85,5.2,206.686,4.5,81.83000183105469,87.1,63.14,7.50,0.4833,1.652,70.6264,31.693838119506836
2007-04-18,4.81,5.19,206.686,4.5,81.73999786376953,87.1,63.14,7.54,0.5612,2.219,81.66,32.8875617980957
2007-04-19,4.84,5.23,206.686,4.5,81.63999938964844,87.1,61.81,7.54,0.5608,2.2316,81.7406,32.90018844604492
2007-04-20,4.85,5.25,206.686,4.5,81.63999938964844,87.1,63.56,7.32,0.5488,2.3834,83.5491,33.184410095214844
2007-04-23,4.83,5.23,206.686,4.5,81.73999786376953,87.1,65.33,7.24,0.5389,2.0736,78.5544,33.020206451416016
2007-04-24,4.80,5.2,206.686,4.5,81.55000305175781,87.1,64.10,7.57,0.5289,1.846,76.2178,32.94441223144531
2007-04-25,4.83,5.19,206.686,4.5,81.43000030517578,87.1,65.33,7.60,0.5263,2.3201,79.8759,33.361270904541016
2007-04-26,4.87,5.24,206.686,4.5,81.75,87.1,65.08,7.56,0.5086,2.3644,80.4824,33.43704605102539
2007-04-27,4.89,5.24,206.686,4.5,81.52999877929688,87.1,66.45,7.44,0.5084,2.1874,72.5832,33.19072341918945
2007-04-30,4.81,5.29,206.686,4.5,81.44999694824219,87.1,65.78,7.71,0.5204,1.3466,64.4708,32.90650939941406
2007-05-01,4.81,5.26,207.949,4.4,81.5999984741211,88.3,64.43,7.64,0.5239,1.315,65.9732,33.00756072998047
2007-05-02,4.82,5.21,207.949,4.4,81.73999786376953,88.3,63.78,7.64,0.5212,0.3035,68.6436,33.19072341918945
2007-05-03,4.84,5.24,207.949,4.4,81.94999694824219,88.3,63.23,7.58,0.5088,0.3856,69.9969,33.28547286987305
2007-05-04,4.80,5.24,207.949,4.4,81.73999786376953,88.3,61.89,7.82,0.4932,0.0569,68.4648,33.241268157958984
2007-05-07,4.79,5.24,207.949,4.4,81.68000030517578,88.3,61.48,7.69,0.476,0.2845,69.5236,33.30443572998047
2007-05-08,4.80,5.21,207.949,4.4,81.94000244140625,88.3,62.26,7.50,0.4646,0.1833,62.9482,33.127567291259766
2007-05-09,4.83,5.21,207.949,4.4,82.0199966430664,88.3,61.54,7.46,0.4685,0.2402,71.0868,33.60127258300781
2007-05-10,4.83,5.25,207.949,4.4,82.29000091552734,88.3,61.85,7.63,0.4914,-0.5943,51.1233,32.843345642089844
2007-05-11,4.85,5.27,207.949,4.4,82.12000274658203,88.3,62.35,7.53,0.4861,-0.2529,52.9581,32.93810272216797
2007-05-14,4.86,5.26,207.949,4.4,82.06999969482422,88.3,62.55,7.85,0.479,-0.1707,48.6308,32.73597717285156
2007-05-15,4.88,5.29,207.949,4.4,81.75,88.3,63.16,7.68,0.4845,-0.1454,51.3892,32.862300872802734
2007-05-16,4.88,5.25,207.949,4.4,82.16000366210938,88.3,62.57,7.62,0.4968,0.2718,62.1236,33.46231460571289
2007-05-17,4.91,5.25,207.949,4.4,82.31999969482422,88.3,64.83,7.69,0.4839,-0.0885,56.0442,33.19704055786133
2007-05-18,4.96,5.24,207.949,4.4,82.19999694824219,88.3,64.93,7.87,0.471,-0.0569,55.7555,33.184410095214844
2007-05-21,4.94,5.24,207.949,4.4,82.36000061035156,88.3,66.25,7.66,0.46,-0.1075,56.0073,33.19704055786133
2007-05-22,4.98,5.23,207.949,4.4,82.38999938964844,88.3,64.91,7.60,0.4538,-0.1012,51.6024,33.026512145996094
2007-05-23,5.01,5.25,207.949,4.4,82.30999755859375,88.3,65.10,7.51,0.4534,-0.765,47.0354,32.83702850341797
2007-05-24,5.00,5.24,207.949,4.4,82.41000366210938,88.3,63.62,7.56,0.4567,-0.2592,41.5831,32.58437728881836
2007-05-25,5.01,5.29,207.949,4.4,82.33000183105469,88.3,64.59,7.47,0.4507,-0.3224,42.5087,32.6159782409668
2007-05-29,5.01,5.29,207.949,4.4,82.30999755859375,88.3,63.19,7.51,0.4398,-0.0063,45.9353,32.72966766357422
2007-05-30,5.01,5.25,207.949,4.4,82.43000030517578,88.3,63.47,7.71,0.4404,0.019,50.3218,32.881256103515625
2007-05-31,5.01,5.28,207.949,4.4,82.30000305175781,88.3,64.02,7.80,0.4378,-0.727,46.32,32.73597717285156
2007-06-01,5.06,5.23,208.352,4.6,82.31999969482422,85.3,65.09,7.57,0.4255,-0.4172,47.7258,32.78020095825195
2007-06-04,5.02,5.24,208.352,4.6,82.05999755859375,85.3,66.17,7.73,0.4114,-0.6132,41.9688,32.57176208496094
2007-06-05,5.07,5.19,208.352,4.6,81.88999938964844,85.3,65.63,7.83,0.3992,-0.8471,36.7454,32.3507080078125
2007-06-06,5.08,5.25,208.352,4.6,81.9000015258789,85.3,65.97,7.83,0.4145,-1.0937,29.1451,31.933822631835938
2007-06-07,5.20,5.25,208.352,4.6,82.29000091552734,85.3,66.93,7.89,0.4259,-1.3719,23.1738,31.466455459594727
2007-06-08,5.22,5.26,208.352,4.6,82.69000244140625,85.3,64.78,7.52,0.438,-0.746,34.9758,31.8391056060791
2007-06-11,5.24,5.27,208.352,4.6,82.70999908447266,85.3,65.93,7.42,0.4433,-0.765,35.3499,31.851743698120117
2007-06-12,5.35,5.26,208.352,4.6,82.88999938964844,85.3,65.36,7.45,0.4608,-1.5615,26.2792,31.169597625732422
2007-06-13,5.28,5.26,208.352,4.6,83.04000091552734,85.3,66.17,7.60,0.4749,-1.119,40.9359,31.763317108154297
2007-06-14,5.30,5.28,208.352,4.6,83.12999725341797,85.3,67.62,7.48,0.4816,-0.9546,41.3494,31.782255172729492
2007-06-15,5.26,5.26,208.352,4.6,82.8499984741211,85.3,68.04,7.58,0.4774,-0.8471,44.7854,31.933822631835938
2007-06-18,5.26,5.23,208.352,4.6,82.70999908447266,85.3,69.06,7.69,0.4668,-0.7207,43.2601,31.851743698120117
2007-06-19,5.20,5.21,208.352,4.6,82.54000091552734,85.3,69.15,7.46,0.4601,-0.2339,49.4413,32.11701202392578
2007-06-20,5.24,5.27,208.352,4.6,82.5199966430664,85.3,68.50,7.39,0.4982,-0.6954,35.3001,31.239076614379883
2007-06-21,5.28,5.26,208.352,4.6,82.7300033569336,85.3,68.35,7.24,0.5168,0.0126,40.472,31.47909164428711
2007-06-22,5.25,5.24,208.352,4.6,82.33999633789062,85.3,68.85,7.04,0.5367,-1.0684,32.0754,30.771696090698242
2007-06-25,5.20,5.29,208.352,4.6,82.31999969482422,85.3,68.83,6.77,0.5503,-1.3086,29.8627,30.5443115234375
2007-06-26,5.22,5.25,208.352,4.6,82.29000091552734,85.3,67.78,6.85,0.5449,-0.4741,33.2724,30.695899963378906
2007-06-27,5.20,5.26,208.352,4.6,82.31999969482422,85.3,68.98,6.74,0.5611,-0.6638,41.674,31.100120544433594
2007-06-28,5.22,5.26,208.352,4.6,82.33000183105469,85.3,69.61,6.79,0.5624,-0.8598,39.2704,30.92327308654785
2007-06-29,5.12,5.31,208.352,4.6,81.91999816894531,85.3,70.47,6.40,0.5765,-1.3339,35.1657,30.601160049438477
2007-07-02,5.09,5.31,208.299,4.7,81.38999938964844,90.4,71.11,6.24,0.5714,-0.8092,44.0796,31.043283462524414
2007-07-03,5.14,5.24,208.299,4.7,81.43000030517578,90.4,71.41,6.37,0.5673,-0.7144,50.2662,31.406103134155273
2007-07-05,5.24,5.25,208.299,4.7,81.54000091552734,90.4,71.81,6.30,0.5586,-0.186,44.8996,31.056007385253906
2007-07-06,5.28,5.22,208.299,4.7,81.45999908447266,90.4,72.80,6.15,0.551,-0.3116,46.9588,31.170591354370117
2007-07-09,5.25,5.22,208.299,4.7,81.43000030517578,90.4,72.14,6.39,0.5458,0.2818,45.0866,31.056007385253906
2007-07-10,5.14,5.24,208.299,4.7,80.86000061035156,90.4,72.80,6.44,0.5673,-0.306,34.286,30.24127197265625
2007-07-11,5.18,5.24,208.299,4.7,80.7300033569336,90.4,72.58,6.66,0.5869,-0.0628,41.7907,30.635910034179688
2007-07-12,5.22,5.26,208.299,4.7,80.63999938964844,90.4,72.55,6.26,0.6132,0.4245,54.7548,31.527036666870117
2007-07-13,5.19,5.25,208.299,4.7,80.58000183105469,90.4,73.89,6.27,0.6126,0.9328,58.5634,31.85802459716797
2007-07-16,5.14,5.32,208.299,4.7,80.5199966430664,90.4,74.11,6.32,0.6021,1.115,56.3342,31.71799087524414
2007-07-17,5.16,5.28,208.299,4.7,80.54000091552734,90.4,74.03,6.34,0.5887,0.7298,57.0769,31.775291442871094
2007-07-18,5.10,5.26,208.299,4.7,80.41999816894531,90.4,75.03,6.23,0.6417,-0.293,46.8469,31.113298416137695
2007-07-19,5.12,5.25,208.299,4.7,80.41999816894531,90.4,75.90,6.50,0.6801,-0.1083,44.6252,30.94780158996582
2007-07-20,5.07,5.25,208.299,4.7,80.29000091552734,90.4,75.53,6.46,0.6966,-0.8983,36.7336,30.27309799194336
2007-07-23,5.07,5.26,208.299,4.7,80.3499984741211,90.4,74.65,6.00,0.6837,-1.0448,34.139,30.012117385864258
2007-07-24,5.05,5.25,208.299,4.7,80.08000183105469,90.4,73.38,5.66,0.7272,-1.3824,25.3546,28.8599910736084
2007-07-25,5.04,5.32,208.299,4.7,80.6500015258789,90.4,75.74,5.56,0.7626,-1.822,25.0773,28.815454483032227
2007-07-26,4.95,5.28,208.299,4.7,80.44999694824219,90.4,74.96,5.83,0.7887,-3.472,20.7839,28.05797576904297
2007-07-27,4.95,5.25,208.299,4.7,80.94999694824219,90.4,77.03,5.77,0.8024,-3.7077,22.6389,28.153457641601562
2007-07-30,4.97,5.29,208.299,4.7,80.8499984741211,90.4,76.82,6.31,0.8147,-3.2363,29.0394,28.48445701599121
2007-07-31,4.92,5.28,208.299,4.7,80.7699966430664,90.4,78.20,6.53,0.8489,-3.765,25.6799,28.013429641723633
2007-08-01,4.90,5.3,207.917,4.6,80.87000274658203,83.4,76.49,6.19,0.8447,-2.8668,30.1681,28.248947143554688
2007-08-02,4.91,5.24,207.917,4.6,80.70999908447266,83.4,76.84,6.34,0.819,-2.5674,32.73,28.382612228393555
2007-08-03,4.87,5.24,207.917,4.6,80.18000030517578,83.4,75.41,6.11,0.8314,-2.4909,27.6795,27.78427505493164
2007-08-06,4.89,5.26,207.917,4.6,80.25,83.4,72.03,6.10,0.8553,-1.2996,42.8882,28.713605880737305
2007-08-07,4.92,5.26,207.917,4.6,80.4800033569336,83.4,72.25,6.38,0.8807,0.0,44.9158,28.8599910736084
2007-08-08,5.01,5.27,207.917,4.6,80.33999633789062,83.4,72.23,6.24,0.907,0.79,54.1221,29.604740142822266
2007-08-09,5.02,5.41,207.917,4.6,80.73999786376953,83.4,71.62,6.45,0.9487,0.0573,39.4648,28.115278244018555
2007-08-10,5.03,4.68,207.917,4.6,80.68000030517578,83.4,71.49,6.57,0.9851,0.0127,40.0812,28.166189193725586
2007-08-13,5.01,4.81,207.917,4.6,81.05000305175781,83.4,71.60,7.15,0.9944,-0.5861,37.8339,27.89885139465332
2007-08-14,4.99,4.54,207.917,4.6,81.48999786376953,83.4,72.40,6.86,0.9639,-0.4523,35.0764,27.561491012573242
2007-08-15,5.00,4.71,207.917,4.6,81.81999969482422,83.4,73.36,7.30,0.9683,-0.8791,33.5389,27.37055015563965
2007-08-16,4.92,4.97,207.917,4.6,81.7300033569336,83.4,70.99,6.96,1.0693,0.5606,52.5607,28.942752838134766
2007-08-17,5.00,4.91,207.917,4.6,81.43000030517578,83.4,71.90,7.14,1.1212,2.1405,60.4102,29.922998428344727
2007-08-20,4.98,5.03,207.917,4.6,81.4000015258789,83.4,71.12,6.47,1.1522,0.8791,56.8792,29.591995239257812
2007-08-21,4.95,4.89,207.917,4.6,81.48999786376953,83.4,69.49,5.92,1.1304,0.5479,54.8911,29.40741539001465
2007-08-22,4.96,4.77,207.917,4.6,81.25,83.4,69.30,5.84,1.1316,-0.3249,53.4592,29.280113220214844
2007-08-23,4.93,4.88,207.917,4.6,81.13999938964844,83.4,69.86,5.73,1.1158,0.9556,51.0193,29.070068359375
2007-08-24,4.88,5.11,207.917,4.6,80.66999816894531,83.4,71.17,5.69,1.0803,1.083,53.0399,29.2482852935791
2007-08-27,4.87,5.27,207.917,4.6,80.73999786376953,83.4,71.98,5.34,1.0513,0.688,45.3235,28.5862979888916
2007-08-28,4.86,5.3,207.917,4.6,80.76000213623047,83.4,71.79,5.56,1.0422,0.1911,37.6561,27.752445220947266
2007-08-29,4.88,5.0,207.917,4.6,80.69999694824219,83.4,73.52,5.64,1.0169,0.7199,42.0622,28.08981704711914
2007-08-30,4.83,5.0,207.917,4.6,80.79000091552734,83.4,73.37,5.54,0.9907,-0.9556,41.0881,27.987972259521484
2007-08-31,4.83,4.96,207.917,4.6,80.79000091552734,83.4,73.98,5.49,0.9727,-1.5863,45.8753,28.33805274963379
2007-09-04,4.84,5.22,208.49,4.7,80.87999725341797,83.4,75.07,5.30,0.9651,-0.7581,52.019,28.83454132080078
2007-09-05,4.78,5.18,208.49,4.7,80.62000274658203,83.4,75.74,5.80,0.9522,-1.2932,43.9826,28.115278244018555
2007-09-06,4.79,4.98,208.49,4.7,80.47000122070312,83.4,76.34,6.02,0.9169,-1.1403,44.321,28.140743255615234
2007-09-07,4.70,4.86,208.49,4.7,79.95999908447266,83.4,76.70,5.53,0.8974,-1.3697,39.7227,27.7015323638916
2007-09-10,4.65,5.07,208.49,4.7,79.81999969482422,83.4,77.53,5.56,0.8833,-1.2869,43.5869,27.962509155273438
2007-09-11,4.65,5.06,208.49,4.7,79.69999694824219,83.4,78.16,5.98,0.8735,-0.2357,48.9924,28.350784301757812
2007-09-12,4.68,5.18,208.49,4.7,79.36000061035156,83.4,79.85,6.13,0.8379,0.5542,48.4011,28.306224822998047
2007-09-13,4.75,5.09,208.49,4.7,79.51000213623047,83.4,80.05,6.27,0.8418,0.9365,57.5839,29.02549934387207
2007-09-14,4.72,5.25,208.49,4.7,79.62000274658203,83.4,79.14,6.23,0.8103,1.0002,56.9856,28.987302780151367
2007-09-17,4.72,5.33,208.49,4.7,79.72000122070312,83.4,80.55,6.38,0.7861,0.4905,54.3702,28.82817268371582
2007-09-18,4.77,4.92,208.49,4.7,79.20999908447266,83.4,81.51,6.42,0.8546,1.6054,69.9026,30.438583374023438
2007-09-19,4.83,4.74,208.49,4.7,79.30000305175781,83.4,81.99,6.25,0.8341,2.166,67.3842,30.27945899963379
2007-09-20,4.96,4.77,208.49,4.7,78.58000183105469,83.4,83.85,6.02,0.8209,1.7519,61.3882,29.891172409057617
2007-09-21,4.89,4.76,208.49,4.7,78.5999984741211,83.4,83.38,5.96,0.8037,2.2998,62.4236,29.999374389648438
2007-09-24,4.88,4.74,208.49,4.7,78.52999877929688,83.4,82.51,6.12,0.7932,1.5353,54.8317,29.49652862548828
2007-09-25,4.89,4.82,208.49,4.7,78.30999755859375,83.4,81.20,6.54,0.7679,0.9938,52.6695,29.343761444091797
2007-09-26,4.90,4.88,208.49,4.7,78.48999786376953,83.4,80.31,6.47,0.7563,1.0575,52.9273,29.362855911254883
2007-09-27,4.84,4.93,208.49,4.7,78.33999633789062,83.4,82.86,6.38,0.7296,0.3886,53.675,29.413782119750977
2007-09-28,4.83,4.58,208.49,4.7,77.72000122070312,83.4,81.64,6.15,0.7061,0.1784,49.423,29.16554832458496
2007-10-01,4.79,4.92,208.936,4.7,77.9000015258789,80.9,80.31,6.07,0.7294,0.9683,58.6598,29.795696258544922
2007-10-02,4.77,4.78,208.936,4.7,78.30000305175781,80.9,80.00,6.55,0.7019,-0.4205,61.4271,30.018484115600586
2007-10-03,4.79,4.68,208.936,4.7,78.56999969482422,80.9,79.97,6.96,0.6889,-0.121,63.1498,30.159652709960938
2007-10-04,4.77,4.74,208.936,4.7,78.4800033569336,80.9,81.48,6.91,0.6603,0.4281,65.132,30.320085525512695
2007-10-05,4.87,4.77,208.936,4.7,78.30999755859375,80.9,81.20,6.77,0.6421,0.5317,67.6816,30.531831741333008
2007-10-08,.,4.77,208.936,4.7,78.66999816894531,80.9,78.97,6.69,0.6205,0.9451,65.4265,30.441991806030273
2007-10-09,4.87,4.91,208.936,4.7,78.52999877929688,80.9,80.23,6.63,0.6088,1.1815,66.5755,30.525407791137695
2007-10-10,4.86,4.52,208.936,4.7,78.37999725341797,80.9,81.30,6.79,0.6121,0.7385,56.0644,30.101903915405273
2007-10-11,4.87,4.75,208.936,4.7,78.08000183105469,80.9,83.05,6.85,0.6184,0.527,52.5712,29.941469192504883
2007-10-12,4.91,4.75,208.936,4.7,78.22000122070312,80.9,83.73,6.46,0.5999,0.8782,54.5835,30.044157028198242
2007-10-15,4.91,4.81,208.936,4.7,78.08999633789062,80.9,86.19,7.09,0.6043,-0.1057,46.9716,29.691211700439453
2007-10-16,4.90,4.68,208.936,4.7,78.25,80.9,87.58,7.29,0.6437,-1.0736,35.4022,28.946857452392578
2007-10-17,4.82,4.7,208.936,4.7,78.12000274658203,80.9,87.19,7.12,0.6899,-0.4046,50.2047,29.75537872314453
2007-10-18,4.78,4.69,208.936,4.7,77.58999633789062,80.9,89.48,7.11,0.6828,-0.867,45.8501,29.453779220581055
2007-10-19,4.68,4.77,208.936,4.7,77.41000366210938,80.9,88.58,6.91,0.7093,-1.6441,38.8415,28.889095306396484
2007-10-22,4.68,4.71,208.936,4.7,78.05999755859375,80.9,87.60,6.63,0.7169,-1.3294,42.7114,29.113689422607422
2007-10-23,4.69,4.67,208.936,4.7,77.58999633789062,80.9,86.45,6.30,0.7051,-1.0468,48.5972,29.479454040527344
2007-10-24,4.64,4.74,208.936,4.7,77.55000305175781,80.9,88.30,6.11,0.7327,-0.411,51.7837,29.691211700439453
2007-10-25,4.66,4.86,208.936,4.7,77.27999877929688,80.9,92.09,6.49,0.7446,-0.3917,49.5102,29.550033569335938
2007-10-26,4.68,4.8,208.936,4.7,77.02999877929688,80.9,91.73,6.43,0.7612,0.3211,60.6043,30.36499786376953
2007-10-29,4.66,4.84,208.936,4.7,76.83999633789062,80.9,93.45,6.66,0.7522,0.2569,53.8726,29.947885513305664
2007-10-30,4.68,4.78,208.936,4.7,76.7699966430664,80.9,90.33,6.99,0.737,0.9312,52.7705,29.877302169799805
2007-10-31,4.74,4.6,208.936,4.7,76.4800033569336,80.9,94.16,7.28,0.7536,0.4046,56.707,30.159652709960938
2007-11-01,4.64,4.59,210.177,4.7,76.58999633789062,76.1,93.53,7.09,0.8282,-1.0147,36.2558,28.439922332763672
2007-11-02,4.61,4.28,210.177,4.7,76.33999633789062,76.1,95.81,6.63,0.8801,-1.2009,30.8576,27.689130783081055
2007-11-05,4.63,4.29,210.177,4.7,76.43000030517578,76.1,94.06,6.71,0.8874,-1.6698,29.2841,27.445281982421875
2007-11-06,4.66,4.22,210.177,4.7,76.04000091552734,76.1,96.65,7.20,0.8997,-1.1752,41.0599,28.305150985717773
2007-11-07,4.67,4.39,210.177,4.7,75.41000366210938,76.1,96.46,7.42,0.9254,-2.5881,32.6337,27.105178833007812
2007-11-08,4.67,4.58,210.177,4.7,75.45999908447266,76.1,95.51,6.81,0.962,-2.2092,35.5418,27.34261703491211
2007-11-09,4.61,4.49,210.177,4.7,75.4000015258789,76.1,96.36,6.59,0.9906,-3.2175,34.2113,27.15009880065918
2007-11-12,.,4.49,210.177,4.7,75.9000015258789,76.1,94.40,6.83,1.0033,-2.7487,34.933,27.20142936706543
2007-11-13,4.61,4.61,210.177,4.7,75.87999725341797,76.1,91.18,7.22,1.0743,-0.9697,53.6983,28.908344268798828
2007-11-14,4.61,4.6,210.177,4.7,75.80999755859375,76.1,94.02,7.28,1.07,-1.1881,54.2495,28.972524642944336
2007-11-15,4.54,4.54,210.177,4.7,76.06999969482422,76.1,93.37,7.35,1.0904,-0.5073,44.6769,27.932971954345703
2007-11-16,4.52,4.51,210.177,4.7,75.83000183105469,76.1,94.81,7.29,1.0873,-0.0385,42.4181,27.650625228881836
2007-11-19,4.47,4.51,210.177,4.7,75.77999877929688,76.1,95.75,7.38,1.0968,-0.8991,34.7804,26.54690170288086
2007-11-20,4.49,4.51,210.177,4.7,75.20999908447266,76.1,99.16,6.81,1.1134,-1.5927,36.6949,26.713754653930664
2007-11-21,4.46,4.5,210.177,4.7,75.06999969482422,76.1,98.57,6.67,1.1187,-1.0019,32.7875,26.104137420654297
2007-11-23,4.43,4.56,210.177,4.7,75.05000305175781,76.1,98.24,6.67,1.1085,-0.4239,41.9666,26.91909408569336
2007-11-26,4.26,4.62,210.177,4.7,74.86000061035156,76.1,97.66,7.53,1.1284,-1.1881,35.6244,25.962970733642578
2007-11-27,4.36,4.39,210.177,4.7,75.0999984741211,76.1,94.39,7.42,1.1405,-0.0257,46.9284,27.175762176513672
2007-11-28,4.41,4.53,210.177,4.7,75.08000183105469,76.1,90.71,7.51,1.1407,-0.7,54.4918,28.208898544311523
2007-11-29,4.35,4.55,210.177,4.7,75.58999633789062,76.1,90.98,7.45,1.1088,-0.9633,52.8795,28.009963989257812
2007-11-30,4.40,4.66,210.177,4.7,76.1500015258789,76.1,88.60,7.29,1.1415,1.3422,61.0225,29.27411460876465
2007-12-03,4.34,4.52,210.036,5.0,75.93000030517578,75.5,89.29,6.97,1.1043,1.3615,58.6776,29.011018753051758
2007-12-04,4.34,4.5,210.036,5.0,75.69000244140625,75.5,88.31,7.27,1.081,1.7854,52.8444,28.330827713012695
2007-12-05,4.39,4.31,210.036,5.0,76.41000366210938,75.5,87.45,7.04,1.0615,2.1,56.2626,28.812088012695312
2007-12-06,4.49,4.49,210.036,5.0,76.37999725341797,75.5,90.25,7.29,1.0646,3.5514,61.6568,29.652713775634766
2007-12-07,4.58,4.41,210.036,5.0,76.29000091552734,75.5,88.23,7.04,1.0326,2.6523,60.8296,29.569292068481445
2007-12-10,4.60,4.46,210.036,5.0,76.05999755859375,75.5,87.72,6.98,1.041,4.4698,66.0468,30.429161071777344
2007-12-11,4.47,4.29,210.036,5.0,76.22000122070312,75.5,90.12,7.12,1.0822,2.3055,56.7679,29.479454040527344
2007-12-12,4.51,4.28,210.036,5.0,76.13999938964844,75.5,94.41,7.22,1.1246,1.4064,57.7047,29.614212036132812
2007-12-13,4.61,4.3,210.036,5.0,76.55999755859375,75.5,92.35,7.46,1.1145,1.3551,55.2349,29.363941192626953
2007-12-14,4.66,4.24,210.036,5.0,77.44000244140625,75.5,91.31,7.09,1.0858,-0.2697,51.7043,29.004592895507812
2007-12-17,4.62,4.31,210.036,5.0,77.4000015258789,75.5,90.69,7.06,1.0605,-0.4367,47.6548,28.57466697692871
2007-12-18,4.55,4.16,210.036,5.0,77.41000366210938,75.5,89.93,7.16,1.0683,-0.1606,44.0504,28.170394897460938
2007-12-19,4.47,3.98,210.036,5.0,77.58999633789062,75.5,91.11,7.18,1.058,-0.5908,44.6411,28.221736907958984
2007-12-20,4.46,4.37,210.036,5.0,77.79000091552734,75.5,90.88,7.19,1.0508,-1.8496,40.756,27.804630279541016
2007-12-21,4.58,4.28,210.036,5.0,77.72000122070312,75.5,93.19,7.03,1.0147,-1.2652,46.9159,28.305150985717773
2007-12-24,4.62,4.0,210.036,5.0,77.56999969482422,75.5,94.00,7.03,0.9881,-1.6633,52.0313,28.767175674438477
2007-12-26,4.68,4.26,210.036,5.0,77.1500015258789,75.5,95.89,6.94,0.952,-0.6422,52.8034,28.837766647338867
2007-12-27,4.61,4.15,210.036,5.0,76.61000061035156,75.5,96.63,6.80,0.9496,-1.612,43.5906,28.00356101989746
2007-12-28,4.51,4.01,210.036,5.0,76.22000122070312,75.5,96.03,7.11,0.9482,-1.6055,41.253,27.759700775146484
2007-12-31,4.45,3.06,210.036,5.0,76.69999694824219,75.5,95.95,7.11,0.9424,-0.9954,44.6386,28.009963989257812
2008-01-02,4.35,4.11,211.08,5.0,75.97000122070312,78.4,99.64,7.83,0.958,-1.2716,37.8099,27.29791831970215
2008-01-03,4.37,4.25,211.08,5.0,75.88999938964844,78.4,99.17,7.84,0.9307,-1.0549,36.1742,27.11018180847168
2008-01-04,4.36,4.18,211.08,5.0,75.79000091552734,78.4,97.90,7.51,0.9221,-1.7219,31.2532,26.495220184326172
2008-01-07,4.34,4.27,211.08,5.0,76.16999816894531,78.4,95.08,7.61,0.922,-1.0388,35.4632,26.76063346862793
2008-01-08,4.35,4.27,211.08,5.0,76.11000061035156,78.4,96.43,7.59,0.9561,-2.6024,27.876,25.69901466369629
2008-01-09,4.32,4.26,211.08,5.0,76.41999816894531,78.4,95.64,7.89,0.9711,-2.7019,33.2909,26.061504364013672
2008-01-10,4.44,4.26,211.08,5.0,75.93000030517578,78.4,93.92,7.96,1.0332,-2.0792,42.4619,26.754150390625
2008-01-11,4.39,4.23,211.08,5.0,75.9800033569336,78.4,92.74,8.13,1.0386,-1.5489,39.792,26.449901580810547
2008-01-14,4.37,4.24,211.08,5.0,75.61000061035156,78.4,94.23,8.45,1.0176,-0.9809,43.9573,26.773582458496094
2008-01-15,4.28,4.24,211.08,5.0,75.56999969482422,78.4,91.87,8.43,1.0611,-2.6504,32.8853,25.355920791625977
2008-01-16,4.32,4.22,211.08,5.0,76.26000213623047,78.4,90.80,8.23,1.1464,-0.4795,47.9252,26.81889533996582
2008-01-17,4.25,4.23,211.08,5.0,76.16999816894531,78.4,90.11,8.10,1.1515,-1.1923,41.5606,25.919097900390625
2008-01-18,4.28,4.17,211.08,5.0,76.37999725341797,78.4,90.55,8.42,1.1688,-0.8683,39.6657,25.62779998779297
2008-01-22,4.23,3.68,211.08,5.0,76.3499984741211,78.4,89.64,7.97,1.2862,-0.311,47.2127,26.449901580810547
2008-01-23,4.23,3.43,211.08,5.0,76.4000015258789,78.4,87.65,7.84,1.479,3.901,65.5405,29.595935821533203
2008-01-24,4.36,3.47,211.08,5.0,75.69000244140625,78.4,89.98,7.85,1.4543,3.0456,61.8116,29.10396385192871
2008-01-25,4.28,3.6,211.08,5.0,75.97000122070312,78.4,90.37,7.80,1.4722,1.4969,55.6963,28.249488830566406
2008-01-28,4.29,3.5,211.08,5.0,75.58000183105469,78.4,90.99,7.87,1.4691,3.0521,61.8311,29.498825073242188
2008-01-29,4.34,3.47,211.08,5.0,75.54000091552734,78.4,91.66,8.10,1.5054,3.9463,66.8059,30.715801239013672
2008-01-30,4.44,3.26,211.08,5.0,75.02999877929688,78.4,92.34,8.17,1.5353,5.3006,66.2952,30.651094436645508
2008-01-31,4.35,3.22,211.08,5.0,75.18000030517578,78.4,91.67,8.10,1.534,3.8686,66.4378,30.68344497680664
2008-02-01,4.32,3.12,211.693,4.9,75.44999694824219,70.8,89.03,7.88,1.5077,5.3201,68.9203,31.233686447143555
2008-02-04,4.37,2.82,211.693,4.9,75.37000274658203,70.8,90.07,7.56,1.5028,4.2962,57.6119,29.919599533081055
2008-02-05,4.33,2.71,211.693,4.9,76.12000274658203,70.8,88.32,7.80,1.5051,1.9634,47.6426,28.411314010620117
2008-02-06,4.37,2.94,211.693,4.9,76.13999938964844,70.8,87.16,7.94,1.4657,-1.296,46.9835,28.30126953125
2008-02-07,4.51,3.03,211.693,4.9,76.94000244140625,70.8,88.07,7.99,1.4688,0.0972,52.9028,29.20107078552246
2008-02-08,4.43,3.05,211.693,4.9,76.66999816894531,70.8,91.77,8.06,1.4495,0.1166,47.4409,28.365985870361328
2008-02-11,4.41,2.88,211.693,4.9,76.58000183105469,70.8,93.56,8.38,1.4006,-1.4386,45.5376,28.06175422668457
2008-02-12,4.46,2.91,211.693,4.9,76.31999969482422,70.8,92.82,8.37,1.3792,-2.6827,45.3655,28.03586769104004
2008-02-13,4.52,3.02,211.693,4.9,76.4000015258789,70.8,93.28,8.35,1.3344,-2.106,49.5497,28.547256469726562
2008-02-14,4.67,3.03,211.693,4.9,76.1500015258789,70.8,95.42,8.50,1.3145,-3.1039,42.697,27.58273696899414
2008-02-15,4.58,2.97,211.693,4.9,76.0999984741211,70.8,95.57,8.73,1.278,-3.24,46.2451,27.99703025817871
2008-02-19,4.66,2.94,211.693,4.9,76.0,70.8,99.99,8.91,1.2738,-2.1967,44.2474,27.725135803222656
2008-02-20,4.65,3.0,211.693,4.9,76.12000274658203,70.8,100.86,9.08,1.2518,-0.4795,46.2143,27.93229103088379
2008-02-21,4.54,3.01,211.693,4.9,75.5999984741211,70.8,98.57,8.90,1.2304,-0.4212,45.7658,27.880512237548828
2008-02-22,4.58,2.97,211.693,4.9,75.5199966430664,70.8,99.03,8.65,1.2402,-0.7646,51.3995,28.437210083007812
2008-02-25,4.67,3.0,211.693,4.9,75.52999877929688,70.8,99.40,9.15,1.23,0.1361,52.0431,28.501943588256836
2008-02-26,4.66,2.85,211.693,4.9,74.76000213623047,70.8,100.83,9.21,1.1945,0.2398,49.7727,28.30126953125
2008-02-27,4.65,2.93,211.693,4.9,74.20999908447266,70.8,99.59,9.21,1.1957,0.7128,54.664,28.7479305267334
2008-02-28,4.55,3.06,211.693,4.9,73.72000122070312,70.8,102.60,9.11,1.2038,-1.0757,41.7624,27.472698211669922
2008-02-29,4.41,3.01,211.693,4.9,73.70999908447266,70.8,101.78,9.10,1.2132,-1.2701,33.7262,26.3139705657959
2008-03-03,4.42,3.1,213.528,5.1,73.69999694824219,69.5,102.42,9.07,1.183,-2.2226,30.6841,25.776670455932617
2008-03-04,4.52,2.9,213.528,5.1,73.66000366210938,69.5,99.72,9.21,1.1725,-2.3587,28.515,25.36886978149414
2008-03-05,4.60,2.93,213.528,5.1,73.4800033569336,69.5,104.45,9.37,1.1568,-2.8568,27.0046,25.077577590942383
2008-03-06,4.57,2.99,213.528,5.1,73.0,69.5,105.51,9.70,1.1479,-3.6936,22.8868,24.19073486328125
2008-03-07,4.55,2.96,213.528,5.1,73.02999877929688,69.5,105.12,9.82,1.1802,-4.1278,24.6554,24.313722610473633
2008-03-10,4.45,2.99,213.528,5.1,72.98999786376953,69.5,107.90,9.59,1.1861,-4.8924,21.5359,23.614601135253906
2008-03-11,4.53,2.95,213.528,5.1,73.27999877929688,69.5,108.73,9.85,1.2301,-3.1622,39.9754,25.142303466796875
2008-03-12,4.40,2.97,213.528,5.1,72.4000015258789,69.5,109.86,9.69,1.2269,-3.7584,38.9834,24.993412017822266
2008-03-13,4.47,2.98,213.528,5.1,72.06999969482422,69.5,110.21,9.74,1.2467,-2.8058,36.7787,24.669750213623047
2008-03-14,4.35,2.99,213.528,5.1,71.66000366210938,69.5,110.03,9.84,1.2868,-2.6633,30.7179,23.653444290161133
2008-03-17,4.29,2.69,213.528,5.1,71.45999908447266,69.5,105.74,9.59,1.4055,0.3175,51.8767,26.093887329101562
2008-03-18,4.35,2.16,213.528,5.1,71.56999969482422,69.5,109.57,9.10,1.424,2.281,60.4257,27.647476196289062
2008-03-19,4.22,2.08,213.528,5.1,72.13999938964844,69.5,103.25,9.11,1.4357,2.4161,59.256,27.49210548400879
2008-03-20,4.17,2.22,213.528,5.1,72.75,69.5,102.57,8.54,1.5174,5.5728,68.9841,29.757762908935547
2008-03-24,4.33,2.08,213.528,5.1,72.94999694824219,69.5,101.70,8.99,1.5543,5.8255,70.2902,30.133220672607422
2008-03-25,4.30,2.42,213.528,5.1,72.27999877929688,69.5,101.78,9.28,1.5238,6.2078,67.6173,29.816020965576172
2008-03-26,4.33,2.3,213.528,5.1,71.51000213623047,69.5,105.83,9.25,1.5117,3.415,57.8844,28.553728103637695
2008-03-27,4.38,2.27,213.528,5.1,71.66000366210938,69.5,107.56,9.30,1.4792,2.754,52.5019,27.74457550048828
2008-03-28,4.33,2.09,213.528,5.1,71.68000030517578,69.5,105.59,9.36,1.4286,2.9808,51.8589,27.647476196289062
2008-03-31,4.30,2.51,213.528,5.1,71.80000305175781,69.5,101.54,9.86,1.4025,4.1537,52.8847,27.80283546447754
2008-04-01,4.40,2.38,214.823,5.0,72.55999755859375,62.6,100.92,9.92,1.4898,4.3351,66.3347,30.424518585205078
2008-04-02,4.38,2.18,214.823,5.0,72.26000213623047,62.6,104.83,9.60,1.459,2.5337,64.4176,30.17652130126953
2008-04-03,4.40,2.19,214.823,5.0,72.22000122070312,62.6,103.92,9.68,1.4345,2.7153,64.5384,30.20262908935547
2008-04-04,4.32,2.26,214.823,5.0,72.0199966430664,62.6,106.09,9.36,1.3937,-0.0165,60.4867,29.739274978637695
2008-04-07,4.36,2.24,214.823,5.0,72.19999694824219,62.6,108.91,9.48,1.3727,-0.412,60.309,29.719688415527344
2008-04-08,4.37,2.23,214.823,5.0,72.2300033569336,62.6,108.54,9.78,1.3297,-0.5387,56.1529,29.27593231201172
2008-04-09,4.31,2.2,214.823,5.0,71.83000183105469,62.6,110.89,9.88,1.286,0.359,52.8221,28.910463333129883
2008-04-10,4.34,2.3,214.823,5.0,72.12000274658203,62.6,110.07,10.18,1.2516,0.8816,50.2214,28.623323440551758
2008-04-11,4.30,2.37,214.823,5.0,71.80999755859375,62.6,110.14,10.07,1.2308,0.1098,43.0952,27.75535774230957
2008-04-14,4.35,2.32,214.823,5.0,71.87999725341797,62.6,111.71,10.03,1.2189,-0.7186,38.4059,27.083162307739258
2008-04-15,4.42,2.32,214.823,5.0,72.0199966430664,62.6,113.77,10.16,1.1981,-2.9379,42.5844,27.487783432006836
2008-04-16,4.54,2.35,214.823,5.0,71.41000366210938,62.6,114.80,10.11,1.2451,-0.8363,57.3206,29.341190338134766
2008-04-17,4.54,2.37,214.823,5.0,71.68000030517578,62.6,114.80,10.27,1.2098,-0.7579,57.9955,29.445600509643555
2008-04-18,4.51,2.32,214.823,5.0,72.01000213623047,62.6,116.56,10.08,1.2046,0.1241,60.7536,29.863264083862305
2008-04-21,4.48,2.28,214.823,5.0,71.6500015258789,62.6,117.48,10.50,1.1727,-0.2025,57.2921,29.517391204833984
2008-04-22,4.46,1.99,214.823,5.0,71.33000183105469,62.6,119.17,10.56,1.1379,0.5161,59.3323,29.791500091552734
2008-04-23,4.49,2.18,214.823,5.0,71.81999969482422,62.6,119.28,10.33,1.1196,0.5553,55.806,29.465185165405273
2008-04-24,4.56,2.26,214.823,5.0,72.54000091552734,62.6,117.10,10.58,1.1419,2.0318,64.3704,30.65294647216797
2008-04-25,4.61,2.28,214.823,5.0,72.79000091552734,62.6,119.64,10.72,1.1224,3.4365,67.5213,31.188060760498047
2008-04-28,4.57,2.29,214.823,5.0,72.79000091552734,62.6,118.78,10.95,1.1019,3.8154,64.0666,30.89439582824707
2008-04-29,4.55,2.21,214.823,5.0,72.88999938964844,62.6,115.67,10.94,1.0755,3.2405,62.0292,30.724712371826172
2008-04-30,4.49,2.37,214.823,5.0,72.51000213623047,62.6,113.70,10.81,1.0878,1.7574,64.7592,31.096696853637695
2008-05-01,4.49,2.16,216.632,5.4,73.27999877929688,59.8,112.60,10.66,1.0955,2.6982,71.2141,32.140872955322266
2008-05-02,4.57,1.88,216.632,5.4,73.5,59.8,116.36,10.37,1.1069,1.8946,66.2428,31.755847930908203
2008-05-05,4.58,1.85,216.632,5.4,73.19000244140625,59.8,119.94,10.77,1.0656,1.8097,60.9539,31.32511329650879
2008-05-06,4.64,1.91,216.632,5.4,73.0,59.8,121.82,11.09,1.0571,1.666,61.9761,31.45563507080078
2008-05-07,4.61,2.01,216.632,5.4,73.51000213623047,59.8,123.56,11.08,1.0768,0.9277,50.0995,30.39189338684082
2008-05-08,4.50,1.99,216.632,5.4,73.4800033569336,59.8,123.77,11.33,1.0788,-0.6011,46.9129,30.052520751953125
2008-05-09,4.53,1.97,216.632,5.4,73.05000305175781,59.8,125.94,11.29,1.0675,-0.7971,50.4171,30.39189338684082
2008-05-12,4.53,1.88,216.632,5.4,72.94999694824219,59.8,124.02,11.38,1.0277,-0.0653,54.6981,30.829126358032227
2008-05-13,4.62,1.93,216.632,5.4,73.2699966430664,59.8,125.83,11.18,1.0485,-1.0453,43.6884,29.68054962158203
2008-05-14,4.63,2.03,216.632,5.4,73.4000015258789,59.8,124.21,11.52,1.0236,-1.1368,46.6059,29.961164474487305
2008-05-15,4.56,2.03,216.632,5.4,73.3499984741211,59.8,124.25,11.41,1.0186,-1.4569,53.5138,30.685546875
2008-05-16,4.58,1.91,216.632,5.4,72.83999633789062,59.8,126.50,11.31,1.0051,-1.3916,50.3206,30.36578941345215
2008-05-19,4.56,1.95,216.632,5.4,73.04000091552734,59.8,127.15,11.10,0.9963,-1.3132,46.8942,30.01336669921875
2008-05-20,4.53,1.99,216.632,5.4,72.4000015258789,59.8,128.93,10.94,1.0413,-2.94,35.5032,28.518905639648438
2008-05-21,4.55,2.03,216.632,5.4,71.94000244140625,59.8,132.99,11.40,1.0472,-2.7113,30.8493,27.683570861816406
2008-05-22,4.63,2.05,216.632,5.4,72.27999877929688,59.8,130.04,11.57,1.0485,-1.96,35.4749,28.094709396362305
2008-05-23,4.57,1.99,216.632,5.4,71.88999938964844,59.8,131.58,11.56,1.017,-2.7766,32.662,27.618303298950195
2008-05-27,4.65,2.23,216.632,5.4,72.33999633789062,59.8,128.81,11.85,0.9957,-2.7636,37.8385,28.068601608276367
2008-05-28,4.71,2.08,216.632,5.4,72.55000305175781,59.8,131.00,11.60,0.996,-1.7117,37.1487,27.970720291137695
2008-05-29,4.76,2.01,216.632,5.4,73.0199966430664,59.8,126.70,11.81,1.0074,-1.5288,42.6475,28.434057235717773
2008-05-30,4.72,1.98,216.632,5.4,72.87999725341797,59.8,127.35,11.43,0.9877,-2.6264,39.5602,28.062089920043945
2008-06-02,4.68,2.06,218.815,5.6,72.93000030517578,56.4,127.75,11.80,0.9797,-2.8616,35.3232,27.507354736328125
2008-06-03,4.63,1.95,218.815,5.6,73.23999786376953,56.4,124.33,12.27,0.9797,-2.6786,34.0826,27.33769416809082
2008-06-04,4.71,1.98,218.815,5.6,73.41999816894531,56.4,122.30,12.17,0.9653,-1.3524,32.8025,27.168012619018555
2008-06-05,4.75,1.98,218.815,5.6,73.04000091552734,56.4,127.93,12.49,0.9393,-0.2091,37.5162,27.474729537963867
2008-06-06,4.65,2.01,218.815,5.6,72.38999938964844,56.4,138.51,12.71,0.9725,-1.9338,28.1374,26.16299819946289
2008-06-09,4.64,2.02,218.815,5.6,72.8499984741211,56.4,134.44,12.71,1.0855,-3.1425,20.7421,24.47926902770996
2008-06-10,4.70,1.96,218.815,5.6,73.69999694824219,56.4,131.38,12.72,1.1046,-3.0837,27.172,24.988306045532227
2008-06-11,4.72,1.95,218.815,5.6,73.20999908447266,56.4,136.43,12.49,1.1041,-3.7436,23.96,24.231285095214844
2008-06-12,4.77,2.01,218.815,5.6,73.86000061035156,56.4,136.91,12.51,1.1008,-3.6325,30.8501,24.805572509765625
2008-06-13,4.79,2.02,218.815,5.6,74.1500015258789,56.4,134.84,12.51,1.1057,-2.2344,41.3795,25.83017349243164
2008-06-16,4.77,2.06,218.815,5.6,73.61000061035156,56.4,134.52,12.73,1.0991,-1.4438,43.5688,26.06511116027832
2008-06-17,4.78,1.87,218.815,5.6,73.51000213623047,56.4,133.99,12.87,1.1046,-1.862,39.4738,25.477754592895508
2008-06-18,4.72,1.84,218.815,5.6,73.44000244140625,56.4,136.54,12.93,1.0873,-1.8881,38.1459,25.281982421875
2008-06-19,4.76,1.94,218.815,5.6,73.4800033569336,56.4,131.88,13.09,1.1127,-2.254,37.7229,25.22323226928711
2008-06-20,4.71,1.99,218.815,5.6,73.02999877929688,56.4,134.78,12.76,1.1378,-1.4569,34.0413,24.707674026489258
2008-06-23,4.71,1.98,218.815,5.6,73.43000030517578,56.4,135.98,12.92,1.1256,-0.4181,29.9688,24.06159782409668
2008-06-24,4.65,1.93,218.815,5.6,73.23999786376953,56.4,136.49,12.96,1.139,-0.3724,37.1427,24.616317749023438
2008-06-25,4.65,1.97,218.815,5.6,72.93000030517578,56.4,133.92,12.76,1.1426,0.5096,38.7023,24.740314483642578
2008-06-26,4.62,2.05,218.815,5.6,72.48999786376953,56.4,138.91,12.70,1.1407,-1.1041,31.4474,23.702669143676758
2008-06-27,4.53,1.99,218.815,5.6,72.36000061035156,56.4,139.69,13.10,1.1848,-2.9596,26.9619,22.873855590820312
2008-06-30,4.53,2.47,218.815,5.6,72.45999908447266,56.4,139.96,13.19,1.172,-3.6782,24.6826,22.390932083129883
2008-07-01,4.55,2.11,219.964,5.8,72.37000274658203,61.2,141.06,13.28,1.1832,-3.0314,25.5333,22.45032501220703
2008-07-02,4.51,1.95,219.964,5.8,72.02999877929688,61.2,143.74,13.31,1.1802,-2.4523,31.1629,22.833066940307617
2008-07-03,4.53,1.92,219.964,5.8,72.73999786376953,61.2,145.31,13.00,1.1714,-1.9244,37.5811,23.30161476135254
2008-07-07,4.51,1.99,219.964,5.8,72.66999816894531,61.2,141.38,12.96,1.2005,-2.2473,31.7058,22.463523864746094
2008-07-08,4.46,1.97,219.964,5.8,73.01000213623047,61.2,136.06,12.47,1.2388,-0.4576,44.7738,23.605167388916016
2008-07-09,4.42,1.99,219.964,5.8,72.58000183105469,61.2,135.88,12.10,1.2756,-1.9973,37.844,22.62190055847168
2008-07-10,4.42,2.01,219.964,5.8,72.48999786376953,61.2,141.47,11.83,1.2907,-1.9695,39.4513,22.7736759185791
2008-07-11,4.52,1.97,219.964,5.8,72.0999984741211,61.2,144.96,12.15,1.3127,-1.8225,33.7581,21.882797241210938
2008-07-14,4.47,2.06,219.964,5.8,71.91999816894531,61.2,145.16,11.58,1.3449,-1.9639,28.7401,20.9127140045166
2008-07-15,4.48,2.16,219.964,5.8,71.87000274658203,61.2,138.68,11.79,1.4178,-1.9231,26.7281,20.470577239990234
2008-07-16,4.59,1.95,219.964,5.8,72.05999755859375,61.2,134.63,11.15,1.5487,1.2684,53.3658,23.71735954284668
2008-07-17,4.65,2.03,219.964,5.8,72.23999786376953,61.2,129.43,11.43,1.6763,4.0959,66.6663,26.924549102783203
2008-07-18,4.66,1.96,219.964,5.8,72.19000244140625,61.2,128.94,10.54,1.6566,3.1115,63.4398,26.409814834594727
2008-07-21,4.64,1.98,219.964,5.8,71.98999786376953,61.2,131.43,10.58,1.661,3.0455,57.9648,25.50572395324707
2008-07-22,4.67,1.97,219.964,5.8,72.44999694824219,61.2,127.25,10.16,1.7042,3.3626,63.596,26.96414566040039
2008-07-23,4.69,2.04,219.964,5.8,72.80999755859375,61.2,123.73,9.88,1.7538,5.0736,66.107,27.69005584716797
2008-07-24,4.60,2.06,219.964,5.8,72.93000030517578,61.2,124.62,9.70,1.7814,3.0587,55.2512,25.82909393310547
2008-07-25,4.69,2.13,219.964,5.8,72.86000061035156,61.2,122.59,9.34,1.7466,4.2016,56.3251,26.079853057861328
2008-07-28,4.63,2.0,219.964,5.8,72.6500015258789,61.2,124.72,9.26,1.7748,3.9439,49.8227,24.85240936279297
2008-07-29,4.64,2.05,219.964,5.8,73.30999755859375,61.2,122.21,9.17,1.8164,6.4279,58.6369,26.891550064086914
2008-07-30,4.64,2.03,219.964,5.8,73.31999969482422,61.2,126.74,9.01,1.7858,3.7193,60.6739,27.432687759399414
2008-07-31,4.59,2.09,219.964,5.8,73.2300033569336,61.2,124.17,9.26,1.7366,-0.1123,57.0928,26.812362670898438
2008-08-01,4.57,2.04,219.086,6.1,73.41999816894531,63.0,125.03,9.05,1.706,0.4889,57.4784,26.89815330505371
2008-08-04,4.58,1.97,219.086,6.1,73.45999908447266,63.0,121.45,9.20,1.6775,0.9843,54.8653,26.489002227783203
2008-08-05,4.63,1.97,219.086,6.1,73.87999725341797,63.0,118.71,8.66,1.6455,0.6804,60.4976,27.64385986328125
2008-08-06,4.68,2.01,219.086,6.1,74.23999786376953,63.0,118.57,8.70,1.619,-0.3766,58.1923,27.31389808654785
2008-08-07,4.56,1.96,219.086,6.1,74.55000305175781,63.0,119.84,8.77,1.6011,0.4426,51.3252,26.27123260498047
2008-08-08,4.55,2.01,219.086,6.1,75.8499984741211,63.0,115.42,8.22,1.5929,1.024,55.933,27.10271644592285
2008-08-11,4.61,1.99,219.086,6.1,76.12999725341797,63.0,114.44,8.18,1.5961,2.7944,58.7562,27.64385986328125
2008-08-12,4.55,1.95,219.086,6.1,76.1500015258789,63.0,113.10,8.23,1.7119,-1.8696,43.6966,25.023984909057617
2008-08-13,4.57,1.98,219.086,6.1,76.20999908447266,63.0,115.96,8.11,1.6731,-3.0785,40.7446,24.35747528076172
2008-08-14,4.52,2.09,219.086,6.1,76.66999816894531,63.0,115.05,8.15,1.6485,-1.863,44.4596,24.951404571533203
2008-08-15,4.47,2.08,219.086,6.1,77.18000030517578,63.0,113.46,7.82,1.594,-1.7771,45.5553,25.122976303100586
2008-08-18,4.44,1.91,219.086,6.1,77.12000274658203,63.0,112.92,7.74,1.5471,-2.2461,40.9624,24.245290756225586
2008-08-19,4.47,1.94,219.086,6.1,76.83999633789062,63.0,114.39,7.73,1.5187,-4.1685,37.3164,23.479787826538086
2008-08-20,4.43,1.98,219.086,6.1,76.95999908447266,63.0,115.48,8.02,1.507,-2.9001,44.0856,24.4168758392334
2008-08-21,4.46,2.01,219.086,6.1,76.19999694824219,63.0,121.23,8.04,1.4564,-2.3452,41.4912,23.92853355407715
2008-08-22,4.46,2.02,219.086,6.1,76.80999755859375,63.0,114.48,7.98,1.4463,-2.2461,47.9733,24.859010696411133
2008-08-25,4.40,2.01,219.086,6.1,76.79000091552734,63.0,114.85,7.63,1.418,-3.8052,42.2878,23.842741012573242
2008-08-26,4.40,1.88,219.086,6.1,77.25,63.0,116.31,8.02,1.3743,-0.8654,44.5631,24.159500122070312
2008-08-27,4.38,1.98,219.086,6.1,77.05000305175781,63.0,118.17,8.54,1.3398,0.1519,47.1209,24.509262084960938
2008-08-28,4.38,1.99,219.086,6.1,77.1500015258789,63.0,115.58,8.36,1.3262,0.7069,54.7384,25.65751075744629
2008-08-29,4.43,1.94,219.086,6.1,77.37999725341797,63.0,115.55,8.24,1.2716,0.2775,52.8426,25.400144577026367
2008-09-02,4.36,1.96,218.783,6.1,78.05999755859375,70.3,109.63,8.24,1.253,1.4864,55.0598,25.730093002319336
2008-09-03,4.32,2.01,218.783,6.1,78.08999633789062,70.3,109.38,7.26,1.2253,2.7284,58.2039,26.205232620239258
2008-09-04,4.27,1.99,218.783,6.1,78.61000061035156,70.3,107.99,7.24,1.2298,0.6012,48.7331,25.017391204833984
2008-09-05,4.27,1.97,218.783,6.1,78.93000030517578,70.3,106.47,7.40,1.2552,2.2065,56.1727,26.132652282714844
2008-09-08,4.26,1.92,218.783,6.1,79.58999633789062,70.3,106.35,7.68,1.3571,2.5632,63.0476,27.419479370117188
2008-09-09,4.20,1.96,218.783,6.1,79.25,70.3,103.23,7.28,1.3777,2.2065,53.1638,26.046863555908203
2008-09-10,4.23,2.12,218.783,6.1,79.8499984741211,70.3,102.66,7.65,1.3571,1.8431,52.854,26.00067138671875
2008-09-11,4.20,2.0,218.783,6.1,80.1500015258789,70.3,100.95,7.83,1.4381,2.9794,60.9763,27.485483169555664
2008-09-12,4.32,2.1,218.783,6.1,78.97000122070312,70.3,101.19,8.02,1.4189,1.5128,58.5839,27.168716430664062
2008-09-15,4.12,2.64,218.783,6.1,78.91000366210938,70.3,95.52,8.02,1.5464,-0.9843,42.4915,24.4168758392334
2008-09-16,4.08,1.98,218.783,6.1,79.06999969482422,70.3,91.49,7.76,1.7158,1.1561,54.8506,26.88494300842285
2008-09-17,4.08,2.8,218.783,6.1,78.0999984741211,70.3,97.39,7.72,1.8405,-2.6029,41.638,23.605167388916016
2008-09-18,4.14,2.16,218.783,6.1,78.0199966430664,70.3,97.50,8.26,2.0398,1.5789,53.0835,26.594581604003906
2008-09-19,4.36,1.48,218.783,6.1,77.68000030517578,70.3,104.05,7.79,2.2574,4.9216,64.5829,31.049015045166016
2008-09-22,4.41,1.51,218.783,6.1,76.1500015258789,70.3,122.61,7.66,2.3935,-0.4955,51.577,26.924549102783203
2008-09-23,4.43,1.46,218.783,6.1,76.47000122070312,70.3,107.85,7.84,2.3225,0.7201,51.1376,26.76616668701172
2008-09-24,4.40,1.19,218.783,6.1,76.79000091552734,70.3,106.84,8.15,2.2642,0.7267,51.0169,26.72657585144043
2008-09-25,4.40,1.23,218.783,6.1,76.98999786376953,70.3,111.54,7.63,2.3149,1.1957,56.6294,28.679920196533203
2008-09-26,4.36,1.08,218.783,6.1,76.94999694824219,70.3,106.77,7.42,2.5515,4.6706,64.0255,31.83432388305664
2008-09-29,4.13,1.56,218.783,6.1,77.47000122070312,70.3,96.29,7.13,2.711,2.6425,49.748,27.05653190612793
2008-09-30,4.31,2.03,218.783,6.1,79.44999694824219,70.3,100.70,7.17,2.8189,3.9373,57.9506,30.81805419921875
2008-10-01,4.22,1.15,216.573,6.5,79.45999908447266,57.6,98.23,7.41,2.7921,9.1562,61.5365,32.75160598754883
2008-10-02,4.16,0.67,216.573,6.5,80.44000244140625,57.6,93.84,7.64,2.7415,6.56,62.2687,33.15060806274414
2008-10-03,4.11,1.1,216.573,6.5,80.30999755859375,57.6,93.91,7.16,2.8024,-0.5286,54.6076,30.523826599121094
2008-10-06,3.99,1.96,216.573,6.5,81.68000030517578,57.6,88.15,6.87,2.802,2.3356,51.2384,29.260316848754883
2008-10-07,4.01,2.97,216.573,6.5,80.97000122070312,57.6,90.18,6.74,2.9075,-0.6212,43.8363,26.1480770111084
2008-10-08,4.09,2.24,216.573,6.5,80.91000366210938,57.6,88.94,6.58,2.94,-0.5948,43.8062,26.1347713470459
2008-10-09,4.14,1.4,216.573,6.5,81.16000366210938,57.6,86.50,6.69,3.0181,-4.2943,39.8319,24.3924617767334
2008-10-10,4.15,0.79,216.573,6.5,83.0,57.6,77.44,6.52,3.1344,-4.1504,49.4742,27.69089126586914
2008-10-13,.,0.79,216.573,6.5,81.87999725341797,57.6,81.17,6.62,3.1207,0.8655,50.1012,27.92365074157715
2008-10-14,4.27,1.1,216.573,6.5,81.36000061035156,57.6,78.69,6.74,3.0827,-3.7521,47.6961,27.072439193725586
2008-10-15,4.25,1.04,216.573,6.5,82.05000305175781,57.6,74.38,6.64,3.0427,-7.1655,43.6575,25.596120834350586
2008-10-16,4.25,0.83,216.573,6.5,82.45999908447266,57.6,69.81,6.65,3.0484,-6.2306,48.0599,26.92612075805664
2008-10-17,4.32,0.6,216.573,6.5,82.41000366210938,57.6,71.90,6.76,2.9414,-4.3734,45.7559,26.15473747253418
2008-10-20,4.26,0.7,216.573,6.5,83.0999984741211,57.6,74.08,6.98,2.8217,-2.2233,48.8781,27.0391902923584
2008-10-21,4.20,0.67,216.573,6.5,83.98999786376953,57.6,71.29,6.76,2.6995,0.2796,46.8074,26.427377700805664
2008-10-22,4.07,0.81,216.573,6.5,85.37000274658203,57.6,66.92,6.94,2.6988,-1.4179,41.3678,24.718305587768555
2008-10-23,3.99,0.93,216.573,6.5,85.36000061035156,57.6,67.17,6.77,2.6453,0.7788,43.3048,25.170513153076172
2008-10-24,4.11,0.95,216.573,6.5,86.44000244140625,57.6,63.34,6.29,2.6152,-4.1337,38.3014,23.561206817626953
2008-10-27,4.12,0.92,216.573,6.5,86.93000030517578,57.6,61.92,6.27,2.5506,-5.3186,35.6007,22.610239028930664
2008-10-28,4.19,0.67,216.573,6.5,87.02999877929688,57.6,62.80,6.40,2.6156,-2.0702,46.2099,25.0042724609375
2008-10-29,4.26,0.36,216.573,6.5,85.06999969482422,57.6,67.45,6.58,2.5653,-1.8505,42.1585,23.74740219116211
2008-10-30,4.30,0.3,216.573,6.5,84.55999755859375,57.6,65.79,6.75,2.4909,-1.9104,47.3424,25.0175724029541
2008-10-31,4.35,0.22,216.573,6.5,85.62999725341797,57.6,68.10,6.18,2.5018,1.2781,55.7223,27.431549072265625
2008-11-03,4.33,0.23,212.425,6.8,86.3499984741211,55.3,63.93,6.45,2.373,0.0466,54.3457,27.085742950439453
2008-11-04,4.20,0.23,212.425,6.8,84.77999877929688,55.3,70.41,6.79,2.2838,1.6176,57.5708,28.04335594177246
2008-11-05,4.13,0.23,212.425,6.8,84.61000061035156,55.3,65.41,6.94,2.3052,1.3646,49.5959,26.081579208374023
2008-11-06,4.19,0.23,212.425,6.8,85.88999938964844,55.3,60.72,7.04,2.2309,0.2729,47.2302,25.44316291809082
2008-11-07,4.25,0.27,212.425,6.8,85.91000366210938,55.3,61.06,6.60,2.169,1.5443,45.9369,25.104019165039062
2008-11-10,4.21,0.29,212.425,6.8,85.91000366210938,55.3,62.19,7.07,2.1486,1.6042,42.5363,24.212913513183594
2008-11-11,.,0.29,212.425,6.8,87.06999969482422,55.3,59.38,7.02,2.0988,-0.8321,42.3802,24.17300796508789
2008-11-12,4.17,0.35,212.425,6.8,87.47000122070312,55.3,55.95,6.65,2.0459,-0.7589,37.8072,22.989290237426758
2008-11-13,4.34,0.35,212.425,6.8,86.94000244140625,55.3,58.31,6.31,2.0899,-0.2862,47.1362,24.731609344482422
2008-11-14,4.22,0.34,212.425,6.8,86.36000061035156,55.3,57.18,6.33,2.0847,-4.5132,40.1833,22.922794342041016
2008-11-17,4.20,0.37,212.425,6.8,86.80999755859375,55.3,55.14,6.55,2.0485,-5.2986,36.4496,21.792287826538086
2008-11-18,4.14,0.38,212.425,6.8,87.37000274658203,55.3,54.42,6.74,2.0325,-6.6766,35.1064,21.373321533203125
2008-11-19,3.96,0.38,212.425,6.8,87.30999755859375,55.3,53.64,6.76,2.0708,-7.1558,28.3455,18.932754516601562
2008-11-20,3.64,0.49,212.425,6.8,87.97000122070312,55.3,48.86,6.76,2.2267,-9.905,21.8584,15.547858238220215
2008-11-21,3.70,0.57,212.425,6.8,88.19000244140625,55.3,49.22,6.56,2.2926,-10.0048,21.1607,15.108965873718262
2008-11-24,3.78,0.62,212.425,6.8,86.08000183105469,55.3,53.63,6.85,2.4065,-5.8778,37.4867,18.340892791748047
2008-11-25,3.63,0.59,212.425,6.8,85.0,55.3,50.02,6.71,2.3834,-4.38,43.3594,19.79726219177246
2008-11-26,3.54,0.53,212.425,6.8,85.66999816894531,55.3,54.20,6.43,2.3359,-2.6294,45.5647,20.36252784729004
2008-11-28,3.45,0.52,212.425,6.8,86.5199966430664,55.3,55.21,6.43,2.2546,-3.6811,48.3012,21.054126739501953
2008-12-01,3.22,0.52,210.228,7.3,86.72000122070312,60.1,49.34,6.48,2.3617,-5.5582,37.2251,17.3699951171875
2008-12-02,3.18,0.47,210.228,7.3,86.69999694824219,60.1,47.05,6.68,2.397,-2.8224,43.4888,18.972658157348633
2008-12-03,3.17,0.36,210.228,7.3,87.02999877929688,60.1,46.79,6.48,2.4017,-1.2581,47.6323,20.11646270751953
2008-12-04,3.06,0.2,210.228,7.3,86.44000244140625,60.1,43.80,6.55,2.3799,1.7374,49.6132,20.66842269897461
2008-12-05,3.11,0.12,210.228,7.3,87.12000274658203,60.1,41.01,5.99,2.413,6.6366,54.808,22.17798614501953
2008-12-08,3.16,0.12,210.228,7.3,85.55999755859375,60.1,43.69,5.73,2.4474,9.1661,60.9895,24.2661075592041
2008-12-09,3.06,0.13,210.228,7.3,85.83999633789062,60.1,42.00,5.57,2.4072,4.2469,54.3358,22.58364486694336
2008-12-10,3.09,0.11,210.228,7.3,85.4800033569336,60.1,43.10,5.67,2.3246,2.4962,53.2139,22.291040420532227
2008-12-11,3.07,0.14,210.228,7.3,83.83000183105469,60.1,47.77,5.86,2.3383,-0.4526,44.8438,19.910310745239258
2008-12-12,3.07,0.15,210.228,7.3,83.63999938964844,60.1,46.27,5.56,2.3239,-0.4793,47.4111,20.5753231048584
2008-12-15,2.98,0.18,210.228,7.3,82.2699966430664,60.1,44.61,5.75,2.2896,1.6708,42.3515,19.03915023803711
2008-12-16,2.86,0.17,210.228,7.3,80.68000030517578,60.1,43.84,5.75,2.322,2.5428,51.5946,21.512977600097656
2008-12-17,2.66,0.12,210.228,7.3,78.91000366210938,60.1,40.17,5.79,2.2436,1.0717,50.4117,21.187131881713867
2008-12-18,2.53,0.11,210.228,7.3,79.47000122070312,60.1,36.73,5.63,2.2008,-0.5791,46.4288,20.089860916137695
2008-12-19,2.55,0.11,210.228,7.3,81.30000305175781,60.1,33.17,5.66,2.1135,-2.0169,46.7405,20.163013458251953
2008-12-22,2.60,0.11,210.228,7.3,81.08999633789062,60.1,31.10,5.39,2.0424,-4.4399,45.4062,19.830516815185547
2008-12-23,2.63,0.11,210.228,7.3,81.23999786376953,60.1,30.28,5.37,1.9578,-3.2284,43.4492,19.358356475830078
2008-12-24,2.63,0.11,210.228,7.3,81.20999908447266,60.1,32.94,5.44,1.8765,-2.443,46.1375,19.850465774536133
2008-12-26,2.61,0.09,210.228,7.3,80.88999938964844,60.1,37.58,5.44,1.7905,-0.0932,45.9735,19.81720733642578
2008-12-29,2.63,0.1,210.228,7.3,80.68000030517578,60.1,39.89,5.81,1.7206,-0.7722,45.9009,19.803911209106445
2008-12-30,2.58,0.09,210.228,7.3,80.9000015258789,60.1,38.95,5.71,1.6581,1.5843,51.1669,20.62187385559082
2008-12-31,2.69,0.14,210.228,7.3,81.30999755859375,60.1,44.60,5.63,1.611,-0.5458,53.3021,20.967679977416992
2009-01-02,2.83,0.08,211.143,7.8,81.83999633789062,61.2,46.17,5.41,1.5522,-0.0865,54.1587,21.102298736572266
2009-01-05,3.00,0.11,211.143,7.8,82.63999938964844,61.2,48.61,5.83,1.5506,-0.403,44.5166,19.68874168395996
2009-01-06,3.04,0.09,211.143,7.8,82.8499984741211,61.2,48.56,6.10,1.4961,-0.0518,47.6248,20.112815856933594
2009-01-07,3.05,0.11,211.143,7.8,82.27999877929688,61.2,42.75,5.89,1.4797,-0.9249,40.4679,18.907928466796875
2009-01-08,3.04,0.1,211.143,7.8,81.54000091552734,61.2,41.68,5.96,1.4332,-1.0385,37.4302,18.32231330871582
2009-01-09,3.04,0.09,211.143,7.8,82.66000366210938,61.2,40.69,5.60,1.4146,-2.3732,33.4248,17.48092269897461
2009-01-12,2.99,0.1,211.143,7.8,83.0199966430664,61.2,37.65,5.59,1.3929,-3.0541,30.3634,16.76740837097168
2009-01-13,3.00,0.1,211.143,7.8,84.2699966430664,61.2,37.77,5.70,1.4051,-2.0706,38.8214,17.7367000579834
2009-01-14,2.89,0.15,211.143,7.8,84.41999816894531,61.2,37.43,5.47,1.3812,-3.1858,37.284,17.440532684326172
2009-01-15,2.86,0.18,211.143,7.8,84.44000244140625,61.2,35.41,5.27,1.4409,-4.5897,32.2243,16.38372230529785
2009-01-16,2.89,0.19,211.143,7.8,84.20999908447266,61.2,35.38,5.09,1.5531,-5.7469,28.1194,15.360589027404785
2009-01-20,2.97,0.2,211.143,7.8,86.22000122070312,61.2,38.57,4.86,1.6886,-7.5188,19.5213,12.17673110961914
2009-01-21,3.15,0.23,211.143,7.8,85.81999969482422,61.2,42.56,4.87,1.7965,-4.8845,39.3117,15.232697486877441
2009-01-22,3.25,0.21,211.143,7.8,85.5199966430664,61.2,42.33,4.72,1.7943,-3.3619,40.9811,15.549057960510254
2009-01-23,3.32,0.18,211.143,7.8,85.61000061035156,61.2,45.12,4.75,1.7994,-1.9808,45.1873,16.343339920043945
2009-01-26,3.39,0.19,211.143,7.8,84.7300033569336,61.2,46.50,4.62,1.7676,-0.9904,45.9847,16.49142837524414
2009-01-27,3.26,0.18,211.143,7.8,84.43000030517578,61.2,41.67,4.76,1.6948,0.1011,48.1195,16.86837387084961
2009-01-28,3.44,0.19,211.143,7.8,84.66999816894531,61.2,42.04,4.84,1.7041,0.8826,56.9056,18.618486404418945
2009-01-29,3.57,0.23,211.143,7.8,85.27999877929688,61.2,41.58,4.71,1.6984,-0.3234,48.9978,17.117429733276367
2009-01-30,3.58,0.23,211.143,7.8,86.0,61.2,41.73,4.77,1.6916,0.7883,49.2787,17.171279907226562
2009-02-02,3.47,0.24,212.193,8.3,86.06999969482422,56.3,41.35,4.48,1.6348,1.5967,48.1011,16.962614059448242
2009-02-03,3.64,0.24,212.193,8.3,85.05000305175781,56.3,40.87,5.04,1.6022,4.0154,43.9441,16.188528060913086
2009-02-04,3.65,0.24,212.193,8.3,85.69999694824219,56.3,40.27,5.01,1.5725,0.95,43.9071,16.181791305541992
2009-02-05,3.63,0.23,212.193,8.3,86.05999755859375,56.3,41.15,4.84,1.5964,0.9702,46.4126,16.518354415893555
2009-02-06,3.70,0.23,212.193,8.3,85.3499984741211,56.3,40.24,4.67,1.6392,2.257,58.9908,18.59829330444336
2009-02-09,3.69,0.22,212.193,8.3,84.79000091552734,56.3,39.58,4.76,1.6025,1.873,57.2981,18.36269187927246
2009-02-10,3.54,0.24,212.193,8.3,85.80999755859375,56.3,37.54,4.84,1.6473,-0.2964,46.1227,16.572200775146484
2009-02-11,3.45,0.22,212.193,8.3,85.77999877929688,56.3,35.93,4.68,1.6259,-1.0578,51.885,17.56169319152832
2009-02-12,3.47,0.23,212.193,8.3,86.55000305175781,56.3,34.03,4.73,1.6084,0.512,52.2709,17.628999710083008
2009-02-13,3.68,0.22,212.193,8.3,86.04000091552734,56.3,37.63,4.60,1.5672,-0.5525,46.1083,16.61931800842285
2009-02-17,3.47,0.25,212.193,8.3,87.58000183105469,56.3,34.96,4.35,1.6015,-2.385,36.4353,14.57303524017334
2009-02-18,3.54,0.23,212.193,8.3,88.01000213623047,56.3,34.67,4.35,1.5497,-1.7113,36.0483,14.478801727294922
2009-02-19,3.68,0.21,212.193,8.3,87.44000244140625,56.3,39.60,4.46,1.5237,-2.3176,33.4802,13.866259574890137
2009-02-20,3.56,0.2,212.193,8.3,86.48999786376953,56.3,39.35,4.21,1.5231,-3.1261,31.5585,13.3950777053833
2009-02-23,3.53,0.19,212.193,8.3,87.23999786376953,56.3,37.66,4.23,1.5144,-5.4707,30.4757,13.132563591003418
2009-02-24,3.49,0.21,212.193,8.3,86.88999938964844,56.3,38.86,4.21,1.5092,-4.2175,39.4181,14.148971557617188
2009-02-25,3.59,0.21,212.193,8.3,87.91000366210938,56.3,41.64,4.20,1.5506,-1.9471,43.2327,14.626886367797852
2009-02-26,3.66,0.22,212.193,8.3,87.7300033569336,56.3,43.18,4.08,1.5578,-2.0481,49.7666,15.515398979187012
2009-02-27,3.71,0.22,212.193,8.3,88.01000213623047,56.3,44.15,4.04,1.5451,-2.2502,48.8206,15.38078498840332
2009-03-02,3.64,0.22,212.709,8.7,88.94000244140625,57.3,40.07,4.36,1.5204,-2.3783,41.4271,14.243208885192871
2009-03-03,3.67,0.2,212.709,8.7,88.91000366210938,57.3,41.57,4.43,1.4744,-0.4312,40.8174,14.142241477966309
2009-03-04,3.69,0.21,212.709,8.7,88.58000183105469,57.3,45.28,4.23,1.5105,-1.4889,34.4046,12.991205215454102
2009-03-05,3.51,0.2,212.709,8.7,89.11000061035156,57.3,43.54,4.22,1.5595,-2.6949,26.9706,11.173784255981445
2009-03-06,3.50,0.2,212.709,8.7,88.51000213623047,57.3,45.43,3.93,1.5785,-2.6747,25.4541,10.722797393798828
2009-03-09,3.59,0.2,212.709,8.7,89.01000213623047,57.3,47.01,3.86,1.575,-2.4322,25.3831,10.702598571777344
2009-03-10,3.70,0.2,212.709,8.7,88.93000030517578,57.3,45.68,3.88,1.6358,-1.0241,45.6121,13.125831604003906
2009-03-11,3.67,0.19,212.709,8.7,87.87000274658203,57.3,42.46,3.92,1.6051,-0.8961,49.421,13.731637001037598
2009-03-12,3.63,0.18,212.709,8.7,87.66000366210938,57.3,46.91,3.87,1.6507,0.1011,59.2791,15.616372108459473
2009-03-13,3.66,0.15,212.709,8.7,87.43000030517578,57.3,46.22,3.90,1.6011,0.6064,60.9406,15.986593246459961
2009-03-16,3.76,0.2,212.709,8.7,86.94999694824219,57.3,47.33,3.78,1.5979,1.3003,57.7963,15.542328834533691
2009-03-17,3.83,0.2,212.709,8.7,86.93000030517578,57.3,48.97,3.78,1.6257,2.7825,64.1756,16.922224044799805
2009-03-18,3.57,0.18,212.709,8.7,84.5999984741211,57.3,48.12,3.75,1.6612,5.2618,69.1539,18.248266220092773
2009-03-19,3.62,0.17,212.709,8.7,83.12999725341797,57.3,51.46,3.68,1.6782,5.6256,59.1414,16.794322967529297
2009-03-20,3.65,0.18,212.709,8.7,83.83999633789062,57.3,51.55,3.99,1.645,4.8643,52.15,15.58271598815918
2009-03-23,3.69,0.17,212.709,8.7,83.43000030517578,57.3,53.05,4.17,1.8172,8.7315,66.2236,19.426227569580078
2009-03-24,3.60,0.17,212.709,8.7,83.86000061035156,57.3,53.36,4.13,1.8366,4.6487,58.0505,17.77035140991211
2009-03-25,3.73,0.17,212.709,8.7,83.80999755859375,57.3,52.24,4.13,1.8392,5.4976,62.5587,19.22429656982422
2009-03-26,3.66,0.16,212.709,8.7,84.16999816894531,57.3,53.87,4.16,1.8016,3.975,63.644,19.587770462036133
2009-03-27,3.62,0.15,212.709,8.7,85.11000061035156,57.3,52.41,3.73,1.7654,2.4591,57.785,18.443471908569336
2009-03-30,3.60,0.16,212.709,8.7,85.87000274658203,57.3,48.49,3.63,1.7653,1.1858,50.0983,16.727022171020508
2009-03-31,3.56,0.16,212.709,8.7,85.43000030517578,57.3,49.64,3.58,1.7475,0.9702,54.6461,17.89151954650879
2009-04-01,3.51,0.16,213.24,9.0,85.5,65.1,48.46,3.56,1.7666,0.6939,58.4409,18.94158172607422
2009-04-02,3.57,0.16,213.24,9.0,84.44999694824219,65.1,52.61,3.69,1.7494,2.1964,58.6135,18.988788604736328
2009-04-03,3.70,0.13,213.24,9.0,84.16999816894531,65.1,52.52,3.66,1.7102,4.165,61.4646,19.744020462036133
2009-04-06,3.73,0.14,213.24,9.0,84.56999969482422,65.1,51.10,3.74,1.6652,-0.4109,57.2398,19.01576042175293
2009-04-07,3.72,0.14,213.24,9.0,85.29000091552734,65.1,49.13,3.60,1.6036,0.6053,53.6365,18.37515640258789
2009-04-08,3.66,0.14,213.24,9.0,85.36000061035156,65.1,49.37,3.50,1.5527,-0.7285,54.2429,18.49653434753418
2009-04-09,3.76,0.14,213.24,9.0,85.79000091552734,65.1,52.24,3.59,1.7147,2.4983,67.9914,22.08390998840332
2009-04-13,3.69,0.13,213.24,9.0,84.63999938964844,65.1,50.22,3.46,1.705,4.2848,69.7922,22.724498748779297
2009-04-14,3.64,0.16,213.24,9.0,84.63999938964844,65.1,49.51,3.59,1.7302,3.978,58.2859,20.701555252075195
2009-04-15,3.66,0.16,213.24,9.0,85.08000183105469,65.1,49.26,3.60,1.7368,4.0678,62.5404,21.955787658691406
2009-04-16,3.72,0.15,213.24,9.0,85.2300033569336,65.1,49.97,3.54,1.6923,3.4758,64.0306,22.414308547973633
2009-04-17,3.79,0.13,213.24,9.0,85.9800033569336,65.1,50.36,3.47,1.6413,3.4421,64.0773,22.427804946899414
2009-04-20,3.69,0.14,213.24,9.0,86.63999938964844,65.1,45.82,3.55,1.6986,0.2767,50.9557,20.02049446105957
2009-04-21,3.74,0.15,213.24,9.0,86.58000183105469,65.1,46.65,3.43,1.772,2.9224,58.4724,21.93555450439453
2009-04-22,3.82,0.15,213.24,9.0,86.19000244140625,65.1,47.41,3.48,1.7812,3.1384,56.3439,21.5107364654541
2009-04-23,3.80,0.17,213.24,9.0,85.5199966430664,65.1,48.46,3.46,1.7547,3.9011,59.7306,22.39409065246582
2009-04-24,3.89,0.16,213.24,9.0,84.70999908447266,65.1,50.65,3.31,1.7379,0.4252,60.1761,22.50872230529785
2009-04-27,3.84,0.17,213.24,9.0,85.69999694824219,65.1,49.29,3.19,1.6798,-0.6209,57.6742,22.104127883911133
2009-04-28,3.97,0.16,213.24,9.0,85.16000366210938,65.1,49.01,3.29,1.6292,1.4106,57.7067,22.110883712768555
2009-04-29,4.01,0.18,213.24,9.0,84.47000122070312,65.1,50.19,3.43,1.5982,1.2959,63.0454,23.250471115112305
2009-04-30,4.05,0.2,213.24,9.0,84.61000061035156,65.1,50.35,3.25,1.6026,-0.162,56.1488,22.252477645874023
2009-05-01,4.09,0.22,213.856,9.4,84.55000305175781,68.7,52.18,3.30,1.5706,-0.5197,53.8916,21.908584594726562
2009-05-04,4.06,0.22,213.856,9.4,83.97000122070312,68.7,54.45,3.47,1.6266,4.117,64.23,24.133831024169922
2009-05-05,4.06,0.2,213.856,9.4,84.16000366210938,68.7,53.81,3.62,1.5823,1.5456,59.8473,23.479745864868164
2009-05-06,4.09,0.18,213.856,9.4,83.80000305175781,68.7,56.29,3.67,1.5912,3.5906,66.1896,25.098094940185547
2009-05-07,4.25,0.18,213.856,9.4,83.94000244140625,68.7,56.67,3.96,1.6699,1.3701,57.8181,23.762962341308594
2009-05-08,4.28,0.17,213.856,9.4,82.52999877929688,68.7,58.58,4.16,1.729,3.7526,66.5914,26.2579288482666
2009-05-11,4.18,0.17,213.856,9.4,82.68000030517578,68.7,57.79,4.24,1.7554,2.0585,55.7602,24.160804748535156
2009-05-12,4.16,0.16,213.856,9.4,82.30999755859375,68.7,58.81,4.41,1.7361,1.7346,54.2777,23.8438720703125
2009-05-13,4.09,0.16,213.856,9.4,82.5,68.7,58.00,4.42,1.6931,-0.2902,50.1487,22.960521697998047
2009-05-14,4.06,0.16,213.856,9.4,82.27999877929688,68.7,58.58,4.10,1.6589,1.7143,54.521,23.965248107910156
2009-05-15,4.09,0.17,213.856,9.4,83.0199966430664,68.7,56.52,4.05,1.6022,1.6333,52.3634,23.540433883666992
2009-05-18,4.18,0.16,213.856,9.4,82.66999816894531,68.7,58.99,4.02,1.6053,0.9921,59.0757,25.125072479248047
2009-05-19,4.21,0.15,213.856,9.4,81.9800033569336,68.7,59.52,3.99,1.5828,0.6682,53.8716,24.147315979003906
2009-05-20,4.14,0.14,213.856,9.4,80.98999786376953,68.7,61.45,3.75,1.5902,-1.802,49.6487,23.297670364379883
2009-05-21,4.30,0.17,213.856,9.4,80.55999755859375,68.7,60.49,3.77,1.5581,-0.2295,50.8381,23.5336856842041
2009-05-22,4.38,0.17,213.856,9.4,79.95999908447266,68.7,61.15,3.41,1.4897,-3.0574,49.0362,23.203271865844727
2009-05-26,4.45,0.18,213.856,9.4,80.12999725341797,68.7,62.48,3.35,1.5009,0.4792,56.4854,24.63956642150879
2009-05-27,4.59,0.17,213.856,9.4,80.33000183105469,68.7,63.41,3.49,1.493,-0.4724,49.4037,23.371856689453125
2009-05-28,4.54,0.17,213.856,9.4,80.43000030517578,68.7,65.09,3.55,1.4862,1.7548,55.9056,24.713743209838867
2009-05-29,4.34,0.19,213.856,9.4,80.43000030517578,68.7,66.31,3.92,1.447,0.9179,56.6826,24.8823184967041
2009-06-01,4.55,0.21,215.693,9.5,79.16999816894531,70.8,68.59,3.86,1.4382,0.8099,53.3799,24.349611282348633
2009-06-02,4.50,0.2,215.693,9.5,78.4000015258789,70.8,68.58,4.05,1.4155,-1.8628,47.1579,23.263961791992188
2009-06-03,4.45,0.21,215.693,9.5,79.5,70.8,66.14,3.81,1.378,-1.2351,45.2645,22.913314819335938
2009-06-04,4.58,0.2,215.693,9.5,79.41000366210938,70.8,68.80,3.58,1.35,0.5399,51.0212,23.83713722229004
2009-06-05,4.63,0.21,215.693,9.5,80.66999816894531,70.8,68.43,3.51,1.3143,-0.2362,47.762,23.297670364379883
2009-06-08,4.65,0.21,215.693,9.5,80.91000366210938,70.8,68.05,3.53,1.2773,0.6614,51.3851,23.864105224609375
2009-06-09,4.64,0.18,215.693,9.5,79.79000091552734,70.8,70.02,3.53,1.2193,-0.8639,50.7794,23.776437759399414
2009-06-10,4.76,0.18,215.693,9.5,80.33000183105469,70.8,71.38,3.56,1.1949,0.1215,48.7182,23.493228912353516
2009-06-11,4.69,0.17,215.693,9.5,79.41000366210938,70.8,72.69,3.51,1.1737,-1.1541,49.2631,23.56065559387207
2009-06-12,4.65,0.17,215.693,9.5,80.13999938964844,70.8,72.13,3.54,1.1207,-1.1946,50.3761,23.688777923583984
2009-06-15,4.61,0.22,215.693,9.5,81.13999938964844,70.8,70.54,3.80,1.0985,-1.4241,43.998,22.926799774169922
2009-06-16,4.48,0.22,215.693,9.5,80.70999908447266,70.8,70.47,4.16,1.0687,-0.6749,41.4197,22.589641571044922
2009-06-17,4.50,0.24,215.693,9.5,80.16999816894531,70.8,71.07,3.99,1.057,-0.8437,37.645,22.070409774780273
2009-06-18,4.63,0.25,215.693,9.5,80.61000061035156,70.8,71.42,4.19,1.0576,-0.7964,47.5729,23.041440963745117
2009-06-19,4.52,0.25,215.693,9.5,80.26000213623047,70.8,69.60,4.04,1.0462,0.3037,52.4241,23.60111427307129
2009-06-22,4.45,0.24,215.693,9.5,80.77999877929688,70.8,67.09,4.01,1.0747,-1.7008,41.4798,22.164825439453125
2009-06-23,4.37,0.24,215.693,9.5,79.83999633789062,70.8,68.81,3.91,1.0567,-1.1406,45.6249,22.636844635009766
2009-06-24,4.44,0.21,215.693,9.5,80.55999755859375,70.8,68.14,3.80,1.0227,-0.9314,45.0675,22.562671661376953
2009-06-25,4.33,0.19,215.693,9.5,80.4000015258789,70.8,69.70,3.82,1.0157,-0.5399,49.3201,23.021203994750977
2009-06-26,4.30,0.18,215.693,9.5,79.87999725341797,70.8,69.16,3.81,1.0039,-0.4589,51.2324,23.230255126953125
2009-06-29,4.31,0.17,215.693,9.5,79.83999633789062,70.8,71.47,3.88,0.964,0.405,52.2021,23.331390380859375
2009-06-30,4.32,0.22,215.693,9.5,80.12999725341797,70.8,69.82,3.72,0.9395,0.4117,48.6883,23.000974655151367
2009-07-01,4.34,0.2,215.351,9.5,79.62999725341797,66.0,69.32,3.63,0.9168,0.7357,46.6245,22.805137634277344
2009-07-02,4.32,0.17,215.351,9.5,80.1500015258789,66.0,66.68,3.49,0.9237,-1.0473,39.0106,21.792171478271484
2009-07-06,4.35,0.18,215.351,9.5,80.44999694824219,66.0,64.06,3.24,0.9065,-1.5872,39.286,22.015024185180664
2009-07-07,4.31,0.18,215.351,9.5,80.62000274658203,66.0,62.88,3.30,0.9031,-0.0077,41.3461,22.156843185424805
2009-07-08,4.17,0.16,215.351,9.5,80.7699966430664,66.0,60.15,3.22,0.9207,-0.5477,40.6169,22.08931541442871
2009-07-09,4.31,0.15,215.351,9.5,79.86000061035156,66.0,60.36,3.36,0.9051,0.1416,49.6035,22.70383644104004
2009-07-10,4.20,0.15,215.351,9.5,80.2300033569336,66.0,59.93,3.24,0.9109,-1.1825,40.1156,21.839445114135742
2009-07-13,4.25,0.13,215.351,9.5,80.12999725341797,66.0,59.69,3.17,0.9603,0.2102,57.0262,23.439924240112305
2009-07-14,4.38,0.13,215.351,9.5,80.18000030517578,66.0,59.62,3.29,0.9414,0.1022,56.9508,23.433177947998047
2009-07-15,4.48,0.14,215.351,9.5,79.31999969482422,66.0,61.49,3.37,0.9739,1.4873,64.9771,24.48664093017578
2009-07-16,4.45,0.15,215.351,9.5,79.22000122070312,66.0,62.07,3.21,0.9618,1.5952,63.8744,24.398860931396484
2009-07-17,4.53,0.15,215.351,9.5,79.3499984741211,66.0,63.56,3.39,0.9447,2.92,67.4613,24.912094116210938
2009-07-20,4.47,0.15,215.351,9.5,78.91000366210938,66.0,63.93,3.49,0.9183,2.9605,67.8809,24.972883224487305
2009-07-21,4.38,0.14,215.351,9.5,78.93000030517578,66.0,64.81,3.48,0.887,2.7916,67.4514,24.94586181640625
2009-07-22,4.45,0.14,215.351,9.5,78.70999908447266,66.0,64.58,3.49,0.8777,2.7848,66.1719,24.87158203125
2009-07-23,4.58,0.15,215.351,9.5,78.80000305175781,66.0,66.10,3.66,0.9067,3.0619,73.0006,25.762989044189453
2009-07-24,4.55,0.15,215.351,9.5,78.75,66.0,66.96,3.37,0.883,3.7716,70.2549,25.607667922973633
2009-07-27,4.62,0.16,215.351,9.5,78.62999725341797,66.0,68.34,3.46,0.9117,2.3117,71.3482,25.749469757080078
2009-07-28,4.56,0.15,215.351,9.5,78.8499984741211,66.0,67.24,3.49,0.8731,2.2846,70.6611,25.71571922302246
2009-07-29,4.50,0.17,215.351,9.5,79.62999725341797,66.0,63.42,3.41,0.8494,1.0206,66.2652,25.506378173828125
2009-07-30,4.44,0.17,215.351,9.5,79.29000091552734,66.0,66.90,3.34,0.8616,1.5817,70.8198,25.979089736938477
2009-07-31,4.31,0.18,215.351,9.5,78.3499984741211,66.0,69.26,3.34,0.8348,1.1896,71.9036,26.100645065307617
2009-08-03,4.42,0.18,215.834,9.6,77.63999938964844,65.7,71.59,3.43,0.8283,1.7709,76.9287,26.742177963256836
2009-08-04,4.45,0.17,215.834,9.6,77.7699966430664,65.7,71.40,3.53,0.8333,2.2103,79.5395,27.154115676879883
2009-08-05,4.57,0.17,215.834,9.6,77.5199966430664,65.7,71.97,3.61,0.8699,3.3458,84.542,28.214344024658203
2009-08-06,4.53,0.17,215.834,9.6,78.06999969482422,65.7,71.96,3.78,0.9159,1.7574,71.7538,27.518796920776367
2009-08-07,4.61,0.17,215.834,9.6,78.97000122070312,65.7,70.97,3.57,0.9654,3.0011,77.6306,28.606035232543945
2009-08-10,4.52,0.17,215.834,9.6,79.26000213623047,65.7,70.59,3.55,0.9549,3.0822,78.6426,28.82887840270996
2009-08-11,4.44,0.16,215.834,9.6,79.18000030517578,65.7,69.46,3.54,0.9711,2.1359,64.4154,27.849674224853516
2009-08-12,4.53,0.15,215.834,9.6,78.79000091552734,65.7,70.08,3.36,0.9703,3.0011,68.6332,28.50472640991211
2009-08-13,4.44,0.15,215.834,9.6,78.48999786376953,65.7,70.57,3.34,0.9585,2.9943,71.3201,28.9706974029541
2009-08-14,4.41,0.15,215.834,9.6,78.88999938964844,65.7,67.51,3.18,0.9431,2.5685,67.1519,28.666805267333984
2009-08-17,4.33,0.17,215.834,9.6,79.29000091552734,65.7,66.72,3.11,0.9598,0.7638,53.7987,27.505277633666992
2009-08-18,4.35,0.17,215.834,9.6,78.94000244140625,65.7,69.22,3.12,0.9467,1.0071,58.9176,28.16033172607422
2009-08-19,4.28,0.17,215.834,9.6,78.47000122070312,65.7,72.54,3.03,0.9226,-0.2501,56.8261,27.964488983154297
2009-08-20,4.24,0.17,215.834,9.6,78.37999725341797,65.7,72.40,3.03,0.9156,1.1288,62.0407,28.64655303955078
2009-08-21,4.36,0.16,215.834,9.6,78.04000091552734,65.7,73.12,2.78,0.9173,0.8787,67.4102,29.48394203186035
2009-08-24,4.27,0.16,215.834,9.6,78.2699966430664,65.7,73.68,2.69,0.914,0.2163,62.2791,29.044992446899414
2009-08-25,4.22,0.15,215.834,9.6,78.23999786376953,65.7,71.60,2.85,0.9033,1.5817,64.8835,29.429906845092773
2009-08-26,4.20,0.15,215.834,9.6,78.66000366210938,65.7,71.38,2.76,0.8803,0.7368,62.5272,29.24083137512207
2009-08-27,4.23,0.14,215.834,9.6,78.01000213623047,65.7,72.49,2.76,0.8701,0.3718,63.3201,29.342113494873047
2009-08-28,4.21,0.14,215.834,9.6,78.37000274658203,65.7,72.72,2.52,0.8731,0.3177,58.4635,28.984203338623047
2009-08-31,4.18,0.15,215.834,9.6,78.16999816894531,65.7,69.97,2.42,0.8851,1.8453,61.7819,29.348867416381836
2009-09-01,4.19,0.15,215.969,9.8,78.76000213623047,73.5,68.11,2.36,0.931,-0.0203,47.7355,28.14006805419922
2009-09-02,4.09,0.16,215.969,9.8,78.37999725341797,73.5,68.03,2.25,0.9301,-0.3718,42.8386,27.59307289123535
2009-09-03,4.15,0.15,215.969,9.8,78.45999908447266,73.5,67.90,2.06,0.9308,-0.2095,51.3893,28.437204360961914
2009-09-04,4.27,0.15,215.969,9.8,78.13999938964844,73.5,67.95,1.83,0.8981,-0.8922,52.8318,28.592533111572266
2009-09-08,4.31,0.15,215.969,9.8,77.31999969482422,73.5,71.08,2.43,0.8914,-0.3177,54.1465,28.72757911682129
2009-09-09,4.33,0.15,215.969,9.8,77.08999633789062,73.5,71.27,2.72,0.8606,-0.4867,56.3113,28.943693161010742
2009-09-10,4.19,0.16,215.969,9.8,76.81999969482422,73.5,71.95,2.68,0.845,-0.1893,57.4279,29.05173683166504
2009-09-11,4.18,0.15,215.969,9.8,76.61000061035156,73.5,69.34,2.94,0.8285,-0.6421,52.5755,28.70057487487793
2009-09-14,4.22,0.16,215.969,9.8,76.69999694824219,73.5,68.86,2.84,0.8582,0.561,61.3076,29.544713973999023
2009-09-15,4.27,0.17,215.969,9.8,76.54000091552734,73.5,70.81,3.21,0.8763,-0.1825,56.1603,29.166528701782227
2009-09-16,4.26,0.17,215.969,9.8,76.23999786376953,73.5,72.50,3.28,0.8857,2.0142,64.7368,30.1524715423584
2009-09-17,4.19,0.16,215.969,9.8,76.19000244140625,73.5,72.48,3.50,0.8663,2.7713,66.2926,30.361841201782227
2009-09-18,4.24,0.16,215.969,9.8,76.43000030517578,73.5,71.95,3.21,0.8354,1.9196,66.1879,30.355087280273438
2009-09-21,4.23,0.15,215.969,9.8,76.77999877929688,73.5,69.74,3.35,0.8109,1.4938,61.8481,30.084941864013672
2009-09-22,4.20,0.15,215.969,9.8,76.12000274658203,73.5,71.50,3.37,0.8501,2.6564,71.733,31.381540298461914
2009-09-23,4.21,0.15,215.969,9.8,76.05000305175781,73.5,68.74,3.43,0.8627,1.487,59.2144,30.429365158081055
2009-09-24,4.17,0.14,215.969,9.8,76.9000015258789,73.5,65.74,3.56,0.8754,0.9125,54.0824,29.96339225769043
2009-09-25,4.10,0.13,215.969,9.8,76.80999755859375,73.5,65.91,3.61,0.8626,0.7773,49.1442,29.477176666259766
2009-09-28,4.04,0.13,215.969,9.8,77.05000305175781,73.5,66.69,3.54,0.858,0.7165,56.289,30.260541915893555
2009-09-29,4.03,0.11,215.969,9.8,77.12000274658203,73.5,66.56,3.30,0.8339,1.1423,56.6969,30.30780792236328
2009-09-30,4.03,0.07,215.969,9.8,76.6500015258789,73.5,70.46,3.25,0.8448,-0.561,49.0028,29.59198760986328
2009-10-01,3.97,0.11,216.177,10.0,77.19000244140625,70.6,70.67,2.91,0.9032,-2.4266,36.3385,27.937469482421875
2009-10-02,4.01,0.13,216.177,10.0,77.0,70.6,69.80,2.32,0.9291,-2.0548,40.1279,28.302589416503906
2009-10-05,4.01,0.13,216.177,10.0,76.63999938964844,70.6,70.26,2.89,0.9628,-0.4716,51.6338,29.614261627197266
2009-10-06,4.07,0.12,216.177,10.0,76.33999633789062,70.6,70.71,3.23,0.952,-1.0182,56.8995,30.364761352539062
2009-10-07,3.99,0.13,216.177,10.0,76.48999786376953,70.6,69.60,3.70,0.9498,0.4695,60.316,30.89890480041504
2009-10-08,4.09,0.12,216.177,10.0,75.97000122070312,70.6,71.69,4.24,0.9491,0.6652,57.741,30.628446578979492
2009-10-09,4.22,0.12,216.177,10.0,76.43000030517578,70.6,71.75,3.92,0.9229,1.524,60.3286,31.000308990478516
2009-10-12,.,0.12,216.177,10.0,76.12999725341797,70.6,73.24,3.96,0.9087,0.8956,61.426,31.155824661254883
2009-10-13,4.16,0.12,216.177,10.0,75.9800033569336,70.6,74.10,4.03,0.9187,0.5641,58.1615,30.871845245361328
2009-10-14,4.28,0.12,216.177,10.0,75.55000305175781,70.6,75.20,3.82,0.9406,2.2957,65.4483,31.886051177978516
2009-10-15,4.31,0.13,216.177,10.0,75.4800033569336,70.6,77.55,3.88,0.9198,3.9517,65.4483,31.886051177978516
2009-10-16,4.24,0.12,216.177,10.0,75.5999984741211,70.6,78.54,3.94,0.9102,2.8423,56.534,31.142295837402344
2009-10-19,4.21,0.12,216.177,10.0,75.51000213623047,70.6,79.47,4.22,0.8925,1.4753,55.9185,31.088226318359375
2009-10-20,4.16,0.12,216.177,10.0,75.56999969482422,70.6,78.87,4.60,0.8684,0.7579,56.2493,31.122018814086914
2009-10-21,4.22,0.11,216.177,10.0,74.97000122070312,70.6,81.03,4.80,0.8919,-0.7106,45.7272,30.188966751098633
2009-10-22,4.24,0.11,216.177,10.0,75.08999633789062,70.6,80.82,4.98,0.8872,0.2775,53.199,30.905670166015625
2009-10-23,4.29,0.11,216.177,10.0,75.47000122070312,70.6,80.11,4.88,0.8835,-0.4196,49.7527,30.581125259399414
2009-10-26,4.37,0.11,216.177,10.0,76.05999755859375,70.6,78.61,4.52,0.9016,-1.5294,41.0692,29.627788543701172
2009-10-27,4.29,0.11,216.177,10.0,76.13999938964844,70.6,79.45,4.52,0.8851,-1.191,41.7105,29.681884765625
2009-10-28,4.25,0.11,216.177,10.0,76.43000030517578,70.6,77.39,4.59,0.8895,-3.0318,35.2163,28.85700035095215
2009-10-29,4.35,0.11,216.177,10.0,75.91999816894531,70.6,79.84,4.11,0.9091,-1.9016,47.6202,29.98613166809082
2009-10-30,4.23,0.11,216.177,10.0,76.30000305175781,70.6,77.04,4.11,0.9708,-2.9032,35.8406,28.24172592163086
2009-11-02,4.26,0.12,216.33,9.9,76.29000091552734,67.4,78.08,4.32,0.9658,-2.3009,40.9372,28.78939437866211
2009-11-03,4.34,0.12,216.33,9.9,76.38999938964844,67.4,79.58,4.33,0.9442,-2.2535,41.6995,28.870525360107422
2009-11-04,4.41,0.13,216.33,9.9,75.63999938964844,67.4,80.30,4.49,0.9526,-1.6512,39.3927,28.539228439331055
2009-11-05,4.41,0.13,216.33,9.9,75.73999786376953,67.4,79.64,4.30,0.9677,-1.2452,49.8381,29.661592483520508
2009-11-06,4.40,0.12,216.33,9.9,75.81999969482422,67.4,77.40,3.95,0.945,-1.1843,47.6925,29.397907257080078
2009-11-09,4.40,0.12,216.33,9.9,75.02999877929688,67.4,79.44,3.78,0.9302,0.3587,52.7361,29.98613166809082
2009-11-10,4.41,0.13,216.33,9.9,75.0199966430664,67.4,79.01,3.76,0.9024,0.1827,51.5925,29.86443328857422
2009-11-11,.,0.13,216.33,9.9,75.16000366210938,67.4,79.16,3.59,0.8965,1.1098,52.5454,29.96584701538086
2009-11-12,4.41,0.12,216.33,9.9,75.5999984741211,67.4,77.25,3.24,0.9122,-0.7106,45.7424,29.27620506286621
2009-11-13,4.36,0.12,216.33,9.9,75.33000183105469,67.4,76.34,2.51,0.8925,0.7647,43.2997,29.005754470825195
2009-11-16,4.26,0.12,216.33,9.9,74.91000366210938,67.4,78.91,2.65,0.8697,0.3113,44.4532,29.10041618347168
2009-11-17,4.26,0.12,216.33,9.9,75.37000274658203,67.4,79.08,3.47,0.839,0.3113,45.509,29.181550979614258
2009-11-18,4.29,0.11,216.33,9.9,75.18000030517578,67.4,79.55,3.74,0.8062,0.7918,47.5402,29.33028793334961
2009-11-19,4.29,0.11,216.33,9.9,75.29000091552734,67.4,77.47,3.57,0.8027,-0.8933,41.1157,28.769115447998047
2009-11-20,4.30,0.11,216.33,9.9,75.66000366210938,67.4,76.83,3.09,0.7739,-0.6903,40.4569,28.70825958251953
2009-11-23,4.29,0.12,216.33,9.9,75.08999633789062,67.4,76.49,3.79,0.7757,-0.7241,48.7664,29.262683868408203
2009-11-24,4.25,0.12,216.33,9.9,75.06999969482422,67.4,74.88,3.63,0.7705,-1.1437,42.3585,28.721776962280273
2009-11-25,4.23,0.11,216.33,9.9,74.2699966430664,67.4,77.25,3.32,0.7508,-1.4617,40.0213,28.505422592163086
2009-11-27,4.21,0.12,216.33,9.9,75.0,67.4,75.95,3.32,0.7653,-1.3332,34.5303,27.94423484802246
2009-11-30,4.20,0.13,216.33,9.9,74.87999725341797,67.4,77.19,4.41,0.7745,-0.2775,46.0292,28.72854995727539
2009-12-01,4.26,0.13,215.949,9.9,74.36000061035156,72.5,78.39,4.30,0.7718,-0.5549,44.0292,28.545984268188477
2009-12-02,4.26,0.13,215.949,9.9,74.66999816894531,72.5,76.62,4.67,0.7529,-0.8324,41.8587,28.349912643432617
2009-12-03,4.33,0.13,215.949,9.9,74.62999725341797,72.5,76.42,4.57,0.7852,-1.3399,38.0497,27.991559982299805
2009-12-04,4.40,0.12,215.949,9.9,75.91000366210938,72.5,75.41,4.53,0.7915,-0.5482,41.8231,28.221439361572266
2009-12-07,4.40,0.12,215.949,9.9,75.7699966430664,72.5,73.89,4.78,0.7784,-0.8188,38.1064,27.89015769958496
2009-12-08,4.39,0.12,215.949,9.9,76.30999755859375,72.5,72.59,5.10,0.7603,-1.4008,37.8017,27.863100051879883
2009-12-09,4.41,0.12,215.949,9.9,76.04000091552734,72.5,70.67,5.27,0.75,-0.873,37.6345,27.84958267211914
2009-12-10,4.50,0.12,215.949,9.9,76.04000091552734,72.5,70.54,5.02,0.74,-0.6023,38.8367,27.903661727905273
2009-12-11,4.49,0.12,215.949,9.9,76.56999969482422,72.5,69.86,5.21,0.7123,-0.2504,35.8603,27.694068908691406
2009-12-14,4.49,0.12,215.949,9.9,76.3499984741211,72.5,69.48,5.41,0.7209,-0.4872,47.534,28.24172592163086
2009-12-15,4.52,0.13,215.949,9.9,76.95999908447266,72.5,70.62,5.53,0.725,-0.9204,38.7339,27.626461029052734
2009-12-16,4.52,0.14,215.949,9.9,77.0,72.5,72.64,5.57,0.7138,-0.3857,44.9553,27.964521408081055
2009-12-17,4.42,0.13,215.949,9.9,77.69000244140625,72.5,72.58,5.65,0.7194,-0.7647,36.0806,27.227558135986328
2009-12-18,4.46,0.12,215.949,9.9,77.81999969482422,72.5,73.30,5.87,0.7237,-0.5346,43.7745,27.687314987182617
2009-12-21,4.56,0.12,215.949,9.9,78.04000091552734,72.5,72.71,5.79,0.7344,0.4399,52.6261,28.329622268676758
2009-12-22,4.60,0.12,215.949,9.9,78.25,72.5,73.48,5.56,0.7017,0.494,52.9725,28.356670379638672
2009-12-23,4.61,0.11,215.949,9.9,77.9000015258789,72.5,76.03,5.55,0.6753,0.2504,49.1772,28.09974479675293
2009-12-24,4.68,0.11,215.949,9.9,77.83999633789062,72.5,76.83,5.75,0.6454,0.4196,52.4635,28.322860717773438
2009-12-28,4.69,0.12,215.949,9.9,77.62999725341797,72.5,78.67,5.91,0.6269,0.5143,50.591,28.207927703857422
2009-12-29,4.64,0.12,215.949,9.9,77.83000183105469,72.5,78.87,6.01,0.5985,-0.1895,48.0149,28.052419662475586
2009-12-30,4.61,0.11,215.949,9.9,77.91000366210938,72.5,79.35,5.78,0.5746,0.4534,48.5214,28.0794677734375
2009-12-31,4.63,0.05,215.949,9.9,77.86000061035156,72.5,79.39,5.82,0.5665,0.1759,49.7456,28.174116134643555
2010-01-04,4.65,0.12,216.687,9.8,77.52999877929688,74.4,81.52,6.09,0.5946,1.7798,63.4723,29.006744384765625
2010-01-05,4.59,0.12,216.687,9.8,77.62000274658203,74.4,81.74,6.19,0.6035,1.882,69.4847,29.5686092376709
2010-01-06,4.70,0.12,216.687,9.8,77.48999786376953,74.4,83.12,6.47,0.5981,1.4017,71.0173,29.731060028076172
2010-01-07,4.69,0.1,216.687,9.8,77.91000366210938,74.4,82.60,7.51,0.6285,1.964,75.894,30.320005416870117
2010-01-08,4.70,0.11,216.687,9.8,77.47000122070312,74.4,82.74,6.56,0.6179,2.1467,74.1414,30.24554443359375
2010-01-11,4.74,0.11,216.687,9.8,77.0,74.4,82.54,5.77,0.6164,1.8217,71.635,30.143997192382812
2010-01-12,4.62,0.11,216.687,9.8,76.94999694824219,74.4,80.79,5.57,0.6493,1.2322,56.8339,29.43998908996582
2010-01-13,4.71,0.11,216.687,9.8,76.8499984741211,74.4,79.66,5.61,0.6833,1.9027,63.0353,29.9544620513916
2010-01-14,4.63,0.11,216.687,9.8,76.7300033569336,74.4,79.35,5.77,0.6678,2.1738,66.1625,30.252309799194336
2010-01-15,4.58,0.12,216.687,9.8,77.31999969482422,74.4,77.96,5.66,0.6855,1.4286,54.4203,29.5686092376709
2010-01-19,4.60,0.13,216.687,9.8,77.5,74.4,78.98,5.51,0.6776,0.2913,50.4782,29.29783821105957
2010-01-20,4.54,0.13,216.687,9.8,78.33999633789062,74.4,77.42,5.54,0.6762,-0.1897,51.6457,29.379060745239258
2010-01-21,4.50,0.12,216.687,9.8,78.31999969482422,74.4,75.84,5.52,0.7769,-2.29,31.7946,27.443031311035156
2010-01-22,4.50,0.11,216.687,9.8,78.27999877929688,74.4,74.25,5.67,0.8364,-3.8144,26.362,26.50885581970215
2010-01-25,4.55,0.12,216.687,9.8,78.19000244140625,74.4,74.90,5.76,0.8274,-3.706,26.8651,26.54269790649414
2010-01-26,4.56,0.12,216.687,9.8,78.43000030517578,74.4,74.67,5.61,0.8436,-4.1261,24.0534,26.02145767211914
2010-01-27,4.55,0.12,216.687,9.8,78.68000030517578,74.4,73.64,5.42,0.852,-2.8185,33.0521,26.623939514160156
2010-01-28,4.57,0.12,216.687,9.8,78.9000015258789,74.4,73.62,5.32,0.8551,-3.2318,34.5053,26.725460052490234
2010-01-29,4.51,0.12,216.687,9.8,79.45999908447266,74.4,72.85,5.26,0.8448,-3.8957,31.7486,26.359926223754883
2010-02-01,4.56,0.14,216.741,9.8,79.23999786376953,73.6,74.41,5.30,0.8324,-2.744,38.7015,26.827016830444336
2010-02-02,4.55,0.14,216.741,9.8,79.01000213623047,73.6,77.21,5.47,0.8237,-1.8496,46.7395,27.44979476928711
2010-02-03,4.62,0.13,216.741,9.8,79.37000274658203,73.6,76.96,5.51,0.8099,-2.1071,44.8911,27.27379608154297
2010-02-04,4.53,0.14,216.741,9.8,79.91999816894531,73.6,73.13,5.47,0.8459,-1.4838,33.8068,25.960529327392578
2010-02-05,4.51,0.13,216.741,9.8,80.44000244140625,73.6,71.15,5.61,0.8753,-0.5827,33.5694,25.926687240600586
2010-02-08,4.52,0.13,216.741,9.8,80.30000305175781,73.6,71.87,5.73,0.8602,-1.0231,30.6958,25.520524978637695
2010-02-09,4.58,0.13,216.741,9.8,79.86000061035156,73.6,73.71,5.54,0.8471,-0.0339,37.5289,25.98761558532715
2010-02-10,4.65,0.12,216.741,9.8,80.02999877929688,73.6,74.48,5.48,0.8403,-0.3117,41.9527,26.312545776367188
2010-02-11,4.69,0.12,216.741,9.8,79.98999786376953,73.6,75.23,5.53,0.8292,-0.3117,43.3457,26.414091110229492
2010-02-12,4.66,0.12,216.741,9.8,80.31999969482422,73.6,74.11,5.48,0.8097,0.0068,42.813,26.36669921875
2010-02-16,4.63,0.13,216.741,9.8,79.69999694824219,73.6,76.98,5.65,0.8191,0.2981,53.0676,27.124860763549805
2010-02-17,4.70,0.12,216.741,9.8,80.37999725341797,73.6,77.27,5.47,0.794,-0.3455,52.7859,27.10456085205078
2010-02-18,4.74,0.12,216.741,9.8,80.4000015258789,73.6,78.97,5.40,0.7731,0.0813,55.9876,27.35502052307129
2010-02-19,4.71,0.13,216.741,9.8,80.63999938964844,73.6,79.77,5.10,0.7566,1.1382,51.9662,27.097793579101562
2010-02-22,4.73,0.12,216.741,9.8,80.51000213623047,73.6,80.04,4.92,0.764,1.7277,59.023,27.652881622314453
2010-02-23,4.63,0.12,216.741,9.8,80.8499984741211,73.6,78.61,4.91,0.7815,1.477,49.4704,26.99623680114746
2010-02-24,4.63,0.11,216.741,9.8,80.8499984741211,73.6,79.75,4.91,0.7785,1.6667,57.1721,27.652881622314453
2010-02-25,4.58,0.12,216.741,9.8,80.79000091552734,73.6,77.99,4.84,0.7785,1.1992,55.15,27.51072120666504
2010-02-26,4.55,0.13,216.741,9.8,80.36000061035156,73.6,79.72,4.76,0.8054,1.9987,64.088,28.411041259765625
2010-03-01,4.56,0.14,217.631,9.9,80.66000366210938,73.6,78.71,4.83,0.7851,1.9513,62.6282,28.316268920898438
2010-03-02,4.57,0.14,217.631,9.9,80.5199966430664,73.6,79.62,4.78,0.7793,1.0502,60.3377,28.174116134643555
2010-03-03,4.58,0.15,217.631,9.9,79.9800033569336,73.6,80.91,4.76,0.7585,1.0095,59.3048,28.113201141357422
2010-03-04,4.56,0.16,217.631,9.9,80.55999755859375,73.6,80.21,4.78,0.7309,1.0231,62.4035,28.3771915435791
2010-03-05,4.64,0.17,217.631,9.9,80.43000030517578,73.6,81.50,4.56,0.7247,1.8835,68.4876,28.97967529296875
2010-03-08,4.68,0.15,217.631,9.9,80.43000030517578,73.6,81.85,4.47,0.7,1.1789,65.5731,28.830753326416016
2010-03-09,4.68,0.14,217.631,9.9,80.58999633789062,73.6,81.50,4.51,0.6873,1.7209,63.2617,28.715667724609375
2010-03-10,4.69,0.14,217.631,9.9,80.44999694824219,73.6,82.07,4.44,0.69,1.4092,67.1245,29.06090545654297
2010-03-11,4.66,0.15,217.631,9.9,80.31999969482422,73.6,82.10,4.47,0.6601,1.7209,68.9052,29.230138778686523
2010-03-12,4.62,0.17,217.631,9.9,79.83000183105469,73.6,81.26,4.35,0.6463,0.7995,68.4112,29.209850311279297
2010-03-15,4.63,0.2,217.631,9.9,80.25,73.6,79.79,4.29,0.6297,0.8401,66.988,29.155681610107422
2010-03-16,4.59,0.2,217.631,9.9,79.75,73.6,81.75,4.38,0.6181,1.0976,68.5336,29.270750045776367
2010-03-17,4.56,0.18,217.631,9.9,79.63999938964844,73.6,82.93,4.27,0.616,1.5312,73.0666,29.643070220947266
2010-03-18,4.59,0.18,217.631,9.9,80.22000122070312,73.6,82.16,4.19,0.603,1.1653,70.0104,29.541534423828125
2010-03-19,4.58,0.18,217.631,9.9,80.72000122070312,73.6,80.58,4.01,0.5967,0.4336,66.118,29.412904739379883
2010-03-22,4.57,0.18,217.631,9.9,80.6500015258789,73.6,81.26,4.02,0.5904,0.7791,69.0374,29.60922622680664
2010-03-23,4.60,0.17,217.631,9.9,80.9000015258789,73.6,81.68,4.08,0.5966,1.4634,75.7594,30.177852630615234
2010-03-24,4.72,0.17,217.631,9.9,81.83999633789062,73.6,80.29,4.02,0.5913,1.3618,78.0307,30.421539306640625
2010-03-25,4.77,0.17,217.631,9.9,82.12000274658203,73.6,80.25,4.01,0.6052,1.1924,78.0307,30.421539306640625
2010-03-26,4.75,0.17,217.631,9.9,81.68000030517578,73.6,79.75,3.92,0.6149,1.267,78.5812,30.4757137298584
2010-03-29,4.76,0.16,217.631,9.9,81.36000061035156,73.6,81.92,3.83,0.6155,1.2128,74.4358,30.367385864257812
2010-03-30,4.75,0.16,217.631,9.9,81.47000122070312,73.6,82.14,3.79,0.6051,0.9079,67.5108,30.177852630615234
2010-03-31,4.72,0.09,217.631,9.9,81.06999969482422,73.6,83.45,3.93,0.5981,0.6165,68.8891,30.292926788330078
2010-04-01,4.74,0.17,218.009,9.9,80.77999877929688,72.2,84.53,3.72,0.5874,1.0773,74.2498,30.61822509765625
2010-04-05,4.85,0.2,218.009,9.9,81.08999633789062,72.2,86.36,3.93,0.575,1.3145,75.6583,30.726652145385742
2010-04-06,4.84,0.2,218.009,9.9,81.38999938964844,72.2,86.54,4.16,0.5722,1.4572,79.5434,31.06549644470215
2010-04-07,4.74,0.19,218.009,9.9,81.44000244140625,72.2,85.64,4.08,0.581,0.5353,67.1572,30.713098526000977
2010-04-08,4.75,0.19,218.009,9.9,81.52999877929688,72.2,85.17,3.92,0.5957,0.5899,71.3514,31.01128578186035
2010-04-09,4.74,0.19,218.009,9.9,81.08999633789062,72.2,84.60,3.90,0.5905,0.7391,73.2493,31.160381317138672
2010-04-12,4.70,0.19,218.009,9.9,80.55999755859375,72.2,84.07,4.04,0.5759,0.7934,74.6085,31.268823623657227
2010-04-13,4.68,0.2,218.009,9.9,80.51000213623047,72.2,83.80,3.97,0.5605,0.7187,68.1186,31.085832595825195
2010-04-14,4.72,0.2,218.009,9.9,80.19000244140625,72.2,85.62,4.15,0.6202,2.17,80.8614,32.34632873535156
2010-04-15,4.72,0.22,218.009,9.9,80.4800033569336,72.2,85.25,4.16,0.6103,2.1429,81.2202,32.400550842285156
2010-04-16,4.67,0.21,218.009,9.9,80.81999969482422,72.2,82.97,3.97,0.6961,0.251,51.1356,30.86898422241211
2010-04-19,4.70,0.2,218.009,9.9,81.0,72.2,81.52,4.02,0.7002,0.0339,49.6878,30.760541915893555
2010-04-20,4.67,0.2,218.009,9.9,81.05000305175781,72.2,82.98,3.93,0.687,0.0271,54.109,31.092609405517578
2010-04-21,4.61,0.2,218.009,9.9,81.16000366210938,72.2,82.78,3.96,0.7052,0.0203,48.9404,30.733436584472656
2010-04-22,4.65,0.2,218.009,9.9,81.56999969482422,72.2,82.89,3.95,0.7188,-0.6918,43.6129,30.320037841796875
2010-04-23,4.67,0.2,218.009,9.9,81.3499984741211,72.2,84.34,4.07,0.7072,-0.7054,45.7637,30.45556640625
2010-04-26,4.67,0.2,218.009,9.9,81.4800033569336,72.2,84.20,4.23,0.7153,-1.5261,37.4343,29.744014739990234
2010-04-27,4.56,0.2,218.009,9.9,82.1500015258789,72.2,82.43,4.18,0.7645,-2.3468,29.1306,28.74100685119629
2010-04-28,4.63,0.2,218.009,9.9,82.37999725341797,72.2,83.22,4.19,0.7729,-2.8962,39.6784,29.45258903503418
2010-04-29,4.60,0.19,218.009,9.9,82.0,72.2,85.17,4.24,0.7598,-2.5842,44.4065,29.818557739257812
2010-04-30,4.53,0.2,218.009,9.9,81.87000274658203,72.2,86.07,3.94,0.7937,-2.0145,36.1317,28.856218338012695
2010-05-03,4.53,0.2,218.178,9.6,82.2699966430664,73.6,86.19,3.86,0.7927,-1.2616,43.9022,29.500024795532227
2010-05-04,4.43,0.21,218.178,9.6,83.30000305175781,73.6,82.73,3.96,0.7981,-2.3129,38.1481,28.781661987304688
2010-05-05,4.39,0.21,218.178,9.6,84.08000183105469,73.6,80.00,4.00,0.8259,-1.8449,39.4785,28.890092849731445
2010-05-06,4.19,0.2,218.178,9.6,84.88999938964844,73.6,77.18,3.97,0.936,-2.6656,31.0403,27.65669822692871
2010-05-07,4.28,0.2,218.178,9.6,84.44999694824219,73.6,75.10,3.91,0.9689,-2.8352,30.839,27.6228084564209
2010-05-10,4.41,0.2,218.178,9.6,84.16000366210938,73.6,76.89,4.08,1.0228,-1.3158,40.9596,28.429275512695312
2010-05-11,4.42,0.2,218.178,9.6,84.47000122070312,73.6,76.37,4.15,1.0176,-0.5833,38.8371,28.15818977355957
2010-05-12,4.47,0.2,218.178,9.6,84.83000183105469,73.6,75.65,4.18,0.9924,-1.2005,40.0453,28.253068923950195
2010-05-13,4.47,0.2,218.178,9.6,85.20999908447266,73.6,74.38,4.26,0.9656,-2.1637,35.1902,27.65669822692871
2010-05-14,4.32,0.2,218.178,9.6,86.0999984741211,73.6,71.61,4.27,0.9741,-1.8245,30.846,27.03322982788086
2010-05-17,4.35,0.21,218.178,9.6,86.20999908447266,73.6,70.08,4.34,0.9661,-2.5028,30.6177,26.99933624267578
2010-05-18,4.26,0.21,218.178,9.6,87.16000366210938,73.6,69.38,4.42,0.9973,-2.34,26.9799,26.44363784790039
2010-05-19,4.24,0.2,218.178,9.6,86.38999938964844,73.6,69.91,4.28,0.9813,-2.2044,30.9802,26.687602996826172
2010-05-20,4.13,0.2,218.178,9.6,85.56999969482422,73.6,68.28,4.12,1.0115,-2.0212,24.5469,25.63718032836914
2010-05-21,4.07,0.2,218.178,9.6,85.37000274658203,73.6,68.03,4.12,1.0914,-0.4816,43.2882,27.141653060913086
2010-05-24,4.12,0.21,218.178,9.6,86.20999908447266,73.6,68.23,4.08,1.0982,-2.2586,36.7543,26.172548294067383
2010-05-25,4.07,0.21,218.178,9.6,86.77999877929688,73.6,64.78,4.08,1.1002,-1.7703,39.0421,26.3894100189209
2010-05-26,4.11,0.2,218.178,9.6,87.12000274658203,73.6,71.52,4.19,1.0715,-1.9738,38.2729,26.280975341796875
2010-05-27,4.24,0.2,218.178,9.6,86.18000030517578,73.6,74.56,4.22,1.0778,-0.2645,49.5841,27.39240074157715
2010-05-28,4.22,0.19,218.178,9.6,86.4800033569336,73.6,74.00,4.31,1.0522,-0.2103,44.9015,26.823143005371094
2010-06-01,4.19,0.2,217.965,9.4,86.63999938964844,76.0,72.70,4.39,1.0478,-0.8818,39.7389,26.118337631225586
2010-06-02,4.24,0.2,217.965,9.4,86.79000091552734,76.0,72.88,4.32,1.0253,0.3595,46.3901,26.802793502807617
2010-06-03,4.29,0.19,217.965,9.4,87.13999938964844,76.0,74.62,4.46,1.016,-0.1899,43.9867,26.497840881347656
2010-06-04,4.13,0.19,217.965,9.4,88.2300033569336,76.0,71.43,4.60,1.0209,-0.1424,36.9845,25.494857788085938
2010-06-07,4.11,0.19,217.965,9.4,88.4000015258789,76.0,71.55,4.67,1.0192,-2.2586,33.3927,24.884937286376953
2010-06-08,4.10,0.19,217.965,9.4,88.38999938964844,76.0,71.88,4.89,1.007,-0.5697,40.9032,25.60329246520996
2010-06-09,4.12,0.18,217.965,9.4,87.9000015258789,76.0,74.38,4.75,0.9908,-1.2345,37.9433,25.156007766723633
2010-06-10,4.25,0.18,217.965,9.4,87.16999816894531,76.0,75.48,4.68,0.9806,-0.3324,45.6851,25.94891357421875
2010-06-11,4.15,0.18,217.965,9.4,87.51000213623047,76.0,73.89,4.68,0.9478,-1.5804,44.6276,25.81336784362793
2010-06-14,4.20,0.18,217.965,9.4,86.51000213623047,76.0,74.99,4.94,0.9305,-1.5261,40.6545,25.298328399658203
2010-06-15,4.23,0.19,217.965,9.4,85.9800033569336,76.0,76.84,5.11,0.9132,-0.1967,47.0009,25.92180633544922
2010-06-16,4.18,0.19,217.965,9.4,86.08000183105469,76.0,77.67,5.13,0.8911,-0.6986,48.7868,26.104778289794922
2010-06-17,4.13,0.19,217.965,9.4,85.69000244140625,76.0,76.82,5.14,0.8749,-0.4477,48.2515,26.05056381225586
2010-06-18,4.15,0.18,217.965,9.4,85.69999694824219,76.0,77.18,5.17,0.8556,1.0581,53.4956,26.55205726623535
2010-06-21,4.17,0.17,217.965,9.4,85.93000030517578,76.0,77.84,5.15,0.8487,1.4583,51.0859,26.341978073120117
2010-06-22,4.10,0.18,217.965,9.4,86.11000061035156,76.0,77.15,4.87,0.854,0.373,46.9893,25.97602653503418
2010-06-23,4.05,0.17,217.965,9.4,85.73999786376953,76.0,75.90,4.90,0.8457,1.2005,51.4732,26.35552406311035
2010-06-24,4.09,0.16,217.965,9.4,85.7300033569336,76.0,75.96,4.88,0.8565,-0.1764,44.981,25.772705078125
2010-06-25,4.07,0.16,217.965,9.4,85.30999755859375,76.0,78.45,4.84,0.8714,0.9157,55.2607,26.7282657623291
2010-06-28,4.01,0.17,217.965,9.4,85.6500015258789,76.0,78.26,4.85,0.8658,0.8207,48.7949,26.118337631225586
2010-06-29,3.94,0.15,217.965,9.4,86.02999877929688,76.0,75.93,4.68,0.8844,-0.8071,40.2005,25.115346908569336
2010-06-30,3.91,0.09,217.965,9.4,86.0199966430664,76.0,75.59,4.53,0.8687,-1.2955,37.9427,24.810382843017578
2010-07-01,3.88,0.17,218.011,9.4,84.72000122070312,67.8,72.95,4.54,0.8809,-1.5668,35.5747,24.48464584350586
2010-07-02,3.94,0.18,218.011,9.4,84.43000030517578,67.8,72.06,4.72,0.8835,-2.2385,34.333,24.31498908996582
2010-07-06,3.89,0.18,218.011,9.4,84.08000183105469,67.8,71.96,4.85,0.8716,-1.6887,39.0598,24.654298782348633
2010-07-07,3.96,0.18,218.011,9.4,83.81999969482422,67.8,74.05,4.76,0.902,-0.0862,52.8007,25.889394760131836
2010-07-08,4.00,0.17,218.011,9.4,83.81999969482422,67.8,75.46,4.61,0.9186,-0.4593,52.8656,25.896181106567383
2010-07-09,4.04,0.18,218.011,9.4,83.94999694824219,67.8,76.08,4.36,0.9116,0.5927,57.3595,26.364423751831055
2010-07-12,4.05,0.17,218.011,9.4,84.19999694824219,67.8,74.93,4.42,0.8824,-0.1327,59.475,26.595157623291016
2010-07-13,4.10,0.17,218.011,9.4,83.63999938964844,67.8,77.16,4.46,0.8922,1.3539,66.4845,27.470582962036133
2010-07-14,4.03,0.17,218.011,9.4,83.43000030517578,67.8,77.02,4.39,0.8595,2.2694,65.2213,27.382352828979492
2010-07-15,3.97,0.19,218.011,9.4,82.55999755859375,67.8,76.67,4.43,0.8723,2.6494,65.8317,27.457002639770508
2010-07-16,3.95,0.19,218.011,9.4,82.48999786376953,67.8,75.96,4.68,0.8876,1.9833,52.2967,26.46622085571289
2010-07-19,3.99,0.19,218.011,9.4,82.51000213623047,67.8,76.53,4.56,0.8844,2.1803,52.5934,26.493364334106445
2010-07-20,3.99,0.18,218.011,9.4,82.75,67.8,77.32,4.59,0.8872,2.2414,56.9788,26.893756866455078
2010-07-21,3.89,0.18,218.011,9.4,83.38999938964844,67.8,76.27,4.70,0.9165,0.1834,47.059,26.072614669799805
2010-07-22,3.95,0.18,218.011,9.4,82.5999984741211,67.8,79.01,4.67,0.9083,0.8083,53.9113,26.703733444213867
2010-07-23,4.01,0.19,218.011,9.4,82.45999908447266,67.8,78.68,4.69,0.8914,0.6656,57.096,27.02947425842285
2010-07-26,4.03,0.19,218.011,9.4,82.08999633789062,67.8,78.93,4.65,0.8695,0.7743,60.2731,27.368791580200195
2010-07-27,4.08,0.19,218.011,9.4,82.18000030517578,67.8,77.46,4.72,0.8515,0.1426,62.495,27.613082885742188
2010-07-28,4.07,0.2,218.011,9.4,82.18000030517578,67.8,77.06,4.75,0.8271,-0.0204,58.7431,27.362001419067383
2010-07-29,4.08,0.19,218.011,9.4,81.63999938964844,67.8,78.30,4.80,0.8126,-0.1698,57.6008,27.2873477935791
2010-07-30,3.98,0.18,218.011,9.4,81.54000091552734,67.8,78.85,4.81,0.8017,0.8694,58.1759,27.334842681884766
2010-08-02,4.06,0.19,218.312,9.5,80.94000244140625,68.9,81.25,4.94,0.8133,1.7659,67.6481,28.257781982421875
2010-08-03,4.04,0.19,218.312,9.5,80.5999984741211,68.9,82.52,4.78,0.793,0.9849,61.2967,27.87775230407715
2010-08-04,4.07,0.19,218.312,9.5,80.88999938964844,68.9,82.49,4.77,0.7628,1.9493,62.7538,28.020263671875
2010-08-05,4.05,0.19,218.312,9.5,80.81999969482422,68.9,82.00,4.84,0.7321,1.3041,62.5048,28.006690979003906
2010-08-06,4.00,0.18,218.312,9.5,80.41000366210938,68.9,80.67,4.67,0.7429,0.4143,52.8371,27.44342613220215
2010-08-09,4.01,0.18,218.312,9.5,80.70999908447266,68.9,81.46,4.52,0.7334,-0.3464,46.8258,27.022676467895508
2010-08-10,4.00,0.18,218.312,9.5,80.80000305175781,68.9,80.24,4.43,0.713,-1.0324,41.3463,26.581581115722656
2010-08-11,3.93,0.17,218.312,9.5,82.29000091552734,68.9,78.09,4.38,0.731,-1.732,32.3006,25.631515502929688
2010-08-12,3.94,0.18,218.312,9.5,82.63999938964844,68.9,75.68,4.42,0.7162,-1.6301,32.7676,25.658662796020508
2010-08-13,3.87,0.19,218.312,9.5,82.94999694824219,68.9,75.39,4.35,0.6912,-1.8882,30.9305,25.44828987121582
2010-08-16,3.72,0.2,218.312,9.5,82.52999877929688,68.9,75.17,4.37,0.6681,-2.6829,33.4706,25.57721519470215
2010-08-17,3.77,0.2,218.312,9.5,82.2300033569336,68.9,75.76,4.28,0.6528,-2.4452,32.0242,25.43471336364746
2010-08-18,3.73,0.19,218.312,9.5,82.22000122070312,68.9,75.39,4.35,0.645,-2.3093,37.8502,25.712955474853516
2010-08-19,3.66,0.19,218.312,9.5,82.44999694824219,68.9,74.45,4.29,0.646,-2.8527,31.7946,25.15647315979004
2010-08-20,3.67,0.2,218.312,9.5,83.05999755859375,68.9,73.45,4.19,0.6265,-2.2414,32.8142,25.2039852142334
2010-08-23,3.65,0.19,218.312,9.5,83.12000274658203,68.9,72.71,4.12,0.6094,-1.9969,30.9075,25.02754783630371
2010-08-24,3.57,0.19,218.312,9.5,83.1500015258789,68.9,71.24,4.07,0.6125,-2.0105,26.4988,24.572866439819336
2010-08-25,3.59,0.19,218.312,9.5,83.26000213623047,68.9,72.07,3.99,0.6061,-1.046,26.8449,24.58643913269043
2010-08-26,3.53,0.19,218.312,9.5,82.93000030517578,68.9,73.36,3.85,0.6113,-1.4807,23.203,24.17926788330078
2010-08-27,3.69,0.19,218.312,9.5,82.91999816894531,68.9,75.17,3.75,0.623,-0.6113,38.2509,24.837528228759766
2010-08-30,3.60,0.19,218.312,9.5,83.16000366210938,68.9,74.69,3.77,0.6158,-1.2497,32.7396,24.328556060791016
2010-08-31,3.52,0.21,218.312,9.5,83.19999694824219,68.9,71.93,3.80,0.616,-0.7607,39.3429,24.674657821655273
2010-09-01,3.65,0.19,218.439,9.5,82.5199966430664,68.2,73.97,3.73,0.6418,-0.1019,53.1665,25.61115264892578
2010-09-02,3.72,0.19,218.439,9.5,82.45999908447266,68.2,74.99,3.74,0.6304,0.7403,56.5176,25.896181106567383
2010-09-03,3.79,0.19,218.439,9.5,83.0999984741211,68.2,74.52,3.74,0.6344,1.3788,63.4965,26.581581115722656
2010-09-07,3.67,0.2,218.439,9.5,82.81999969482422,68.2,73.98,3.82,0.6352,0.9509,54.8734,25.977609634399414
2010-09-08,3.72,0.19,218.439,9.5,82.58999633789062,68.2,74.65,3.81,0.6456,1.9765,60.499,26.54765510559082
2010-09-09,3.84,0.18,218.439,9.5,82.66999816894531,68.2,74.25,3.79,0.6577,2.6285,65.9943,27.212709426879883
2010-09-10,3.88,0.18,218.439,9.5,82.69999694824219,68.2,76.40,3.79,0.6389,2.8051,62.6353,26.98196792602539
2010-09-13,3.83,0.18,218.439,9.5,81.91000366210938,68.2,77.17,3.83,0.6762,3.07,69.5285,27.904897689819336
2010-09-14,3.79,0.19,218.439,9.5,81.08000183105469,68.2,76.78,3.98,0.6653,3.3078,65.575,27.633447647094727
2010-09-15,3.87,0.21,218.439,9.5,81.48999786376953,68.2,75.92,4.06,0.6565,3.1379,66.933,27.809892654418945
2010-09-16,3.92,0.21,218.439,9.5,81.23999786376953,68.2,74.58,4.09,0.6363,2.2074,66.9886,27.816675186157227
2010-09-17,3.90,0.21,218.439,9.5,81.4000015258789,68.2,73.63,4.11,0.6438,1.2905,57.065,27.185564041137695
2010-09-20,3.87,0.21,218.439,9.5,81.33999633789062,68.2,74.81,4.01,0.6599,1.372,64.2207,27.9523983001709
2010-09-21,3.79,0.2,218.439,9.5,80.44000244140625,68.2,72.96,3.95,0.6627,1.569,58.4714,27.545223236083984
2010-09-22,3.74,0.21,218.439,9.5,79.83000183105469,68.2,72.98,4.02,0.6683,0.557,52.7835,27.1041259765625
2010-09-23,3.73,0.2,218.439,9.5,80.01000213623047,68.2,73.40,4.08,0.6666,-0.6792,46.3143,26.534080505371094
2010-09-24,3.79,0.21,218.439,9.5,79.38999938964844,68.2,74.63,3.97,0.653,-0.0051,51.45,26.975194931030273
2010-09-27,3.70,0.19,218.439,9.5,79.33999633789062,68.2,76.51,3.80,0.6423,-1.3856,46.3702,26.5205020904541
2010-09-28,3.66,0.19,218.439,9.5,79.01000213623047,68.2,76.15,3.80,0.6348,-1.2022,45.4072,26.432289123535156
2010-09-29,3.69,0.19,218.439,9.5,78.69000244140625,68.2,77.85,3.81,0.6326,-1.7456,41.4358,26.065828323364258
2010-09-30,3.69,0.15,218.439,9.5,78.72000122070312,68.2,79.95,3.85,0.6355,-1.9901,38.9806,25.828319549560547
2010-10-01,3.71,0.2,218.711,9.4,78.08999633789062,67.7,81.57,3.67,0.64,-0.849,46.5249,26.337297439575195
2010-10-04,3.71,0.2,218.711,9.4,78.44999694824219,67.7,81.43,3.56,0.6346,-1.4875,48.3234,26.466388702392578
2010-10-05,3.74,0.2,218.711,9.4,77.75,67.7,82.83,3.51,0.6316,-0.6107,54.5053,26.935245513916016
2010-10-06,3.67,0.19,218.711,9.4,77.38999938964844,67.7,83.21,3.56,0.618,0.0076,56.6752,27.111913681030273
2010-10-07,3.72,0.18,218.711,9.4,77.38999938964844,67.7,81.34,3.62,0.6283,0.3197,52.601,26.853696823120117
2010-10-08,3.75,0.18,218.711,9.4,77.31999969482422,67.7,82.66,3.36,0.615,-0.2663,50.3773,26.71099853515625
2010-10-11,.,0.18,218.711,9.4,77.44000244140625,67.7,82.18,3.43,0.6002,0.4761,54.6387,26.996402740478516
2010-10-12,3.80,0.18,218.711,9.4,77.36000061035156,67.7,81.67,3.40,0.6069,1.0201,60.6313,27.451658248901367
2010-10-13,3.84,0.18,218.711,9.4,77.06999969482422,67.7,83.03,3.58,0.6189,1.006,54.0055,27.071138381958008
2010-10-14,3.91,0.19,218.711,9.4,76.6500015258789,67.7,82.71,3.58,0.6592,0.482,43.4532,26.31009864807129
2010-10-15,3.98,0.2,218.711,9.4,77.04000091552734,67.7,81.23,3.47,0.7287,-1.0951,33.3145,25.243289947509766
2010-10-18,3.93,0.19,218.711,9.4,76.93000030517578,67.7,83.06,3.36,0.7374,-0.5101,43.1682,25.956768035888672
2010-10-19,3.90,0.19,218.711,9.4,78.18000030517578,67.7,79.57,3.36,0.7406,-1.3262,39.98,25.610206604003906
2010-10-20,3.89,0.19,218.711,9.4,77.16999816894531,67.7,81.93,3.46,0.7285,-1.2241,43.6945,25.88882827758789
2010-10-21,3.95,0.19,218.711,9.4,77.41999816894531,67.7,80.03,3.46,0.7828,-1.2377,40.9474,25.617023468017578
2010-10-22,3.94,0.19,218.711,9.4,77.47000122070312,67.7,81.15,3.19,0.7495,-1.0949,40.9474,25.617023468017578
2010-10-25,3.91,0.19,218.711,9.4,77.0999984741211,67.7,82.00,3.18,0.748,-1.809,36.487,25.18893051147461
2010-10-26,4.00,0.19,218.711,9.4,77.70999908447266,67.7,82.60,3.28,0.7179,-2.1763,38.0346,25.277271270751953
2010-10-27,4.06,0.19,218.711,9.4,78.1500015258789,67.7,81.90,3.37,0.6972,-1.5642,42.1322,25.508296966552734
2010-10-28,4.05,0.19,218.711,9.4,77.30999755859375,67.7,82.20,3.36,0.678,-0.8229,41.8608,25.48790168762207
2010-10-29,3.99,0.2,218.711,9.4,77.2699966430664,67.7,81.45,3.36,0.65,0.3264,43.4789,25.569461822509766
2010-11-01,4.01,0.2,218.803,9.8,77.30000305175781,71.6,82.94,3.42,0.6473,-0.5305,41.2468,25.4267578125
2010-11-02,3.93,0.2,218.803,9.8,76.72000122070312,71.6,83.91,3.20,0.637,-0.4965,36.6654,25.114185333251953
2010-11-03,4.09,0.2,218.803,9.8,76.4800033569336,71.6,84.45,3.35,0.6337,-0.2584,47.3921,25.630598068237305
2010-11-04,4.04,0.19,218.803,9.8,75.87999725341797,71.6,86.49,3.53,0.6919,1.4282,65.276,27.04395866394043
2010-11-05,4.12,0.18,218.803,9.8,76.55000305175781,71.6,86.85,3.47,0.7183,2.2035,71.2316,27.818592071533203
2010-11-08,4.12,0.18,218.803,9.8,77.02999877929688,71.6,87.07,3.49,0.7151,2.3395,66.4547,27.526403427124023
2010-11-09,4.25,0.17,218.803,9.8,77.44000244140625,71.6,87.04,3.76,0.7102,1.8362,60.1018,27.111913681030273
2010-11-10,4.25,0.17,218.803,9.8,77.62999725341797,71.6,87.77,4.00,0.7104,2.0947,64.5467,27.601139068603516
2010-11-11,.,0.17,218.803,9.8,78.22000122070312,71.6,87.77,3.73,0.6971,1.707,58.511,27.19345474243164
2010-11-12,4.26,0.19,218.803,9.8,78.08000183105469,71.6,84.89,3.50,0.69,1.3466,54.6323,26.91486167907715
2010-11-15,4.38,0.21,218.803,9.8,78.5199966430664,71.6,84.88,3.56,0.6908,1.809,58.1647,27.234224319458008
2010-11-16,4.26,0.21,218.803,9.8,79.20999908447266,71.6,82.33,3.66,0.692,1.8022,53.5334,26.91486167907715
2010-11-17,4.31,0.2,218.803,9.8,79.08000183105469,71.6,80.43,3.77,0.6765,0.9929,49.5247,26.622663497924805
2010-11-18,4.29,0.2,218.803,9.8,78.62000274658203,71.6,81.88,3.89,0.6681,-0.0952,53.8143,26.948823928833008
2010-11-19,4.25,0.21,218.803,9.8,78.5,71.6,81.65,3.79,0.6398,-1.0405,51.2917,26.77895164489746
2010-11-22,4.20,0.19,218.803,9.8,78.68000030517578,71.6,81.24,4.02,0.6524,-1.3602,43.1931,26.167404174804688
2010-11-23,4.18,0.2,218.803,9.8,79.68000030517578,71.6,80.79,3.93,0.65,-1.5438,36.8687,25.569461822509766
2010-11-24,4.29,0.2,218.803,9.8,79.87000274658203,71.6,83.21,3.82,0.6351,-1.673,42.5025,25.92958641052246
2010-11-26,4.21,0.2,218.803,9.8,80.36000061035156,71.6,83.87,3.82,0.6218,-1.7138,37.8313,25.481121063232422
2010-11-29,4.16,0.2,218.803,9.8,80.83999633789062,71.6,85.73,4.12,0.625,-1.1561,42.2149,25.759708404541016
2010-11-30,4.12,0.2,218.803,9.8,81.19999694824219,71.6,84.12,4.16,0.6129,-1.8226,38.4662,25.413164138793945
2010-12-01,4.24,0.2,219.179,9.3,80.70999908447266,74.5,86.75,4.21,0.6075,-0.9929,46.2634,25.92279624938965
2010-12-02,4.27,0.19,219.179,9.3,80.30000305175781,74.5,87.98,4.28,0.6239,0.0884,55.8726,26.71099853515625
2010-12-03,4.32,0.18,219.179,9.3,79.37999725341797,74.5,89.18,4.23,0.6264,-0.034,58.0292,26.91486167907715
2010-12-06,4.25,0.18,219.179,9.3,79.56999969482422,74.5,89.33,4.47,0.6181,0.3366,60.1568,27.111913681030273
2010-12-07,4.39,0.17,219.179,9.3,79.86000061035156,74.5,88.69,4.48,0.6332,0.5033,53.4699,26.670236587524414
2010-12-08,4.45,0.17,219.179,9.3,80.0,74.5,88.30,4.47,0.6497,1.7886,60.9138,27.356521606445312
2010-12-09,4.41,0.16,219.179,9.3,80.06999969482422,74.5,88.35,4.52,0.6441,1.8022,64.3634,27.73024559020996
2010-12-10,4.43,0.16,219.179,9.3,80.06999969482422,74.5,87.81,4.37,0.6335,2.6727,67.9106,28.151535034179688
2010-12-13,4.39,0.17,219.179,9.3,79.27999877929688,74.5,88.62,4.55,0.6286,2.4483,68.3621,28.205894470214844
2010-12-14,4.54,0.19,219.179,9.3,79.37000274658203,74.5,88.33,4.35,0.6342,2.3055,59.93,27.716665267944336
2010-12-15,4.59,0.2,219.179,9.3,80.26000213623047,74.5,88.66,4.22,0.6346,1.401,53.9714,27.32254409790039
2010-12-16,4.57,0.2,219.179,9.3,80.18000030517578,74.5,87.71,4.19,0.631,0.4778,52.0148,27.1866512298584
2010-12-17,4.41,0.2,219.179,9.3,80.37000274658203,74.5,88.02,3.99,0.6122,0.0408,48.6184,26.955623626708984
2010-12-20,4.44,0.21,219.179,9.3,80.62999725341797,74.5,88.68,4.10,0.5976,0.0306,51.4953,27.145875930786133
2010-12-21,4.44,0.2,219.179,9.3,80.72000122070312,74.5,89.30,4.17,0.6176,1.1901,60.6706,27.859350204467773
2010-12-22,4.45,0.19,219.179,9.3,80.7300033569336,74.5,89.83,4.01,0.6483,1.2922,68.0819,28.647573471069336
2010-12-23,4.47,0.19,219.179,9.3,80.5,74.5,90.84,4.08,0.6238,0.8637,67.1128,28.593229293823242
2010-12-27,4.42,0.19,219.179,9.3,80.37000274658203,74.5,90.99,4.05,0.622,0.8433,70.5482,28.99411964416504
2010-12-28,4.53,0.18,219.179,9.3,80.36000061035156,74.5,91.48,4.10,0.6092,0.7481,69.7252,28.953351974487305
2010-12-29,4.41,0.18,219.179,9.3,79.80000305175781,74.5,91.13,4.19,0.5885,1.0677,66.1525,28.783472061157227
2010-12-30,4.43,0.19,219.179,9.3,79.5199966430664,74.5,89.85,4.22,0.5668,1.3738,64.2503,28.695131301879883
2010-12-31,4.34,0.13,219.179,9.3,79.02999877929688,74.5,91.38,4.22,0.5462,1.6373,65.8452,28.82423973083496
2011-01-03,4.39,0.19,220.223,9.1,79.12999725341797,74.2,91.59,4.54,0.5857,2.6591,73.7801,29.612455368041992
2011-01-04,4.44,0.18,220.223,9.1,79.44000244140625,74.2,89.39,4.61,0.5905,2.8971,77.004,30.041025161743164
2011-01-05,4.55,0.18,220.223,9.1,80.26000213623047,74.2,90.30,4.52,0.5994,2.5507,79.417,30.408388137817383
2011-01-06,4.53,0.17,220.223,9.1,80.79000091552734,74.2,88.37,4.49,0.5833,1.612,75.8157,30.258716583251953
2011-01-07,4.48,0.17,220.223,9.1,81.01000213623047,74.2,88.07,4.42,0.6363,1.0945,63.5836,29.687286376953125
2011-01-10,4.47,0.17,220.223,9.1,80.87999725341797,74.2,89.24,4.49,0.628,0.5299,60.4856,29.52402114868164
2011-01-11,4.49,0.17,220.223,9.1,80.8499984741211,74.2,91.11,4.42,0.6133,0.7069,62.1913,29.66008186340332
2011-01-12,4.52,0.16,220.223,9.1,80.02999877929688,74.2,91.85,4.55,0.6327,1.6326,70.1399,30.41517448425293
2011-01-13,4.50,0.16,220.223,9.1,79.19000244140625,74.2,91.39,4.48,0.6264,1.544,66.5013,30.23831558227539
2011-01-14,4.53,0.16,220.223,9.1,79.16000366210938,74.2,91.53,4.38,0.6542,1.728,69.6014,30.55124282836914
2011-01-18,4.56,0.19,220.223,9.1,78.95999908447266,74.2,91.38,4.52,0.6522,0.8302,67.198,30.44239044189453
2011-01-19,4.53,0.18,220.223,9.1,78.63999938964844,74.2,90.85,4.48,0.6722,-0.3064,53.7849,29.734901428222656
2011-01-20,4.60,0.18,220.223,9.1,78.81999969482422,74.2,88.56,4.57,0.6913,0.034,62.1741,30.44239044189453
2011-01-21,4.57,0.17,220.223,9.1,78.20999908447266,74.2,88.22,4.72,0.6804,0.5515,65.7599,30.809741973876953
2011-01-24,4.55,0.18,220.223,9.1,78.05000305175781,74.2,86.74,4.72,0.6619,0.9396,62.4699,30.62607765197754
2011-01-25,4.48,0.17,220.223,9.1,78.0,74.2,85.08,4.46,0.6715,1.0009,60.5984,30.524015426635742
2011-01-26,4.59,0.17,220.223,9.1,77.9000015258789,74.2,86.15,4.40,0.6532,0.9396,61.5373,30.598854064941406
2011-01-27,4.57,0.17,220.223,9.1,77.7300033569336,74.2,84.45,4.41,0.6401,0.2655,62.617,30.680505752563477
2011-01-28,4.53,0.17,220.223,9.1,78.12999725341797,74.2,88.15,4.27,0.6664,0.0613,54.6606,30.299537658691406
2011-01-31,4.58,0.17,220.223,9.1,77.73999786376953,74.2,90.99,4.42,0.6528,0.0204,58.814,30.571640014648438
2011-02-01,4.62,0.18,221.309,9.0,77.06999969482422,77.5,89.54,4.42,0.6577,0.8034,67.1017,31.245126724243164
2011-02-02,4.64,0.18,221.309,9.0,77.16000366210938,77.5,89.78,4.55,0.6419,1.1847,60.539,30.9185733795166
2011-02-03,4.67,0.17,221.309,9.0,77.75,77.5,89.42,4.69,0.6403,0.4834,60.6281,30.925386428833008
2011-02-04,4.73,0.17,221.309,9.0,78.04000091552734,77.5,87.87,4.48,0.651,-0.4766,49.7624,30.33354949951172
2011-02-07,4.71,0.17,221.309,9.0,78.02999877929688,77.5,86.30,4.32,0.6609,0.3268,58.4225,30.952594757080078
2011-02-08,4.76,0.16,221.309,9.0,78.0,77.5,85.85,4.24,0.6385,0.5923,60.4218,31.115867614746094
2011-02-09,4.71,0.15,221.309,9.0,77.63999938964844,77.5,85.59,4.22,0.6459,0.0885,52.9899,30.687286376953125
2011-02-10,4.75,0.15,221.309,9.0,78.25,77.5,85.44,4.11,0.6284,0.2928,56.9154,30.973007202148438
2011-02-11,4.71,0.15,221.309,9.0,78.45999908447266,77.5,84.39,3.96,0.656,1.3821,64.9646,31.68050765991211
2011-02-14,4.67,0.15,221.309,9.0,78.61000061035156,77.5,83.66,3.89,0.6298,1.0894,64.5779,31.66008758544922
2011-02-15,4.66,0.16,221.309,9.0,78.56999969482422,77.5,83.13,3.92,0.6237,0.606,66.6373,31.85056495666504
2011-02-16,4.67,0.15,221.309,9.0,78.22000122070312,77.5,83.80,3.93,0.6541,1.6953,73.4879,32.612464904785156
2011-02-17,4.66,0.15,221.309,9.0,78.0,77.5,85.05,3.90,0.6312,1.6068,71.7343,32.53084182739258
2011-02-18,4.70,0.15,221.309,9.0,77.66000366210938,77.5,85.03,3.84,0.6143,2.3217,72.8154,32.653297424316406
2011-02-22,4.60,0.15,221.309,9.0,77.7699966430664,77.5,92.65,3.89,0.675,0.3472,49.5398,31.299541473388672
2011-02-23,4.59,0.15,221.309,9.0,77.41000366210938,77.5,96.04,3.83,0.6856,0.1498,49.1016,31.265544891357422
2011-02-24,4.54,0.15,221.309,9.0,77.05999755859375,77.5,95.83,3.83,0.678,0.5447,48.6238,31.231525421142578
2011-02-25,4.51,0.15,221.309,9.0,77.27999877929688,77.5,96.52,3.81,0.6758,0.783,55.9579,31.755327224731445
2011-02-28,4.49,0.16,221.309,9.0,76.88999938964844,77.5,97.10,3.93,0.6645,0.0817,56.0485,31.76213836669922
2011-03-01,4.48,0.15,223.467,9.0,77.05000305175781,67.5,99.63,3.93,0.6705,-0.64,44.8758,31.020639419555664
2011-03-02,4.54,0.16,223.467,9.0,76.66999816894531,67.5,102.27,3.79,0.6665,-1.0962,41.5806,30.755319595336914
2011-03-03,4.64,0.15,223.467,9.0,76.4800033569336,67.5,101.92,3.75,0.6734,-1.2664,50.576,31.347156524658203
2011-03-04,4.60,0.15,223.467,9.0,76.4000015258789,67.5,104.34,3.70,0.6729,-1.566,45.5588,30.966196060180664
2011-03-07,4.61,0.14,223.467,9.0,76.5,67.5,105.37,3.73,0.6682,-1.9132,42.7801,30.74170684814453
2011-03-08,4.66,0.14,223.467,9.0,76.80000305175781,67.5,105.06,3.83,0.6934,0.2655,54.1685,31.564851760864258
2011-03-09,4.60,0.14,223.467,9.0,76.72000122070312,67.5,104.39,3.81,0.6964,0.4085,55.4706,31.67368507385254
2011-03-10,4.53,0.14,223.467,9.0,77.27999877929688,67.5,102.73,3.87,0.7099,-0.2587,46.1018,30.973007202148438
2011-03-11,4.54,0.13,223.467,9.0,76.77999877929688,67.5,101.14,3.78,0.6878,-0.64,48.088,31.115867614746094
2011-03-14,4.52,0.14,223.467,9.0,76.3499984741211,67.5,101.20,3.90,0.6927,-0.9464,44.2885,30.816553115844727
2011-03-15,4.47,0.14,223.467,9.0,76.33000183105469,67.5,97.23,3.81,0.7137,-0.674,38.929,30.347158432006836
2011-03-16,4.38,0.14,223.467,9.0,76.68000030517578,67.5,97.99,3.86,0.7172,-0.9532,33.6787,29.80293083190918
2011-03-17,4.42,0.14,223.467,9.0,76.04000091552734,67.5,101.47,3.85,0.7248,-1.0349,41.8483,30.313135147094727
2011-03-18,4.43,0.15,223.467,9.0,75.72000122070312,67.5,101.06,3.98,0.7518,0.1498,52.152,31.115867614746094
2011-03-21,4.45,0.14,223.467,9.0,75.4000015258789,67.5,102.36,3.99,0.7468,0.2996,51.2121,31.041038513183594
2011-03-22,4.44,0.14,223.467,9.0,75.43000030517578,67.5,104.53,4.05,0.7109,-0.6332,49.7627,30.93218421936035
2011-03-23,4.44,0.14,223.467,9.0,75.79000091552734,67.5,105.21,4.18,0.7049,-0.6536,51.0143,31.020639419555664
2011-03-24,4.48,0.13,223.467,9.0,75.66000366210938,67.5,105.04,4.27,0.691,0.1362,52.3338,31.10906410217285
2011-03-25,4.51,0.13,223.467,9.0,76.22000122070312,67.5,104.89,4.13,0.6762,0.0817,53.719,31.197490692138672
2011-03-28,4.51,0.13,223.467,9.0,76.12999725341797,67.5,103.54,4.35,0.659,0.4494,54.8406,31.265544891357422
2011-03-29,4.54,0.13,223.467,9.0,76.25,67.5,104.34,4.27,0.6372,0.96,55.5587,31.306352615356445
2011-03-30,4.52,0.13,223.467,9.0,76.12000274658203,67.5,103.80,4.25,0.6321,1.7974,60.5531,31.598852157592773
2011-03-31,4.51,0.1,223.467,9.0,75.86000061035156,67.5,106.19,4.32,0.611,1.0485,54.9664,31.360763549804688
2011-04-01,4.48,0.11,224.906,9.1,75.83000183105469,69.8,107.55,4.32,0.6053,0.4153,58.0389,31.530838012695312
2011-04-04,4.49,0.09,224.906,9.1,75.91000366210938,69.8,108.14,4.21,0.585,0.6536,60.8855,31.69498634338379
2011-04-05,4.51,0.09,224.906,9.1,75.87999725341797,69.8,107.82,4.22,0.5785,0.9268,63.6409,31.8591365814209
2011-04-06,4.58,0.1,224.906,9.1,75.51000213623047,69.8,108.38,4.17,0.5934,1.5639,72.9812,32.58414077758789
2011-04-07,4.63,0.1,224.906,9.1,75.58999633789062,69.8,109.82,4.12,0.5921,1.3111,68.551,32.41999053955078
2011-04-08,4.63,0.09,224.906,9.1,75.06999969482422,69.8,112.27,4.05,0.6001,0.8393,59.2295,32.03696823120117
2011-04-11,4.64,0.09,224.906,9.1,75.05999755859375,69.8,109.50,4.05,0.5827,0.7849,59.4483,32.05065155029297
2011-04-12,4.58,0.08,224.906,9.1,74.8499984741211,69.8,105.75,4.08,0.5831,0.5934,55.7887,31.90018081665039
2011-04-13,4.55,0.08,224.906,9.1,74.9800033569336,69.8,106.60,4.14,0.6143,0.0337,49.7557,31.633434295654297
2011-04-14,4.53,0.09,224.906,9.1,74.68000030517578,69.8,107.73,4.12,0.636,-0.6042,35.6836,30.757946014404297
2011-04-15,4.47,0.12,224.906,9.1,74.83000183105469,69.8,109.17,4.21,0.6169,-0.8292,34.9962,30.70323944091797
2011-04-18,4.45,0.1,224.906,9.1,75.5,69.8,106.70,4.23,0.6394,-1.6292,28.0238,30.067163467407227
2011-04-19,4.43,0.11,224.906,9.1,75.02999877929688,69.8,107.18,4.19,0.6401,-1.3211,38.1789,30.539081573486328
2011-04-20,4.47,0.1,224.906,9.1,74.37000274658203,69.8,110.84,4.33,0.6448,-2.1083,37.4132,30.477519989013672
2011-04-21,4.47,0.1,224.906,9.1,74.0,69.8,111.72,4.33,0.6339,-1.8619,39.2173,30.559606552124023
2011-04-25,4.46,0.1,224.906,9.1,73.98999786376953,69.8,111.68,4.37,0.6199,-1.5265,38.498,30.51173973083496
2011-04-26,4.39,0.09,224.906,9.1,73.83999633789062,69.8,111.72,4.32,0.6158,-1.1911,46.4489,30.860553741455078
2011-04-27,4.45,0.09,224.906,9.1,73.5199966430664,69.8,112.31,4.35,0.6001,-0.7804,51.6262,31.120450973510742
2011-04-28,4.42,0.09,224.906,9.1,73.12000274658203,69.8,112.38,4.38,0.5827,-0.2738,55.9814,31.359834671020508
2011-04-29,4.40,0.09,224.906,9.1,72.93000030517578,69.8,113.39,4.51,0.5714,0.4518,52.6695,31.2093563079834
2011-05-02,4.38,0.09,225.964,9.0,72.94999694824219,74.3,113.03,4.60,0.5736,0.1985,46.4272,30.90159797668457
2011-05-03,4.36,0.09,225.964,9.0,73.13999938964844,74.3,110.60,4.60,0.5918,1.3417,55.9635,31.4077205657959
2011-05-04,4.33,0.09,225.964,9.0,73.02999877929688,74.3,108.79,4.59,0.5867,0.5818,50.3153,31.120450973510742
2011-05-05,4.26,0.09,225.964,9.0,74.19000244140625,74.3,99.89,4.49,0.58,0.4176,46.2409,30.894744873046875
2011-05-06,4.29,0.09,225.964,9.0,74.83999633789062,74.3,96.87,4.24,0.585,0.2464,44.6581,30.805831909179688
2011-05-09,4.30,0.09,225.964,9.0,74.73999786376953,74.3,100.32,4.28,0.5818,0.2396,43.6367,30.75111198425293
2011-05-10,4.34,0.09,225.964,9.0,74.61000061035156,74.3,103.39,4.19,0.5667,0.0274,47.0035,30.887901306152344
2011-05-11,4.31,0.09,225.964,9.0,75.33000183105469,74.3,97.88,4.23,0.5775,-0.8693,35.9183,30.25181770324707
2011-05-12,4.37,0.09,225.964,9.0,75.23999786376953,74.3,98.53,4.10,0.5744,-1.2048,34.5552,30.156070709228516
2011-05-13,4.32,0.09,225.964,9.0,75.76000213623047,74.3,99.21,4.09,0.5882,-1.6976,26.9305,29.513141632080078
2011-05-16,4.28,0.1,225.964,9.0,75.47000122070312,74.3,96.91,4.21,0.5833,-1.5744,25.1588,29.328475952148438
2011-05-17,4.23,0.09,225.964,9.0,75.4000015258789,74.3,96.40,4.25,0.6086,-1.4443,40.2122,29.964561462402344
2011-05-18,4.29,0.1,225.964,9.0,75.47000122070312,74.3,99.52,4.15,0.6057,-0.972,43.8551,30.149227142333984
2011-05-19,4.30,0.09,225.964,9.0,75.12000274658203,74.3,97.99,4.10,0.5918,-0.8009,42.9927,30.094493865966797
2011-05-20,4.30,0.1,225.964,9.0,75.43000030517578,74.3,99.15,4.05,0.5984,-1.3074,34.7383,29.49945640563965
2011-05-23,4.27,0.1,225.964,9.0,76.0999984741211,74.3,97.06,4.27,0.5963,-1.6497,30.413,29.10276222229004
2011-05-24,4.26,0.1,225.964,9.0,75.87999725341797,74.3,99.13,4.37,0.6138,-1.9304,28.9623,28.95911407470703
2011-05-25,4.28,0.09,225.964,9.0,75.93000030517578,74.3,100.78,4.36,0.6018,-1.3417,28.4595,28.911239624023438
2011-05-26,4.23,0.09,225.964,9.0,75.55000305175781,74.3,100.18,4.37,0.5827,-1.1226,31.8403,29.034366607666016
2011-05-27,4.24,0.1,225.964,9.0,74.94999694824219,74.3,100.58,4.36,0.5753,-0.2464,37.9905,29.266916275024414
2011-05-31,4.22,0.1,225.964,9.0,74.63999938964844,74.3,102.70,4.63,0.5641,0.2464,45.2548,29.574695587158203
2011-06-01,4.15,0.1,225.722,9.1,74.68000030517578,71.5,100.30,4.62,0.5976,-1.4033,31.6888,28.56241798400879
2011-06-02,4.25,0.1,225.722,9.1,74.33000183105469,71.5,100.41,4.64,0.6219,-1.6908,30.654,28.45983123779297
2011-06-03,4.22,0.11,225.722,9.1,73.77999877929688,71.5,100.28,4.72,0.6379,-1.6634,30.3603,28.432476043701172
2011-06-06,4.25,0.1,225.722,9.1,73.94999694824219,71.5,99.07,4.83,0.651,-1.7798,23.7776,27.721149444580078
2011-06-07,4.27,0.09,225.722,9.1,73.5199966430664,71.5,99.18,4.83,0.6426,-1.2527,26.9909,27.851099014282227
2011-06-08,4.20,0.09,225.722,9.1,73.93000030517578,71.5,100.77,4.83,0.6393,-1.3348,24.9603,27.625396728515625
2011-06-09,4.22,0.09,225.722,9.1,74.19000244140625,71.5,101.95,4.92,0.6352,-0.883,34.7171,28.028928756713867
2011-06-10,4.18,0.09,225.722,9.1,74.79000091552734,71.5,99.30,4.72,0.6582,-0.9583,35.8173,28.076812744140625
2011-06-13,4.20,0.1,225.722,9.1,74.51000213623047,71.5,97.20,4.75,0.665,-0.7667,44.9473,28.50086784362793
2011-06-14,4.30,0.1,225.722,9.1,74.33000183105469,71.5,99.37,4.59,0.6644,-1.1192,44.2146,28.45983123779297
2011-06-15,4.19,0.1,225.722,9.1,75.5999984741211,71.5,94.83,4.53,0.6832,-0.7393,35.154,27.82375144958496
2011-06-16,4.16,0.1,225.722,9.1,75.75,71.5,94.95,4.54,0.6838,-0.8557,32.5872,27.604869842529297
2011-06-17,4.19,0.1,225.722,9.1,74.98999786376953,71.5,93.02,4.39,0.6692,-0.5271,39.3527,27.90581512451172
2011-06-20,4.19,0.09,225.722,9.1,75.02999877929688,71.5,93.23,4.33,0.6551,-0.0342,36.4006,27.686948776245117
2011-06-21,4.21,0.09,225.722,9.1,74.54000091552734,71.5,93.70,4.37,0.6563,0.1301,42.8064,27.981056213378906
2011-06-22,4.22,0.09,225.722,9.1,74.77999877929688,71.5,94.96,4.42,0.6607,0.2054,40.4882,27.8305721282959
2011-06-23,4.17,0.08,225.722,9.1,75.44999694824219,71.5,90.70,4.31,0.6658,-0.6229,34.6177,27.406532287597656
2011-06-24,4.17,0.08,225.722,9.1,75.66999816894531,71.5,90.89,4.20,0.6545,-1.0679,30.0838,27.009824752807617
2011-06-27,4.28,0.08,225.722,9.1,75.38999938964844,71.5,90.65,4.25,0.6459,-1.2253,36.3154,27.27656364440918
2011-06-28,4.33,0.08,225.722,9.1,75.05999755859375,71.5,92.90,4.34,0.6403,-1.4135,33.4293,27.044017791748047
2011-06-29,4.39,0.07,225.722,9.1,74.69000244140625,71.5,94.85,4.40,0.6444,-0.1574,46.1553,27.666425704956055
2011-06-30,4.38,0.07,225.722,9.1,74.30000305175781,71.5,95.30,4.28,0.6326,0.397,51.6816,28.00157356262207
2011-07-01,4.40,0.08,225.922,9.0,74.3499984741211,63.7,94.81,4.33,0.6379,0.7051,59.9725,28.61403465270996
2011-07-05,4.39,0.08,225.922,9.0,74.69000244140625,63.7,96.92,4.40,0.6223,0.5454,53.6173,28.23554039001465
2011-07-06,4.35,0.07,225.922,9.0,75.12000274658203,63.7,96.67,4.34,0.6197,-0.0727,48.7157,27.912113189697266
2011-07-07,4.37,0.07,225.922,9.0,74.95999908447266,63.7,98.70,4.25,0.6359,0.6013,55.9508,28.43511199951172
2011-07-08,4.27,0.07,225.922,9.0,75.18000030517578,63.7,96.20,4.19,0.6279,0.6263,49.9727,28.035980224609375
2011-07-11,4.20,0.07,225.922,9.0,75.98999786376953,63.7,95.16,4.35,0.6543,0.1212,39.4064,27.134490966796875
2011-07-12,4.19,0.06,225.922,9.0,75.80999755859375,63.7,97.41,4.38,0.6509,-0.1733,39.1257,27.106948852539062
2011-07-13,4.17,0.06,225.922,9.0,75.20999908447266,63.7,98.04,4.43,0.6526,0.2178,41.7752,27.265228271484375
2011-07-14,4.25,0.06,225.922,9.0,75.25,63.7,95.75,4.42,0.6857,0.0976,49.523,27.767610549926758
2011-07-15,4.26,0.06,225.922,9.0,75.12999725341797,63.7,97.24,4.49,0.6982,-0.4926,46.0705,27.512983322143555
2011-07-18,4.29,0.06,225.922,9.0,75.4800033569336,63.7,95.94,4.60,0.7009,-1.2051,44.6678,27.409744262695312
2011-07-19,4.19,0.06,225.922,9.0,75.22000122070312,63.7,97.49,4.60,0.6892,-0.4407,50.8725,27.795124053955078
2011-07-20,4.25,0.06,225.922,9.0,74.79000091552734,63.7,98.11,4.64,0.6875,0.2755,56.4017,28.187376022338867
2011-07-21,4.31,0.06,225.922,9.0,74.0199966430664,63.7,98.96,4.58,0.7166,0.668,66.2496,29.10264778137207
2011-07-22,4.26,0.06,225.922,9.0,74.19999694824219,63.7,99.53,4.46,0.6929,0.9985,65.0226,29.0338077545166
2011-07-25,4.31,0.06,225.922,9.0,74.05999755859375,63.7,98.97,4.45,0.6877,1.5563,58.9564,28.689741134643555
2011-07-26,4.28,0.06,225.922,9.0,73.47000122070312,63.7,99.61,4.43,0.6632,1.4117,56.0512,28.5177001953125
2011-07-27,4.29,0.07,225.922,9.0,74.08999633789062,63.7,97.40,4.46,0.6576,0.7231,47.963,27.987810134887695
2011-07-28,4.26,0.08,225.922,9.0,74.22000122070312,63.7,97.48,4.41,0.6412,0.2273,48.0711,27.994701385498047
2011-07-29,4.12,0.11,225.922,9.0,73.9000015258789,63.7,95.68,4.26,0.6372,0.3237,45.6471,27.83641242980957
2011-08-01,4.07,0.17,226.545,9.0,74.26000213623047,55.8,94.98,4.29,0.661,0.4201,45.5362,27.82952117919922
2011-08-02,3.93,0.16,226.545,9.0,74.51000213623047,55.8,93.78,4.30,0.6433,-0.3788,39.1876,27.4166316986084
2011-08-03,3.89,0.12,226.545,9.0,74.04000091552734,55.8,91.87,4.26,0.6306,-0.73,40.1153,27.457914352416992
2011-08-04,3.70,0.09,226.545,9.0,75.12000274658203,55.8,86.75,4.20,0.6878,-3.0094,25.7259,26.0953426361084
2011-08-05,3.82,0.08,226.545,9.0,74.5999984741211,55.8,86.89,4.00,0.7386,-3.1609,24.1691,25.8751277923584
2011-08-08,3.68,0.11,226.545,9.0,74.79000091552734,55.8,81.27,4.00,0.884,-5.2543,13.8597,23.439022064208984
2011-08-09,3.56,0.1,226.545,9.0,74.61000061035156,55.8,79.32,4.06,0.9635,-3.4707,34.4086,25.04932975769043
2011-08-10,3.54,0.1,226.545,9.0,74.63999938964844,55.8,83.05,4.09,1.0135,-4.3384,27.9758,23.652345657348633
2011-08-11,3.82,0.09,226.545,9.0,74.68000030517578,55.8,85.48,4.06,1.0853,-2.7477,41.794,25.248910903930664
2011-08-12,3.72,0.1,226.545,9.0,74.61000061035156,55.8,85.19,4.17,1.1194,-3.1264,38.9989,24.71213150024414
2011-08-15,3.75,0.1,226.545,9.0,73.83999633789062,55.8,87.88,4.05,1.0999,-2.4516,44.1591,25.379655838012695
2011-08-16,3.67,0.09,226.545,9.0,74.01000213623047,55.8,86.65,4.03,1.076,-2.6237,40.7988,24.794702529907227
2011-08-17,3.57,0.09,226.545,9.0,73.66999816894531,55.8,87.58,3.98,1.0596,-2.2932,43.8166,25.166311264038086
2011-08-18,3.45,0.09,226.545,9.0,74.23999786376953,55.8,82.38,3.98,1.0857,-1.88,38.2763,24.216650009155273
2011-08-19,3.39,0.09,226.545,9.0,73.98999786376953,55.8,82.33,3.99,1.0692,-2.2381,35.2608,23.638586044311523
2011-08-22,3.42,0.09,226.545,9.0,74.06999969482422,55.8,84.42,3.97,1.0828,-0.4476,32.115,22.9917049407959
2011-08-23,3.47,0.08,226.545,9.0,73.87000274658203,55.8,85.35,4.01,1.128,-1.1156,40.6846,23.93449592590332
2011-08-24,3.63,0.08,226.545,9.0,74.01000213623047,55.8,84.99,4.10,1.1128,1.0054,46.4421,24.65707015991211
2011-08-25,3.60,0.08,226.545,9.0,74.27999877929688,55.8,85.15,4.01,1.1883,-0.668,45.9232,24.581377029418945
2011-08-26,3.54,0.09,226.545,9.0,73.80999755859375,55.8,85.37,3.96,1.1851,0.2066,48.7569,24.918567657470703
2011-08-29,3.63,0.09,226.545,9.0,73.72000122070312,55.8,87.27,3.93,1.1707,0.5234,56.1993,25.902664184570312
2011-08-30,3.53,0.08,226.545,9.0,73.94000244140625,55.8,88.90,3.85,1.1348,0.7093,52.7469,25.503520965576172
2011-08-31,3.60,0.08,226.545,9.0,74.12999725341797,55.8,88.81,3.97,1.1015,0.6818,55.3729,25.847606658935547
2011-09-01,3.51,0.08,226.889,9.0,74.4800033569336,59.5,88.93,4.18,1.0981,0.7644,47.9168,24.980512619018555
2011-09-02,3.32,0.08,226.889,9.0,74.75,59.5,86.45,4.12,1.1077,0.1928,39.9875,23.831268310546875
2011-09-06,3.26,0.09,226.889,9.0,75.91999816894531,59.5,85.99,3.93,1.1196,0.0207,35.3552,23.01235008239746
2011-09-07,3.36,0.09,226.889,9.0,75.45999908447266,59.5,89.34,3.96,1.1153,0.0275,43.7512,23.962024688720703
2011-09-08,3.32,0.09,226.889,9.0,76.23999786376953,59.5,89.05,3.99,1.108,-1.5976,38.4799,23.060522079467773
2011-09-09,3.26,0.09,226.889,9.0,77.19000244140625,59.5,87.24,3.96,1.1066,-2.5067,33.5736,22.07644271850586
2011-09-12,3.24,0.09,226.889,9.0,77.56999969482422,59.5,88.19,3.92,1.087,-2.6099,35.7382,22.31041717529297
2011-09-13,3.32,0.09,226.889,9.0,76.91000366210938,59.5,90.21,3.96,1.0704,-3.5465,36.2136,22.35859489440918
2011-09-14,3.32,0.08,226.889,9.0,76.83000183105469,59.5,88.91,4.01,1.0594,-2.9336,38.4544,22.571922302246094
2011-09-15,3.36,0.09,226.889,9.0,76.23999786376953,59.5,89.40,4.04,1.0339,-2.5824,45.3982,23.2669677734375
2011-09-16,3.34,0.09,226.889,9.0,76.58000183105469,59.5,87.96,3.84,1.0215,-1.9764,43.3534,23.005470275878906
2011-09-19,3.22,0.09,226.889,9.0,77.38999938964844,59.5,85.70,3.78,1.0125,-1.4737,38.5777,22.35859489440918
2011-09-20,3.20,0.09,226.889,9.0,77.02999877929688,59.5,86.92,3.84,0.9677,-0.8195,37.4086,22.193431854248047
2011-09-21,3.03,0.08,226.889,9.0,77.33999633789062,59.5,85.77,3.78,1.0063,-3.0851,29.503,20.879024505615234
2011-09-22,2.78,0.08,226.889,9.0,78.37999725341797,59.5,80.29,3.72,1.0235,-2.9198,26.0732,20.14269256591797
2011-09-23,2.89,0.08,226.889,9.0,78.30000305175781,59.5,79.58,3.74,0.9965,-1.7147,28.8228,20.362899780273438
2011-09-26,2.99,0.08,226.889,9.0,78.36000061035156,59.5,79.97,3.80,1.0346,-0.5303,43.7795,21.780529022216797
2011-09-27,3.08,0.08,226.889,9.0,77.51000213623047,59.5,84.18,3.92,1.0531,-0.6335,43.3861,21.725479125976562
2011-09-28,3.10,0.08,226.889,9.0,77.8499984741211,59.5,80.94,3.88,1.0556,-1.6045,38.1489,20.968486785888672
2011-09-29,3.03,0.08,226.889,9.0,77.91999816894531,59.5,81.87,3.77,1.0624,-1.6665,44.3873,21.601600646972656
2011-09-30,2.90,0.06,226.889,9.0,78.55000305175781,59.5,78.93,3.68,1.0494,-2.2794,38.4404,20.727630615234375
2011-10-03,2.76,0.08,226.421,8.8,79.44999694824219,60.8,77.34,3.57,1.0758,-2.6444,32.7904,19.716026306152344
2011-10-04,2.77,0.07,226.421,8.8,79.5999984741211,60.8,75.40,3.56,1.1269,-1.1982,44.3002,21.007286071777344
2011-10-05,2.87,0.07,226.421,8.8,78.91000366210938,60.8,79.41,3.63,1.1342,0.5198,47.4443,21.409934997558594
2011-10-06,2.96,0.07,226.421,8.8,78.52999877929688,60.8,82.32,3.49,1.1544,2.3259,54.9471,22.479040145874023
2011-10-07,3.02,0.07,226.421,8.8,78.72000122070312,60.8,82.70,3.40,1.1691,0.9391,46.8416,21.312746047973633
2011-10-10,.,0.07,226.421,8.8,77.5999984741211,60.8,85.14,3.41,1.166,0.6314,54.0192,22.423503875732422
2011-10-11,3.11,0.07,226.421,8.8,77.58000183105469,60.8,85.54,3.52,1.1457,0.6865,54.0192,22.423503875732422
2011-10-12,3.19,0.07,226.421,8.8,76.98999786376953,60.8,85.30,3.54,1.1417,2.0689,57.961,23.048309326171875
2011-10-13,3.15,0.07,226.421,8.8,76.98999786376953,60.8,83.96,3.42,1.1732,0.3244,49.5674,21.937549591064453
2011-10-14,3.22,0.07,226.421,8.8,76.62000274658203,60.8,86.80,3.49,1.135,1.4003,50.9965,22.138874053955078
2011-10-17,3.13,0.07,226.421,8.8,77.13999938964844,60.8,86.38,3.72,1.1095,1.8224,46.6878,21.54878044128418
2011-10-18,3.17,0.07,226.421,8.8,77.12999725341797,60.8,88.34,3.63,1.1483,1.8122,55.6513,22.819210052490234
2011-10-19,3.17,0.07,226.421,8.8,77.11000061035156,60.8,86.11,3.59,1.1645,0.979,52.3387,22.3887939453125
2011-10-20,3.19,0.07,226.421,8.8,76.97000122070312,60.8,86.07,3.61,1.1567,0.5207,56.4289,22.99971580505371
2011-10-21,3.26,0.07,226.421,8.8,76.30000305175781,60.8,87.19,3.54,1.1251,1.8886,57.7563,23.201038360595703
2011-10-24,3.27,0.07,226.421,8.8,76.0199966430664,60.8,91.12,3.61,1.1078,1.5761,62.7558,23.99940299987793
2011-10-25,3.13,0.07,226.421,8.8,76.25,60.8,92.98,3.62,1.0887,0.8263,55.8577,23.2496395111084
2011-10-26,3.22,0.08,226.421,8.8,76.19999694824219,60.8,90.20,3.65,1.0565,0.6804,59.0528,23.728647232055664
2011-10-27,3.45,0.07,226.421,8.8,74.87000274658203,60.8,93.96,3.59,1.1477,3.5203,68.2636,25.700258255004883
2011-10-28,3.36,0.07,226.421,8.8,75.08999633789062,60.8,93.32,3.63,1.1049,3.3328,68.3272,25.471168518066406
2011-10-31,3.16,0.09,226.421,8.8,76.16999816894531,60.8,93.19,3.66,1.1232,2.5829,56.2447,24.13130760192871
2011-11-01,2.99,0.08,226.23,8.6,77.26000213623047,63.7,92.19,3.49,1.1878,-0.1111,46.5333,22.70814323425293
2011-11-02,3.03,0.08,226.23,8.6,77.01000213623047,63.7,92.51,3.39,1.154,0.9651,50.8141,23.35376739501953
2011-11-03,3.10,0.09,226.23,8.6,76.66999816894531,63.7,94.07,3.39,1.1549,0.8679,54.0656,23.867496490478516
2011-11-04,3.09,0.08,226.23,8.6,76.91000366210938,63.7,94.26,3.44,1.1185,0.3819,51.9514,23.58285903930664
2011-11-07,3.05,0.08,226.23,8.6,76.95999908447266,63.7,95.52,3.35,1.0699,-0.2291,53.288,23.770305633544922
2011-11-08,3.13,0.08,226.23,8.6,76.66999816894531,63.7,96.80,3.42,1.051,1.0623,57.117,24.311798095703125
2011-11-09,3.03,0.08,226.23,8.6,77.93000030517578,63.7,95.74,3.55,1.1069,-1.1387,44.291,22.590126037597656
2011-11-10,3.12,0.08,226.23,8.6,77.63999938964844,63.7,97.78,3.48,1.0749,-2.7287,45.3899,22.728961944580078
2011-11-11,.,0.08,226.23,8.6,76.94000244140625,63.7,98.99,3.29,1.0532,-2.3677,48.4408,23.103843688964844
2011-11-14,3.09,0.08,226.23,8.6,77.55999755859375,63.7,98.14,3.17,1.0305,-1.5345,44.6905,22.597057342529297
2011-11-15,3.10,0.09,226.23,8.6,77.87999725341797,63.7,99.37,3.12,1.008,-0.0069,45.6512,22.701202392578125
2011-11-16,3.05,0.08,226.23,8.6,78.16000366210938,63.7,102.59,3.11,1.0005,-1.5067,39.4139,21.8472957611084
2011-11-17,2.98,0.08,226.23,8.6,78.29000091552734,63.7,98.82,3.11,0.9865,-2.7009,35.1611,21.166954040527344
2011-11-18,2.99,0.08,226.23,8.6,78.0199966430664,63.7,97.67,3.01,0.9416,-2.326,36.1761,21.257211685180664
2011-11-21,2.96,0.08,226.23,8.6,78.30000305175781,63.7,96.73,2.94,0.9249,-3.0064,33.0376,20.76430892944336
2011-11-22,2.91,0.08,226.23,8.6,78.2300033569336,63.7,97.76,3.06,0.8946,-3.8952,30.9373,20.417190551757812
2011-11-23,2.82,0.09,226.23,8.6,79.0,63.7,96.16,2.84,0.8842,-2.8884,27.0076,19.70214080810547
2011-11-25,2.92,0.07,226.23,8.6,79.61000061035156,63.7,96.91,2.84,0.8652,-2.9578,27.9943,19.77155876159668
2011-11-28,2.93,0.08,226.23,8.6,79.29000091552734,63.7,98.21,3.09,0.8823,-2.8606,34.6668,20.243635177612305
2011-11-29,2.96,0.08,226.23,8.6,79.0,63.7,99.79,3.39,0.853,-2.7704,31.7796,19.82710075378418
2011-11-30,3.06,0.1,226.23,8.6,78.38999938964844,63.7,100.36,3.53,0.9131,-1.2012,50.2656,21.500186920166016
2011-12-01,3.12,0.08,225.672,8.5,78.31999969482422,69.9,100.20,3.49,0.8945,-0.7013,47.2547,21.146127700805664
2011-12-02,3.03,0.08,225.672,8.5,78.62999725341797,69.9,100.97,3.35,0.9699,1.2776,57.6013,22.444337844848633
2011-12-05,3.02,0.08,225.672,8.5,78.61000061035156,69.9,100.94,3.38,0.9884,2.0066,62.7275,23.263519287109375
2011-12-06,3.09,0.08,225.672,8.5,78.51000213623047,69.9,101.25,3.43,0.9625,2.3052,60.7897,23.069135665893555
2011-12-07,3.04,0.08,225.672,8.5,78.4800033569336,69.9,100.45,3.45,0.9666,3.187,64.1716,23.60369300842285
2011-12-08,3.00,0.07,225.672,8.5,78.80999755859375,69.9,98.35,3.42,0.9928,2.6662,52.5334,22.36796760559082
2011-12-09,3.10,0.07,225.672,8.5,78.62999725341797,69.9,99.40,3.29,0.976,3.2633,57.1864,23.034425735473633
2011-12-12,3.06,0.07,225.672,8.5,79.56999969482422,69.9,97.77,3.13,0.9767,1.9997,50.6369,22.243003845214844
2011-12-13,2.98,0.07,225.672,8.5,80.25,69.9,100.24,3.12,0.9942,1.8955,46.7251,21.722341537475586
2011-12-14,2.91,0.07,225.672,8.5,80.52999877929688,69.9,94.92,3.08,0.9782,0.3749,48.0335,21.875070571899414
2011-12-15,2.92,0.07,225.672,8.5,80.23999786376953,69.9,93.84,3.05,0.9465,0.9026,49.5966,22.04862403869629
2011-12-16,2.86,0.07,225.672,8.5,80.25,69.9,93.55,3.01,0.9206,-0.3055,50.4575,22.138874053955078
2011-12-19,2.79,0.07,225.672,8.5,80.25,69.9,93.86,3.03,0.9282,-1.9511,42.9889,21.312746047973633
2011-12-20,2.93,0.07,225.672,8.5,79.87999725341797,69.9,97.16,3.06,0.9482,-0.7082,52.8323,22.361034393310547
2011-12-21,3.00,0.07,225.672,8.5,80.0199966430664,69.9,98.54,3.05,0.9058,-1.1665,53.4824,22.437387466430664
2011-12-22,2.99,0.07,225.672,8.5,79.91999816894531,69.9,99.42,3.08,0.9021,0.854,59.8056,23.22186279296875
2011-12-23,3.05,0.08,225.672,8.5,80.01000213623047,69.9,99.72,2.97,0.8659,0.2708,60.4402,23.305171966552734
2011-12-27,3.04,0.07,225.672,8.5,79.79000091552734,69.9,101.29,3.09,0.8368,0.6874,56.0186,22.930288314819336
2011-12-28,2.91,0.07,225.672,8.5,80.48999786376953,69.9,99.44,3.07,0.8026,0.9443,52.9877,22.66648292541504
2011-12-29,2.90,0.07,225.672,8.5,80.4800033569336,69.9,99.68,3.03,0.7885,1.3262,58.0927,23.201038360595703
2011-12-30,2.89,0.04,225.672,8.5,80.16999816894531,69.9,98.83,2.98,0.75,1.0346,56.5854,23.083019256591797
2012-01-03,2.98,0.07,226.665,8.3,79.61000061035156,75.0,102.96,2.97,0.7926,2.1455,66.4333,24.284025192260742
2012-01-04,3.03,0.07,226.665,8.3,80.08999633789062,75.0,103.22,2.96,0.777,3.1245,67.4757,24.43785858154297
2012-01-05,3.06,0.07,226.665,8.3,80.94000244140625,75.0,101.81,2.91,0.7972,2.5865,70.8385,24.948291778564453
2012-01-06,3.02,0.07,226.665,8.3,81.23999786376953,75.0,101.56,2.85,0.7717,2.2864,67.4422,24.724538803100586
2012-01-09,3.02,0.08,226.665,8.3,81.05000305175781,75.0,101.31,2.89,0.751,1.4598,66.7752,24.682586669921875
2012-01-10,3.04,0.08,226.665,8.3,80.80000305175781,75.0,102.24,2.97,0.7498,1.901,70.7877,25.20700454711914
2012-01-11,2.96,0.08,226.665,8.3,81.3499984741211,75.0,100.89,2.81,0.7502,2.7025,73.6622,25.63353157043457
2012-01-12,2.97,0.08,226.665,8.3,80.7699966430664,75.0,99.03,2.70,0.7406,3.0992,74.5296,25.766389846801758
2012-01-13,2.91,0.09,226.665,8.3,81.43000030517578,75.0,98.69,2.67,0.7736,1.9142,63.2084,25.116104125976562
2012-01-17,2.89,0.09,226.665,8.3,81.18000030517578,75.0,100.70,2.51,0.7893,1.326,53.417,24.40988540649414
2012-01-18,2.96,0.09,226.665,8.3,80.5999984741211,75.0,100.61,2.49,0.8403,1.2646,63.5436,25.549623489379883
2012-01-19,3.05,0.1,226.665,8.3,80.20999908447266,75.0,100.32,2.36,0.8107,1.3846,65.5354,25.822330474853516
2012-01-20,3.10,0.09,226.665,8.3,80.22000122070312,75.0,98.15,2.23,0.7918,1.1748,67.6975,26.12299156188965
2012-01-23,3.15,0.09,226.665,8.3,79.69000244140625,75.0,99.47,2.39,0.7687,1.6084,69.1955,26.3327579498291
2012-01-24,3.15,0.09,226.665,8.3,79.86000061035156,75.0,98.84,2.60,0.7682,1.6503,69.1955,26.3327579498291
2012-01-25,3.13,0.08,226.665,8.3,79.56999969482422,75.0,99.23,2.61,0.7483,1.0839,68.4122,26.290807723999023
2012-01-26,3.10,0.08,226.665,8.3,79.41000366210938,75.0,99.76,2.68,0.7373,0.5804,66.8701,26.21389389038086
2012-01-27,3.07,0.09,226.665,8.3,78.9000015258789,75.0,99.47,2.59,0.7101,0.2517,62.8624,26.018110275268555
2012-01-30,2.99,0.09,226.665,8.3,79.16000366210938,75.0,98.75,2.71,0.7018,0.7622,60.008,25.878263473510742
2012-01-31,2.94,0.11,226.665,8.3,79.27999877929688,75.0,98.46,2.51,0.6824,1.6713,62.7342,26.081035614013672
2012-02-01,3.01,0.11,227.663,8.3,78.91999816894531,75.3,97.63,2.32,0.6701,0.7413,65.4419,26.290807723999023
2012-02-02,3.01,0.11,227.663,8.3,78.97000122070312,75.3,96.36,2.30,0.6592,0.4336,64.573,26.255842208862305
2012-02-03,3.13,0.11,227.663,8.3,78.94000244140625,75.3,97.80,2.40,0.6596,0.6434,70.8511,26.766277313232422
2012-02-06,3.08,0.11,227.663,8.3,79.08999633789062,75.3,96.89,2.46,0.6382,0.3357,68.273,26.668376922607422
2012-02-07,3.14,0.11,227.663,8.3,78.56999969482422,75.3,98.55,2.60,0.6146,0.1469,63.3345,26.479595184326172
2012-02-08,3.14,0.11,227.663,8.3,78.63999938964844,75.3,98.80,2.48,0.5947,0.4895,67.4951,26.780258178710938
2012-02-09,3.20,0.11,227.663,8.3,78.55999755859375,75.3,99.88,2.50,0.5942,0.2587,59.7823,26.472599029541016
2012-02-10,3.11,0.12,227.663,8.3,79.11000061035156,75.3,98.68,2.51,0.5892,0.2797,55.7597,26.29779815673828
2012-02-13,3.14,0.12,227.663,8.3,78.94000244140625,75.3,100.39,2.42,0.5836,0.9021,63.3271,26.780258178710938
2012-02-14,3.06,0.12,227.663,8.3,79.58000183105469,75.3,100.82,2.48,0.5848,0.4336,57.3268,26.514556884765625
2012-02-15,3.09,0.12,227.663,8.3,79.66999816894531,75.3,101.82,2.54,0.5975,-0.1399,50.1079,26.150962829589844
2012-02-16,3.14,0.11,227.663,8.3,79.33999633789062,75.3,102.33,2.47,0.6083,0.3147,57.043,26.57049560546875
2012-02-17,3.16,0.09,227.663,8.3,79.33000183105469,75.3,103.27,2.67,0.5968,0.1329,61.6791,26.89913558959961
2012-02-21,3.20,0.1,227.663,8.3,79.04000091552734,75.3,105.88,2.63,0.5824,0.2238,61.5222,26.89212417602539
2012-02-22,3.15,0.08,227.663,8.3,79.20999908447266,75.3,105.99,2.60,0.5688,0.1399,55.4114,26.619434356689453
2012-02-23,3.13,0.08,227.663,8.3,78.80999755859375,75.3,107.44,2.68,0.5666,0.1329,60.1479,26.913105010986328
2012-02-24,3.10,0.09,227.663,8.3,78.3499984741211,75.3,109.39,2.60,0.5506,0.2937,56.7961,26.766277313232422
2012-02-27,3.04,0.1,227.663,8.3,78.55999755859375,75.3,108.49,2.55,0.5832,1.014,64.8743,27.311670303344727
2012-02-28,3.07,0.1,227.663,8.3,78.2699966430664,75.3,106.59,2.44,0.5766,0.6364,66.2238,27.416555404663086
2012-02-29,3.08,0.1,227.663,8.3,78.7300033569336,75.3,107.08,2.44,0.5811,0.9231,66.5097,27.437524795532227
2012-03-01,3.15,0.11,229.392,8.2,78.77999877929688,76.2,108.76,2.45,0.6,2.0769,75.2708,28.227643966674805
2012-03-02,3.11,0.11,229.392,8.2,79.4000015258789,76.2,106.68,2.38,0.5897,1.8391,76.821,28.409442901611328
2012-03-05,3.13,0.11,229.392,8.2,79.31999969482422,76.2,106.70,2.31,0.583,1.3496,72.3624,28.248624801635742
2012-03-06,3.08,0.11,229.392,8.2,79.86000061035156,76.2,104.71,2.30,0.6053,0.6014,55.5432,27.493467330932617
2012-03-07,3.12,0.11,229.392,8.2,79.70999908447266,76.2,106.16,2.24,0.599,1.3147,61.3637,27.93397331237793
2012-03-08,3.18,0.11,229.392,8.2,79.16000366210938,76.2,106.65,2.24,0.5962,1.3636,65.2909,28.27658462524414
2012-03-09,3.19,0.12,229.392,8.2,80.04000091552734,76.2,107.40,2.21,0.6036,1.9231,69.4459,28.68913459777832
2012-03-12,3.17,0.12,229.392,8.2,79.87000274658203,76.2,106.34,2.17,0.6019,1.035,62.5376,28.346527099609375
2012-03-13,3.26,0.12,229.392,8.2,80.19000244140625,76.2,106.70,2.15,0.7182,2.9231,77.1971,30.339309692382812
2012-03-14,3.43,0.13,229.392,8.2,80.55999755859375,76.2,105.49,2.13,0.7134,3.0349,77.8394,30.472158432006836
2012-03-15,3.41,0.14,229.392,8.2,80.1500015258789,76.2,105.19,2.07,0.7618,3.028,81.2912,31.25529670715332
2012-03-16,3.41,0.15,229.392,8.2,79.77999877929688,76.2,107.03,2.01,0.7424,2.7552,79.6904,31.16438102722168
2012-03-19,3.48,0.15,229.392,8.2,79.44999694824219,76.2,108.09,2.14,0.7463,3.2168,81.0611,31.465072631835938
2012-03-20,3.46,0.15,229.392,8.2,79.58999633789062,76.2,105.68,2.19,0.7544,4.2377,82.2382,31.730772018432617
2012-03-21,3.38,0.15,229.392,8.2,79.62999725341797,76.2,106.87,2.21,0.741,3.6154,78.5278,31.548969268798828
2012-03-22,3.37,0.14,229.392,8.2,79.73999786376953,76.2,104.98,2.19,0.7235,2.944,72.0028,31.22032928466797
2012-03-23,3.31,0.14,229.392,8.2,79.33999633789062,76.2,106.43,2.07,0.7123,2.8881,74.5522,31.576927185058594
2012-03-26,3.33,0.14,229.392,8.2,78.93000030517578,76.2,107.07,2.16,0.7119,3.937,78.8,32.28315353393555
2012-03-27,3.29,0.14,229.392,8.2,79.04000091552734,76.2,107.32,2.09,0.694,1.7482,74.9464,32.08736038208008
2012-03-28,3.31,0.13,229.392,8.2,79.16000366210938,76.2,105.40,2.05,0.6919,1.8811,76.6671,32.35307693481445
2012-03-29,3.27,0.13,229.392,8.2,79.18000030517578,76.2,102.79,2.02,0.6924,0.6783,68.4229,31.93354034423828
2012-03-30,3.35,0.09,229.392,8.2,78.93000030517578,76.2,103.03,2.00,0.6744,0.986,70.2589,32.150299072265625
2012-04-02,3.35,0.15,230.085,8.2,78.81999969482422,76.4,105.25,1.88,0.6707,0.7902,71.1604,32.25517654418945
2012-04-03,3.41,0.15,230.085,8.2,79.4800033569336,76.4,104.02,1.94,0.6738,0.2378,65.1618,31.966615676879883
2012-04-04,3.37,0.15,230.085,8.2,79.76000213623047,76.4,101.53,2.06,0.6991,-0.2914,52.8801,31.255779266357422
2012-04-05,3.32,0.15,230.085,8.2,80.06999969482422,76.4,103.29,1.98,0.6954,-0.012,52.1235,31.20651626586914
2012-04-09,3.18,0.16,230.085,8.2,79.7300033569336,76.4,102.45,1.99,0.7096,-0.6854,47.2908,30.88980484008789
2012-04-10,3.13,0.15,230.085,8.2,79.88999938964844,76.4,101.12,1.99,0.7268,-2.0463,38.9897,30.235273361206055
2012-04-11,3.18,0.16,230.085,8.2,79.77999877929688,76.4,102.66,1.91,0.7377,-1.1114,49.9999,30.97426986694336
2012-04-12,3.22,0.15,230.085,8.2,79.27999877929688,76.4,103.69,1.87,0.7348,-0.7929,56.8407,31.55841636657715
2012-04-13,3.14,0.15,230.085,8.2,79.87999725341797,76.4,102.84,1.87,0.7774,-1.5207,43.7727,30.411209106445312
2012-04-16,3.12,0.15,230.085,8.2,79.55000305175781,76.4,102.92,1.88,0.7701,-1.653,44.8106,30.495677947998047
2012-04-17,3.15,0.16,230.085,8.2,79.47000122070312,76.4,104.23,1.89,0.7573,-1.3567,49.71,30.896835327148438
2012-04-18,3.13,0.15,230.085,8.2,79.52999877929688,76.4,102.65,1.87,0.7354,-1.4993,44.9636,30.467525482177734
2012-04-19,3.12,0.13,230.085,8.2,79.55999755859375,76.4,102.38,1.85,0.7291,-0.8377,44.4228,30.41826820373535
2012-04-20,3.12,0.12,230.085,8.2,79.18000030517578,76.4,103.58,1.82,0.7208,-1.1403,40.5518,30.066368103027344
2012-04-23,3.08,0.13,230.085,8.2,79.41999816894531,76.4,102.68,1.89,0.7276,-0.7321,42.0116,30.157848358154297
2012-04-24,3.12,0.14,230.085,8.2,79.22000122070312,76.4,103.10,1.97,0.7008,0.2253,46.8117,30.460493087768555
2012-04-25,3.15,0.15,230.085,8.2,79.01000213623047,76.4,103.72,1.99,0.6965,-0.5983,45.6402,30.376026153564453
2012-04-26,3.13,0.14,230.085,8.2,78.91000366210938,76.4,104.56,2.10,0.6885,-0.7321,52.6605,30.826461791992188
2012-04-27,3.12,0.13,230.085,8.2,78.69999694824219,76.4,104.86,2.05,0.6775,0.0915,47.7371,30.502714157104492
2012-04-30,3.12,0.16,230.085,8.2,78.79000091552734,76.4,104.89,2.10,0.6709,-0.2464,44.1479,30.24934196472168
2012-05-01,3.16,0.16,229.815,8.2,78.86000061035156,79.3,106.17,2.29,0.6873,-0.0774,52.9851,30.819433212280273
2012-05-02,3.11,0.15,229.815,8.2,79.12999725341797,79.3,105.25,2.31,0.686,-0.0634,46.9703,30.404193878173828
2012-05-03,3.12,0.15,229.815,8.2,79.22000122070312,79.3,102.56,2.29,0.6732,-0.1478,45.1369,30.270458221435547
2012-05-04,3.07,0.16,229.815,8.2,79.47000122070312,79.3,98.49,2.30,0.6905,-0.6828,35.0546,29.383678436279297
2012-05-07,3.07,0.16,229.815,8.2,79.5999984741211,79.3,97.86,2.30,0.6927,-0.7532,35.4362,29.404796600341797
2012-05-08,3.03,0.16,229.815,8.2,79.7300033569336,79.3,97.13,2.27,0.6879,-1.3374,32.5991,29.12325668334961
2012-05-09,3.03,0.15,229.815,8.2,80.08000183105469,79.3,96.80,2.36,0.7022,-1.7739,27.9923,28.602453231811523
2012-05-10,3.07,0.15,229.815,8.2,80.11000061035156,79.3,97.10,2.36,0.6952,-2.154,29.4884,28.672832489013672
2012-05-11,3.02,0.15,229.815,8.2,80.27999877929688,79.3,96.03,2.37,0.8527,-4.491,15.7468,26.012470245361328
2012-05-14,2.95,0.16,229.815,8.2,80.5999984741211,79.3,94.75,2.41,0.8522,-5.0611,13.5717,25.18902587890625
2012-05-15,2.91,0.16,229.815,8.2,81.22000122070312,79.3,93.97,2.38,0.8657,-5.3146,18.3891,25.505741119384766
2012-05-16,2.90,0.16,229.815,8.2,81.37000274658203,79.3,92.78,2.50,0.8803,-5.4483,16.6064,24.956769943237305
2012-05-17,2.80,0.16,229.815,8.2,81.37999725341797,79.3,92.53,2.60,0.8969,-6.3915,13.7098,23.879959106445312
2012-05-18,2.80,0.16,229.815,8.2,81.29000091552734,79.3,91.51,2.56,0.8841,-5.8143,12.986,23.570280075073242
2012-05-21,2.80,0.16,229.815,8.2,81.08000183105469,79.3,92.57,2.60,0.8938,-6.5253,11.4854,22.880556106567383
2012-05-22,2.88,0.16,229.815,8.2,81.66999816894531,79.3,91.44,2.55,0.9341,-5.1879,26.0234,23.936256408691406
2012-05-23,2.81,0.15,229.815,8.2,82.08999633789062,79.3,89.40,2.60,0.9282,-4.491,28.207,24.112205505371094
2012-05-24,2.86,0.15,229.815,8.2,82.29000091552734,79.3,90.36,2.66,0.9051,-4.7655,27.1732,23.90810203552246
2012-05-25,2.85,0.15,229.815,8.2,82.4000015258789,79.3,90.64,2.56,0.8827,-2.4355,25.4908,23.577314376831055
2012-05-29,2.85,0.16,229.815,8.2,82.44000244140625,79.3,90.75,2.50,0.8518,-1.5205,26.8821,23.668811798095703
2012-05-30,2.72,0.16,229.815,8.2,83.01000213623047,79.3,87.79,2.39,0.8252,-2.3088,24.2853,23.197269439697266
2012-05-31,2.67,0.16,229.815,8.2,83.04000091552734,79.3,86.52,2.34,0.7944,-1.626,26.5218,23.33099365234375
2012-06-01,2.53,0.16,229.478,8.2,82.88999938964844,73.2,83.17,2.24,0.807,-1.4078,21.9054,22.472352981567383
2012-06-04,2.56,0.17,229.478,8.2,82.55000305175781,73.2,83.95,2.32,0.8168,-1.7527,19.0909,21.81781578063965
2012-06-05,2.63,0.17,229.478,8.2,82.80000305175781,73.2,84.31,2.39,0.8223,-0.366,29.7647,22.514577865600586
2012-06-06,2.73,0.16,229.478,8.2,82.31999969482422,73.2,85.05,2.41,0.8299,-0.6617,39.4474,23.274686813354492
2012-06-07,2.75,0.16,229.478,8.2,82.05000305175781,73.2,84.78,2.33,0.8224,-1.0207,38.0445,23.091699600219727
2012-06-08,2.77,0.17,229.478,8.2,82.51000213623047,73.2,84.08,2.22,0.8205,-0.2041,45.28,23.704002380371094
2012-06-11,2.71,0.17,229.478,8.2,82.51000213623047,73.2,82.58,2.22,0.8454,-0.4787,40.1322,23.098730087280273
2012-06-12,2.77,0.16,229.478,8.2,82.41000366210938,73.2,83.35,2.17,0.8488,0.0985,47.4632,23.767345428466797
2012-06-13,2.70,0.17,229.478,8.2,82.05000305175781,73.2,82.56,2.18,0.8606,0.9432,51.1697,24.140363693237305
2012-06-14,2.73,0.17,229.478,8.2,81.9000015258789,73.2,83.83,2.20,0.8404,1.0559,53.5731,24.386690139770508
2012-06-15,2.70,0.18,229.478,8.2,81.58999633789062,73.2,84.03,2.44,0.8135,2.1821,56.1752,24.65413475036621
2012-06-18,2.67,0.17,229.478,8.2,81.94000244140625,73.2,83.26,2.45,0.7956,2.5482,52.6384,24.365581512451172
2012-06-19,2.73,0.17,229.478,8.2,81.37000274658203,73.2,83.99,2.59,0.7896,2.3863,58.075,24.90045738220215
2012-06-20,2.72,0.16,229.478,8.2,81.48999786376953,73.2,81.06,2.60,0.8116,2.3792,64.4574,25.653539657592773
2012-06-21,2.68,0.17,229.478,8.2,82.31999969482422,73.2,77.91,2.48,0.8341,1.9006,56.1184,24.991958618164062
2012-06-22,2.75,0.17,229.478,8.2,82.22000122070312,73.2,79.33,2.50,0.8238,1.626,59.1192,25.32977867126465
2012-06-25,2.69,0.17,229.478,8.2,82.45999908447266,73.2,78.76,2.70,0.8328,1.7598,53.4503,24.858240127563477
2012-06-26,2.71,0.16,229.478,8.2,82.37000274658203,73.2,79.34,2.70,0.8136,1.3656,56.1686,25.132719039916992
2012-06-27,2.70,0.15,229.478,8.2,82.55999755859375,73.2,80.27,2.87,0.8218,1.7457,62.7922,25.885786056518555
2012-06-28,2.67,0.15,229.478,8.2,82.66999816894531,73.2,77.72,2.81,0.8602,0.8658,55.0216,25.25237274169922
2012-06-29,2.76,0.09,229.478,8.2,81.6500015258789,73.2,85.04,2.74,0.8767,0.4927,53.7889,25.146791458129883
2012-07-02,2.69,0.18,229.104,8.2,81.87000274658203,72.3,83.72,2.73,0.8528,1.1685,57.654,25.533885955810547
2012-07-03,2.74,0.17,229.104,8.2,81.77999877929688,72.3,87.74,2.78,0.8225,0.5631,56.696,25.46291732788086
2012-07-05,2.72,0.17,229.104,8.2,82.80999755859375,72.3,87.11,2.90,0.8479,-1.2548,44.3197,24.39841079711914
2012-07-06,2.66,0.17,229.104,8.2,83.29000091552734,72.3,84.37,2.94,0.8203,-0.9338,41.1276,24.057767868041992
2012-07-09,2.62,0.17,229.104,8.2,83.16000366210938,72.3,85.93,2.79,0.7911,-1.2291,41.7107,24.100353240966797
2012-07-10,2.60,0.17,229.104,8.2,83.36000061035156,72.3,83.92,2.87,0.7671,-0.5516,44.6545,24.306154251098633
2012-07-11,2.60,0.17,229.104,8.2,83.56999969482422,72.3,85.88,2.72,0.7467,-0.5848,48.0709,24.547441482543945
2012-07-12,2.57,0.18,229.104,8.2,83.6500015258789,72.3,86.02,2.83,0.7263,-1.7284,43.2701,24.157129287719727
2012-07-13,2.58,0.19,229.104,8.2,83.30000305175781,72.3,87.15,2.88,0.784,0.346,59.7537,25.59775161743164
2012-07-16,2.56,0.18,229.104,8.2,83.08999633789062,72.3,88.41,2.92,0.7959,-0.244,51.6964,24.90227508544922
2012-07-17,2.59,0.17,229.104,8.2,83.02999877929688,72.3,89.07,2.83,0.8004,-0.7021,50.918,24.83131217956543
2012-07-18,2.59,0.16,229.104,8.2,82.94999694824219,72.3,89.88,2.84,0.7726,-0.653,50.6637,24.810022354125977
2012-07-19,2.61,0.13,229.104,8.2,82.9000015258789,72.3,92.78,2.99,0.7611,0.0568,46.3747,24.45518684387207
2012-07-20,2.55,0.13,229.104,8.2,83.47000122070312,72.3,91.56,3.03,0.7351,0.0,41.9547,24.057767868041992
2012-07-23,2.52,0.14,229.104,8.2,83.70999908447266,72.3,87.77,3.05,0.7536,0.3407,47.3329,24.440990447998047
2012-07-24,2.47,0.15,229.104,8.2,84.01000213623047,72.3,88.28,3.16,0.7337,0.3407,50.0923,24.64679718017578
2012-07-25,2.46,0.15,229.104,8.2,83.5199966430664,72.3,88.80,3.19,0.7178,0.4117,54.1425,24.959049224853516
2012-07-26,2.49,0.14,229.104,8.2,82.80999755859375,72.3,89.40,3.13,0.7056,1.2563,59.4598,25.413238525390625
2012-07-27,2.63,0.14,229.104,8.2,82.70999908447266,72.3,90.13,3.10,0.7409,0.582,66.6996,26.1796817779541
2012-07-30,2.58,0.14,229.104,8.2,82.79000091552734,72.3,89.80,3.14,0.7361,0.7453,58.6218,25.647428512573242
2012-07-31,2.56,0.13,229.104,8.2,82.63999938964844,72.3,88.08,3.20,0.7048,0.7169,57.1853,25.54808235168457
2012-08-01,2.60,0.14,230.379,8.1,83.05999755859375,74.3,88.99,3.20,0.6839,0.7382,57.1853,25.54808235168457
2012-08-02,2.55,0.14,230.379,8.1,83.33000183105469,74.3,87.22,3.16,0.6979,0.504,48.4891,24.959049224853516
2012-08-03,2.65,0.14,230.379,8.1,82.37999725341797,74.3,91.40,2.91,0.7048,1.5545,56.6147,25.611940383911133
2012-08-06,2.65,0.14,230.379,8.1,82.2699966430664,74.3,92.30,2.90,0.6905,1.3202,58.2837,25.76097869873047
2012-08-07,2.72,0.13,230.379,8.1,82.20999908447266,74.3,93.68,2.99,0.7208,1.6183,63.551,26.26484489440918
2012-08-08,2.75,0.13,230.379,8.1,82.38999938964844,74.3,93.39,2.97,0.7063,1.4125,64.6003,26.371288299560547
2012-08-09,2.78,0.13,230.379,8.1,82.63999938964844,74.3,93.39,2.89,0.6898,0.7879,61.4552,26.20097541809082
2012-08-10,2.74,0.13,230.379,8.1,82.55000305175781,74.3,92.94,2.84,0.671,0.0568,61.8848,26.236459732055664
2012-08-13,2.74,0.13,230.379,8.1,82.44000244140625,74.3,92.76,2.77,0.6456,0.6033,62.0726,26.250652313232422
2012-08-14,2.82,0.13,230.379,8.1,82.4800033569336,74.3,93.40,2.79,0.6329,0.7808,63.1816,26.328716278076172
2012-08-15,2.90,0.13,230.379,8.1,82.6500015258789,74.3,94.35,2.82,0.6111,0.7595,62.6267,26.307416915893555
2012-08-16,2.96,0.13,230.379,8.1,82.36000061035156,74.3,95.66,2.78,0.5953,1.3699,62.9878,26.328716278076172
2012-08-17,2.93,0.13,230.379,8.1,82.5999984741211,74.3,96.00,2.70,0.5731,0.6317,60.3939,26.243555068969727
2012-08-20,2.93,0.13,230.379,8.1,82.45999908447266,74.3,96.03,2.75,0.5676,0.7595,65.5212,26.520328521728516
2012-08-21,2.90,0.13,230.379,8.1,81.91000366210938,74.3,96.55,2.80,0.6026,0.7311,72.3531,26.99579620361328
2012-08-22,2.82,0.13,230.379,8.1,81.48999786376953,74.3,96.89,2.80,0.591,0.4756,67.6826,26.84677505493164
2012-08-23,2.79,0.13,230.379,8.1,81.36000061035156,74.3,95.87,2.81,0.5838,0.22,56.1715,26.420969009399414
2012-08-24,2.79,0.13,230.379,8.1,81.58999633789062,74.3,95.78,2.81,0.5811,0.142,55.1297,26.378381729125977
2012-08-27,2.76,0.13,230.379,8.1,81.66000366210938,74.3,95.54,2.80,0.567,0.1704,56.0357,26.420969009399414
2012-08-28,2.75,0.13,230.379,8.1,81.37000274658203,74.3,96.30,2.71,0.5564,0.0213,54.016,26.35000228881836
2012-08-29,2.77,0.13,230.379,8.1,81.55000305175781,74.3,95.50,2.64,0.5385,0.1633,56.9471,26.470651626586914
2012-08-30,2.75,0.14,230.379,8.1,81.68000030517578,74.3,94.61,2.72,0.5299,-0.142,48.8126,26.186777114868164
2012-08-31,2.68,0.13,230.379,8.1,81.25,74.3,96.47,2.72,0.5195,0.1136,53.2633,26.357101440429688
2012-09-04,2.69,0.14,231.407,7.8,81.31999969482422,78.3,95.34,2.81,0.5057,-0.2555,50.6146,26.26484489440918
2012-09-05,2.70,0.16,231.407,7.8,81.23999786376953,78.3,95.37,2.87,0.4873,-0.6601,52.628,26.33580780029297
2012-09-06,2.80,0.16,231.407,7.8,81.08000183105469,78.3,95.58,2.85,0.5417,0.6104,72.3897,27.45708465576172
2012-09-07,2.81,0.15,231.407,7.8,80.25,78.3,96.41,2.73,0.5456,1.4693,76.5806,27.889986038208008
2012-09-10,2.83,0.15,231.407,7.8,80.36000061035156,78.3,96.52,2.66,0.5599,1.1286,66.6324,27.506759643554688
2012-09-11,2.84,0.15,231.407,7.8,79.86000061035156,78.3,97.03,2.82,0.5655,1.6822,72.7506,28.10289192199707
2012-09-12,2.92,0.15,231.407,7.8,79.73999786376953,78.3,97.02,2.96,0.5581,1.9803,74.7132,28.329965591430664
2012-09-13,2.95,0.15,231.407,7.8,79.26000213623047,78.3,98.30,3.01,0.6191,2.9102,81.544,29.380287170410156
2012-09-14,3.09,0.16,231.407,7.8,78.8499984741211,78.3,98.94,2.94,0.6185,3.3148,82.1591,29.500944137573242
2012-09-17,3.03,0.16,231.407,7.8,79.01000213623047,78.3,96.51,2.83,0.6058,2.8747,75.8783,29.23125648498535
2012-09-18,3.00,0.16,231.407,7.8,79.25,78.3,95.25,2.74,0.5965,3.0167,76.2499,29.280927658081055
2012-09-19,2.97,0.15,231.407,7.8,79.05999755859375,78.3,91.97,2.70,0.5904,3.0025,76.7057,29.33771324157715
2012-09-20,2.96,0.16,231.407,7.8,79.41000366210938,78.3,92.14,2.76,0.5882,1.8171,74.909,29.273834228515625
2012-09-21,2.95,0.15,231.407,7.8,79.33000183105469,78.3,92.64,2.76,0.5934,1.1215,67.6689,29.011249542236328
2012-09-24,2.91,0.16,231.407,7.8,79.5199966430664,78.3,91.68,2.82,0.5956,1.7532,70.6504,29.2596492767334
2012-09-25,2.86,0.15,231.407,7.8,79.55000305175781,78.3,91.07,2.84,0.6048,0.6743,58.9208,28.777063369750977
2012-09-26,2.79,0.15,231.407,7.8,79.88999938964844,78.3,89.92,2.92,0.6085,0.2271,54.3502,28.55707359313965
2012-09-27,2.83,0.14,231.407,7.8,79.55000305175781,78.3,91.89,3.01,0.6046,-0.5111,59.3261,28.869335174560547
2012-09-28,2.82,0.09,231.407,7.8,79.94000244140625,78.3,92.18,3.08,0.5877,-0.7737,56.2305,28.727392196655273
2012-10-01,2.81,0.15,231.317,7.8,79.81999969482422,82.6,92.44,3.19,0.5975,-0.1562,61.6744,29.07513999938965
2012-10-02,2.81,0.16,231.317,7.8,79.73999786376953,82.6,91.88,3.21,0.5893,-0.2413,60.8168,29.039644241333008
2012-10-03,2.82,0.16,231.317,7.8,79.97000122070312,82.6,88.19,3.21,0.5768,-0.1278,63.5221,29.21122169494629
2012-10-04,2.89,0.15,231.317,7.8,79.3499984741211,82.6,91.69,3.23,0.5932,0.6225,72.1353,29.897539138793945
2012-10-05,2.96,0.15,231.317,7.8,79.33999633789062,82.6,89.87,3.26,0.6009,0.8065,70.0301,29.81889533996582
2012-10-08,.,0.15,231.317,7.8,79.54000091552734,82.6,89.43,3.18,0.5952,0.5223,69.0129,29.78314971923828
2012-10-09,2.93,0.16,231.317,7.8,79.94999694824219,82.6,92.42,3.18,0.5859,0.8048,63.2924,29.582963943481445
2012-10-10,2.89,0.16,231.317,7.8,79.91999816894531,82.6,91.24,3.26,0.5783,1.3037,67.4659,29.861791610717773
2012-10-11,2.86,0.16,231.317,7.8,79.77999877929688,82.6,92.19,3.28,0.5814,1.2273,70.6078,30.09770965576172
2012-10-12,2.83,0.16,231.317,7.8,79.69000244140625,82.6,91.83,3.38,0.6052,1.0261,61.0755,29.75455093383789
2012-10-15,2.85,0.16,231.317,7.8,79.73999786376953,82.6,91.84,3.35,0.6024,1.2217,68.546,30.297883987426758
2012-10-16,2.91,0.16,231.317,7.8,79.37000274658203,82.6,92.07,3.27,0.6022,1.5789,72.0723,30.619604110717773
2012-10-17,2.98,0.15,231.317,7.8,79.0199966430664,82.6,92.04,3.24,0.5985,1.7589,75.4079,30.96990394592285
2012-10-18,3.02,0.15,231.317,7.8,79.37000274658203,82.6,92.00,3.28,0.5864,0.8509,69.5672,30.748289108276367
2012-10-19,2.94,0.16,231.317,7.8,79.63999938964844,82.6,90.00,3.43,0.5931,0.4362,58.3834,30.255001068115234
2012-10-22,2.95,0.15,231.317,7.8,79.6500015258789,82.6,88.30,3.49,0.6028,0.3075,55.1025,30.090560913085938
2012-10-23,2.91,0.15,231.317,7.8,79.9800033569336,82.6,86.65,3.34,0.6129,-0.0358,45.6781,29.547243118286133
2012-10-24,2.93,0.17,231.317,7.8,79.97000122070312,82.6,85.39,3.43,0.5969,-0.0429,50.3918,29.81889533996582
2012-10-25,2.98,0.16,231.317,7.8,80.04000091552734,82.6,85.59,3.39,0.5992,-0.3075,49.8855,29.790307998657227
2012-10-26,2.92,0.16,231.317,7.8,80.06999969482422,82.6,85.84,3.38,0.5973,-0.3289,43.6699,29.425703048706055
2012-10-31,2.85,0.18,231.317,7.8,79.91999816894531,82.6,86.23,3.50,0.5873,-0.5005,50.6377,29.797449111938477
2012-11-01,2.89,0.17,230.221,7.7,80.05000305175781,82.7,87.05,3.50,0.6128,0.0072,62.2207,30.626741409301758
2012-11-02,2.91,0.16,230.221,7.7,80.58999633789062,82.7,84.90,3.40,0.6068,-0.6435,56.8537,30.326488494873047
2012-11-05,2.88,0.17,230.221,7.7,80.75,82.7,85.64,3.34,0.5923,-0.5291,54.972,30.21924591064453
2012-11-06,2.92,0.16,230.221,7.7,80.61000061035156,82.7,88.62,3.41,0.5898,0.4004,60.8298,30.655344009399414
2012-11-07,2.83,0.16,230.221,7.7,80.76000213623047,82.7,84.50,3.47,0.679,-1.1512,38.777,28.93956184387207
2012-11-08,2.77,0.16,230.221,7.7,80.79000091552734,82.7,85.07,3.45,0.6866,-0.665,38.2632,28.88235855102539
2012-11-09,2.75,0.16,230.221,7.7,81.02999877929688,82.7,86.08,3.33,0.7076,-0.7794,40.6653,29.039655685424805
2012-11-12,.,0.16,230.221,7.7,81.04000091552734,82.7,85.56,3.40,0.6882,-0.7794,40.3482,29.01105499267578
2012-11-13,2.72,0.16,230.221,7.7,81.08000183105469,82.7,85.38,3.57,0.6686,-0.8008,36.1224,28.624998092651367
2012-11-14,2.73,0.16,230.221,7.7,81.05999755859375,82.7,86.32,3.66,0.6842,-1.7089,31.0964,28.08881950378418
2012-11-15,2.72,0.16,230.221,7.7,81.08000183105469,82.7,85.45,3.63,0.6736,-2.4668,32.488,28.160303115844727
2012-11-16,2.73,0.16,230.221,7.7,81.26000213623047,82.7,86.62,3.46,0.6684,-2.0664,34.5444,28.26040267944336
2012-11-19,2.76,0.16,230.221,7.7,80.87000274658203,82.7,89.05,3.63,0.6804,-1.2012,47.8961,29.018203735351562
2012-11-20,2.82,0.16,230.221,7.7,80.95999908447266,82.7,86.46,3.62,0.6793,-1.5587,49.0934,29.09683609008789
2012-11-21,2.83,0.16,230.221,7.7,80.93000030517578,82.7,87.08,3.59,0.663,0.1788,49.4455,29.118284225463867
2012-11-23,2.83,0.16,230.221,7.7,80.19000244140625,82.7,87.01,3.59,0.6407,0.4934,53.7133,29.375661849975586
2012-11-26,2.80,0.16,230.221,7.7,80.25,82.7,87.28,3.75,0.646,0.1859,50.9267,29.225513458251953
2012-11-27,2.79,0.16,230.221,7.7,80.4000015258789,82.7,86.81,3.77,0.6284,0.1216,49.1721,29.13258934020996
2012-11-28,2.79,0.16,230.221,7.7,80.33999633789062,82.7,86.10,3.71,0.6346,0.5649,50.342,29.189777374267578
2012-11-29,2.79,0.16,230.221,7.7,80.19999694824219,82.7,87.64,3.61,0.6158,1.38,55.8466,29.468595504760742
2012-11-30,2.81,0.16,230.221,7.7,80.1500015258789,82.7,88.54,3.46,0.5969,1.2084,53.4819,29.368507385253906
2012-12-03,2.80,0.16,229.601,7.9,79.87999725341797,72.9,88.69,3.44,0.5859,0.9152,49.033,29.17548370361328
2012-12-04,2.78,0.17,229.601,7.9,79.63999938964844,72.9,88.04,3.38,0.5808,-0.0143,45.3105,29.00389862060547
2012-12-05,2.78,0.16,229.601,7.9,79.7699966430664,72.9,87.36,3.41,0.5899,0.3575,55.2251,29.45429801940918
2012-12-06,2.76,0.16,229.601,7.9,80.26000213623047,72.9,85.47,3.48,0.5702,0.5291,58.7833,29.64733123779297
2012-12-07,2.81,0.16,229.601,7.9,80.41999816894531,72.9,85.45,3.33,0.5857,1.0511,69.6146,30.42657470703125
2012-12-10,2.80,0.16,229.601,7.9,80.33000183105469,72.9,85.14,3.35,0.5776,1.0225,65.2451,30.247840881347656
2012-12-11,2.83,0.17,229.601,7.9,80.05999755859375,72.9,85.36,3.39,0.5761,1.3514,68.1749,30.483768463134766
2012-12-12,2.90,0.17,229.601,7.9,79.88999938964844,72.9,86.35,3.33,0.5725,1.3871,69.3073,30.576709747314453
2012-12-13,2.90,0.16,229.601,7.9,79.93000030517578,72.9,85.39,3.27,0.5531,1.1154,69.4004,30.58385467529297
2012-12-14,2.87,0.17,229.601,7.9,79.5999984741211,72.9,86.32,3.15,0.534,1.237,69.7066,30.605310440063477
2012-12-17,2.94,0.16,229.601,7.9,79.56999969482422,72.9,86.71,3.20,0.5316,1.9091,75.7323,31.084293365478516
2012-12-18,3.00,0.17,229.601,7.9,79.36000061035156,72.9,87.46,3.29,0.5258,2.3595,78.4985,31.363109588623047
2012-12-19,2.99,0.17,229.601,7.9,79.25,72.9,89.09,3.25,0.5378,1.666,70.693,31.120031356811523
2012-12-20,2.98,0.17,229.601,7.9,79.26000213623047,72.9,89.76,3.35,0.5571,2.1879,77.8807,31.834941864013672
2012-12-21,2.93,0.17,229.601,7.9,79.62000274658203,72.9,88.20,3.42,0.5781,1.0296,68.0521,31.456052780151367
2012-12-24,2.94,0.18,229.601,7.9,79.63999938964844,72.9,88.29,3.30,0.5526,1.1512,66.6416,31.39884376525879
2012-12-26,2.94,0.17,229.601,7.9,79.62000274658203,72.9,90.71,3.35,0.5366,0.9438,67.0213,31.427457809448242
2012-12-27,2.89,0.17,229.601,7.9,79.62000274658203,72.9,90.91,3.31,0.5555,0.6149,60.6884,31.1915340423584
2012-12-28,2.88,0.17,229.601,7.9,79.68000030517578,72.9,90.66,3.40,0.5465,0.3289,53.9893,30.912704467773438
2012-12-31,2.95,0.09,229.601,7.9,79.7699966430664,72.9,91.83,3.43,0.556,0.8288,62.5714,31.434595108032227
2013-01-02,3.04,0.17,230.28,8.0,79.8499984741211,73.8,93.14,3.30,0.5843,1.0582,70.7968,32.14722442626953
2013-01-03,3.12,0.17,230.28,8.0,80.43000030517578,73.8,92.97,3.19,0.5709,0.7146,69.2507,32.08243942260742
2013-01-04,3.10,0.16,230.28,8.0,80.5,73.8,93.12,3.20,0.581,1.5263,74.6503,32.65109634399414
2013-01-07,3.10,0.16,230.28,8.0,80.26000213623047,73.8,93.20,3.30,0.5634,0.8473,74.9595,32.687095642089844
2013-01-08,3.06,0.15,230.28,8.0,80.3499984741211,73.8,93.21,3.21,0.5509,1.2911,75.5558,32.751869201660156
2013-01-09,3.06,0.14,230.28,8.0,80.55999755859375,73.8,93.08,3.14,0.5661,1.3267,74.8952,32.73027420043945
2013-01-10,3.08,0.14,230.28,8.0,79.73999786376953,73.8,93.81,3.08,0.5611,1.7875,79.4257,33.219749450683594
2013-01-11,3.05,0.14,230.28,8.0,79.55999755859375,73.8,93.60,3.18,0.556,2.0163,79.1922,33.21255111694336
2013-01-14,3.05,0.14,230.28,8.0,79.48999786376953,73.8,94.27,3.39,0.5523,2.108,72.9925,33.02540588378906
2013-01-15,3.02,0.15,230.28,8.0,79.77999877929688,73.8,93.26,3.40,0.5704,1.925,76.6622,33.36371612548828
2013-01-16,3.01,0.14,230.28,8.0,79.80000305175781,73.8,94.28,3.43,0.5945,1.5548,79.7235,33.70204162597656
2013-01-17,3.06,0.14,230.28,8.0,79.6500015258789,73.8,95.49,3.44,0.5818,1.3461,71.3194,33.42850112915039
2013-01-18,3.03,0.14,230.28,8.0,80.05000305175781,73.8,95.61,3.54,0.5619,0.7918,71.4951,33.44288635253906
2013-01-22,3.02,0.14,230.28,8.0,79.87000274658203,73.8,96.09,3.63,0.5433,0.8134,72.2507,33.50049591064453
2013-01-23,3.02,0.13,230.28,8.0,79.91999816894531,73.8,95.06,3.53,0.5364,0.5255,64.8492,33.27734375
2013-01-24,3.04,0.15,230.28,8.0,79.94999694824219,73.8,95.35,3.56,0.5351,0.6478,66.5678,33.37811279296875
2013-01-25,3.14,0.14,230.28,8.0,79.75,73.8,95.15,3.42,0.5375,0.727,74.4117,33.94676208496094
2013-01-28,3.15,0.14,230.28,8.0,79.77999877929688,73.8,95.95,3.25,0.5341,0.3599,63.5132,33.57247543334961
2013-01-29,3.18,0.12,230.28,8.0,79.55999755859375,73.8,97.62,3.14,0.5427,0.8926,68.2784,33.91797637939453
2013-01-30,3.19,0.12,230.28,8.0,79.27999877929688,73.8,97.98,3.24,0.524,0.5615,68.374,33.925174713134766
2013-01-31,3.17,0.15,230.28,8.0,79.20999908447266,73.8,97.65,3.33,0.504,0.1656,66.59,33.86759567260742
2013-02-01,3.21,0.14,232.166,7.7,79.12999725341797,77.6,97.46,3.34,0.5169,1.0149,74.099,34.443443298339844
2013-02-04,3.17,0.13,232.166,7.7,79.55000305175781,77.6,96.21,3.27,0.5041,0.8782,70.3649,34.321075439453125
2013-02-05,3.21,0.13,232.166,7.7,79.48999786376953,77.6,96.68,3.34,0.5257,1.6196,78.2988,35.120079040527344
2013-02-06,3.18,0.13,232.166,7.7,79.72000122070312,77.6,96.44,3.41,0.5144,1.7132,74.6956,34.99052429199219
2013-02-07,3.17,0.13,232.166,7.7,80.19000244140625,77.6,95.84,3.39,0.5213,1.3389,67.4183,34.71697235107422
2013-02-08,3.17,0.14,232.166,7.7,80.25,77.6,95.71,3.26,0.5077,1.0581,70.7512,35.004913330078125
2013-02-11,3.16,0.14,232.166,7.7,80.30999755859375,77.6,97.01,3.20,0.4982,1.454,70.9984,35.026512145996094
2013-02-12,3.19,0.13,232.166,7.7,80.11000061035156,77.6,97.48,3.30,0.4991,1.454,74.787,35.372013092041016
2013-02-13,3.23,0.14,232.166,7.7,80.08999633789062,77.6,97.03,3.29,0.5123,1.1157,65.6544,35.040897369384766
2013-02-14,3.17,0.14,232.166,7.7,80.45999908447266,77.6,97.30,3.30,0.523,1.562,70.3733,35.42959976196289
2013-02-15,3.18,0.16,232.166,7.7,80.58000183105469,77.6,95.95,3.19,0.5314,0.7414,64.2022,35.184871673583984
2013-02-19,3.21,0.15,232.166,7.7,80.47000122070312,77.6,96.69,3.23,0.5346,1.2741,69.2286,35.595157623291016
2013-02-20,3.20,0.15,232.166,7.7,81.08999633789062,77.6,94.92,3.34,0.5571,-0.1296,56.2874,34.99052429199219
2013-02-21,3.17,0.16,232.166,7.7,81.45999908447266,77.6,92.79,3.29,0.5574,-0.2591,51.6865,34.731380462646484
2013-02-22,3.15,0.16,232.166,7.7,81.4800033569336,77.6,93.12,3.27,0.5515,0.4895,58.5827,35.20645523071289
2013-02-25,3.08,0.15,232.166,7.7,81.66999816894531,77.6,92.74,3.42,0.5918,-0.6694,45.386,34.335472106933594
2013-02-26,3.08,0.14,232.166,7.7,81.87000274658203,77.6,92.63,3.46,0.622,-0.763,44.4662,34.26348114013672
2013-02-27,3.11,0.14,232.166,7.7,81.5999984741211,77.6,92.84,3.49,0.6702,0.1008,59.7087,35.472782135009766
2013-02-28,3.10,0.14,232.166,7.7,81.9800033569336,77.6,92.03,3.48,0.6634,0.1728,56.046,35.213661193847656
2013-03-01,3.06,0.14,232.773,7.5,82.30999755859375,78.6,90.71,3.54,0.67,-0.2231,55.9401,35.20645523071289
2013-03-04,3.08,0.16,232.773,7.5,82.22000122070312,78.6,90.13,3.53,0.6638,0.1584,57.6304,35.343223571777344
2013-03-05,3.10,0.15,232.773,7.5,82.08999633789062,78.6,90.88,3.63,0.6683,0.0288,61.0392,35.623958587646484
2013-03-06,3.15,0.15,232.773,7.5,82.45999908447266,78.6,90.47,3.57,0.6566,1.0221,65.3305,36.01265335083008
2013-03-07,3.20,0.16,232.773,7.5,82.08000183105469,78.6,91.53,3.54,0.6534,1.7132,69.4806,36.444549560546875
2013-03-08,3.25,0.15,232.773,7.5,82.69999694824219,78.6,92.01,3.57,0.6705,0.9286,63.4341,36.13502502441406
2013-03-11,3.26,0.16,232.773,7.5,82.56999969482422,78.6,92.07,3.64,0.6668,2.0011,65.6,36.33658218383789
2013-03-12,3.22,0.15,232.773,7.5,82.58000183105469,78.6,92.44,3.71,0.651,1.9291,62.6546,36.19260787963867
2013-03-13,3.22,0.14,232.773,7.5,82.88999938964844,78.6,92.47,3.72,0.621,0.6334,60.8336,36.106231689453125
2013-03-14,3.25,0.15,232.773,7.5,82.61000061035156,78.6,93.03,3.74,0.6198,1.4972,68.0548,36.71088790893555
2013-03-15,3.22,0.16,232.773,7.5,82.26000213623047,78.6,93.49,3.89,0.6707,0.799,54.9272,36.005462646484375
2013-03-18,3.18,0.16,232.773,7.5,82.69000244140625,78.6,93.71,3.98,0.6778,0.2951,49.4154,35.63835144042969
2013-03-19,3.13,0.15,232.773,7.5,82.98999786376953,78.6,92.44,3.96,0.6967,-0.2087,46.279,35.415218353271484
2013-03-20,3.19,0.15,232.773,7.5,82.77999877929688,78.6,93.21,3.97,0.6778,-0.655,45.4518,35.357627868652344
2013-03-21,3.15,0.16,232.773,7.5,82.80000305175781,78.6,92.46,4.01,0.6746,-1.6412,38.1578,34.80337142944336
2013-03-22,3.13,0.15,232.773,7.5,82.52999877929688,78.6,93.41,4.01,0.6604,-1.0221,43.7581,35.112892150878906
2013-03-25,3.14,0.15,232.773,7.5,82.87000274658203,78.6,94.55,4.08,0.6729,-1.4108,41.2485,34.92573165893555
2013-03-26,3.13,0.14,232.773,7.5,82.87999725341797,78.6,95.99,3.99,0.6582,-1.1805,42.9271,35.012107849121094
2013-03-27,3.09,0.12,232.773,7.5,83.20999908447266,78.6,96.53,4.08,0.6667,-1.7204,34.8958,34.385860443115234
2013-03-28,3.10,0.13,232.773,7.5,82.98999786376953,78.6,97.24,4.03,0.6525,-2.5481,32.4892,34.162723541259766
2013-04-01,3.08,0.16,232.531,7.6,82.7300033569336,76.4,97.10,3.97,0.6332,-1.5764,38.1462,34.42905807495117
2013-04-02,3.10,0.15,232.531,7.6,82.94000244140625,76.4,97.23,4.07,0.6162,-0.8854,44.4378,34.752967834472656
2013-04-03,3.05,0.14,232.531,7.6,82.72000122070312,76.4,95.02,4.00,0.6519,-1.4756,34.6142,33.93448257446289
2013-04-04,2.99,0.14,232.531,7.6,82.68000030517578,76.4,93.26,3.94,0.641,-0.9544,42.6444,34.39805603027344
2013-04-05,2.87,0.15,232.531,7.6,82.5,76.4,92.76,3.98,0.662,-0.0959,47.3584,34.7022705078125
2013-04-08,2.91,0.15,232.531,7.6,82.75,76.4,93.36,4.18,0.6664,0.08,54.0522,35.18755340576172
2013-04-09,2.94,0.15,232.531,7.6,82.30999755859375,76.4,94.18,4.08,0.6448,0.3395,55.0011,35.2599983215332
2013-04-10,3.01,0.15,232.531,7.6,82.52999877929688,76.4,94.59,4.07,0.6443,0.6661,60.206,35.67286682128906
2013-04-11,3.01,0.15,232.531,7.6,82.25,76.4,93.44,4.11,0.6381,1.3358,60.7371,35.71632385253906
2013-04-12,2.92,0.15,232.531,7.6,82.30999755859375,76.4,91.23,4.21,0.651,1.3416,56.5442,35.499019622802734
2013-04-15,2.88,0.15,232.531,7.6,82.41999816894531,76.4,88.75,4.23,0.679,0.2929,44.3088,34.71674346923828
2013-04-16,2.91,0.15,232.531,7.6,81.75,76.4,88.73,4.19,0.6786,0.3747,50.482,35.12238311767578
2013-04-17,2.89,0.15,232.531,7.6,82.66000366210938,76.4,86.65,4.24,0.7393,-0.0435,36.7438,33.89104080200195
2013-04-18,2.87,0.15,232.531,7.6,82.55000305175781,76.4,87.83,4.23,0.7527,-0.6158,35.789,33.78239822387695
2013-04-19,2.88,0.15,232.531,7.6,82.70999908447266,76.4,88.04,4.38,0.7364,-0.4926,42.3378,34.20973205566406
2013-04-22,2.88,0.15,232.531,7.6,82.68000030517578,76.4,88.81,4.33,0.7159,-0.891,43.6369,34.2966423034668
2013-04-23,2.90,0.14,232.531,7.6,83.02999877929688,76.4,89.21,4.27,0.7108,-0.3695,51.8699,34.89058303833008
2013-04-24,2.89,0.13,232.531,7.6,82.93000030517578,76.4,91.07,4.25,0.6994,-0.3839,56.5949,35.28897476196289
2013-04-25,2.91,0.13,232.531,7.6,82.73999786376953,76.4,93.27,4.19,0.6965,-0.2246,58.8785,35.49177551269531
2013-04-26,2.87,0.13,232.531,7.6,82.4800033569336,76.4,92.63,4.16,0.6716,-0.0942,57.4395,35.40486526489258
2013-04-29,2.88,0.13,232.531,7.6,82.1500015258789,76.4,94.09,4.28,0.6469,0.7172,57.8213,35.433834075927734
2013-04-30,2.88,0.14,232.531,7.6,81.7300033569336,76.4,93.22,4.30,0.6281,0.3767,58.7465,35.499019622802734
2013-05-01,2.83,0.14,232.945,7.5,81.63999938964844,84.5,90.74,4.31,0.6433,0.8838,46.2279,34.77470397949219
2013-05-02,2.82,0.15,232.945,7.5,82.20999908447266,84.5,93.70,4.28,0.6253,1.0432,47.1046,34.82541275024414
2013-05-03,2.96,0.14,232.945,7.5,82.0999984741211,84.5,95.25,3.98,0.6696,0.2463,41.6124,34.455997467041016
2013-05-06,2.98,0.14,232.945,7.5,82.31999969482422,84.5,95.80,3.93,0.6642,0.6013,49.4459,34.89783477783203
2013-05-07,3.00,0.12,232.945,7.5,82.30000305175781,84.5,95.28,3.88,0.6794,0.7027,59.0523,35.59318161010742
2013-05-08,2.99,0.12,232.945,7.5,81.9000015258789,84.5,96.24,3.86,0.6764,0.7534,63.9659,36.042259216308594
2013-05-09,3.01,0.12,232.945,7.5,82.79000091552734,84.5,96.09,3.87,0.6741,0.029,55.3897,35.520751953125
2013-05-10,3.10,0.12,232.945,7.5,83.13999938964844,84.5,95.81,3.90,0.6565,0.058,54.4878,35.46281051635742
2013-05-13,3.13,0.12,232.945,7.5,83.26000213623047,84.5,94.76,3.87,0.666,0.5433,60.7845,35.97706604003906
2013-05-14,3.17,0.11,232.945,7.5,83.56999969482422,84.5,93.96,3.93,0.6578,0.8838,65.0251,36.38269805908203
2013-05-15,3.16,0.12,232.945,7.5,83.83000183105469,84.5,93.95,4.03,0.677,2.2312,70.4733,37.005619049072266
2013-05-16,3.09,0.11,232.945,7.5,83.7699966430664,84.5,94.85,4.01,0.6711,2.0936,68.8115,36.91868209838867
2013-05-17,3.17,0.1,232.945,7.5,84.27999877929688,84.5,95.72,3.89,0.6935,3.4265,75.8304,37.882041931152344
2013-05-20,3.18,0.1,232.945,7.5,83.80999755859375,84.5,96.29,4.10,0.6812,2.9774,75.6881,37.87480926513672
2013-05-21,3.14,0.09,232.945,7.5,83.86000061035156,84.5,95.55,4.13,0.704,2.8108,78.8998,38.40355682373047
2013-05-22,3.21,0.08,232.945,7.5,84.25,84.5,93.98,4.16,0.7541,2.8035,81.2051,38.84539031982422
2013-05-23,3.20,0.08,232.945,7.5,83.80000305175781,84.5,94.12,4.15,0.7587,3.1223,76.919,38.64259338378906
2013-05-24,3.18,0.09,232.945,7.5,83.69999694824219,84.5,93.84,4.15,0.7531,3.4048,78.3263,38.86711120605469
2013-05-28,3.31,0.09,232.945,7.5,84.13999938964844,84.5,94.65,4.19,0.7505,3.5714,82.0197,39.54796600341797
2013-05-29,3.27,0.08,232.945,7.5,83.63999938964844,84.5,93.13,4.15,0.7512,3.2164,82.2697,39.59867477416992
2013-05-30,3.28,0.08,232.945,7.5,83.01000213623047,84.5,93.57,4.12,0.7684,3.2816,85.3428,40.28678894042969
2013-05-31,3.30,0.09,232.945,7.5,83.37999725341797,84.5,91.93,4.02,0.7777,2.6224,70.6012,39.540740966796875
2013-06-03,3.27,0.1,233.504,7.5,82.68000030517578,84.1,93.41,4.00,0.8166,1.5865,69.3097,39.46829605102539
2013-06-04,3.30,0.11,233.504,7.5,82.7699966430664,84.1,93.36,4.00,0.8369,1.2677,63.5016,39.142364501953125
2013-06-05,3.25,0.09,233.504,7.5,82.56999969482422,84.1,93.66,3.99,0.8584,0.0072,52.5249,38.410789489746094
2013-06-06,3.23,0.1,233.504,7.5,81.5199966430664,84.1,94.71,3.93,0.8617,-0.0942,56.4199,38.75123596191406
2013-06-07,3.33,0.09,233.504,7.5,81.69000244140625,84.1,96.11,3.79,0.8556,0.6665,62.0827,39.30896759033203
2013-06-10,3.36,0.09,233.504,7.5,81.6500015258789,84.1,95.82,3.85,0.8369,0.5071,62.712,39.374149322509766
2013-06-11,3.33,0.09,233.504,7.5,81.05999755859375,84.1,95.50,3.77,0.8418,-0.8041,53.2248,38.74399185180664
2013-06-12,3.37,0.08,233.504,7.5,80.95999908447266,84.1,95.98,3.74,0.8404,-1.0794,50.2171,38.51943588256836
2013-06-13,3.33,0.09,233.504,7.5,80.62000274658203,84.1,96.66,3.73,0.8461,-1.0504,58.5322,39.23652267456055
2013-06-14,3.28,0.1,233.504,7.5,80.66999816894531,84.1,97.83,3.76,0.8508,-1.0577,48.9826,38.48322677612305
2013-06-17,3.35,0.11,233.504,7.5,80.56999969482422,84.1,97.86,3.78,0.8483,-0.4636,54.6714,39.00473403930664
2013-06-18,3.34,0.12,233.504,7.5,80.62000274658203,84.1,98.46,3.90,0.8161,0.0507,56.6125,39.19307327270508
2013-06-19,3.41,0.1,233.504,7.5,81.43000030517578,84.1,98.24,3.93,0.8091,0.3767,51.3499,38.78742980957031
2013-06-20,3.49,0.1,233.504,7.5,81.83999633789062,84.1,94.89,3.90,0.8175,-0.7389,42.8863,38.01242446899414
2013-06-21,3.56,0.1,233.504,7.5,82.31999969482422,84.1,93.81,3.85,0.8259,-1.6734,39.3813,37.63577651977539
2013-06-24,3.56,0.1,233.504,7.5,82.43000030517578,84.1,95.07,3.81,0.8626,-2.492,33.3283,36.88247299194336
2013-06-25,3.60,0.09,233.504,7.5,82.58000183105469,84.1,95.25,3.77,0.8861,-1.0214,43.9962,37.72269058227539
2013-06-26,3.58,0.09,233.504,7.5,82.94999694824219,84.1,95.47,3.72,0.8705,-0.4926,47.3832,38.02690505981445
2013-06-27,3.54,0.09,233.504,7.5,82.91000366210938,84.1,97.00,3.73,0.8596,-0.7389,52.3396,38.49771499633789
2013-06-28,3.52,0.07,233.504,7.5,83.16999816894531,84.1,96.36,3.57,0.8277,-0.2463,49.4718,38.236961364746094
2013-07-01,3.48,0.1,233.596,7.3,82.9800033569336,85.1,97.94,3.52,0.8306,-0.9852,47.0831,38.01967239379883
2013-07-02,3.47,0.1,233.596,7.3,83.54000091552734,85.1,99.65,3.58,0.845,-0.6737,52.8955,38.52308654785156
2013-07-03,3.49,0.1,233.596,7.3,83.2300033569336,85.1,101.92,3.54,0.816,-0.2899,52.6143,38.50120544433594
2013-07-05,3.68,0.1,233.596,7.3,84.41999816894531,85.1,103.09,3.52,0.8218,1.3754,61.792,39.39131164550781
2013-07-08,3.63,0.1,233.596,7.3,84.19999694824219,85.1,103.03,3.65,0.811,2.2701,66.0446,39.90933609008789
2013-07-09,3.64,0.1,233.596,7.3,84.58000183105469,85.1,103.46,3.69,0.8042,3.1621,67.1324,40.0479621887207
2013-07-10,3.68,0.09,233.596,7.3,84.04000091552734,85.1,106.41,3.69,0.7837,2.278,66.3862,40.00419616699219
2013-07-11,3.64,0.09,233.596,7.3,82.75,85.1,104.77,3.64,0.7965,2.2,68.4024,40.23036575317383
2013-07-12,3.64,0.09,233.596,7.3,82.98999786376953,85.1,105.85,3.61,0.797,1.605,65.9906,40.1063346862793
2013-07-15,3.61,0.09,233.596,7.3,83.04000091552734,85.1,106.20,3.67,0.787,1.8075,64.796,40.0479621887207
2013-07-16,3.58,0.09,233.596,7.3,82.43000030517578,85.1,105.88,3.69,0.7636,2.1124,65.827,40.13551712036133
2013-07-17,3.57,0.09,233.596,7.3,82.70999908447266,85.1,106.39,3.67,0.7476,1.8022,68.0777,40.32521057128906
2013-07-18,3.63,0.09,233.596,7.3,82.81999969482422,85.1,107.94,3.66,0.7599,2.6267,75.6246,41.127777099609375
2013-07-19,3.56,0.09,233.596,7.3,82.58000183105469,85.1,108.00,3.78,0.7392,1.5833,72.0132,40.974552154541016
2013-07-22,3.55,0.09,233.596,7.3,82.22000122070312,85.1,106.61,3.71,0.7239,1.3571,74.5821,41.26641082763672
2013-07-23,3.58,0.09,233.596,7.3,82.01000213623047,85.1,107.13,3.68,0.6939,1.2988,75.2756,41.34666442871094
2013-07-24,3.65,0.09,233.596,7.3,82.30000305175781,85.1,105.41,3.70,0.673,1.3133,74.4549,41.31747817993164
2013-07-25,3.65,0.09,233.596,7.3,81.97000122070312,85.1,105.47,3.68,0.6635,0.9923,71.6346,41.222625732421875
2013-07-26,3.61,0.09,233.596,7.3,81.62000274658203,85.1,104.76,3.59,0.663,0.788,62.5253,40.89430236816406
2013-07-29,3.66,0.08,233.596,7.3,81.66000366210938,85.1,104.61,3.49,0.6505,0.5837,56.1755,40.63164520263672
2013-07-30,3.67,0.09,233.596,7.3,81.83000183105469,85.1,103.14,3.48,0.6518,0.2335,50.4795,40.36899185180664
2013-07-31,3.64,0.09,233.596,7.3,81.44999694824219,85.1,105.10,3.46,0.6542,0.3356,55.9889,40.660831451416016
2013-08-01,3.77,0.08,233.877,7.2,82.33999633789062,82.1,107.93,3.44,0.6622,0.124,64.8002,41.25181579589844
2013-08-02,3.69,0.09,233.877,7.2,81.91000366210938,82.1,106.94,3.39,0.6425,0.2408,63.9224,41.215335845947266
2013-08-05,3.73,0.08,233.877,7.2,81.87999725341797,82.1,106.61,3.33,0.6263,-0.3356,57.2066,40.9307861328125
2013-08-06,3.73,0.09,233.877,7.2,81.5999984741211,82.1,105.32,3.35,0.6228,-0.861,48.3742,40.48573303222656
2013-08-07,3.68,0.09,233.877,7.2,81.29000091552734,82.1,104.41,3.32,0.6153,-0.9704,45.9205,40.34709548950195
2013-08-08,3.65,0.09,233.877,7.2,81.01000213623047,82.1,103.45,3.27,0.655,-1.2185,40.3018,40.00419616699219
2013-08-09,3.63,0.08,233.877,7.2,81.12999725341797,82.1,106.04,3.32,0.6509,-1.1163,36.9853,39.77800369262695
2013-08-12,3.67,0.08,233.877,7.2,81.33000183105469,82.1,106.19,3.34,0.6482,-1.1674,32.8225,39.464271545410156
2013-08-13,3.75,0.08,233.877,7.2,81.7300033569336,82.1,106.78,3.34,0.6592,-0.7588,36.5152,39.61020278930664
2013-08-14,3.75,0.09,233.877,7.2,81.69999694824219,82.1,106.89,3.36,0.6564,-1.1528,35.0181,39.508052825927734
2013-08-15,3.81,0.08,233.877,7.2,81.12999725341797,82.1,107.43,3.34,0.6752,-2.3713,27.3611,38.880592346191406
2013-08-16,3.86,0.09,233.877,7.2,81.26000213623047,82.1,107.58,3.35,0.664,-2.3348,27.3611,38.880592346191406
2013-08-19,3.89,0.09,233.877,7.2,81.2300033569336,82.1,107.14,3.46,0.6942,-3.1156,18.7625,37.815372467041016
2013-08-20,3.86,0.09,233.877,7.2,80.91000366210938,82.1,104.90,3.48,0.7332,-2.4589,24.0315,38.026973724365234
2013-08-21,3.90,0.08,233.877,7.2,81.31999969482422,82.1,103.93,3.51,0.7296,-2.6778,21.4229,37.669464111328125
2013-08-22,3.88,0.09,233.877,7.2,81.48999786376953,82.1,104.93,3.52,0.7312,-1.9117,31.2394,38.092620849609375
2013-08-23,3.80,0.08,233.877,7.2,81.33999633789062,82.1,106.48,3.50,0.7063,-1.6052,33.0031,38.17287826538086
2013-08-26,3.77,0.08,233.877,7.2,81.37000274658203,82.1,105.88,3.55,0.6949,-1.6709,29.0846,37.79348373413086
2013-08-27,3.70,0.07,233.877,7.2,81.16999816894531,82.1,109.11,3.50,0.7104,-2.6924,22.2965,36.91796112060547
2013-08-28,3.75,0.07,233.877,7.2,81.41999816894531,82.1,110.17,3.54,0.7076,-2.6048,22.2006,36.903377532958984
2013-08-29,3.70,0.08,233.877,7.2,81.94999694824219,82.1,108.51,3.58,0.6951,-1.8898,24.3703,36.990936279296875
2013-08-30,3.70,0.07,233.877,7.2,82.08999633789062,82.1,107.98,3.57,0.6736,-2.0138,23.3455,36.86688232421875
2013-09-03,3.79,0.09,234.149,7.2,82.36000061035156,77.5,108.67,3.64,0.6875,-0.5107,34.1974,37.30464553833008
2013-09-04,3.80,0.08,234.149,7.2,82.16999816894531,77.5,107.29,3.68,0.6994,-0.1824,44.8891,37.84455871582031
2013-09-05,3.88,0.08,234.149,7.2,82.62999725341797,77.5,108.50,3.70,0.6833,0.3502,47.9375,38.019657135009766
2013-09-06,3.87,0.08,234.149,7.2,82.1500015258789,77.5,110.62,3.55,0.709,0.2554,53.317,38.347984313964844
2013-09-09,3.84,0.08,234.149,7.2,81.79000091552734,77.5,109.62,3.62,0.6933,0.394,56.6361,38.56686782836914
2013-09-10,3.88,0.08,234.149,7.2,81.81999969482422,77.5,107.48,3.65,0.6996,1.3644,64.2593,39.157840728759766
2013-09-11,3.85,0.08,234.149,7.2,81.5199966430664,77.5,107.65,3.60,0.6861,1.9408,58.4776,38.85870361328125
2013-09-12,3.85,0.08,234.149,7.2,81.48999786376953,77.5,108.72,3.57,0.722,1.2112,46.8304,38.1145133972168
2013-09-13,3.84,0.08,234.149,7.2,81.44999694824219,77.5,108.31,3.60,0.7001,1.379,50.583,38.369873046875
2013-09-16,3.87,0.08,234.149,7.2,81.25,77.5,106.54,3.64,0.697,1.9044,56.0046,38.77115249633789
2013-09-17,3.84,0.08,234.149,7.2,81.16999816894531,77.5,105.36,3.77,0.6704,1.4301,55.3908,38.73466873168945
2013-09-18,3.75,0.08,234.149,7.2,80.23999786376953,77.5,108.23,3.72,0.6908,1.1236,58.6163,38.96815872192383
2013-09-19,3.80,0.09,234.149,7.2,80.36000061035156,77.5,106.26,3.73,0.7051,0.467,50.2842,38.48661804199219
2013-09-20,3.77,0.08,234.149,7.2,80.44000244140625,77.5,104.70,3.68,0.6922,0.1751,50.872,38.52308654785156
2013-09-23,3.73,0.09,234.149,7.2,80.44999694824219,77.5,103.62,3.66,0.7163,-1.0215,37.6248,37.54541778564453
2013-09-24,3.67,0.09,234.149,7.2,80.55999755859375,77.5,103.22,3.59,0.7256,-2.4443,30.1928,36.71366882324219
2013-09-25,3.65,0.08,234.149,7.2,80.33000183105469,77.5,102.68,3.52,0.7696,-1.1382,44.8462,37.72051239013672
2013-09-26,3.69,0.08,234.149,7.2,80.5199966430664,77.5,103.10,3.49,0.7678,-0.2554,46.5622,37.85915756225586
2013-09-27,3.68,0.08,234.149,7.2,80.2699966430664,77.5,102.86,3.51,0.7656,-0.2554,49.7615,38.1145133972168
2013-09-30,3.69,0.06,234.149,7.2,80.22000122070312,77.5,102.36,3.48,0.7526,-1.058,45.052,37.713226318359375
2013-10-01,3.72,0.08,233.546,7.2,80.0999984741211,73.2,102.09,3.56,0.7322,-0.8245,47.7493,37.91022491455078
2013-10-02,3.70,0.07,233.546,7.2,79.87999725341797,73.2,104.15,3.63,0.7408,-0.6859,52.6296,38.28504943847656
2013-10-03,3.71,0.08,233.546,7.2,79.7699966430664,73.2,103.29,3.58,0.7246,-0.3145,51.0597,38.17482376098633
2013-10-04,3.73,0.08,233.546,7.2,80.12000274658203,73.2,103.83,3.57,0.7117,0.1855,57.8573,38.711360931396484
2013-10-07,3.70,0.08,233.546,7.2,79.94000244140625,73.2,103.07,3.62,0.705,0.5458,49.1323,38.09396743774414
2013-10-08,3.70,0.08,233.546,7.2,80.05999755859375,73.2,103.54,3.72,0.7134,0.6721,41.2358,37.38839340209961
2013-10-09,3.73,0.09,233.546,7.2,80.37000274658203,73.2,101.63,3.70,0.7197,-0.423,40.3355,37.30018997192383
2013-10-10,3.75,0.09,233.546,7.2,80.41999816894531,73.2,103.08,3.74,0.7633,0.7392,56.0594,38.60110855102539
2013-10-11,3.74,0.1,233.546,7.2,80.36000061035156,73.2,102.17,3.74,0.7713,0.4765,55.9668,38.593753814697266
2013-10-14,.,0.1,233.546,7.2,80.26000213623047,73.2,102.46,3.82,0.7729,1.0248,57.5257,38.74074935913086
2013-10-15,3.78,0.1,233.546,7.2,80.4800033569336,73.2,101.15,3.83,0.7628,0.5338,53.33,38.44676208496094
2013-10-16,3.72,0.11,233.546,7.2,80.5,73.2,102.34,3.84,0.7997,1.4038,65.2337,39.68886947631836
2013-10-17,3.66,0.1,233.546,7.2,79.6500015258789,73.2,100.72,3.75,0.7782,1.6684,66.4164,39.84321975708008
2013-10-18,3.65,0.1,233.546,7.2,79.63999938964844,73.2,100.87,3.72,0.7636,1.198,66.9517,39.909366607666016
2013-10-21,3.68,0.09,233.546,7.2,79.68000030517578,73.2,99.28,3.77,0.7595,1.7933,66.5588,39.88732147216797
2013-10-22,3.61,0.08,233.546,7.2,79.23999786376953,73.2,97.63,3.70,0.7609,2.0211,58.3185,39.40957260131836
2013-10-23,3.59,0.08,233.546,7.2,79.26000213623047,73.2,96.90,3.66,0.7538,1.4699,49.2505,38.7701530456543
2013-10-24,3.61,0.08,233.546,7.2,79.19000244140625,73.2,96.65,3.65,0.7409,-0.0294,46.7442,38.57169723510742
2013-10-25,3.60,0.08,233.546,7.2,79.18000030517578,73.2,97.40,3.69,0.732,0.1911,49.7933,38.784854888916016
2013-10-28,3.61,0.08,233.546,7.2,79.25,73.2,98.74,3.61,0.7107,-0.022,48.8293,38.71869659423828
2013-10-29,3.62,0.08,233.546,7.2,79.62999725341797,73.2,98.29,3.57,0.6988,0.3087,49.4336,38.75544357299805
2013-10-30,3.63,0.08,233.546,7.2,79.75,73.2,96.81,3.55,0.6877,-1.0289,47.8027,38.65989685058594
2013-10-31,3.63,0.07,233.546,7.2,80.19999694824219,73.2,96.29,3.57,0.7,-1.9623,36.8024,37.88081741333008
2013-11-01,3.69,0.08,233.069,6.9,80.7300033569336,75.1,94.56,3.45,0.7238,-1.3156,48.7855,38.593753814697266
2013-11-04,3.70,0.08,233.069,6.9,80.55000305175781,75.1,94.58,3.38,0.7122,-1.639,44.2666,38.24831771850586
2013-11-05,3.76,0.08,233.069,6.9,80.70999908447266,75.1,93.40,3.37,0.686,-1.2274,43.4111,38.182167053222656
2013-11-06,3.77,0.08,233.069,6.9,80.4800033569336,75.1,94.74,3.46,0.6638,-0.4777,45.3665,38.29241180419922
2013-11-07,3.71,0.08,233.069,6.9,80.81999969482422,75.1,94.25,3.59,0.6562,-0.61,40.6809,37.961669921875
2013-11-08,3.84,0.08,233.069,6.9,81.20999908447266,75.1,94.56,3.54,0.7312,0.8746,62.6712,39.65947341918945
2013-11-11,.,0.08,233.069,6.9,81.08999633789062,75.1,95.13,3.62,0.7026,1.0436,63.5804,39.76237487792969
2013-11-12,3.86,0.08,233.069,6.9,81.19000244140625,75.1,93.12,3.69,0.6786,0.9114,62.0218,39.66682815551758
2013-11-13,3.83,0.08,233.069,6.9,80.93000030517578,75.1,93.91,3.69,0.6853,1.1318,63.328,39.79176712036133
2013-11-14,3.79,0.09,233.069,6.9,80.9800033569336,75.1,93.76,3.52,0.6783,2.102,65.3529,39.98286056518555
2013-11-15,3.80,0.09,233.069,6.9,80.83999633789062,75.1,93.80,3.56,0.6703,1.7345,68.8119,40.32831954956055
2013-11-18,3.76,0.09,233.069,6.9,80.83000183105469,75.1,93.03,3.71,0.6817,2.7194,74.1249,40.967742919921875
2013-11-19,3.80,0.09,233.069,6.9,80.69999694824219,75.1,93.35,3.63,0.6803,3.0868,76.244,41.26908493041992
2013-11-20,3.90,0.09,233.069,6.9,81.11000061035156,75.1,93.34,3.63,0.6669,2.9398,75.4072,41.232330322265625
2013-11-21,3.89,0.09,233.069,6.9,81.05000305175781,75.1,95.35,3.68,0.6875,4.0937,80.6837,42.055503845214844
2013-11-22,3.84,0.09,233.069,6.9,80.70999908447266,75.1,94.53,3.78,0.6625,2.5724,81.6225,42.231895446777344
2013-11-25,3.83,0.09,233.069,6.9,80.91999816894531,75.1,93.86,3.85,0.6535,2.6091,82.3759,42.37154006958008
2013-11-26,3.80,0.09,233.069,6.9,80.61000061035156,75.1,93.41,3.87,0.6483,2.3519,73.8742,42.01874542236328
2013-11-27,3.81,0.09,233.069,6.9,80.73999786376953,75.1,92.05,3.87,0.6367,2.4548,75.6757,42.24660873413086
2013-11-29,3.82,0.07,233.069,6.9,80.68000030517578,75.1,92.55,3.87,0.6253,2.0726,71.1065,42.055503845214844
2013-12-02,3.86,0.09,233.049,6.7,80.91000366210938,82.5,93.61,3.85,0.6253,1.5508,66.9599,41.87910461425781
2013-12-03,3.84,0.09,233.049,6.7,80.62000274658203,82.5,95.83,3.84,0.6373,0.8232,64.8587,41.790924072265625
2013-12-04,3.90,0.09,233.049,6.7,80.62999725341797,82.5,96.97,3.89,0.6579,0.7644,67.9334,42.033451080322266
2013-12-05,3.92,0.09,233.049,6.7,80.2699966430664,82.5,97.14,3.97,0.6865,-0.2058,48.3995,41.02653121948242
2013-12-06,3.90,0.09,233.049,6.7,80.2699966430664,82.5,97.48,4.15,0.6973,-0.8526,51.1345,41.20292663574219
2013-12-09,3.88,0.09,233.049,6.7,80.12999725341797,82.5,97.10,4.24,0.6722,-0.6982,55.9938,41.533668518066406
2013-12-10,3.83,0.09,233.049,6.7,79.97000122070312,82.5,98.32,4.24,0.662,-0.6982,57.9553,41.673316955566406
2013-12-11,3.87,0.08,233.049,6.7,79.88999938964844,82.5,97.25,4.24,0.6572,-0.8085,49.7805,41.21027755737305
2013-12-12,3.91,0.09,233.049,6.7,80.19999694824219,82.5,97.21,4.40,0.6463,-0.8599,52.6099,41.38666915893555
2013-12-13,3.88,0.08,233.049,6.7,80.20999908447266,82.5,96.27,4.44,0.6277,-0.7717,50.7565,41.283782958984375
2013-12-16,3.90,0.09,233.049,6.7,80.06999969482422,82.5,97.18,4.21,0.6233,-0.4116,53.9738,41.467525482177734
2013-12-17,3.88,0.09,233.049,6.7,80.05999755859375,82.5,96.99,4.20,0.6313,-0.8379,44.8561,40.953033447265625
2013-12-18,3.90,0.09,233.049,6.7,80.11000061035156,82.5,97.59,4.25,0.6843,0.0367,60.8234,42.07020568847656
2013-12-19,3.91,0.09,233.049,6.7,80.62999725341797,82.5,98.40,4.25,0.6733,1.0363,60.6949,42.0628547668457
2013-12-20,3.82,0.09,233.049,6.7,80.58000183105469,82.5,99.11,4.35,0.6672,1.2053,64.5997,42.408287048339844
2013-12-23,3.85,0.09,233.049,6.7,80.44999694824219,82.5,98.62,4.52,0.6557,1.2715,68.5839,42.80517578125
2013-12-24,3.90,0.08,233.049,6.7,80.52999877929688,82.5,98.87,4.52,0.622,1.1392,68.6565,42.812522888183594
2013-12-26,3.92,0.08,233.049,6.7,80.4800033569336,82.5,99.18,4.40,0.6059,1.5655,67.7864,42.775794982910156
2013-12-27,3.94,0.08,233.049,6.7,80.38999938964844,82.5,99.94,4.34,0.5779,1.345,66.66,42.7316780090332
2013-12-30,3.90,0.08,233.049,6.7,80.0,82.5,98.90,4.41,0.5658,1.3082,62.9779,42.592041015625
2013-12-31,3.96,0.07,233.049,6.7,80.04000091552734,82.5,98.17,4.31,0.5568,1.514,68.3897,42.98158264160156
2014-01-02,3.92,0.08,233.916,6.6,80.62999725341797,81.2,95.14,4.32,0.5448,2.1093,69.4205,43.06296157836914
2014-01-03,3.93,0.08,233.916,6.6,80.79000091552734,81.2,93.66,4.39,0.545,1.3251,73.3906,43.39586639404297
2014-01-06,3.90,0.08,233.916,6.6,80.6500015258789,81.2,93.12,4.50,0.5486,1.584,76.0057,43.64738464355469
2014-01-07,3.88,0.07,233.916,6.6,80.83000183105469,81.2,93.31,4.58,0.5792,0.7355,62.3817,43.14433288574219
2014-01-08,3.90,0.07,233.916,6.6,81.04000091552734,81.2,91.90,4.36,0.57,0.7455,67.6009,43.551212310791016
2014-01-09,3.88,0.07,233.916,6.6,81.01000213623047,81.2,91.36,4.15,0.5647,0.6568,65.579,43.46983337402344
2014-01-10,3.80,0.07,233.916,6.6,80.66000366210938,81.2,92.39,3.95,0.5553,0.4938,60.6331,43.27009963989258
2014-01-13,3.77,0.07,233.916,6.6,80.51000213623047,81.2,91.45,4.19,0.5759,-0.0465,48.694,42.68565368652344
2014-01-14,3.80,0.07,233.916,6.6,80.61000061035156,81.2,92.15,4.36,0.5886,0.1227,49.2561,42.71525955200195
2014-01-15,3.81,0.07,233.916,6.6,81.0,81.2,93.78,4.45,0.648,1.0277,66.8904,44.00989532470703
2014-01-16,3.77,0.07,233.916,6.6,80.9000015258789,81.2,93.54,4.55,0.6588,0.577,60.2441,43.639991760253906
2014-01-17,3.75,0.07,233.916,6.6,81.26000213623047,81.2,93.96,4.39,0.6752,-0.4069,50.4428,42.988990783691406
2014-01-21,3.74,0.07,233.916,6.6,81.0999984741211,81.2,94.51,4.61,0.6724,-0.614,51.0462,43.03335189819336
2014-01-22,3.75,0.07,233.916,6.6,81.16999816894531,81.2,96.35,4.92,0.6724,-0.54,45.1428,42.60429000854492
2014-01-23,3.68,0.07,233.916,6.6,80.44000244140625,81.2,97.23,5.64,0.6973,-1.7754,36.1683,41.77572250366211
2014-01-24,3.64,0.07,233.916,6.6,80.45999908447266,81.2,96.66,5.17,0.7204,-2.7149,28.4304,40.75483703613281
2014-01-27,3.67,0.07,233.916,6.6,80.5,81.2,95.82,5.66,0.7273,-2.5152,28.4304,40.75483703613281
2014-01-28,3.68,0.07,233.916,6.6,80.56999969482422,81.2,97.49,5.25,0.7412,-1.4499,36.349,41.235687255859375
2014-01-29,3.62,0.07,233.916,6.6,80.51000213623047,81.2,97.34,5.23,0.7421,-1.6349,34.9605,41.08032989501953
2014-01-30,3.65,0.07,233.916,6.6,81.08999633789062,81.2,98.25,5.27,0.7346,-2.5818,40.603,41.42802047729492
2014-01-31,3.61,0.07,233.916,6.6,81.2699966430664,81.2,97.55,5.04,0.7313,-2.6853,35.8918,40.95457077026367
2014-02-03,3.55,0.07,234.781,6.7,81.01000213623047,81.6,96.44,5.04,0.7699,-2.8111,29.6256,40.17778396606445
2014-02-04,3.59,0.07,234.781,6.7,81.12000274658203,81.6,97.24,5.78,0.7699,-2.382,37.0667,40.651248931884766
2014-02-05,3.66,0.07,234.781,6.7,81.02999877929688,81.6,97.40,8.12,0.7608,-1.7606,39.9336,40.84360885620117
2014-02-06,3.67,0.07,234.781,6.7,80.88999938964844,81.6,97.84,6.90,0.7778,0.0074,51.8404,41.783119201660156
2014-02-07,3.67,0.06,234.781,6.7,80.69000244140625,81.6,99.98,5.92,0.7579,1.1318,52.982,41.88669967651367
2014-02-10,3.66,0.07,234.781,6.7,80.66999816894531,81.6,100.12,8.15,0.7318,1.2206,54.02,41.97547149658203
2014-02-11,3.69,0.06,234.781,6.7,80.62999725341797,81.6,99.96,7.75,0.7318,1.2502,59.7037,42.485931396484375
2014-02-12,3.72,0.07,234.781,6.7,80.68000030517578,81.6,100.38,5.96,0.7086,1.4721,60.4129,42.5525016784668
2014-02-13,3.70,0.06,234.781,6.7,80.29000091552734,81.6,100.27,5.34,0.7183,1.5017,64.362,42.92979049682617
2014-02-14,3.69,0.06,234.781,6.7,80.12999725341797,81.6,100.31,5.54,0.6923,2.0639,65.2679,43.01856994628906
2014-02-18,3.68,0.07,234.781,6.7,80.01000213623047,81.6,102.54,5.80,0.6825,3.0922,67.8412,43.27009963989258
2014-02-19,3.71,0.07,234.781,6.7,80.16999816894531,81.6,103.46,6.00,0.7035,1.7088,52.2735,42.360172271728516
2014-02-20,3.73,0.07,234.781,6.7,80.29000091552734,81.6,103.20,5.96,0.6908,1.7532,55.2424,42.59690475463867
2014-02-21,3.69,0.07,234.781,6.7,80.23999786376953,81.6,102.53,6.24,0.6663,0.8359,55.5306,42.61908721923828
2014-02-24,3.70,0.07,234.781,6.7,80.20999908447266,81.6,103.17,6.08,0.6533,1.0431,59.5787,42.92979049682617
2014-02-25,3.66,0.07,234.781,6.7,80.1500015258789,81.6,102.20,5.21,0.6653,0.2145,48.0153,42.189998626708984
2014-02-26,3.63,0.07,234.781,6.7,80.41000366210938,81.6,102.93,4.81,0.6789,-0.503,45.2812,41.982872009277344
2014-02-27,3.60,0.07,234.781,6.7,80.29000091552734,81.6,102.68,4.61,0.6701,-0.614,44.6755,41.9384765625
2014-02-28,3.59,0.06,234.781,6.7,79.77999877929688,81.6,102.88,4.80,0.6782,-0.8951,46.4015,42.0346565246582
2014-03-03,3.55,0.07,236.293,6.7,80.06999969482422,80.0,105.34,7.09,0.6895,-1.4351,39.9098,41.583377838134766
2014-03-04,3.64,0.07,236.293,6.7,80.16000366210938,80.0,103.64,7.98,0.701,-0.9099,52.5943,42.360172271728516
2014-03-05,3.64,0.08,236.293,6.7,80.11000061035156,80.0,101.75,6.46,0.7053,0.6658,60.5294,43.02596664428711
2014-03-06,3.68,0.08,236.293,6.7,79.68000030517578,80.0,101.82,4.89,0.7039,0.9765,65.7647,43.57339859008789
2014-03-07,3.72,0.08,236.293,6.7,79.72000122070312,80.0,102.82,4.78,0.7011,1.3242,68.8651,43.943294525146484
2014-03-10,3.73,0.08,236.293,6.7,79.75,80.0,101.39,4.67,0.6836,0.8655,66.2006,43.79534912109375
2014-03-11,3.70,0.08,236.293,6.7,79.7699966430664,80.0,100.29,4.67,0.7045,0.8581,54.3919,43.04815673828125
2014-03-12,3.66,0.08,236.293,6.7,79.61000061035156,80.0,98.29,4.72,0.6948,0.8655,51.655,42.84840774536133
2014-03-13,3.60,0.08,236.293,6.7,79.62000274658203,80.0,98.57,4.41,0.706,0.54,46.8087,42.47852325439453
2014-03-14,3.59,0.08,236.293,6.7,79.44000244140625,80.0,99.23,4.40,0.7036,-0.0148,41.4507,42.01985168457031
2014-03-17,3.63,0.08,236.293,6.7,79.38999938964844,80.0,98.43,4.57,0.7009,1.0135,49.5268,42.59690475463867
2014-03-18,3.62,0.08,236.293,6.7,79.41000366210938,80.0,100.08,4.42,0.6815,0.5918,53.8769,42.95198059082031
2014-03-19,3.66,0.08,236.293,6.7,79.98999786376953,80.0,100.71,4.43,0.6878,0.1036,55.9845,43.12953567504883
2014-03-20,3.67,0.08,236.293,6.7,80.20999908447266,80.0,99.68,4.39,0.7634,0.8951,68.1715,44.468544006347656
2014-03-21,3.61,0.08,236.293,6.7,80.11000061035156,80.0,99.97,4.33,0.7722,0.5696,68.4928,44.512935638427734
2014-03-24,3.57,0.09,236.293,6.7,79.93000030517578,80.0,100.05,4.42,0.771,1.3833,73.0305,45.17873764038086
2014-03-25,3.59,0.09,236.293,6.7,79.94000244140625,80.0,99.66,4.53,0.7645,2.0269,71.2568,45.075172424316406
2014-03-26,3.55,0.08,236.293,6.7,79.9800033569336,80.0,100.61,4.44,0.7897,1.4647,59.4527,44.31319046020508
2014-03-27,3.52,0.08,236.293,6.7,80.11000061035156,80.0,101.25,4.39,0.8141,1.8494,59.5971,44.327980041503906
2014-03-28,3.55,0.08,236.293,6.7,80.18000030517578,80.0,101.73,4.50,0.8041,2.3968,60.5341,44.416751861572266
2014-03-31,3.56,0.06,236.293,6.7,80.0999984741211,80.0,101.57,4.48,0.7982,2.3154,65.498,44.91242599487305
2014-04-01,3.60,0.08,237.072,6.2,80.08000183105469,84.1,99.69,4.39,0.7898,1.9308,64.956,44.88282775878906
2014-04-02,3.65,0.09,237.072,6.2,80.22000122070312,84.1,99.60,4.39,0.7637,1.8938,66.4224,45.024269104003906
2014-04-03,3.62,0.08,237.072,6.2,80.47000122070312,84.1,100.29,4.51,0.7368,0.6888,67.8474,45.15828323364258
2014-04-04,3.59,0.08,237.072,6.2,80.41999816894531,84.1,101.16,4.49,0.7511,0.0117,55.4906,44.52549743652344
2014-04-07,3.56,0.09,237.072,6.2,80.22000122070312,84.1,100.43,4.58,0.7592,-1.2571,46.5198,43.922489166259766
2014-04-08,3.54,0.08,237.072,6.2,79.75,84.1,102.57,4.57,0.7459,-1.2652,45.0222,43.810821533203125
2014-04-09,3.57,0.08,237.072,6.2,79.4800033569336,84.1,103.55,4.67,0.7434,-0.1906,50.0273,44.123497009277344
2014-04-10,3.52,0.08,237.072,6.2,79.37999725341797,84.1,103.37,4.67,0.7972,-1.5974,34.4926,42.73136901855469
2014-04-11,3.48,0.09,237.072,6.2,79.44999694824219,84.1,103.68,4.67,0.8918,-3.2494,24.8602,41.16802215576172
2014-04-14,3.48,0.09,237.072,6.2,79.7300033569336,84.1,104.05,4.64,0.9057,-3.9982,23.671,40.9149169921875
2014-04-15,3.46,0.1,237.072,6.2,79.80000305175781,84.1,103.70,4.69,0.9096,-4.0877,23.0934,40.795806884765625
2014-04-16,3.45,0.09,237.072,6.2,79.81999969482422,84.1,103.71,4.64,0.8797,-3.8858,28.6546,41.13825225830078
2014-04-17,3.52,0.09,237.072,6.2,79.83000183105469,84.1,104.33,4.64,0.8465,-4.0496,28.4558,41.10847473144531
2014-04-21,3.52,0.1,237.072,6.2,79.94999694824219,84.1,104.35,4.76,0.8084,-3.5583,27.4506,40.96702575683594
2014-04-22,3.50,0.1,237.072,6.2,79.91000366210938,84.1,101.69,4.76,0.8112,-2.3747,37.5182,41.547706604003906
2014-04-23,3.47,0.1,237.072,6.2,79.86000061035156,84.1,101.47,4.81,0.783,-2.0843,40.3483,41.72636795043945
2014-04-24,3.46,0.1,237.072,6.2,79.80000305175781,84.1,102.20,4.81,0.7617,-2.2928,42.0495,41.83058166503906
2014-04-25,3.45,0.09,237.072,6.2,79.7699966430664,84.1,100.85,4.83,0.745,-1.2655,37.8514,41.46580123901367
2014-04-28,3.47,0.09,237.072,6.2,79.68000030517578,84.1,101.13,4.72,0.746,0.1414,36.1336,41.30948257446289
2014-04-29,3.49,0.1,237.072,6.2,79.80999755859375,84.1,101.56,4.78,0.7361,0.8486,44.2933,41.763587951660156
2014-04-30,3.47,0.09,237.072,6.2,79.48999786376953,84.1,100.07,4.79,0.717,0.8784,43.09,41.67425537109375
2014-05-01,3.41,0.09,237.9,6.3,79.52999877929688,81.9,99.69,4.79,0.7025,0.3424,40.4448,41.48068618774414
2014-05-02,3.37,0.09,237.9,6.3,79.5199966430664,81.9,100.09,4.73,0.7017,0.268,39.0119,41.3764762878418
2014-05-05,3.41,0.09,237.9,6.3,79.48999786376953,81.9,99.74,4.73,0.7516,-0.603,28.2207,40.36403274536133
2014-05-06,3.38,0.09,237.9,6.3,79.13999938964844,81.9,99.81,4.80,0.7458,-1.8387,23.5394,39.708919525146484
2014-05-07,3.40,0.08,237.9,6.3,79.22000122070312,81.9,101.06,4.82,0.7393,-1.4888,33.4377,40.237464904785156
2014-05-08,3.45,0.08,237.9,6.3,79.43000030517578,81.9,100.52,4.77,0.712,-1.3623,37.3711,40.46825408935547
2014-05-09,3.47,0.08,237.9,6.3,79.9000015258789,81.9,100.32,4.59,0.6976,-1.258,34.7919,40.20768737792969
2014-05-12,3.49,0.08,237.9,6.3,79.9000015258789,81.9,100.89,4.52,0.6844,-0.6253,42.8109,40.684139251708984
2014-05-13,3.45,0.09,237.9,6.3,80.13999938964844,81.9,102.01,4.47,0.6531,-1.1017,42.5385,40.66179656982422
2014-05-14,3.37,0.08,237.9,6.3,80.06999969482422,81.9,102.63,4.47,0.6277,-1.2059,40.082,40.46825408935547
2014-05-15,3.33,0.09,237.9,6.3,80.0,81.9,101.74,4.42,0.6366,-1.6451,33.1322,39.83546447753906
2014-05-16,3.34,0.09,237.9,6.3,80.04000091552734,81.9,102.31,4.42,0.6198,-1.6898,31.6954,39.68656921386719
2014-05-19,3.39,0.09,237.9,6.3,79.98999786376953,81.9,102.95,4.54,0.6207,-0.2903,39.2998,40.07369613647461
2014-05-20,3.38,0.09,237.9,6.3,80.04000091552734,81.9,102.80,4.53,0.6099,0.2829,38.2976,39.9918098449707
2014-05-21,3.42,0.09,237.9,6.3,80.0999984741211,81.9,104.31,4.57,0.6131,0.0521,44.061,40.28956985473633
2014-05-22,3.43,0.09,237.9,6.3,80.25,81.9,104.03,4.57,0.6002,0.1414,49.6757,40.60969543457031
2014-05-23,3.40,0.09,237.9,6.3,80.38999938964844,81.9,105.01,4.40,0.5799,0.3871,49.4193,40.59480285644531
2014-05-27,3.37,0.09,237.9,6.3,80.3499984741211,81.9,104.78,4.40,0.5861,0.3648,56.9482,41.04891586303711
2014-05-28,3.29,0.09,237.9,6.3,80.56999969482422,81.9,103.37,4.56,0.5761,0.6179,60.2861,41.27968978881836
2014-05-29,3.31,0.09,237.9,6.3,80.48999786376953,81.9,104.26,4.63,0.5632,1.0124,63.0579,41.48068618774414
2014-05-30,3.33,0.08,237.9,6.3,80.37000274658203,81.9,103.40,4.49,0.5532,1.5335,60.4534,41.36903762817383
2014-06-02,3.38,0.09,238.343,6.1,80.63999938964844,82.5,103.07,4.49,0.5472,1.5186,56.6409,41.20524978637695
2014-06-03,3.43,0.1,238.343,6.1,80.55000305175781,82.5,103.34,4.62,0.5384,1.3176,59.8388,41.39136505126953
2014-06-04,3.45,0.09,238.343,6.1,80.66999816894531,82.5,103.27,4.62,0.5252,1.459,60.8651,41.45092010498047
2014-06-05,3.44,0.09,238.343,6.1,80.37000274658203,82.5,103.17,4.66,0.5499,1.8685,70.733,42.158145904541016
2014-06-06,3.44,0.09,238.343,6.1,80.41000366210938,82.5,103.32,4.66,0.5372,1.8015,73.4002,42.4112548828125
2014-06-09,3.45,0.09,238.343,6.1,80.6500015258789,82.5,105.09,4.67,0.5395,2.1513,76.5437,42.746253967285156
2014-06-10,3.47,0.09,238.343,6.1,80.81999969482422,82.5,105.02,4.67,0.5303,2.0546,79.4255,43.10358810424805
2014-06-11,3.47,0.09,238.343,6.1,80.79000091552734,82.5,105.04,4.51,0.5416,1.3548,67.3573,42.634578704833984
2014-06-12,3.41,0.09,238.343,6.1,80.58000183105469,82.5,107.20,4.51,0.5321,0.9826,63.4468,42.463356018066406
2014-06-13,3.41,0.1,238.343,6.1,80.58000183105469,82.5,107.49,4.70,0.5361,1.0943,63.4468,42.463356018066406
2014-06-16,3.40,0.1,238.343,6.1,80.47000122070312,82.5,107.52,4.71,0.5356,1.1315,60.2547,42.33681106567383
2014-06-17,3.44,0.1,238.343,6.1,80.62999725341797,82.5,106.95,4.68,0.5457,1.3548,66.342,42.746253967285156
2014-06-18,3.43,0.1,238.343,6.1,80.58000183105469,82.5,106.64,4.68,0.5525,1.5633,69.7154,43.01426315307617
2014-06-19,3.47,0.1,238.343,6.1,80.31999969482422,82.5,107.08,4.67,0.5433,0.4988,60.7023,42.65693283081055
2014-06-20,3.44,0.1,238.343,6.1,80.37000274658203,82.5,107.95,4.53,0.5295,0.4318,63.4377,42.84304428100586
2014-06-23,3.45,0.1,238.343,6.1,80.26000213623047,82.5,106.83,4.53,0.5438,0.5732,69.4806,43.319480895996094
2014-06-24,3.41,0.1,238.343,6.1,80.33000183105469,82.5,106.64,4.49,0.5523,-0.3573,56.9074,42.746253967285156
2014-06-25,3.38,0.1,238.343,6.1,80.22000122070312,82.5,107.04,4.58,0.5591,0.1935,58.1106,42.82814407348633
2014-06-26,3.35,0.1,238.343,6.1,80.2300033569336,82.5,106.49,4.58,0.5686,0.2605,55.9033,42.72392272949219
2014-06-27,3.36,0.1,238.343,6.1,80.04000091552734,82.5,106.46,4.39,0.5524,0.3648,57.689,42.82814407348633
2014-06-30,3.34,0.09,238.343,6.1,79.77999877929688,82.5,106.07,4.39,0.5342,0.5583,58.8785,42.895164489746094
2014-07-01,3.40,0.1,238.25,6.2,79.81999969482422,81.8,106.06,4.47,0.5448,0.4094,63.3327,43.157527923583984
2014-07-02,3.46,0.1,238.25,6.2,79.95999908447266,81.8,105.18,4.47,0.546,-0.3083,52.4384,42.70773696899414
2014-07-03,3.47,0.09,238.25,6.2,80.20999908447266,81.8,104.76,4.31,0.5434,0.109,53.6204,42.767704010009766
2014-07-07,3.44,0.1,238.25,6.2,80.22000122070312,81.8,104.19,4.31,0.5394,-0.362,47.4032,42.48284149169922
2014-07-08,3.38,0.09,238.25,6.2,80.18000030517578,81.8,104.06,4.18,0.5565,-1.5205,36.2266,41.80065155029297
2014-07-09,3.37,0.09,238.25,6.2,79.98999786376953,81.8,102.93,4.17,0.5441,-0.7524,40.6676,41.99557113647461
2014-07-10,3.38,0.09,238.25,6.2,80.12999725341797,81.8,103.61,4.15,0.562,-1.1791,35.7708,41.65074157714844
2014-07-11,3.34,0.09,238.25,6.2,80.19000244140625,81.8,101.48,4.13,0.5601,-0.895,39.9617,41.83065414428711
2014-07-14,3.36,0.09,238.25,6.2,80.19000244140625,81.8,101.73,4.13,0.5758,-0.6319,47.7026,42.19797897338867
2014-07-15,3.37,0.09,238.25,6.2,80.38999938964844,81.8,100.56,4.13,0.6632,0.7852,66.877,43.68228530883789
2014-07-16,3.35,0.09,238.25,6.2,80.55999755859375,81.8,101.88,4.16,0.6538,0.8545,69.6267,44.01212692260742
2014-07-17,3.27,0.09,238.25,6.2,80.5199966430664,81.8,103.84,4.04,0.666,0.6671,59.0965,43.37494659423828
2014-07-18,3.29,0.09,238.25,6.2,80.5199966430664,81.8,103.83,4.08,0.6516,0.8845,61.8846,43.65229415893555
2014-07-21,3.26,0.1,238.25,6.2,80.55999755859375,81.8,105.34,3.87,0.6324,1.1768,61.9624,43.65978240966797
2014-07-22,3.25,0.09,238.25,6.2,80.77999877929688,81.8,104.59,3.81,0.6172,2.1813,65.3447,43.982147216796875
2014-07-23,3.26,0.09,238.25,6.2,80.80999755859375,81.8,103.81,3.83,0.609,2.2337,67.7871,44.229530334472656
2014-07-24,3.30,0.09,238.25,6.2,80.87000274658203,81.8,102.76,3.83,0.5848,2.706,69.0362,44.356971740722656
2014-07-25,3.24,0.09,238.25,6.2,81.02999877929688,81.8,105.23,3.86,0.566,2.4061,66.3458,44.23701858520508
2014-07-28,3.26,0.09,238.25,6.2,81.02999877929688,81.8,105.68,3.84,0.5572,2.1738,67.9091,44.37197494506836
2014-07-29,3.22,0.09,238.25,6.2,81.20999908447266,81.8,104.91,3.79,0.5575,0.2773,58.6585,43.95966720581055
2014-07-30,3.31,0.09,238.25,6.2,81.41999816894531,81.8,104.29,3.78,0.5535,0.1499,61.5178,44.162078857421875
2014-07-31,3.32,0.08,238.25,6.2,81.45999908447266,81.8,98.23,3.78,0.5809,-0.1424,45.4701,43.23250198364258
2014-08-01,3.29,0.09,237.852,6.1,81.30000305175781,82.5,97.86,3.77,0.6304,-1.3118,35.5746,42.34040069580078
2014-08-04,3.30,0.09,237.852,6.1,81.33000183105469,82.5,98.26,3.87,0.6197,-1.1918,37.7258,42.46784973144531
2014-08-05,3.28,0.09,237.852,6.1,81.5199966430664,82.5,97.34,3.87,0.6316,-1.9564,33.4223,42.025550842285156
2014-08-06,3.27,0.09,237.852,6.1,81.44000244140625,82.5,96.93,3.92,0.6326,-2.0763,35.7681,42.152984619140625
2014-08-07,3.23,0.09,237.852,6.1,81.5199966430664,82.5,97.34,3.99,0.6415,-2.4436,33.3132,41.913108825683594
2014-08-08,3.23,0.09,237.852,6.1,81.38999938964844,82.5,97.61,3.94,0.6342,-2.0014,39.5117,42.2354621887207
2014-08-11,3.24,0.09,237.852,6.1,81.47000122070312,82.5,98.09,4.00,0.6108,-2.1513,39.3228,42.220455169677734
2014-08-12,3.27,0.09,237.852,6.1,81.5,82.5,97.36,3.94,0.5897,-1.7165,39.8024,42.24294662475586
2014-08-13,3.24,0.09,237.852,6.1,81.5999984741211,82.5,97.57,3.90,0.5738,-1.6416,45.6859,42.52031707763672
2014-08-14,3.20,0.09,237.852,6.1,81.58999633789062,82.5,95.54,3.85,0.5489,-0.5172,49.5368,42.715232849121094
2014-08-15,3.13,0.09,237.852,6.1,81.41999816894531,82.5,97.30,3.80,0.5691,0.2024,46.3095,42.542816162109375
2014-08-18,3.20,0.09,237.852,6.1,81.58000183105469,82.5,96.44,3.78,0.5649,0.4348,53.356,42.90264129638672
2014-08-19,3.21,0.09,237.852,6.1,81.87999725341797,82.5,94.35,3.84,0.5508,1.1244,57.6061,43.15003967285156
2014-08-20,3.22,0.09,237.852,6.1,82.25,82.5,96.40,3.88,0.536,1.0569,58.6217,43.21000289916992
2014-08-21,3.19,0.09,237.852,6.1,82.1500015258789,82.5,93.97,3.88,0.5604,1.9414,67.8275,43.85469055175781
2014-08-22,3.16,0.09,237.852,6.1,82.33999633789062,82.5,93.61,3.88,0.5605,1.6116,67.6331,43.84721374511719
2014-08-25,3.13,0.09,237.852,6.1,82.55000305175781,82.5,95.39,3.94,0.5922,2.2637,74.5282,44.484413146972656
2014-08-26,3.15,0.09,237.852,6.1,82.6500015258789,82.5,95.78,3.99,0.5826,2.5411,77.0811,44.784271240234375
2014-08-27,3.11,0.09,237.852,6.1,82.43000030517578,82.5,95.82,4.02,0.5635,2.1513,73.9912,44.67182159423828
2014-08-28,3.08,0.09,237.852,6.1,82.4800033569336,82.5,96.44,4.06,0.565,1.6341,65.6136,44.3494758605957
2014-08-29,3.09,0.07,237.852,6.1,82.75,82.5,97.86,4.04,0.5509,2.0239,68.3029,44.566871643066406
2014-09-02,3.17,0.09,238.031,5.9,82.98999786376953,84.6,92.92,4.01,0.5415,1.829,70.2633,44.73180389404297
2014-09-03,3.15,0.09,238.031,5.9,82.87000274658203,84.6,95.50,3.94,0.5515,1.6041,70.5393,44.75428009033203
2014-09-04,3.21,0.09,238.031,5.9,83.81999969482422,84.6,94.51,3.91,0.5502,1.5516,70.6403,44.76178741455078
2014-09-05,3.23,0.09,238.031,5.9,83.76000213623047,84.6,93.32,3.86,0.5478,1.0569,72.7178,44.911705017089844
2014-09-08,3.23,0.09,238.031,5.9,84.2300033569336,84.6,92.64,3.86,0.5344,1.0494,72.1505,44.896732330322266
2014-09-09,3.23,0.09,238.031,5.9,84.27999877929688,84.6,92.73,3.93,0.5556,-0.2099,53.0634,44.274505615234375
2014-09-10,3.26,0.09,238.031,5.9,84.25,84.6,91.71,3.98,0.5502,-0.3898,55.5804,44.39446258544922
2014-09-11,3.27,0.09,238.031,5.9,84.30000305175781,84.6,92.89,3.94,0.5575,0.1274,63.0173,44.79927444458008
2014-09-12,3.35,0.09,238.031,5.9,84.23999786376953,84.6,92.18,3.82,0.553,0.6521,66.1645,45.00167465209961
2014-09-15,3.34,0.09,238.031,5.9,84.26000213623047,84.6,92.86,3.92,0.5446,0.3673,64.1428,44.9342041015625
2014-09-16,3.36,0.09,238.031,5.9,84.06999969482422,84.6,94.91,3.85,0.5367,0.2399,64.8066,44.9716911315918
2014-09-17,3.37,0.09,238.031,5.9,84.69999694824219,84.6,94.33,3.97,0.5396,0.4572,68.9005,45.21158218383789
2014-09-18,3.36,0.09,238.031,5.9,84.31999969482422,84.6,93.07,3.99,0.5594,1.2068,77.9115,45.968711853027344
2014-09-19,3.29,0.09,238.031,5.9,84.80000305175781,84.6,92.43,3.99,0.566,0.8995,73.0235,45.81129455566406
2014-09-22,3.28,0.09,238.031,5.9,84.66999816894531,84.6,91.46,3.88,0.5604,0.7646,68.4772,45.66136932373047
2014-09-23,3.25,0.09,238.031,5.9,84.66000366210938,84.6,91.55,3.90,0.5541,1.4092,68.801,45.68384552001953
2014-09-24,3.28,0.09,238.031,5.9,85.05000305175781,84.6,93.60,3.84,0.552,1.8065,75.2868,46.201133728027344
2014-09-25,3.22,0.09,238.031,5.9,85.19999694824219,84.6,93.59,3.89,0.5918,0.2923,50.344,45.091636657714844
2014-09-26,3.22,0.09,238.031,5.9,85.63999938964844,84.6,95.55,3.89,0.5886,0.3973,54.9392,45.39898681640625
2014-09-29,3.18,0.08,238.031,5.9,85.58999633789062,84.6,94.53,3.89,0.591,0.2923,51.9431,45.226566314697266
2014-09-30,3.21,0.07,238.031,5.9,85.94000244140625,84.6,91.17,4.14,0.5815,0.1874,50.74,45.15909957885742
2014-10-01,3.12,0.09,237.433,5.7,85.97000122070312,86.9,90.74,4.14,0.5758,-0.4048,44.7286,44.80675506591797
2014-10-02,3.15,0.09,237.433,5.7,85.5999984741211,86.9,91.02,4.00,0.5821,-1.5591,38.9472,44.40677261352539
2014-10-03,3.13,0.09,237.433,5.7,86.69000244140625,86.9,89.76,3.94,0.6238,-0.2999,56.3383,45.50864791870117
2014-10-06,3.12,0.09,237.433,5.7,85.70999908447266,86.9,90.33,3.89,0.6224,-0.2405,54.9099,45.418067932128906
2014-10-07,3.06,0.09,237.433,5.7,85.66999816894531,86.9,88.89,3.88,0.6316,-0.9498,45.2442,44.73129653930664
2014-10-08,3.07,0.09,237.433,5.7,85.30000305175781,86.9,87.29,3.88,0.6538,-0.6142,55.9441,45.584110260009766
2014-10-09,3.07,0.08,237.433,5.7,85.5199966430664,86.9,85.76,3.87,0.6885,-0.501,44.6256,44.58790588378906
2014-10-10,3.03,0.09,237.433,5.7,85.91000366210938,86.9,85.87,3.86,0.71,-1.2309,40.7403,44.16526794433594
2014-10-13,.,0.09,237.433,5.7,85.43000030517578,86.9,85.73,3.87,0.7151,-1.3302,38.355,43.893577575683594
2014-10-14,2.95,0.09,237.433,5.7,85.81999969482422,86.9,81.72,3.91,0.7966,-1.3911,37.2119,43.76526641845703
2014-10-15,2.92,0.09,237.433,5.7,85.1500015258789,86.9,81.82,3.81,0.9408,-2.8952,25.1566,41.9087028503418
2014-10-16,2.94,0.09,237.433,5.7,85.0,86.9,82.33,3.80,0.9652,-2.8376,23.6025,41.569095611572266
2014-10-17,2.98,0.09,237.433,5.7,85.19000244140625,86.9,82.80,3.73,0.9879,-3.0942,34.75,42.41436767578125
2014-10-20,2.96,0.09,237.433,5.7,84.94999694824219,86.9,82.76,3.69,0.9538,-2.6791,38.5735,42.73887252807617
2014-10-21,3.00,0.09,237.433,5.7,85.30999755859375,86.9,83.25,3.62,0.9601,-1.0113,48.6761,43.71999740600586
2014-10-22,3.01,0.09,237.433,5.7,85.73999786376953,86.9,80.52,3.69,0.9357,-2.2263,45.5994,43.35773849487305
2014-10-23,3.05,0.09,237.433,5.7,85.83999633789062,86.9,82.81,3.60,0.9309,-0.7698,50.0569,43.8181037902832
2014-10-24,3.05,0.09,237.433,5.7,85.7300033569336,86.9,81.27,3.53,0.9062,0.166,54.6587,44.33129119873047
2014-10-27,3.04,0.09,237.433,5.7,85.5,86.9,81.26,3.56,0.8705,0.3622,53.848,44.25584030151367
2014-10-28,3.06,0.09,237.433,5.7,85.41000366210938,86.9,81.36,3.53,0.865,1.2377,60.3217,45.002994537353516
2014-10-29,3.06,0.09,237.433,5.7,85.94999694824219,86.9,82.25,3.60,0.8582,2.8376,57.257,44.74639129638672
2014-10-30,3.04,0.09,237.433,5.7,86.1500015258789,86.9,81.06,3.76,0.8378,3.2526,57.9551,44.821861267089844
2014-10-31,3.07,0.07,237.433,5.7,86.87999725341797,86.9,80.53,3.82,0.84,3.23,64.8982,45.64448165893555
2014-11-03,3.07,0.09,236.151,5.8,87.30999755859375,88.8,78.77,3.82,0.8226,3.2074,67.1127,45.94636917114258
2014-11-04,3.05,0.1,236.151,5.8,86.9800033569336,88.8,77.15,3.67,0.8425,1.7508,60.44,45.47090530395508
2014-11-05,3.06,0.09,236.151,5.8,87.44000244140625,88.8,78.71,3.83,0.8352,2.7923,65.8323,46.150142669677734
2014-11-06,3.09,0.09,236.151,5.8,88.01000213623047,88.8,77.87,3.92,0.8122,2.3923,66.2861,46.21051025390625
2014-11-07,3.04,0.09,236.151,5.8,87.63999938964844,88.8,78.71,3.92,0.7913,2.0603,67.7156,46.391639709472656
2014-11-10,3.09,0.09,236.151,5.8,87.80999755859375,88.8,77.43,4.18,0.7742,2.4829,70.3894,46.738807678222656
2014-11-11,.,0.09,236.151,5.8,87.52999877929688,88.8,77.85,4.18,0.7534,1.3131,63.2983,46.3161735534668
2014-11-12,3.09,0.09,236.151,5.8,87.81999969482422,88.8,77.16,4.20,0.761,0.9584,54.4781,45.704864501953125
2014-11-13,3.08,0.09,236.151,5.8,87.66999816894531,88.8,74.13,4.20,0.7412,0.6339,51.2456,45.455810546875
2014-11-14,3.04,0.09,236.151,5.8,87.52999877929688,88.8,75.91,4.05,0.7119,-0.1509,51.7278,45.4935302734375
2014-11-17,3.06,0.1,236.151,5.8,87.93000030517578,88.8,75.64,4.26,0.6956,-0.3773,52.7659,45.56901931762695
2014-11-18,3.05,0.11,236.151,5.8,87.58000183105469,88.8,74.55,4.33,0.6793,0.2113,54.4004,45.68222427368164
2014-11-19,3.08,0.1,236.151,5.8,87.6500015258789,88.8,74.55,4.41,0.6653,-0.4151,55.2041,45.73505401611328
2014-11-20,3.05,0.1,236.151,5.8,87.58999633789062,88.8,75.63,4.41,0.6636,-0.8377,48.6683,45.37278747558594
2014-11-21,3.02,0.1,236.151,5.8,88.30999755859375,88.8,76.52,4.32,0.6674,-0.7698,52.9257,45.62184524536133
2014-11-24,3.01,0.1,236.151,5.8,88.1500015258789,88.8,75.74,4.09,0.6658,-0.732,58.7942,46.006752014160156
2014-11-25,2.97,0.1,236.151,5.8,87.91999816894531,88.8,74.04,4.09,0.6835,-0.8075,49.857,45.50864791870117
2014-11-26,2.95,0.1,236.151,5.8,87.61000061035156,88.8,73.70,4.15,0.6546,-0.166,50.3651,45.538822174072266
2014-11-28,2.89,0.08,236.151,5.8,88.36000061035156,88.8,65.94,4.30,0.6364,-0.0528,47.9365,45.40297317504883
2014-12-01,2.95,0.13,234.812,5.6,87.94999694824219,93.6,68.98,4.30,0.6265,-0.2113,45.7573,45.282222747802734
2014-12-02,3.00,0.12,234.812,5.6,88.6500015258789,93.6,66.99,3.77,0.6459,0.5283,59.5489,46.097293853759766
2014-12-03,2.99,0.12,234.812,5.6,88.95999908447266,93.6,67.30,3.63,0.6435,0.7622,63.8935,46.444480895996094
2014-12-04,2.94,0.12,234.812,5.6,88.69999694824219,93.6,66.73,3.63,0.6369,0.5886,61.3471,46.32373046875
2014-12-05,2.97,0.12,234.812,5.6,89.33000183105469,93.6,65.89,3.42,0.6819,1.9471,71.6897,47.31992721557617
2014-12-08,2.90,0.12,234.812,5.6,89.04000091552734,93.6,63.13,3.42,0.6817,1.6754,71.2086,47.29728317260742
2014-12-09,2.87,0.12,234.812,5.6,88.69000244140625,93.6,63.74,3.63,0.7026,1.1245,67.5163,47.131248474121094
2014-12-10,2.83,0.12,234.812,5.6,88.2699966430664,93.6,60.99,3.65,0.7645,0.2868,46.1327,45.795440673828125
2014-12-11,2.84,0.12,234.812,5.6,88.66000366210938,93.6,60.01,3.68,0.7843,0.6037,50.6464,46.1425895690918
2014-12-12,2.75,0.12,234.812,5.6,88.36000061035156,93.6,57.81,3.91,0.7962,-0.0906,41.4238,45.312400817871094
2014-12-15,2.74,0.11,234.812,5.6,88.45999908447266,93.6,55.96,3.72,0.8482,-0.6339,35.6529,44.648284912109375
2014-12-16,2.69,0.12,234.812,5.6,88.12999725341797,93.6,55.97,3.58,0.882,-1.9999,31.5958,44.097347259521484
2014-12-17,2.74,0.13,234.812,5.6,89.12999725341797,93.6,56.43,3.72,0.8993,-1.3358,44.4813,45.10865020751953
2014-12-18,2.82,0.13,234.812,5.6,89.23999786376953,93.6,54.18,3.71,0.9272,0.0755,56.1844,46.39919662475586
2014-12-19,2.77,0.13,234.812,5.6,89.5999984741211,93.6,56.91,3.71,0.9138,-0.5811,58.7282,46.738807678222656
2014-12-22,2.75,0.13,234.812,5.6,89.7699966430664,93.6,55.25,3.05,0.8874,-0.5509,58.7873,46.74635696411133
2014-12-23,2.85,0.13,234.812,5.6,90.05999755859375,93.6,56.78,2.99,0.88,0.0226,62.047,47.15388870239258
2014-12-24,2.83,0.13,234.812,5.6,89.97000122070312,93.6,55.70,2.99,0.8495,1.3584,62.047,47.15388870239258
2014-12-26,2.81,0.13,234.812,5.6,90.02999877929688,93.6,54.59,2.74,0.8147,1.0641,62.5214,47.206722259521484
2014-12-29,2.78,0.13,234.812,5.6,90.19000244140624,93.6,53.46,3.07,0.8153,2.2036,65.3409,47.51615524291992
2014-12-30,2.76,0.13,234.812,5.6,89.98999786376953,93.6,54.14,3.14,0.7953,3.0112,66.6333,47.659542083740234
2014-12-31,2.75,0.06,234.812,5.6,90.2699966430664,93.6,53.45,3.14,0.7876,3.1319,59.2663,47.2293701171875
2015-01-02,2.69,0.12,233.707,5.7,91.08000183105467,98.1,52.72,3.01,0.7796,2.3546,61.8173,47.46483612060547
2015-01-05,2.60,0.12,233.707,5.7,91.37999725341795,98.1,50.05,3.22,0.8465,-0.4093,42.9808,45.99127960205078
2015-01-06,2.52,0.12,233.707,5.7,91.5,98.1,47.98,2.98,0.9162,-1.9414,33.737,44.79877853393555
2015-01-07,2.52,0.12,233.707,5.7,91.88999938964844,98.1,48.69,3.08,0.9173,-1.8806,34.6325,44.86714172363281
2015-01-08,2.59,0.12,233.707,5.7,92.37000274658205,98.1,48.80,2.92,0.951,-1.2855,46.4297,45.869747161865234
2015-01-09,2.55,0.12,233.707,5.7,91.94000244140624,98.1,48.35,2.96,0.9645,-2.083,40.0425,45.07222366333008
2015-01-12,2.49,0.12,233.707,5.7,91.9800033569336,98.1,46.06,2.90,0.9569,-2.5232,37.2751,44.684852600097656
2015-01-13,2.49,0.12,233.707,5.7,92.30999755859376,98.1,45.92,2.92,0.9607,-2.825,37.3694,44.692440032958984
2015-01-14,2.47,0.12,233.707,5.7,92.16000366210938,98.1,48.49,3.15,1.0857,-4.5102,27.9061,43.150535583496094
2015-01-15,2.40,0.12,233.707,5.7,92.3499984741211,98.1,46.37,3.32,1.1335,-5.4623,22.2845,41.76814651489258
2015-01-16,2.44,0.13,233.707,5.7,92.5199966430664,98.1,48.49,3.11,1.1263,-4.9824,30.3378,42.482120513916016
2015-01-20,2.39,0.12,233.707,5.7,93.0500030517578,98.1,46.79,2.94,1.0983,-3.676,29.5417,42.31502151489258
2015-01-21,2.44,0.12,233.707,5.7,92.9000015258789,98.1,47.85,2.94,1.0866,-2.3469,31.1833,42.45174789428711
2015-01-22,2.46,0.12,233.707,5.7,94.23999786376952,98.1,45.93,2.95,1.1088,-1.1241,44.7032,43.74299621582031
2015-01-23,2.38,0.12,233.707,5.7,95.0,98.1,45.26,2.96,1.0952,-2.8178,40.0261,43.05178451538086
2015-01-26,2.40,0.12,233.707,5.7,94.8000030517578,98.1,44.80,2.92,1.0599,-1.9519,40.7078,43.12015914916992
2015-01-27,2.40,0.11,233.707,5.7,94.0199966430664,98.1,45.84,2.96,1.0392,-1.9975,37.6929,42.687217712402344
2015-01-28,2.29,0.12,233.707,5.7,94.47000122070312,98.1,44.08,2.89,1.0697,-3.1064,31.1682,41.58584213256836
2015-01-29,2.33,0.11,233.707,5.7,94.77999877929688,98.1,44.12,2.88,1.0589,-0.8658,38.6544,42.28463363647461
2015-01-30,2.25,0.06,233.707,5.7,94.8000030517578,98.1,47.79,2.88,1.0538,-0.4633,33.0536,41.3047981262207
2015-02-02,2.25,0.12,234.722,5.5,94.5,95.4,49.25,2.88,1.0534,-0.3494,41.07,42.13272476196289
2015-02-03,2.37,0.12,234.722,5.5,93.5999984741211,95.4,53.04,2.67,1.0492,0.7671,48.8712,43.08216857910156
2015-02-04,2.39,0.11,234.722,5.5,93.98999786376952,95.4,48.45,2.73,1.0172,0.3722,46.9912,42.82392501831055
2015-02-05,2.42,0.12,234.722,5.5,94.6999969482422,95.4,50.48,2.66,0.9803,-0.6228,49.4687,43.12015914916992
2015-02-06,2.51,0.11,234.722,5.5,94.6999969482422,95.4,51.66,2.66,1.0166,0.919,56.0267,43.970855712890625
2015-02-09,2.52,0.12,234.722,5.5,94.4499969482422,95.4,52.99,2.62,0.9909,0.7975,55.5263,43.917686462402344
2015-02-10,2.58,0.12,234.722,5.5,94.76000213623048,95.4,50.06,2.67,0.9683,1.7165,59.226,44.40380096435547
2015-02-11,2.57,0.12,234.722,5.5,94.98999786376952,95.4,48.80,2.86,0.9434,2.7494,58.4661,44.3354377746582
2015-02-12,2.58,0.12,234.722,5.5,94.08999633789062,95.4,51.17,2.86,0.9487,2.9621,65.1004,45.24691390991211
2015-02-13,2.63,0.12,234.722,5.5,94.1999969482422,95.4,52.66,2.75,0.9287,4.0178,65.609,45.3228759765625
2015-02-17,2.73,0.12,234.722,5.5,94.05999755859376,95.4,53.56,2.75,0.9071,3.5165,67.8479,45.64948272705078
2015-02-18,2.70,0.12,234.722,5.5,94.1999969482422,95.4,52.13,2.92,0.8955,2.0127,60.4274,45.09499740600586
2015-02-19,2.73,0.12,234.722,5.5,94.4000015258789,95.4,51.12,2.92,0.8684,2.1646,59.0512,44.9886589050293
2015-02-20,2.73,0.12,234.722,5.5,94.25,95.4,49.95,3.02,0.8899,2.3013,62.8761,45.42161560058594
2015-02-23,2.66,0.11,234.722,5.5,94.56999969482422,95.4,49.56,3.22,0.8806,1.1089,58.1145,45.079811096191406
2015-02-24,2.60,0.11,234.722,5.5,94.48999786376952,95.4,48.48,3.22,0.9208,2.2785,67.1453,46.19636535644531
2015-02-25,2.56,0.11,234.722,5.5,94.20999908447266,95.4,50.25,3.21,0.8832,2.0355,68.7737,46.43942642211914
2015-02-26,2.63,0.11,234.722,5.5,95.29000091552734,95.4,47.65,3.21,0.863,2.438,70.9718,46.77363204956055
2015-02-27,2.60,0.06,234.722,5.5,95.25,95.4,49.84,2.79,0.8442,1.2988,67.3786,46.54576110839844
2015-03-02,2.68,0.12,236.119,5.4,95.45999908447266,93.0,49.59,2.79,0.8273,1.595,70.1237,46.91795349121094
2015-03-03,2.71,0.12,236.119,5.4,95.37999725341795,93.0,50.43,3.00,0.7948,1.4203,71.222,47.069854736328125
2015-03-04,2.72,0.11,236.119,5.4,95.97000122070312,93.0,51.53,3.27,0.7824,2.0962,72.1325,47.19137954711914
2015-03-05,2.71,0.11,236.119,5.4,96.37999725341795,93.0,50.76,3.27,0.7607,2.1038,70.1293,47.0926513671875
2015-03-06,2.83,0.12,236.119,5.4,97.62000274658205,93.0,49.61,2.89,0.8186,0.8279,55.5049,46.249542236328125
2015-03-09,2.80,0.12,236.119,5.4,97.58999633789062,93.0,49.95,2.75,0.8052,1.6329,60.5306,46.71286392211914
2015-03-10,2.73,0.12,236.119,5.4,98.62000274658205,93.0,48.42,2.76,0.8312,-0.6532,45.9666,45.54314041137695
2015-03-11,2.69,0.11,236.119,5.4,99.8000030517578,93.0,48.06,2.76,0.8095,-0.6836,48.4713,45.755821228027344
2015-03-12,2.69,0.11,236.119,5.4,99.1500015258789,93.0,47.12,2.82,0.8174,-0.1595,57.3387,46.6141242980957
2015-03-13,2.70,0.11,236.119,5.4,100.33000183105467,93.0,44.88,2.72,0.8366,-0.2127,53.9604,46.33308792114258
2015-03-16,2.67,0.12,236.119,5.4,99.5999984741211,93.0,43.93,2.68,0.8267,0.0608,59.9793,46.97871017456055
2015-03-17,2.61,0.12,236.119,5.4,99.58999633789062,93.0,43.39,2.82,0.8181,-0.2734,57.6162,46.79640197753906
2015-03-18,2.51,0.11,236.119,5.4,98.5500030517578,93.0,44.63,2.80,0.812,-0.2886,58.6716,46.90275192260742
2015-03-19,2.54,0.12,236.119,5.4,99.0999984741211,93.0,44.02,2.86,0.8077,-0.6076,52.9197,46.48500061035156
2015-03-20,2.50,0.12,236.119,5.4,97.91000366210938,93.0,46.00,2.86,0.8016,0.6532,57.5443,46.90275192260742
2015-03-23,2.51,0.12,236.119,5.4,97.02999877929688,93.0,47.40,2.72,0.7964,-0.2734,51.3307,46.43942642211914
2015-03-24,2.46,0.11,236.119,5.4,97.19000244140624,93.0,47.03,2.79,0.7824,0.3798,45.2754,45.922916412353516
2015-03-25,2.50,0.12,236.119,5.4,96.9800033569336,93.0,48.75,2.77,0.7835,-0.4785,38.9017,45.27730178833008
2015-03-26,2.60,0.11,236.119,5.4,97.44000244140624,93.0,51.41,2.77,0.7774,-1.3899,38.4069,45.22413635253906
2015-03-27,2.53,0.12,236.119,5.4,97.29000091552734,93.0,48.83,2.89,0.7642,-1.1013,38.531,45.23172378540039
2015-03-30,2.55,0.12,236.119,5.4,97.9800033569336,93.0,48.66,2.64,0.8132,-0.676,53.2777,46.302711486816406
2015-03-31,2.54,0.06,236.119,5.4,98.36000061035156,93.0,47.72,2.65,0.7844,-0.7823,49.7068,46.01407241821289
2015-04-01,2.47,0.12,236.599,5.4,98.19000244140624,95.9,50.12,2.62,0.7743,-1.0633,47.5629,45.83821487426758
2015-04-02,2.53,0.12,236.599,5.4,97.44000244140624,95.9,49.13,2.63,0.7599,-0.2098,53.1627,46.274044036865234
2015-04-06,2.57,0.13,236.599,5.4,97.11000061035156,95.9,52.08,2.63,0.7657,-0.6657,52.6151,46.23581314086914
2015-04-07,2.52,0.12,236.599,5.4,97.83000183105467,95.9,53.95,2.71,0.7673,0.0881,56.4071,46.52635192871094
2015-04-08,2.53,0.12,236.599,5.4,98.06999969482422,95.9,50.44,2.71,0.7512,0.7575,58.356,46.67926788330078
2015-04-09,2.61,0.12,236.599,5.4,99.16000366210938,95.9,50.79,2.72,0.7383,1.7242,62.2898,47.000404357910156
2015-04-10,2.58,0.12,236.599,5.4,99.38999938964844,95.9,51.63,2.58,0.7172,1.9532,64.3395,47.17628860473633
2015-04-13,2.58,0.13,236.599,5.4,99.48999786376952,95.9,51.95,2.58,0.708,2.2285,67.4972,47.45918273925781
2015-04-14,2.54,0.13,236.599,5.4,98.76000213623048,95.9,53.30,2.58,0.7416,1.8992,74.1618,48.20083999633789
2015-04-15,2.55,0.13,236.599,5.4,98.33000183105467,95.9,56.25,2.62,0.7689,3.0824,79.7317,49.095436096191406
2015-04-16,2.56,0.13,236.599,5.4,97.41999816894533,95.9,56.69,2.61,0.7473,2.9513,73.6969,48.78959274291992
2015-04-17,2.51,0.13,236.599,5.4,97.5199966430664,95.9,55.71,2.67,0.766,1.7738,61.2131,48.04792022705078
2015-04-20,2.56,0.13,236.599,5.4,97.94000244140624,95.9,56.37,2.57,0.7484,2.1179,64.0067,48.3537712097168
2015-04-21,2.58,0.13,236.599,5.4,97.9800033569336,95.9,55.58,2.59,0.7752,1.1163,53.9657,47.64268112182617
2015-04-22,2.66,0.13,236.599,5.4,98.0199966430664,95.9,56.17,2.63,0.781,1.445,58.8273,48.124393463134766
2015-04-23,2.63,0.13,236.599,5.4,97.27999877929688,95.9,56.59,2.59,0.7585,1.0169,57.3323,48.0173454284668
2015-04-24,2.62,0.13,236.599,5.4,96.91999816894533,95.9,55.98,2.59,0.7317,0.6881,55.1092,47.86442565917969
2015-04-27,2.61,0.13,236.599,5.4,96.7699966430664,95.9,55.56,2.50,0.7253,0.2064,52.1864,47.665611267089844
2015-04-28,2.68,0.13,236.599,5.4,96.08999633789062,95.9,57.05,2.55,0.7286,-0.2141,56.3424,47.986759185791016
2015-04-29,2.76,0.13,236.599,5.4,95.12000274658205,95.9,58.55,2.55,0.7547,-0.4664,63.41,48.62902069091797
2015-04-30,2.75,0.08,236.599,5.4,94.5999984741211,95.9,59.62,2.56,0.7532,-0.4205,59.1066,48.36906051635742
2015-05-01,2.82,0.13,237.805,5.6,95.3000030517578,90.7,59.10,2.68,0.7327,0.5887,62.0523,48.63667678833008
2015-05-04,2.88,0.13,237.805,5.6,95.4800033569336,90.7,58.92,2.72,0.7492,1.1316,69.7345,49.48539733886719
2015-05-05,2.90,0.13,237.805,5.6,95.12999725341795,90.7,60.38,2.76,0.7519,1.598,65.4879,49.24071502685547
2015-05-06,2.98,0.13,237.805,5.6,94.12999725341795,90.7,60.93,2.76,0.7883,0.7493,59.4536,48.87370300292969
2015-05-07,2.90,0.13,237.805,5.6,94.62000274658205,90.7,58.99,2.74,0.8055,1.2998,63.9174,49.317176818847656
2015-05-08,2.90,0.13,237.805,5.6,94.79000091552734,90.7,59.41,2.78,0.8107,2.2096,70.1499,50.07413101196289
2015-05-11,3.03,0.13,237.805,5.6,95.01000213623048,90.7,59.23,2.85,0.7837,2.3778,69.6101,50.04355239868164
2015-05-12,3.02,0.13,237.805,5.6,94.52999877929688,90.7,60.72,2.85,0.7703,1.9879,68.2963,49.97473907470703
2015-05-13,3.07,0.13,237.805,5.6,93.62000274658205,90.7,60.50,2.85,0.7464,1.468,69.4358,50.097076416015625
2015-05-14,3.03,0.13,237.805,5.6,93.36000061035156,90.7,59.89,2.87,0.7291,2.1332,73.0066,50.5023193359375
2015-05-15,2.93,0.13,237.805,5.6,93.13999938964844,90.7,59.73,2.96,0.7167,1.7356,70.0883,50.37233352661133
2015-05-18,3.02,0.13,237.805,5.6,94.19000244140624,90.7,59.44,3.01,0.7059,1.2998,73.7866,50.78522491455078
2015-05-19,3.05,0.12,237.805,5.6,95.2699966430664,90.7,57.30,3.01,0.6975,1.9955,77.2076,51.23634719848633
2015-05-20,3.06,0.12,237.805,5.6,95.4499969482422,90.7,58.96,3.04,0.6821,1.9573,68.3095,50.83109664916992
2015-05-21,2.98,0.12,237.805,5.6,95.26000213623048,90.7,60.18,2.96,0.67,1.6438,69.5598,50.961090087890625
2015-05-22,2.99,0.13,237.805,5.6,96.01000213623048,90.7,58.88,2.96,0.65,0.7493,66.4743,50.823448181152344
2015-05-26,2.89,0.12,237.805,5.6,97.3000030517578,90.7,57.29,2.82,0.6669,0.2141,55.2746,50.257652282714844
2015-05-27,2.88,0.12,237.805,5.6,97.37000274658205,90.7,57.51,2.82,0.6695,0.8487,62.3271,50.823448181152344
2015-05-28,2.89,0.12,237.805,5.6,96.97000122070312,90.7,57.69,2.78,0.6615,0.5199,58.5822,50.61700439453125
2015-05-29,2.88,0.08,237.805,5.6,96.91000366210938,90.7,60.25,2.78,0.6613,-0.2064,53.0708,50.295875549316406
2015-06-01,2.94,0.12,238.638,5.3,97.38999938964844,96.1,60.24,2.78,0.6621,0.1529,56.3314,50.5252571105957
2015-06-02,3.02,0.12,238.638,5.3,95.83999633789062,96.1,61.30,2.63,0.659,-0.3058,55.4748,50.47937774658203
2015-06-03,3.11,0.13,238.638,5.3,95.47000122070312,96.1,59.67,2.65,0.6726,-0.237,62.6301,50.999324798583984
2015-06-04,3.03,0.13,238.638,5.3,95.45999908447266,96.1,58.00,2.60,0.6813,-0.1147,57.084,50.71641159057617
2015-06-05,3.11,0.13,238.638,5.3,96.30999755859376,96.1,59.11,2.60,0.7151,0.5887,66.7281,51.54983139038086
2015-06-08,3.11,0.13,238.638,5.3,95.3000030517578,96.1,58.15,2.60,0.7045,0.3211,59.5038,51.14458084106445
2015-06-09,3.15,0.13,238.638,5.3,95.16999816894533,96.1,60.15,2.72,0.6978,1.1086,62.0047,51.36631393432617
2015-06-10,3.22,0.13,238.638,5.3,94.6500015258789,96.1,61.36,2.81,0.7198,1.3686,69.7379,52.19209289550781
2015-06-11,3.11,0.13,238.638,5.3,94.9800033569336,96.1,60.74,2.88,0.6973,1.7738,71.3004,52.39090347290039
2015-06-12,3.10,0.13,238.638,5.3,94.97000122070312,96.1,59.96,2.88,0.6841,1.8885,67.2915,52.184444427490234
2015-06-15,3.09,0.13,238.638,5.3,94.80999755859376,96.1,59.53,2.89,0.6871,1.4603,63.4731,51.98564910888672
2015-06-16,3.06,0.14,238.638,5.3,95.0,96.1,60.01,2.94,0.6872,1.7967,66.555,52.27619552612305
2015-06-17,3.09,0.14,238.638,5.3,94.3000030517578,96.1,59.89,2.93,0.6733,1.101,62.9813,52.10034942626953
2015-06-18,3.14,0.14,238.638,5.3,94.04000091552734,96.1,60.41,2.93,0.6755,1.8732,68.252,52.589698791503906
2015-06-19,3.05,0.13,238.638,5.3,94.08999633789062,96.1,59.62,2.81,0.6742,0.5046,58.1843,52.05447006225586
2015-06-22,3.16,0.13,238.638,5.3,94.33000183105467,96.1,60.01,2.79,0.6921,1.5827,65.3282,52.72732162475586
2015-06-23,3.20,0.13,238.638,5.3,95.43000030517578,96.1,61.05,2.83,0.6897,1.965,70.3764,53.331382751464844
2015-06-24,3.16,0.13,238.638,5.3,95.26000213623048,96.1,60.01,2.83,0.6874,0.5811,61.224,52.773197174072266
2015-06-25,3.16,0.13,238.638,5.3,95.19000244140624,96.1,59.59,2.80,0.6841,0.0994,57.046,52.49030303955078
2015-06-26,3.25,0.13,238.638,5.3,95.47000122070312,96.1,59.41,2.77,0.6702,0.5352,59.5338,52.71969223022461
2015-06-29,3.09,0.14,238.638,5.3,94.79000091552734,96.1,58.34,2.77,0.7201,-0.604,43.2849,51.38161087036133
2015-06-30,3.11,0.08,238.638,5.3,95.48999786376952,96.1,59.48,2.80,0.7205,-0.4664,48.3019,51.80979919433594
2015-07-01,3.20,0.13,238.654,5.2,96.30999755859376,93.1,56.94,2.78,0.7276,0.2829,54.3156,52.387001037597656
2015-07-02,3.19,0.13,238.654,5.2,96.11000061035156,93.1,56.93,2.79,0.7276,-0.6297,49.5854,51.963722229003906
2015-07-06,3.08,0.13,238.654,5.2,96.3000030517578,93.1,52.48,2.79,0.7295,-0.2407,47.9815,51.8175048828125
2015-07-07,3.04,0.13,238.654,5.2,96.87000274658205,93.1,52.33,2.77,0.789,-1.3213,43.6095,51.40959930419922
2015-07-08,2.99,0.13,238.654,5.2,96.29000091552734,93.1,51.61,2.77,0.8203,-2.9796,34.5639,50.3552360534668
2015-07-09,3.11,0.13,238.654,5.2,96.61000061035156,93.1,52.76,2.70,0.8317,-1.8982,41.281,50.878570556640625
2015-07-10,3.20,0.13,238.654,5.2,96.02999877929688,93.1,52.74,2.70,0.8432,-0.8919,49.2781,51.60199737548828
2015-07-13,3.21,0.13,238.654,5.2,96.86000061035156,93.1,52.19,2.88,0.8429,-0.321,56.5523,52.402381896972656
2015-07-14,3.20,0.13,238.654,5.2,96.63999938964844,93.1,53.05,2.88,0.8563,1.748,62.0729,53.133506774902344
2015-07-15,3.13,0.13,238.654,5.2,97.12999725341795,93.1,51.40,2.93,0.827,1.4353,62.8999,53.24896240234375
2015-07-16,3.11,0.14,238.654,5.2,97.66000366210938,93.1,50.90,2.90,0.8097,1.1466,64.9921,53.53371047973633
2015-07-17,3.08,0.13,238.654,5.2,97.86000061035156,93.1,50.88,2.88,0.7871,1.3005,61.3554,53.26434326171875
2015-07-20,3.10,0.14,238.654,5.2,98.02999877929688,93.1,50.11,2.88,0.7631,1.4852,61.6956,53.302825927734375
2015-07-21,3.08,0.13,238.654,5.2,97.33000183105467,93.1,50.59,2.84,0.7454,1.7699,59.8231,53.1796875
2015-07-22,3.04,0.13,238.654,5.2,97.5999984741211,93.1,49.27,2.84,0.7576,3.5782,66.7013,53.933895111083984
2015-07-23,2.98,0.13,238.654,5.2,97.12000274658205,93.1,48.11,2.92,0.7667,2.7164,61.4529,53.595272064208984
2015-07-24,2.96,0.13,238.654,5.2,97.23999786376952,93.1,47.98,2.92,0.7647,1.4313,53.6683,53.0334587097168
2015-07-27,2.93,0.14,238.654,5.2,96.5,93.1,47.17,2.92,0.7837,-0.0616,45.7324,52.34083557128906
2015-07-28,2.96,0.14,238.654,5.2,96.7699966430664,93.1,47.97,2.89,0.7733,-0.7618,46.1258,52.37160110473633
2015-07-29,2.99,0.14,238.654,5.2,96.9800033569336,93.1,48.77,2.91,0.7758,-0.1924,54.3136,53.05655288696289
2015-07-30,2.96,0.14,238.654,5.2,97.55999755859376,93.1,48.53,2.87,0.7704,-0.4001,55.1643,53.133506774902344
2015-07-31,2.92,0.08,238.654,5.2,97.37000274658205,93.1,47.11,2.76,0.7506,-0.5233,49.8991,52.74102020263672
2015-08-03,2.86,0.14,238.316,5.1,97.48999786376952,91.9,45.25,2.76,0.7431,-0.5617,49.8991,52.74102020263672
2015-08-04,2.90,0.14,238.316,5.1,97.93000030517578,91.9,45.75,2.83,0.7252,-0.4925,49.105,52.68714141845703
2015-08-05,2.94,0.14,238.316,5.1,97.95999908447266,91.9,45.13,2.85,0.7262,-1.0388,52.3549,52.894935607910156
2015-08-06,2.90,0.14,238.316,5.1,97.83000183105467,91.9,44.69,2.76,0.726,-1.0696,46.4908,52.52552795410156
2015-08-07,2.83,0.14,238.316,5.1,97.55999755859376,91.9,43.87,2.76,0.7395,-0.6618,44.1989,52.37160110473633
2015-08-10,2.89,0.14,238.316,5.1,97.16000366210938,91.9,44.94,2.85,0.7392,0.6772,54.6354,53.01806640625
2015-08-11,2.81,0.15,238.316,5.1,97.29000091552734,91.9,43.11,2.84,0.7436,0.1385,46.9667,52.5101432800293
2015-08-12,2.84,0.15,238.316,5.1,96.26000213623048,91.9,43.22,2.93,0.8092,-1.3082,38.0625,51.748226165771484
2015-08-13,2.86,0.15,238.316,5.1,96.4499969482422,91.9,42.27,2.93,0.797,-1.1466,41.8951,51.98680877685547
2015-08-14,2.84,0.14,238.316,5.1,96.56999969482422,91.9,42.45,2.83,0.7681,-0.4925,45.9695,52.24848556518555
2015-08-17,2.81,0.15,238.316,5.1,96.81999969482422,91.9,41.93,2.79,0.7594,-0.354,48.1099,52.387001037597656
2015-08-18,2.87,0.15,238.316,5.1,96.97000122070312,91.9,42.58,2.71,0.7338,-0.1924,49.8275,52.4947395324707
2015-08-19,2.81,0.15,238.316,5.1,96.45999908447266,91.9,40.75,2.77,0.7333,-0.8696,42.9454,52.0252799987793
2015-08-20,2.76,0.15,238.316,5.1,95.75,91.9,41.00,2.77,0.7722,-1.7776,30.294,50.74773025512695
2015-08-21,2.74,0.15,238.316,5.1,94.83000183105467,91.9,40.45,2.70,0.8473,-3.4243,20.7293,48.94685745239258
2015-08-24,2.73,0.15,238.316,5.1,93.30999755859376,91.9,38.22,2.65,1.5304,-6.6486,13.799,46.36869430541992
2015-08-25,2.84,0.15,238.316,5.1,94.52999877929688,91.9,39.15,2.71,1.6185,-6.4024,13.2977,46.10702896118164
2015-08-26,2.94,0.14,238.316,5.1,95.0999984741211,91.9,38.50,2.73,1.6716,-3.332,36.0693,48.41583251953125
2015-08-27,2.93,0.14,238.316,5.1,95.61000061035156,91.9,42.47,2.69,1.6522,-2.3624,44.5393,49.62413024902344
2015-08-28,2.92,0.14,238.316,5.1,96.11000061035156,91.9,45.29,2.69,1.5826,-2.8934,43.1241,49.35475540161133
2015-08-31,2.95,0.08,238.316,5.1,95.9499969482422,91.9,49.20,2.70,1.5179,-3.055,42.994,49.33167266845703
2015-09-01,2.93,0.14,237.945,5.0,95.4499969482422,87.2,45.38,2.70,1.5804,-5.2019,33.1715,47.29222106933594
2015-09-02,2.97,0.14,237.945,5.0,95.83000183105467,87.2,46.30,2.70,1.5479,-3.8707,39.6466,48.1541748046875
2015-09-03,2.95,0.14,237.945,5.0,96.41000366210938,87.2,46.75,2.67,1.5039,-2.5086,40.2781,48.23883056640625
2015-09-04,2.89,0.14,237.945,5.0,96.2300033569336,87.2,46.02,2.67,1.5025,-1.616,35.812,47.330692291259766
2015-09-08,2.97,0.14,237.945,5.0,95.87999725341795,87.2,45.92,2.74,1.4887,2.2393,45.2935,48.60823059082031
2015-09-09,2.96,0.14,237.945,5.0,96.01000213623048,87.2,44.13,2.74,1.5109,1.7468,41.2925,47.85403060913086
2015-09-10,2.98,0.14,237.945,5.0,95.45999908447266,87.2,45.85,2.71,1.4879,-0.1924,43.9853,48.22344207763672
2015-09-11,2.95,0.14,237.945,5.0,95.19000244140624,87.2,44.75,2.67,1.4187,-1.4775,43.5232,48.146484375
2015-09-14,2.95,0.14,237.945,5.0,95.25,87.2,44.07,2.70,1.3484,-1.3467,42.6275,48.00794982910156
2015-09-15,3.06,0.14,237.945,5.0,95.61000061035156,87.2,44.58,2.74,1.3351,-0.4001,50.2167,48.93147277832031
2015-09-16,3.08,0.14,237.945,5.0,95.41999816894533,87.2,47.12,2.69,1.2991,2.07,53.4121,49.36244583129883
2015-09-17,3.02,0.14,237.945,5.0,94.5500030517578,87.2,46.93,2.69,1.33,0.0616,44.8933,48.21574020385742
2015-09-18,2.93,0.14,237.945,5.0,94.86000061035156,87.2,44.71,2.69,1.3378,-1.339,37.306,46.89971923828125
2015-09-21,3.02,0.14,237.945,5.0,95.88999938964844,87.2,46.67,2.61,1.2955,-0.0385,40.631,47.29222106933594
2015-09-22,2.94,0.14,237.945,5.0,96.27999877929688,87.2,46.17,2.61,1.2596,-1.7314,38.2447,46.876625061035156
2015-09-23,2.95,0.14,237.945,5.0,96.06999969482422,87.2,44.53,2.62,1.2153,-1.1851,37.0363,46.66883087158203
2015-09-24,2.91,0.14,237.945,5.0,95.98999786376952,87.2,44.94,2.62,1.1933,-1.8776,35.1184,46.34560012817383
2015-09-25,2.96,0.13,237.945,5.0,96.2699966430664,87.2,45.55,2.60,1.1982,-0.8388,44.6046,47.307613372802734
2015-09-28,2.87,0.13,237.945,5.0,96.02999877929688,87.2,44.40,2.66,1.2105,-1.8468,37.3684,46.160892486572266
2015-09-29,2.85,0.13,237.945,5.0,95.88999938964844,87.2,45.24,2.57,1.201,-2.878,36.746,46.05315017700195
2015-09-30,2.87,0.07,237.945,5.0,96.3499984741211,87.2,45.06,2.47,1.1789,-2.4394,44.9661,46.92280578613281
2015-10-01,2.85,0.13,237.838,5.0,96.19000244140624,90.0,44.75,2.37,1.1678,-0.9465,47.9585,47.269126892089844
2015-10-02,2.82,0.13,237.838,5.0,95.83000183105467,90.0,45.54,2.37,1.22,0.2385,46.8883,47.13734436035156
2015-10-05,2.90,0.13,237.838,5.0,96.11000061035156,90.0,46.28,2.34,1.212,0.7839,54.9042,48.075294494628906
2015-10-06,2.88,0.13,237.838,5.0,95.45999908447266,90.0,48.53,2.35,1.1667,1.2227,55.0909,48.09854507446289
2015-10-07,2.89,0.13,237.838,5.0,95.5,90.0,47.86,2.35,1.1539,1.4925,55.6352,48.160552978515625
2015-10-08,2.96,0.13,237.838,5.0,95.31999969482422,90.0,49.46,2.35,1.1169,1.8157,55.6352,48.160552978515625
2015-10-09,2.94,0.13,237.838,5.0,94.80999755859376,90.0,49.67,2.49,1.0908,0.6988,53.6292,48.00553512573242
2015-10-12,.,0.13,237.838,5.0,94.83999633789062,90.0,47.09,2.48,1.0467,1.6826,51.4642,47.84273910522461
2015-10-13,2.89,0.13,237.838,5.0,94.76000213623048,90.0,46.70,2.47,1.019,1.6586,49.661,47.71096420288086
2015-10-14,2.84,0.13,237.838,5.0,93.93000030517578,90.0,46.63,2.47,1.0575,-0.4201,36.5895,46.5017204284668
2015-10-15,2.87,0.13,237.838,5.0,94.37000274658205,90.0,46.38,2.54,1.0911,0.7063,53.2441,47.97451400756836
2015-10-16,2.87,0.13,237.838,5.0,94.54000091552734,90.0,47.30,2.42,1.0552,1.2556,56.8251,48.39311218261719
2015-10-19,2.89,0.13,237.838,5.0,94.95999908447266,90.0,45.91,2.43,1.0272,0.155,55.0047,48.23033142089844
2015-10-20,2.92,0.13,237.838,5.0,94.8499984741211,90.0,45.84,2.46,0.9945,0.3643,57.1819,48.462852478027344
2015-10-21,2.87,0.13,237.838,5.0,95.0500030517578,90.0,45.22,2.37,0.9738,-0.0543,52.827,48.10630416870117
2015-10-22,2.87,0.12,237.838,5.0,96.33999633789062,90.0,44.90,2.37,0.9884,0.8216,60.9454,48.98223114013672
2015-10-23,2.90,0.12,237.838,5.0,97.06999969482422,90.0,43.91,2.28,0.9729,1.5037,64.9757,49.50932312011719
2015-10-26,2.87,0.12,237.838,5.0,96.86000061035156,90.0,43.19,2.18,0.9355,1.6897,65.152,49.5325927734375
2015-10-27,2.86,0.12,237.838,5.0,96.91000366210938,90.0,43.21,2.14,0.9012,1.6199,62.1402,49.3310432434082
2015-10-28,2.87,0.12,237.838,5.0,97.77999877929688,90.0,45.93,2.14,0.9531,4.2707,72.3135,50.7728385925293
2015-10-29,2.96,0.12,237.838,5.0,97.27999877929688,90.0,46.02,2.15,0.9376,2.5733,69.097,50.548038482666016
2015-10-30,2.93,0.07,237.838,5.0,96.9499969482422,90.0,46.60,1.98,0.9376,1.4107,59.3818,49.80388259887695
2015-11-02,2.95,0.12,237.336,5.1,96.93000030517578,91.3,46.12,1.92,0.9537,2.5733,66.4292,50.8038444519043
2015-11-03,3.00,0.12,237.336,5.1,97.16000366210938,91.3,47.88,1.92,0.937,2.5268,67.5916,50.98988342285156
2015-11-04,3.00,0.12,237.336,5.1,97.9499969482422,91.3,46.32,2.04,0.8989,2.9376,67.9512,51.04414367675781
2015-11-05,3.01,0.12,237.336,5.1,97.94000244140624,91.3,45.27,2.04,0.8856,2.519,70.9681,51.50148010253906
2015-11-06,3.09,0.12,237.336,5.1,99.16000366210938,91.3,44.32,2.19,0.9658,3.5576,78.6233,53.06731033325195
2015-11-09,3.12,0.12,237.336,5.1,98.9800033569336,91.3,43.87,2.19,0.9876,2.705,68.0608,52.23789596557617
2015-11-10,3.10,0.12,237.336,5.1,99.29000091552734,91.3,44.23,2.14,0.968,3.1313,69.3027,52.46268844604492
2015-11-11,.,0.12,237.336,5.1,99.01000213623048,91.3,42.95,2.13,0.9498,1.4339,66.0553,52.206871032714844
2015-11-12,3.09,0.12,237.336,5.1,98.6500015258789,91.3,41.74,2.05,0.9594,0.6123,54.4563,51.160404205322266
2015-11-13,3.06,0.12,237.336,5.1,98.98999786376952,91.3,40.69,2.02,0.9429,1.0154,51.2005,50.81934356689453
2015-11-16,3.07,0.13,237.336,5.1,99.44000244140624,91.3,41.68,2.02,0.9536,0.7518,57.3218,51.555755615234375
2015-11-17,3.04,0.13,237.336,5.1,99.62999725341795,91.3,40.73,2.05,0.9326,0.2713,54.2949,51.26118469238281
2015-11-18,3.04,0.12,237.336,5.1,99.6500015258789,91.3,40.75,2.10,0.9446,1.2401,62.0331,52.284393310546875
2015-11-19,3.00,0.12,237.336,5.1,98.98999786376952,91.3,40.55,2.10,0.9203,0.9456,63.1363,52.447181701660156
2015-11-20,3.02,0.12,237.336,5.1,99.56999969482422,91.3,39.39,2.18,0.8953,-0.7131,61.9926,52.354156494140625
2015-11-23,3.00,0.12,237.336,5.1,99.8000030517578,91.3,39.27,2.18,0.8756,-0.3953,55.8137,51.84254837036133
2015-11-24,3.00,0.12,237.336,5.1,99.52999877929688,91.3,40.89,2.14,0.874,-0.6976,54.8926,51.765052795410156
2015-11-25,3.00,0.12,237.336,5.1,99.8000030517578,91.3,41.22,2.14,0.8431,-0.3798,55.5447,51.827056884765625
2015-11-27,3.00,0.12,237.336,5.1,100.0199966430664,91.3,40.57,2.14,0.8209,0.9068,58.1497,52.06735610961914
2015-11-30,2.98,0.08,237.336,5.1,100.16999816894533,91.3,40.43,2.11,0.8087,0.8681,52.7237,51.68753433227539
2015-12-01,2.91,0.13,236.525,5.0,99.8000030517578,92.6,40.58,2.11,0.8146,0.8526,60.4971,52.408416748046875
2015-12-02,2.91,0.13,236.525,5.0,99.98999786376952,92.6,39.93,2.19,0.834,0.4108,50.9826,51.672019958496094
2015-12-03,3.07,0.13,236.525,5.0,97.62000274658205,92.6,41.08,2.14,0.8547,-1.2789,44.0191,51.00540542602539
2015-12-04,3.01,0.13,236.525,5.0,98.3499984741211,92.6,40.00,2.10,0.9151,0.1783,59.1027,52.62547302246094
2015-12-07,2.95,0.13,236.525,5.0,98.66000366210938,92.6,37.64,2.06,0.9323,-0.4185,52.4198,51.935569763183594
2015-12-08,2.97,0.13,236.525,5.0,98.47000122070312,92.6,37.46,2.01,0.9376,-0.7131,45.7093,51.129417419433594
2015-12-09,2.97,0.14,236.525,5.0,97.3499984741211,92.6,37.16,2.00,0.9562,-1.0231,42.7835,50.741825103759766
2015-12-10,2.98,0.14,236.525,5.0,97.94000244140624,92.6,36.76,1.95,0.9662,-0.9689,43.9788,50.85810089111328
2015-12-11,2.87,0.14,236.525,5.0,97.56999969482422,92.6,35.65,1.79,1.0135,-2.4028,35.5154,49.66436767578125
2015-12-14,2.96,0.15,236.525,5.0,97.5999984741211,92.6,36.31,1.70,1.005,-1.868,37.2577,49.81939697265625
2015-12-15,3.00,0.15,236.525,5.0,98.22000122070312,92.6,37.32,1.66,1.065,-1.1704,50.7786,51.2379264831543
2015-12-16,3.02,0.15,236.525,5.0,97.87000274658205,92.6,35.55,1.70,1.0903,0.6743,58.5366,52.34642028808594
2015-12-17,2.94,0.37,236.525,5.0,99.2699966430664,92.6,34.98,1.79,1.1184,0.372,50.7653,51.37744903564453
2015-12-18,2.90,0.37,236.525,5.0,98.6999969482422,92.6,34.72,1.74,1.1426,-2.705,41.5476,49.920162200927734
2015-12-21,2.92,0.36,236.525,5.0,98.45999908447266,92.6,34.55,1.76,1.1252,-1.1316,47.9191,50.8038444519043
2015-12-22,2.96,0.36,236.525,5.0,98.23999786376952,92.6,36.12,1.73,1.1013,-0.217,48.6823,50.91236877441406
2015-12-23,3.00,0.36,236.525,5.0,98.33999633789062,92.6,36.76,1.63,1.0874,0.9844,54.2676,51.72629165649414
2015-12-24,2.96,0.36,236.525,5.0,97.9800033569336,92.6,37.62,1.63,1.0413,0.7673,53.4671,51.625511169433594
2015-12-28,2.95,0.36,236.525,5.0,97.91999816894533,92.6,36.36,2.11,1.0162,1.7904,52.0241,51.45497131347656
2015-12-29,3.04,0.36,236.525,5.0,98.0999984741211,92.6,37.88,2.39,0.9945,2.1702,56.1484,51.98983383178711
2015-12-30,3.04,0.35,236.525,5.0,98.2699966430664,92.6,36.59,2.28,0.9578,0.3798,52.6499,51.617759704589844
2015-12-31,3.01,0.2,236.525,5.0,98.62999725341795,92.6,37.13,2.28,0.9326,-1.1626,48.7152,51.18367385864258
2016-01-04,2.98,0.36,236.916,4.8,98.87000274658205,92.0,36.81,2.39,1.0091,-1.7207,37.7019,49.64635467529297
2016-01-05,3.01,0.36,236.916,4.8,99.4000015258789,92.0,35.97,2.33,0.9977,-0.1777,38.5695,49.732200622558594
2016-01-06,2.94,0.36,236.916,4.8,99.18000030517578,92.0,33.97,2.37,1.004,-1.7793,34.15,49.01427459716797
2016-01-07,2.92,0.36,236.916,4.8,98.22000122070312,92.0,33.29,2.35,1.0844,-3.8701,25.268,47.03217315673828
2016-01-08,2.91,0.36,236.916,4.8,98.54000091552734,92.0,33.20,2.47,1.1419,-5.7376,21.9037,45.97867965698242
2016-01-11,2.96,0.36,236.916,4.8,98.7300033569336,92.0,31.42,2.54,1.1261,-5.707,21.6898,45.90845489501953
2016-01-12,2.89,0.36,236.916,4.8,98.97000122070312,92.0,30.42,2.40,1.1271,-5.4351,22.8983,46.0098876953125
2016-01-13,2.85,0.36,236.916,4.8,98.93000030517578,92.0,30.42,2.28,1.2007,-7.2342,18.8668,44.745723724365234
2016-01-14,2.90,0.36,236.916,4.8,99.08999633789062,92.0,31.22,2.21,1.2314,-6.191,26.4997,45.41682815551758
2016-01-15,2.81,0.36,236.916,4.8,98.95999908447266,92.0,29.45,2.18,1.2539,-6.6622,23.2251,44.51161575317383
2016-01-19,2.82,0.36,236.916,4.8,98.98999786376952,92.0,28.47,2.23,1.2457,-5.1587,23.1429,44.48820114135742
2016-01-20,2.77,0.37,236.916,4.8,99.08999633789062,92.0,26.68,2.18,1.2877,-6.4152,19.3409,43.31766891479492
2016-01-21,2.79,0.37,236.916,4.8,99.05999755859376,92.0,29.55,2.22,1.2771,-5.9002,18.7477,43.11477279663086
2016-01-22,2.83,0.38,236.916,4.8,99.56999969482422,92.0,32.07,2.21,1.2924,-2.5911,33.5529,44.441375732421875
2016-01-25,2.80,0.38,236.916,4.8,99.36000061035156,92.0,30.31,2.16,1.2753,-2.5442,29.0846,43.43471145629883
2016-01-26,2.79,0.38,236.916,4.8,99.36000061035156,92.0,29.54,2.26,1.2673,-1.3658,39.0174,44.54282760620117
2016-01-27,2.80,0.38,236.916,4.8,98.9000015258789,92.0,32.32,2.26,1.2721,-1.4985,38.8471,44.51161575317383
2016-01-28,2.79,0.38,236.916,4.8,98.51000213623048,92.0,33.21,2.15,1.2559,-0.0468,40.5762,44.69889450073242
2016-01-29,2.75,0.29,236.916,4.8,99.61000061035156,92.0,33.66,2.28,1.2922,1.0146,53.9568,46.431297302246094
2016-02-01,2.77,0.38,237.111,4.9,99.0,91.7,31.62,2.28,1.2673,1.4204,50.3269,45.931854248046875
2016-02-02,2.67,0.38,237.111,4.9,98.87000274658205,91.7,29.90,2.07,1.2944,0.0156,41.4644,44.503807067871094
2016-02-03,2.70,0.38,237.111,4.9,97.29000091552734,91.7,32.29,2.06,1.357,1.4828,43.7498,44.80034255981445
2016-02-04,2.70,0.38,237.111,4.9,96.47000122070312,91.7,31.63,2.07,1.3414,2.4584,49.4617,45.572898864746094
2016-02-05,2.68,0.38,237.111,4.9,97.02999877929688,91.7,30.86,2.08,1.3415,0.6244,46.0504,45.0656623840332
2016-02-08,2.56,0.38,237.111,4.9,96.56999969482422,91.7,29.71,2.23,1.3691,0.6868,40.3012,44.121429443359375
2016-02-09,2.55,0.38,237.111,4.9,96.06999969482422,91.7,27.96,2.17,1.3583,-0.6868,38.7893,43.856109619140625
2016-02-10,2.53,0.38,237.111,4.9,95.88999938964844,91.7,27.54,2.16,1.3694,-1.1863,35.8043,43.32547378540039
2016-02-11,2.50,0.38,237.111,4.9,95.55999755859376,91.7,26.19,2.15,1.44,-3.2857,27.372,41.41359329223633
2016-02-12,2.60,0.38,237.111,4.9,95.9800033569336,91.7,29.32,2.08,1.588,-1.5687,50.6634,44.86277389526367
2016-02-16,2.64,0.38,237.111,4.9,96.87000274658205,91.7,29.05,1.95,1.5364,-0.398,53.8621,45.53388595581055
2016-02-17,2.68,0.37,237.111,4.9,96.79000091552734,91.7,30.68,1.93,1.4769,1.358,55.4302,45.861629486083984
2016-02-18,2.62,0.38,237.111,4.9,96.9499969482422,91.7,30.77,1.89,1.4611,0.3122,51.0259,45.112483978271484
2016-02-19,2.61,0.38,237.111,4.9,96.5999984741211,91.7,29.59,1.83,1.4178,-0.4527,51.0709,45.12028503417969
2016-02-22,2.62,0.38,237.111,4.9,97.37999725341795,91.7,31.37,1.86,1.3756,0.64,54.5508,45.70555877685547
2016-02-23,2.60,0.38,237.111,4.9,97.4800033569336,91.7,31.84,1.85,1.4229,-0.3278,43.3582,43.79368591308594
2016-02-24,2.61,0.38,237.111,4.9,97.45999908447266,91.7,30.35,1.85,1.4263,-0.0468,43.4635,43.80929183959961
2016-02-25,2.58,0.37,237.111,4.9,97.29000091552734,91.7,31.40,1.78,1.3796,1.1629,48.1212,44.48820114135742
2016-02-26,2.63,0.37,237.111,4.9,98.1500015258789,91.7,31.65,1.78,1.3424,3.4886,50.8614,44.901790618896484
2016-02-29,2.61,0.29,237.111,4.9,98.20999908447266,91.7,32.74,1.62,1.3198,-0.9287,44.7209,43.934146881103516
2016-03-01,2.70,0.36,238.132,5.0,98.3499984741211,91.0,34.39,1.57,1.3872,0.6634,57.9219,46.19717788696289
2016-03-02,2.69,0.37,238.132,5.0,98.20999908447266,91.0,34.57,1.60,1.3405,0.7726,59.9729,46.63418960571289
2016-03-03,2.65,0.37,238.132,5.0,97.56999969482422,91.0,34.56,1.59,1.2925,1.678,60.7324,46.790252685546875
2016-03-04,2.70,0.36,238.132,5.0,97.33999633789062,91.0,35.91,1.49,1.257,1.7404,61.1014,46.86049270629883
2016-03-07,2.71,0.36,238.132,5.0,97.06999969482422,91.0,37.90,1.56,1.2079,1.0692,60.3314,46.77465057373047
2016-03-08,2.63,0.36,238.132,5.0,97.20999908447266,91.0,36.67,1.60,1.1919,2.076,52.569,45.869422912597656
2016-03-09,2.68,0.36,238.132,5.0,97.16999816894533,91.0,37.62,1.61,1.1547,2.3257,54.4765,46.1347541809082
2016-03-10,2.70,0.36,238.132,5.0,96.06999969482422,91.0,37.77,1.72,1.1759,1.2487,51.0545,45.736778259277344
2016-03-11,2.75,0.36,238.132,5.0,96.16999816894533,91.0,38.51,1.74,1.1421,1.4048,55.5002,46.306427001953125
2016-03-14,2.74,0.36,238.132,5.0,96.62000274658205,91.0,37.20,1.68,1.1018,2.2009,53.862,46.1347541809082
2016-03-15,2.73,0.37,238.132,5.0,96.62999725341795,91.0,36.32,1.81,1.0665,0.0,54.4058,46.19717788696289
2016-03-16,2.73,0.37,238.132,5.0,95.88999938964844,91.0,38.43,1.77,1.0617,-0.6556,52.0215,45.97867965698242
2016-03-17,2.69,0.37,238.132,5.0,94.76000213623048,91.0,40.17,1.84,1.0494,-0.9443,50.5277,45.84602355957031
2016-03-18,2.68,0.37,238.132,5.0,94.98999786376952,91.0,39.47,1.84,1.0982,0.3356,62.6536,47.196044921875
2016-03-21,2.72,0.37,238.132,5.0,95.29000091552734,91.0,39.91,1.79,1.0675,0.4058,62.4569,47.18043518066406
2016-03-22,2.72,0.37,238.132,5.0,95.6500015258789,91.0,41.45,1.79,1.0448,1.1394,60.1496,47.008758544921875
2016-03-23,2.65,0.37,238.132,5.0,96.0500030517578,91.0,38.28,1.79,1.0064,0.64,56.9613,46.77465057373047
2016-03-24,2.67,0.37,238.132,5.0,96.13999938964844,91.0,38.14,1.78,0.9942,0.679,52.2433,46.415679931640625
2016-03-28,2.66,0.37,238.132,5.0,95.94000244140624,91.0,37.99,1.78,0.9549,0.0468,51.4202,46.35325622558594
2016-03-29,2.60,0.37,238.132,5.0,95.16000366210938,91.0,36.91,1.77,0.9352,-0.0702,47.5693,46.06453323364258
2016-03-30,2.65,0.37,238.132,5.0,94.83999633789062,91.0,36.91,1.87,0.9352,0.398,54.524,46.59516525268555
2016-03-31,2.61,0.25,238.132,5.0,94.58999633789062,91.0,36.94,1.98,0.9141,0.2341,49.2893,46.212806701660156
2016-04-01,2.62,0.37,239.261,5.1,94.62000274658205,89.0,35.36,1.88,0.9324,0.8741,55.5757,46.72002410888672
2016-04-04,2.60,0.37,239.261,5.1,94.51000213623048,89.0,34.30,1.96,0.8998,-0.6556,52.9929,46.53920364379883
2016-04-05,2.54,0.37,239.261,5.1,94.62999725341795,89.0,34.52,1.96,0.8911,-1.3004,44.5322,45.87886047363281
2016-04-06,2.58,0.37,239.261,5.1,94.43000030517578,89.0,37.74,1.91,0.8797,-0.7749,49.3461,46.23262023925781
2016-04-07,2.52,0.37,239.261,5.1,94.4800033569336,89.0,37.30,1.96,0.9148,-1.7123,37.4036,45.061256408691406
2016-04-08,2.55,0.37,239.261,5.1,94.23999786376952,89.0,39.74,1.99,0.9203,-1.023,41.814,45.391448974609375
2016-04-11,2.56,0.37,239.261,5.1,93.9499969482422,89.0,40.46,1.90,0.9186,-0.5989,46.409,45.753074645996094
2016-04-12,2.61,0.37,239.261,5.1,93.95999908447266,89.0,42.12,1.97,0.9198,0.539,55.5635,46.60210418701172
2016-04-13,2.58,0.37,239.261,5.1,94.73999786376952,89.0,41.70,2.01,1.0158,1.9817,69.1652,48.575294494628906
2016-04-14,2.61,0.37,239.261,5.1,94.9000015258789,89.0,41.45,1.93,1.0163,2.9932,72.1807,49.2042121887207
2016-04-15,2.56,0.37,239.261,5.1,94.6999969482422,89.0,40.40,1.71,1.0251,1.9198,65.7505,48.63819885253906
2016-04-18,2.58,0.37,239.261,5.1,94.48999786376952,89.0,39.74,1.76,1.0109,2.4138,67.5357,48.952640533447266
2016-04-19,2.60,0.37,239.261,5.1,93.9800033569336,89.0,40.88,1.94,1.0066,3.8998,71.82,49.77809524536133
2016-04-20,2.66,0.37,239.261,5.1,94.48999786376952,89.0,42.72,1.94,1.0001,4.2693,75.0282,50.50133514404297
2016-04-21,2.69,0.37,239.261,5.1,94.5999984741211,89.0,43.18,1.96,1.0028,4.9376,68.9598,49.998207092285156
2016-04-22,2.70,0.37,239.261,5.1,95.12000274658205,89.0,42.76,1.92,0.975,4.8983,70.4929,50.289085388183594
2016-04-25,2.72,0.37,239.261,5.1,94.83999633789062,89.0,41.67,1.97,0.9517,4.2457,66.8257,49.998207092285156
2016-04-26,2.76,0.37,239.261,5.1,94.56999969482422,89.0,42.52,1.97,0.9253,3.656,68.4521,50.257633209228516
2016-04-27,2.71,0.37,239.261,5.1,94.38999938964844,89.0,45.29,1.88,0.9176,1.8241,69.3624,50.399139404296875
2016-04-28,2.68,0.37,239.261,5.1,93.76000213623048,89.0,46.03,1.88,0.9119,0.7941,63.5862,49.998207092285156
2016-04-29,2.66,0.3,239.261,5.1,93.08000183105467,89.0,45.98,1.89,0.8978,1.0457,59.2838,49.68376159667969
2016-05-02,2.71,0.37,240.229,4.8,92.62999725341795,94.7,44.75,1.91,0.882,1.1951,63.3481,50.147579193115234
2016-05-03,2.66,0.37,240.229,4.8,92.94000244140624,94.7,43.65,1.94,0.9308,-0.5975,51.4514,49.18062210083008
2016-05-04,2.64,0.37,240.229,4.8,93.18000030517578,94.7,43.77,2.03,0.9367,-2.0993,44.0527,48.40235137939453
2016-05-05,2.60,0.37,240.229,4.8,93.77999877929688,94.7,44.33,2.05,0.9223,-1.8555,41.8252,48.1429443359375
2016-05-06,2.62,0.37,240.229,4.8,93.88999938964844,94.7,44.58,1.86,0.9177,-1.8634,45.1849,48.425933837890625
2016-05-09,2.61,0.37,240.229,4.8,94.1500015258789,94.7,43.45,2.01,0.8993,-1.8791,42.248,48.119346618652344
2016-05-10,2.61,0.37,240.229,4.8,94.29000091552734,94.7,44.68,2.01,0.894,-1.486,49.9419,48.77183532714844
2016-05-11,2.58,0.37,240.229,4.8,93.81999969482422,94.7,46.21,2.01,0.8745,-1.8084,47.974,48.591033935546875
2016-05-12,2.60,0.37,240.229,4.8,94.13999938964844,94.7,46.64,2.01,0.8789,-1.4388,47.6115,48.5595817565918
2016-05-13,2.55,0.37,240.229,4.8,94.61000061035156,94.7,46.22,1.96,0.8936,-1.5725,42.5237,48.11148452758789
2016-05-16,2.59,0.37,240.229,4.8,94.56999969482422,94.7,47.72,1.91,0.8851,-1.6747,47.5495,48.47311019897461
2016-05-17,2.59,0.37,240.229,4.8,94.5500030517578,94.7,48.29,1.97,0.8786,-0.7076,47.5495,48.47311019897461
2016-05-18,2.67,0.37,240.229,4.8,95.08000183105467,94.7,48.12,1.91,0.9568,1.942,66.3463,50.3441162109375
2016-05-19,2.64,0.37,240.229,4.8,95.29000091552734,94.7,48.16,1.83,0.9626,1.6904,59.8389,49.83311462402344
2016-05-20,2.63,0.37,240.229,4.8,95.30999755859376,94.7,47.67,1.81,0.9399,1.5017,60.6309,49.92747116088867
2016-05-23,2.63,0.37,240.229,4.8,95.2300033569336,94.7,48.12,1.96,0.9126,1.769,60.0823,49.888153076171875
2016-05-24,2.65,0.37,240.229,4.8,95.56999969482422,94.7,48.04,1.91,0.921,1.9656,67.2042,50.737178802490234
2016-05-25,2.67,0.37,240.229,4.8,95.3499984741211,94.7,49.10,1.77,0.9485,2.917,72.2042,51.507591247558594
2016-05-26,2.64,0.37,240.229,4.8,95.16999816894533,94.7,49.00,1.77,0.9183,2.5632,66.5661,51.12237548828125
2016-05-27,2.65,0.37,240.229,4.8,95.5199966430664,94.7,49.36,1.77,0.8769,3.3258,68.7775,51.43682861328125
2016-05-31,2.64,0.29,240.229,4.8,95.88999938964844,94.7,49.10,2.12,0.8626,2.8383,66.8134,51.31106185913086
2016-06-01,2.63,0.37,241.018,4.9,95.45999908447266,93.5,49.07,2.25,0.8942,3.1686,69.365,51.64124298095703
2016-06-02,2.58,0.37,241.018,4.9,95.55999755859376,93.5,49.14,2.30,0.8668,1.3917,70.095,51.735572814941406
2016-06-03,2.52,0.37,241.018,4.9,94.02999877929688,93.5,48.69,2.31,0.9318,0.9828,55.7139,50.81578063964844
2016-06-06,2.55,0.37,241.018,4.9,93.9000015258789,93.5,49.71,2.32,0.9304,1.3917,60.624,51.318912506103516
2016-06-07,2.54,0.37,241.018,4.9,93.83000183105467,93.5,50.37,2.32,0.9033,1.258,58.161,51.14596176147461
2016-06-08,2.51,0.37,241.018,4.9,93.58999633789062,93.5,51.23,2.36,0.8702,0.5582,59.7309,51.29533386230469
2016-06-09,2.48,0.37,241.018,4.9,94.0999984741211,93.5,50.52,2.34,0.8631,-0.6054,53.8255,50.90225601196289
2016-06-10,2.44,0.37,241.018,4.9,94.5999984741211,93.5,49.09,2.46,0.8671,-0.9356,44.8572,50.1868782043457
2016-06-13,2.43,0.37,241.018,4.9,94.37000274658205,93.5,48.89,2.55,0.8658,-1.6983,40.196,49.7387809753418
2016-06-14,2.43,0.37,241.018,4.9,94.93000030517578,93.5,48.49,2.55,0.9045,-2.5081,32.3889,48.80328369140625
2016-06-15,2.43,0.37,241.018,4.9,94.61000061035156,93.5,47.92,2.62,0.8997,-2.9248,31.7554,48.7168083190918
2016-06-16,2.39,0.38,241.018,4.9,94.56999969482422,93.5,46.14,2.62,0.9141,-2.8226,34.9674,48.91334915161133
2016-06-17,2.43,0.38,241.018,4.9,94.20999908447266,93.5,48.00,2.59,0.8926,-1.8555,35.7734,48.96051788330078
2016-06-20,2.47,0.38,241.018,4.9,93.61000061035156,93.5,49.40,2.74,0.917,-2.288,37.0734,49.0312614440918
2016-06-21,2.50,0.38,241.018,4.9,94.0199966430664,93.5,48.95,2.79,0.8998,-1.659,45.039,49.487220764160156
2016-06-22,2.50,0.38,241.018,4.9,93.72000122070312,93.5,49.16,2.82,0.8934,-1.9971,42.5619,49.298553466796875
2016-06-23,2.55,0.39,241.018,4.9,93.52999877929688,93.5,49.34,2.69,0.9104,-0.5504,57.1741,50.35197448730469
2016-06-24,2.42,0.4,241.018,4.9,95.4499969482422,93.5,46.70,2.71,1.1099,-3.3337,29.4909,46.85366439819336
2016-06-27,2.28,0.41,241.018,4.9,96.54000091552734,93.5,45.80,2.79,1.1738,-4.4501,23.7718,45.28926467895508
2016-06-28,2.27,0.41,241.018,4.9,96.25,93.5,47.93,2.89,1.199,-2.0128,36.8351,46.79077911376953
2016-06-29,2.30,0.41,241.018,4.9,95.7699966430664,93.5,49.85,2.94,1.2082,-0.6054,45.8966,48.11148452758789
2016-06-30,2.30,0.3,241.018,4.9,96.13999938964844,93.5,48.27,2.94,1.1876,-0.0629,50.3267,48.85044860839844
2016-07-01,2.24,0.41,240.628,4.8,95.6500015258789,90.0,49.02,2.89,1.151,-0.4246,48.4509,48.53355026245117
2016-07-05,2.14,0.4,240.628,4.8,96.16999816894533,90.0,46.73,2.82,1.191,-1.8503,41.1148,47.17879867553711
2016-07-06,2.14,0.4,240.628,4.8,96.05999755859376,90.0,47.37,2.82,1.1926,-1.7992,44.6029,47.68583679199219
2016-07-07,2.14,0.4,240.628,4.8,96.33000183105467,90.0,45.22,2.78,1.1628,-1.3015,46.7391,47.994815826416016
2016-07-08,2.11,0.4,240.628,4.8,96.3000030517578,90.0,45.37,2.80,1.1698,-1.3646,53.1701,48.985137939453125
2016-07-11,2.14,0.4,240.628,4.8,96.56999969482422,90.0,44.73,2.88,1.1496,2.4829,55.2819,49.333717346191406
2016-07-12,2.24,0.4,240.628,4.8,96.44000244140624,90.0,46.82,2.88,1.1405,4.7845,59.5643,50.07052993774414
2016-07-13,2.18,0.4,240.628,4.8,96.22000122070312,90.0,44.87,2.81,1.1038,3.251,59.2929,50.0388298034668
2016-07-14,2.25,0.4,240.628,4.8,96.08000183105467,90.0,45.64,2.79,1.1279,2.6908,63.7025,50.799400329589844
2016-07-15,2.30,0.4,240.628,4.8,96.58000183105467,90.0,45.93,2.70,1.1147,1.9993,63.9735,50.846927642822266
2016-07-18,2.30,0.4,240.628,4.8,96.55999755859376,90.0,45.23,2.83,1.0634,2.1395,62.085,50.67264175415039
2016-07-19,2.27,0.4,240.628,4.8,97.0500030517578,90.0,44.64,2.83,1.0237,3.4153,61.1729,50.593406677246094
2016-07-20,2.30,0.4,240.628,4.8,97.1999969482422,90.0,44.96,2.76,0.9799,2.9636,61.6115,50.648868560791016
2016-07-21,2.29,0.4,240.628,4.8,97.0,90.0,43.96,2.76,0.9411,2.4644,59.0695,50.45872497558594
2016-07-22,2.29,0.4,240.628,4.8,97.47000122070312,90.0,43.41,2.8,0.9016,1.7512,61.6344,50.73602294921875
2016-07-25,2.29,0.4,240.628,4.8,97.29000091552734,90.0,42.40,2.8,0.8652,1.2678,59.6182,50.60133361816406
2016-07-26,2.28,0.4,240.628,4.8,97.16000366210938,90.0,42.16,2.84,0.8345,0.7369,61.7448,50.80731964111328
2016-07-27,2.23,0.4,240.628,4.8,97.0500030517578,90.0,41.90,2.84,0.8103,0.9271,63.3926,50.96577072143555
2016-07-28,2.23,0.4,240.628,4.8,96.73999786376952,90.0,41.13,2.79,0.7869,-0.0158,60.0856,50.7835578918457
2016-07-29,2.18,0.3,240.628,4.8,95.52999877929688,90.0,41.54,2.97,0.7613,-0.1664,58.1795,50.680564880371094
2016-08-01,2.24,0.4,240.849,4.9,95.70999908447266,89.8,40.05,2.97,0.7465,-0.1268,55.6161,50.545867919921875
2016-08-02,2.29,0.4,240.849,4.9,95.05999755859376,89.8,39.50,2.79,0.7289,-0.1664,53.3131,50.427040100097656
2016-08-03,2.29,0.4,240.849,4.9,95.55999755859376,89.8,40.80,2.89,0.7345,0.5785,64.3557,51.22722625732422
2016-08-04,2.25,0.4,240.849,4.9,95.76000213623048,89.8,41.92,2.89,0.7129,0.6894,62.7236,51.147979736328125
2016-08-05,2.32,0.4,240.849,4.9,96.19000244140624,89.8,41.83,2.88,0.7644,1.7908,74.9873,52.526519775390625
2016-08-08,2.30,0.4,240.849,4.9,96.4000015258789,89.8,43.06,2.85,0.7463,1.7671,71.9636,52.36806106567383
2016-08-09,2.25,0.4,240.849,4.9,96.18000030517578,89.8,42.78,2.85,0.7264,1.3788,68.4375,52.18585205078125
2016-08-10,2.23,0.4,240.849,4.9,95.6500015258789,89.8,41.75,2.76,0.7261,0.7528,60.0508,51.718414306640625
2016-08-11,2.28,0.4,240.849,4.9,95.86000061035156,89.8,43.51,2.7,0.7121,1.0777,61.6441,51.861019134521484
2016-08-12,2.23,0.4,240.849,4.9,95.72000122070312,89.8,44.47,2.7,0.6952,1.0697,59.5902,51.75010299682617
2016-08-15,2.27,0.4,240.849,4.9,95.62999725341795,89.8,45.72,2.75,0.6744,1.5214,63.4557,52.06700897216797
2016-08-16,2.29,0.4,240.849,4.9,94.79000091552734,89.8,46.57,2.75,0.667,1.6324,63.2875,52.059085845947266
2016-08-17,2.27,0.4,240.849,4.9,94.72000122070312,89.8,46.81,2.76,0.6443,0.9747,65.1354,52.20167541503906
2016-08-18,2.26,0.4,240.849,4.9,94.16000366210938,89.8,48.20,2.75,0.6243,1.1014,65.7735,52.24922561645508
2016-08-19,2.29,0.4,240.849,4.9,94.51000213623048,89.8,48.48,2.67,0.621,-0.3487,63.8266,52.177921295166016
2016-08-22,2.24,0.4,240.849,4.9,94.5199966430664,89.8,46.80,2.75,0.6032,-0.2377,62.4572,52.13039016723633
2016-08-23,2.24,0.4,240.849,4.9,94.54000091552734,89.8,47.54,2.75,0.5924,-0.0792,61.7216,52.10662078857422
2016-08-24,2.24,0.4,240.849,4.9,94.79000091552734,89.8,46.29,2.82,0.5761,0.5309,64.5086,52.24922561645508
2016-08-25,2.27,0.4,240.849,4.9,94.7699966430664,89.8,46.97,2.89,0.5548,0.4834,66.3248,52.34428787231445
2016-08-26,2.29,0.4,240.849,4.9,95.56999969482422,89.8,47.64,2.91,0.5738,0.7132,68.5593,52.4631462097168
2016-08-29,2.22,0.4,240.849,4.9,95.58000183105467,89.8,46.97,2.97,0.5826,0.9747,76.8618,53.041473388671875
2016-08-30,2.23,0.4,240.849,4.9,96.0500030517578,89.8,46.32,2.95,0.5775,1.4184,81.0507,53.47722625732422
2016-08-31,2.23,0.3,240.849,4.9,96.0199966430664,89.8,44.68,2.95,0.588,1.2758,81.0507,53.47722625732422
2016-09-01,2.23,0.4,241.428,5.0,95.6500015258789,91.2,43.17,2.95,0.6066,0.9984,72.506,53.24745559692383
2016-09-02,2.28,0.4,241.428,5.0,95.87999725341795,91.2,44.39,2.88,0.5969,1.2916,75.2996,53.469303131103516
2016-09-06,2.24,0.4,241.428,5.0,94.81999969482422,91.2,44.85,2.88,0.6018,1.2995,73.8115,53.42967224121094
2016-09-07,2.23,0.4,241.428,5.0,94.95999908447266,91.2,45.47,2.77,0.5945,1.1014,65.7293,53.207847595214844
2016-09-08,2.32,0.4,241.428,5.0,95.02999877929688,91.2,47.63,2.88,0.5905,1.0301,67.0191,53.27915573120117
2016-09-09,2.39,0.4,241.428,5.0,95.33999633789062,91.2,45.88,2.93,0.5931,0.4596,52.4088,52.803810119628906
2016-09-12,2.40,0.4,241.428,5.0,95.0999984741211,91.2,46.28,3.04,0.6379,0.6656,59.1674,53.12862014770508
2016-09-13,2.47,0.4,241.428,5.0,95.62999725341795,91.2,44.91,3.04,0.6625,-0.3328,49.1433,52.708740234375
2016-09-14,2.44,0.4,241.428,5.0,95.33000183105467,91.2,43.62,3.07,0.6738,-0.8716,46.9744,52.60573959350586
2016-09-15,2.48,0.4,241.428,5.0,95.29000091552734,91.2,43.85,2.98,0.6732,-0.6815,51.3764,52.79587936401367
2016-09-16,2.44,0.4,241.428,5.0,96.11000061035156,91.2,43.04,2.97,0.693,-1.1014,39.0648,52.14622497558594
2016-09-19,2.45,0.4,241.428,5.0,95.83999633789062,91.2,43.34,3.0,0.6899,-1.0301,45.6005,52.439369201660156
2016-09-20,2.43,0.4,241.428,5.0,96.0199966430664,91.2,43.85,3.12,0.678,-0.7766,49.9528,52.65328598022461
2016-09-21,2.39,0.4,241.428,5.0,95.66000366210938,91.2,45.33,3.19,0.676,-0.2536,55.5181,52.954322814941406
2016-09-22,2.34,0.4,241.428,5.0,95.4499969482422,91.2,46.10,3.18,0.6605,0.1109,62.2662,53.390071868896484
2016-09-23,2.34,0.4,241.428,5.0,95.4800033569336,91.2,44.36,3.06,0.6543,0.4754,59.7045,53.27915573120117
2016-09-26,2.32,0.4,241.428,5.0,95.30999755859376,91.2,45.60,3.06,0.7043,-1.0143,40.3416,52.11454391479492
2016-09-27,2.28,0.4,241.428,5.0,95.44000244140624,91.2,44.65,3.09,0.7273,-0.1347,47.7678,52.57405090332031
2016-09-28,2.29,0.4,241.428,5.0,95.43000030517578,91.2,47.07,3.07,0.7193,0.2456,51.7915,52.8513298034668
2016-09-29,2.28,0.4,241.428,5.0,95.54000091552734,91.2,47.72,2.98,0.7732,-0.7845,41.1296,52.01155090332031
2016-09-30,2.32,0.29,241.428,5.0,95.45999908447266,91.2,47.72,2.84,0.7978,0.6102,51.0572,52.75625228881836
2016-10-03,2.34,0.4,241.729,4.9,95.75,87.2,48.80,2.84,0.7782,0.2536,50.2558,52.69289016723633
2016-10-04,2.40,0.4,241.729,4.9,96.12000274658205,87.2,48.67,2.83,0.7879,0.4913,55.7539,53.14774703979492
2016-10-05,2.44,0.4,241.729,4.9,96.12999725341795,87.2,49.75,2.83,0.8154,1.0601,64.2177,54.01759338378906
2016-10-06,2.46,0.4,241.729,4.9,96.66000366210938,87.2,50.44,3.04,0.8096,0.768,65.431,54.16123580932617
2016-10-07,2.46,0.4,241.729,4.9,96.5199966430664,87.2,49.76,3.02,0.7963,1.0704,67.0845,54.352760314941406
2016-10-10,.,0.4,241.729,4.9,,87.2,49.76,3.18,0.7935,2.6583,70.5419,54.77570343017578
2016-10-11,2.50,0.41,241.729,4.9,97.6999969482422,87.2,50.72,3.17,0.7876,1.9353,65.763,54.51236343383789
2016-10-12,2.51,0.41,241.729,4.9,97.97000122070312,87.2,50.14,3.17,0.7621,1.5143,63.1694,54.36872100830078
2016-10-13,2.48,0.41,241.729,4.9,97.5199966430664,87.2,50.47,3.16,0.7824,2.043,57.6919,54.0574836730957
2016-10-14,2.55,0.41,241.729,4.9,98.0199966430664,87.2,50.35,3.18,0.8251,1.1225,54.718,53.88193130493164
2016-10-17,2.52,0.41,241.729,4.9,97.88999938964844,87.2,49.97,3.21,0.8263,0.9066,50.1485,53.60261535644531
2016-10-18,2.51,0.41,241.729,4.9,97.9000015258789,87.2,50.30,3.25,0.8266,0.8779,56.2902,54.02557373046875
2016-10-19,2.51,0.41,241.729,4.9,97.87000274658205,87.2,51.59,3.18,0.8131,0.5268,62.5734,54.544281005859375
2016-10-20,2.50,0.41,241.729,4.9,98.31999969482422,87.2,50.31,3.12,0.7973,0.3113,61.2195,54.47245788574219
2016-10-21,2.48,0.41,241.729,4.9,98.6999969482422,87.2,50.61,2.92,0.7876,0.3033,63.4642,54.656002044677734
2016-10-24,2.52,0.41,241.729,4.9,98.66999816894533,87.2,50.18,2.78,0.7633,0.1836,66.9734,54.959251403808594
2016-10-25,2.50,0.41,241.729,4.9,98.72000122070312,87.2,49.45,2.69,0.7401,0.3911,65.6821,54.903385162353516
2016-10-26,2.53,0.41,241.729,4.9,98.62999725341795,87.2,48.75,2.69,0.7374,0.7981,68.83,55.166725158691406
2016-10-27,2.60,0.41,241.729,4.9,98.88999938964844,87.2,49.71,2.72,0.7229,1.1892,69.7639,55.24653244018555
2016-10-28,2.62,0.41,241.729,4.9,98.3499984741211,87.2,48.72,2.72,0.7332,1.269,67.0841,55.15076446533203
2016-10-31,2.58,0.31,241.729,4.9,98.4499969482422,87.2,46.83,2.85,0.7076,1.6681,68.7512,55.270469665527344
2016-11-01,2.58,0.41,241.353,4.7,97.6999969482422,93.8,46.66,2.53,0.7397,1.0136,62.0052,55.0390510559082
2016-11-02,2.56,0.41,241.353,4.7,97.4000015258789,93.8,45.32,2.53,0.7416,0.2634,55.9096,54.807613372802734
2016-11-03,2.60,0.41,241.353,4.7,97.16000366210938,93.8,44.66,2.41,0.7439,0.0958,50.2334,54.56821823120117
2016-11-04,2.56,0.41,241.353,4.7,97.06999969482422,93.8,44.07,2.2,0.7432,-0.5826,40.7365,54.07344436645508
2016-11-07,2.60,0.41,241.353,4.7,97.77999877929688,93.8,44.88,2.37,0.8161,0.8061,65.5099,55.7652473449707
2016-11-08,2.63,0.41,241.353,4.7,97.86000061035156,93.8,44.96,2.34,0.8322,0.9817,66.6073,55.884944915771484
2016-11-09,2.88,0.41,241.353,4.7,98.5,93.8,45.20,2.22,1.0077,3.2882,81.0152,58.45456314086914
2016-11-10,2.94,0.41,241.353,4.7,98.79000091552734,93.8,44.62,2.08,1.1637,5.922,87.3956,61.167789459228516
2016-11-11,.,0.41,241.353,4.7,,93.8,43.39,2.08,1.135,6.0497,87.4507,61.19972610473633
2016-11-14,2.99,0.41,241.353,4.7,100.11000061035156,93.8,43.29,2.26,1.2677,8.1807,90.6532,63.45012664794922
2016-11-15,2.97,0.41,241.353,4.7,100.19000244140624,93.8,45.86,2.49,1.2758,8.2924,89.3063,63.33042907714844
2016-11-16,2.92,0.41,241.353,4.7,100.41000366210938,93.8,45.56,2.49,1.3261,6.9596,73.4596,61.76630783081055
2016-11-17,3.01,0.41,241.353,4.7,100.88999938964844,93.8,45.37,2.37,1.2915,7.6938,75.0177,62.261085510253906
2016-11-18,3.01,0.41,241.353,4.7,101.20999908447266,93.8,45.69,2.6,1.2488,7.9413,72.6483,62.01369094848633
2016-11-21,3.00,0.41,241.353,4.7,101.0500030517578,93.8,47.48,2.81,1.2098,6.5206,73.662,62.2850227355957
2016-11-22,3.00,0.41,241.353,4.7,101.04000091552734,93.8,48.07,2.73,1.1687,6.784,75.1091,62.668067932128906
2016-11-23,3.02,0.41,241.353,4.7,101.6999969482422,93.8,46.72,2.76,1.1622,4.4774,76.1117,62.93141174316406
2016-11-25,3.01,0.41,241.353,4.7,101.48999786376952,93.8,46.72,2.76,1.135,1.7399,75.8033,62.907466888427734
2016-11-28,2.99,0.41,241.353,4.7,101.33000183105467,93.8,45.66,2.96,1.1024,1.3009,70.4137,62.50049591064453
2016-11-29,2.95,0.41,241.353,4.7,100.93000030517578,93.8,45.29,3.02,1.0716,-0.4709,72.9297,62.97928237915039
2016-11-30,3.02,0.31,241.353,4.7,101.5,93.8,49.41,3.32,1.0868,0.6465,77.3819,63.97679901123047
2016-12-01,3.10,0.41,241.432,4.7,101.04000091552734,98.2,51.08,3.32,1.1294,3.5037,81.713,65.26958465576172
2016-12-02,3.08,0.41,241.432,4.7,100.7699966430664,98.2,51.70,3.44,1.1018,2.8573,79.7236,65.11798095703125
2016-12-05,3.05,0.41,241.432,4.7,100.13999938964844,98.2,51.72,3.44,1.1194,4.4295,83.5997,66.44268798828125
2016-12-06,3.08,0.41,241.432,4.7,100.48999786376952,98.2,50.95,3.75,1.1181,4.5014,84.455,66.78582763671875
2016-12-07,3.02,0.41,241.432,4.7,100.2300033569336,98.2,49.85,3.8,1.1089,4.4216,85.2122,67.08905792236328
2016-12-08,3.10,0.41,241.432,4.7,101.06999969482422,98.2,50.84,3.68,1.1187,4.9962,87.1361,67.92699432373047
2016-12-09,3.16,0.41,241.432,4.7,101.56999969482422,98.2,51.51,3.75,1.1163,5.3155,87.7596,68.22222900390625
2016-12-12,3.16,0.41,241.432,4.7,100.95999908447266,98.2,52.74,3.6,1.1221,5.1159,79.0185,67.61577606201172
2016-12-13,3.14,0.41,241.432,4.7,101.02999877929688,98.2,52.99,3.65,1.1474,4.661,79.1097,67.63970184326172
2016-12-14,3.14,0.41,241.432,4.7,102.0,98.2,51.01,3.55,1.2,3.6394,78.7293,67.61577606201172
2016-12-15,3.16,0.66,241.432,4.7,103.12999725341795,98.2,50.90,3.56,1.2146,3.3601,82.6535,68.62923431396484
2016-12-16,3.19,0.66,241.432,4.7,102.9499969482422,98.2,51.93,3.51,1.2076,2.6657,70.578,67.7833480834961
2016-12-19,3.12,0.66,241.432,4.7,103.13999938964844,98.2,52.13,3.55,1.1926,1.7319,72.6317,68.17434692382812
2016-12-20,3.15,0.66,241.432,4.7,103.29000091552734,98.2,52.22,3.39,1.1707,2.2666,76.6902,69.05216217041016
2016-12-21,3.12,0.66,241.432,4.7,103.0199966430664,98.2,51.44,3.5,1.1316,2.139,77.4338,69.22775268554688
2016-12-22,3.12,0.66,241.432,4.7,103.08999633789062,98.2,51.98,3.5,1.1055,1.4127,77.9316,69.3394546508789
2016-12-23,3.12,0.66,241.432,4.7,103.01000213623048,98.2,52.01,3.6,1.0693,1.2451,78.5329,69.46715545654297
2016-12-27,3.14,0.66,241.432,4.7,103.0199966430664,98.2,52.82,3.7,1.0163,1.9155,78.8531,69.53099060058594
2016-12-28,3.09,0.66,241.432,4.7,103.26000213623048,98.2,54.01,3.7,1.003,1.3887,69.7516,69.02824401855469
2016-12-29,3.08,0.66,241.432,4.7,102.68000030517578,98.2,53.80,3.71,1.0243,0.9258,62.0469,68.54143524169922
2016-12-30,3.06,0.55,241.432,4.7,102.38999938964844,98.2,53.75,3.71,0.9944,0.2315,64.8738,68.86065673828125
2017-01-03,3.04,0.66,242.839,4.7,103.20999908447266,98.5,52.36,3.41,1.0249,1.8277,70.5932,69.61079406738281
2017-01-04,3.05,0.66,242.839,4.7,102.6999969482422,98.5,53.26,3.42,0.9964,1.5643,71.4717,69.73917388916016
2017-01-05,2.96,0.66,242.839,4.7,101.5199966430664,98.5,53.77,3.42,1.0313,0.0444,61.2501,69.09722137451172
2017-01-06,3.00,0.66,242.839,4.7,102.22000122070312,98.5,53.98,3.38,0.9966,-0.1232,61.3269,69.10527038574219
2017-01-09,2.97,0.66,242.839,4.7,101.93000030517578,98.5,51.95,3.14,0.9971,-0.1868,61.8313,69.15339660644531
2017-01-10,2.97,0.66,242.839,4.7,102.01000213623048,98.5,50.82,3.21,0.9935,-0.1139,64.005,69.35401916503906
2017-01-11,2.96,0.66,242.839,4.7,101.77999877929688,98.5,52.19,3.27,0.9896,0.3439,69.0902,69.87557983398438
2017-01-12,3.01,0.66,242.839,4.7,101.3499984741211,98.5,53.01,3.36,0.9906,0.1726,57.4384,69.20154571533203
2017-01-13,2.99,0.66,242.839,4.7,101.18000030517578,98.5,52.36,3.36,1.0385,1.0286,61.3994,69.5706787109375
2017-01-17,2.93,0.66,242.839,4.7,100.33000183105467,98.5,52.45,3.37,1.1604,-1.8186,35.9459,67.04300689697266
2017-01-18,3.00,0.66,242.839,4.7,100.93000030517578,98.5,51.12,3.26,1.1463,-2.2558,39.4018,67.35595703125
2017-01-19,3.04,0.66,242.839,4.7,101.1500015258789,98.5,51.39,3.25,1.1532,-2.8971,35.8728,66.84241485595703
2017-01-20,3.05,0.66,242.839,4.7,100.73999786376952,98.5,52.33,3.23,1.1021,-1.9582,39.3615,67.1392822265625
2017-01-23,2.99,0.66,242.839,4.7,100.16000366210938,98.5,52.77,3.16,1.069,-1.9341,39.7552,67.1714096069336
2017-01-24,3.05,0.66,242.839,4.7,100.3499984741211,98.5,52.38,3.16,1.0751,-1.1717,49.0378,67.98184204101562
2017-01-25,3.10,0.66,242.839,4.7,100.02999877929688,98.5,52.14,3.26,1.0815,-0.321,58.2979,69.03303527832031
2017-01-26,3.08,0.66,242.839,4.7,100.37999725341795,98.5,53.24,3.44,1.0615,-0.2648,62.4632,69.61079406738281
2017-01-27,3.06,0.66,242.839,4.7,100.52999877929688,98.5,53.18,3.31,1.0264,0.5537,63.4765,69.75524139404297
2017-01-30,3.08,0.66,242.839,4.7,100.43000030517578,98.5,52.63,3.22,1.0454,-0.5377,55.198,69.03303527832031
2017-01-31,3.05,0.56,242.839,4.7,99.51000213623048,98.5,52.75,3.0,1.0888,0.8667,45.0444,67.90962982177734
2017-02-01,3.08,0.66,243.603,4.6,99.63999938964844,96.3,53.90,3.15,1.0953,0.8105,47.4972,68.16641998291016
2017-02-02,3.09,0.66,243.603,4.6,99.8499984741211,96.3,53.55,3.13,1.0623,1.0353,44.9874,67.87753295898438
2017-02-03,3.11,0.66,243.603,4.6,99.87000274658205,96.3,53.81,3.13,1.1424,2.8169,61.3243,69.95584869384766
2017-02-06,3.05,0.66,243.603,4.6,99.91000366210938,96.3,53.01,2.92,1.1089,2.4557,58.2802,69.62681579589844
2017-02-07,3.02,0.66,243.603,4.6,100.26000213623048,96.3,52.19,3.03,1.0825,1.605,57.8908,69.58672332763672
2017-02-08,2.96,0.66,243.603,4.6,100.27999877929688,96.3,52.37,3.05,1.0825,-0.0562,52.0206,68.97686004638672
2017-02-09,3.02,0.66,243.603,4.6,100.6500015258789,96.3,52.99,3.11,1.0837,0.3611,59.4709,69.97188568115234
2017-02-10,3.01,0.66,243.603,4.6,100.8000030517578,96.3,53.84,3.11,1.0402,0.0562,57.8607,69.81141662597656
2017-02-13,3.03,0.66,243.603,4.6,100.95999908447266,96.3,52.96,2.93,1.0656,1.7014,64.0749,70.73419952392578
2017-02-14,3.07,0.66,243.603,4.6,101.25,96.3,53.21,2.85,1.0808,3.9564,70.0848,71.86563110351562
2017-02-15,3.09,0.66,243.603,4.6,101.18000030517578,96.3,53.11,2.95,1.0908,4.5262,73.6612,72.69212341308594
2017-02-16,3.05,0.66,243.603,4.6,100.44000244140624,96.3,53.41,2.88,1.0857,4.767,73.0956,72.64397430419922
2017-02-17,3.03,0.66,243.603,4.6,100.9499969482422,96.3,53.41,2.75,1.0563,2.4477,70.105,72.40324401855469
2017-02-21,3.04,0.66,243.603,4.6,101.37000274658205,96.3,54.02,2.56,1.0336,3.4027,73.2649,73.02914428710938
2017-02-22,3.04,0.66,243.603,4.6,101.33000183105467,96.3,53.61,2.52,1.0102,3.483,73.4647,73.06925964355469
2017-02-23,3.02,0.66,243.603,4.6,101.0500030517578,96.3,54.48,2.63,0.985,4.149,73.7696,73.12543487548828
2017-02-24,2.95,0.66,243.603,4.6,101.08999633789062,96.3,53.99,2.63,0.9949,2.5119,64.3768,72.4834976196289
2017-02-27,2.98,0.66,243.603,4.6,101.12999725341795,96.3,54.04,2.44,0.9643,2.7527,64.9958,72.56372833251953
2017-02-28,2.97,0.57,243.603,4.6,101.12000274658205,96.3,54.00,2.54,0.9662,1.9822,66.2345,72.71617126464844
2017-03-01,3.06,0.66,243.801,4.4,101.77999877929688,96.9,53.82,2.54,1.0898,3.2422,79.1142,75.107421875
2017-03-02,3.09,0.66,243.801,4.4,102.1999969482422,96.9,52.63,2.59,1.1203,1.2439,65.511,73.93585968017578
2017-03-03,3.08,0.66,243.801,4.4,101.54000091552734,96.9,53.33,2.5,1.0959,1.8217,68.2528,74.46549987792969
2017-03-06,3.10,0.66,243.801,4.4,101.63999938964844,96.9,53.19,2.68,1.115,1.3563,61.0613,73.75934600830078
2017-03-07,3.11,0.66,243.801,4.4,101.80999755859376,96.9,52.68,2.68,1.0858,0.321,57.1815,73.35011291503906
2017-03-08,3.15,0.66,243.801,4.4,102.06999969482422,96.9,49.83,2.59,1.1086,0.1204,55.6411,73.18965148925781
2017-03-09,3.19,0.66,243.801,4.4,101.8499984741211,96.9,48.75,2.83,1.0862,0.3531,57.9089,73.47850799560547
2017-03-10,3.16,0.66,243.801,4.4,101.25,96.9,48.05,2.98,1.0929,0.7624,55.375,73.24580383300781
2017-03-13,3.20,0.66,243.801,4.4,101.37999725341795,96.9,47.95,3.04,1.0635,0.7463,55.9656,73.30998992919922
2017-03-14,3.17,0.66,243.801,4.4,101.6999969482422,96.9,47.24,3.02,1.0383,0.7142,57.1471,73.43035125732422
2017-03-15,3.11,0.66,243.801,4.4,100.73999786376952,96.9,48.34,3.02,1.0455,-1.5007,58.9425,73.60690307617188
2017-03-16,3.14,0.91,243.801,4.4,100.2699966430664,96.9,48.30,2.84,1.0416,-0.4013,57.841,73.53466033935547
2017-03-17,3.11,0.91,243.801,4.4,100.3000030517578,96.9,48.34,2.85,1.0469,-1.7014,47.3532,72.76434326171875
2017-03-20,3.08,0.91,243.801,4.4,100.41000366210938,96.9,47.79,2.93,1.0513,-1.5168,41.669,72.24274444580078
2017-03-21,3.04,0.91,243.801,4.4,99.80999755859376,96.9,47.02,3.09,1.1814,-3.2261,27.0279,70.12435913085938
2017-03-22,3.02,0.91,243.801,4.4,99.68000030517578,96.9,47.29,3.02,1.2151,-2.9533,28.5081,70.23667907714844
2017-03-23,3.02,0.91,243.801,4.4,99.76000213623048,96.9,47.00,2.93,1.2091,-3.3545,27.8797,70.12435913085938
2017-03-24,3.00,0.91,243.801,4.4,99.62999725341795,96.9,47.30,2.97,1.1984,-3.2021,27.4004,70.04410552978516
2017-03-27,2.98,0.91,243.801,4.4,99.16999816894533,96.9,47.02,2.94,1.2373,-3.3064,27.1412,70.00396728515625
2017-03-28,3.02,0.91,243.801,4.4,99.70999908447266,96.9,48.36,2.95,1.2658,-2.3353,43.3411,71.09527587890625
2017-03-29,2.99,0.91,243.801,4.4,100.0,96.9,49.47,3.03,1.2178,-2.7767,40.8899,70.8304672241211
2017-03-30,3.03,0.91,243.801,4.4,100.41000366210938,96.9,50.30,3.08,1.2077,-2.0946,48.363,71.44033813476562
2017-03-31,3.02,0.82,243.801,4.4,100.3499984741211,96.9,50.54,3.13,1.1948,-2.2792,39.6433,70.48544311523438
2017-04-03,2.98,0.91,244.524,4.4,100.54000091552734,97.0,50.25,3.13,1.1994,-2.0143,37.6169,70.22866821289062
2017-04-04,2.99,0.91,244.524,4.4,100.54000091552734,97.0,50.99,3.06,1.1688,0.3371,40.6707,70.46268463134766
2017-04-05,2.98,0.91,244.524,4.4,100.55999755859376,97.0,51.14,3.22,1.2243,-0.6793,33.5771,69.558837890625
2017-04-06,2.99,0.91,244.524,4.4,100.66999816894533,97.0,51.69,3.23,1.2325,-0.3328,36.7509,69.79286193847656
2017-04-07,3.00,0.91,244.524,4.4,101.18000030517578,97.0,52.25,3.23,1.2079,-0.4947,34.8375,69.55073547363281
2017-04-10,2.99,0.91,244.524,4.4,101.0199966430664,97.0,53.06,3.15,1.196,-0.6967,32.9325,69.30865478515625
2017-04-11,2.93,0.91,244.524,4.4,100.70999908447266,97.0,53.38,3.11,1.1728,-1.9092,31.9615,69.18757629394531
2017-04-12,2.92,0.91,244.524,4.4,100.77999877929688,97.0,53.12,2.97,1.1421,-1.9108,29.8129,68.92123413085938
2017-04-13,2.89,0.91,244.524,4.4,100.55999755859376,97.0,53.19,3.0,1.2098,-3.3278,24.3102,68.11421203613281
2017-04-17,2.92,0.91,244.524,4.4,100.3000030517578,97.0,52.62,3.09,1.222,-1.1944,41.7511,69.29248809814453
2017-04-18,2.84,0.91,244.524,4.4,99.5,97.0,52.46,3.11,1.1993,-1.5026,37.1863,68.72757720947266
2017-04-19,2.87,0.91,244.524,4.4,99.73999786376952,97.0,50.49,3.11,1.2036,-2.3003,33.1582,68.16262817382812
2017-04-20,2.89,0.91,244.524,4.4,99.77999877929688,97.0,50.26,3.13,1.1937,-0.5166,43.7081,69.04232025146484
2017-04-21,2.89,0.91,244.524,4.4,99.9800033569336,97.0,49.64,3.06,1.1759,-1.582,37.4946,68.21107482910156
2017-04-24,2.93,0.91,244.524,4.4,99.08999633789062,97.0,48.90,3.06,1.2954,1.0654,57.0998,70.61603546142578
2017-04-25,2.99,0.91,244.524,4.4,98.81999969482422,97.0,49.22,2.99,1.2968,1.9209,60.6015,71.2293930053711
2017-04-26,2.97,0.91,244.524,4.4,98.95999908447266,97.0,49.22,3.06,1.2567,2.1792,61.3849,71.36658477783203
2017-04-27,2.96,0.91,244.524,4.4,99.08000183105467,97.0,48.96,3.13,1.2488,1.7837,55.4733,70.704833984375
2017-04-28,2.96,0.83,244.524,4.4,99.0500030517578,97.0,49.31,3.2,1.2115,2.0985,51.3832,70.21251678466797
2017-05-01,3.00,0.91,244.733,4.4,99.13999938964844,97.1,48.83,3.2,1.193,0.9685,51.7718,70.26094818115234
2017-05-02,2.97,0.91,244.733,4.4,98.9800033569336,97.1,47.65,3.13,1.1677,1.0815,47.8086,69.80899810791016
2017-05-03,2.97,0.91,244.733,4.4,99.20999908447266,97.1,47.79,3.14,1.1466,2.0501,51.4925,70.21251678466797
2017-05-04,3.00,0.91,244.733,4.4,98.76000213623048,97.1,45.55,3.11,1.1315,1.251,52.2416,70.2932357788086
2017-05-05,2.99,0.91,244.733,4.4,98.6500015258789,97.1,46.23,3.1,1.1038,2.0017,51.3603,70.21251678466797
2017-05-08,3.02,0.91,244.733,4.4,99.1500015258789,97.1,46.46,3.06,1.0636,-0.3228,52.2552,70.2932357788086
2017-05-09,3.04,0.91,244.733,4.4,99.58999633789062,97.1,45.84,3.03,1.0649,-1.2188,48.7659,70.01077270507812
2017-05-10,3.03,0.91,244.733,4.4,99.66999816894533,97.1,47.28,3.03,1.0471,-0.8071,55.2207,70.55953216552734
2017-05-11,3.03,0.91,244.733,4.4,99.62000274658205,97.1,47.81,3.23,1.0374,-0.3632,52.313,70.3416748046875
2017-05-12,2.98,0.91,244.733,4.4,99.25,97.1,47.83,3.24,1.0106,-0.0646,49.727,70.14794158935547
2017-05-15,3.00,0.91,244.733,4.4,98.91000366210938,97.1,48.86,3.26,0.9747,0.226,54.1356,70.48689270019531
2017-05-16,2.99,0.91,244.733,4.4,98.11000061035156,97.1,48.64,3.27,0.9484,0.8959,56.8391,70.704833984375
2017-05-17,2.91,0.91,244.733,4.4,97.41999816894533,97.1,49.04,3.27,1.0905,-2.2034,31.3993,68.00930786132812
2017-05-18,2.90,0.91,244.733,4.4,97.87999725341795,97.1,49.36,3.13,1.0956,-2.5344,30.014,67.75912475585938
2017-05-19,2.90,0.91,244.733,4.4,97.1500015258789,97.1,50.32,3.11,1.0969,-1.7918,38.0476,68.42088317871094
2017-05-22,2.91,0.91,244.733,4.4,96.9800033569336,97.1,50.81,3.24,1.0808,-1.9371,37.5799,68.35631561279297
2017-05-23,2.95,0.91,244.733,4.4,97.3499984741211,97.1,51.12,3.22,1.0935,-0.799,47.1438,69.2117919921875
2017-05-24,2.92,0.91,244.733,4.4,97.23999786376952,97.1,50.99,3.22,1.0575,-1.3882,46.7682,69.17143249511719
2017-05-25,2.92,0.91,244.733,4.4,97.25,97.1,48.57,3.1,1.0396,-1.4609,43.9662,68.88088989257812
2017-05-26,2.92,0.91,244.733,4.4,97.4000015258789,97.1,49.58,3.1,0.9965,-1.2591,44.0696,68.88896942138672
2017-05-30,2.88,0.91,244.733,4.4,97.27999877929688,97.1,49.63,3.1,1.0164,-2.7765,33.9149,67.71070098876953
2017-05-31,2.87,0.83,244.733,4.4,96.91999816894533,97.1,48.29,3.05,1.0744,-4.4069,25.951,66.2983627319336
2017-06-01,2.87,0.91,244.955,4.3,97.1999969482422,95.0,48.32,3.05,1.0801,-0.9766,34.7973,67.03277587890625
2017-06-02,2.80,0.91,244.955,4.3,96.72000122070312,95.0,47.68,2.85,1.0652,-1.0654,32.7886,66.69383239746094
2017-06-05,2.84,0.91,244.955,4.3,96.8000030517578,95.0,47.40,2.92,1.0427,-1.6062,34.2937,66.81488037109375
2017-06-06,2.81,0.91,244.955,4.3,96.63999938964844,95.0,48.13,2.92,1.0308,-1.4044,36.0959,66.95208740234375
2017-06-07,2.84,0.91,244.955,4.3,96.75,95.0,45.80,3.06,1.0232,-1.4932,45.3951,67.7187728881836
2017-06-08,2.85,0.91,244.955,4.3,96.91999816894533,95.0,45.68,2.98,1.0562,-0.6134,53.6069,68.55807495117188
2017-06-09,2.86,0.91,244.955,4.3,97.2699966430664,95.0,45.82,3.03,1.1018,1.2995,64.932,70.18023681640625
2017-06-12,2.86,0.91,244.955,4.3,97.13999938964844,95.0,46.10,3.12,1.1067,1.3075,65.0263,70.19636535644531
2017-06-13,2.87,0.91,244.955,4.3,96.9800033569336,95.0,46.41,3.12,1.0778,2.72,66.4799,70.43040466308594
2017-06-14,2.79,0.91,244.955,4.3,96.94000244140624,95.0,44.79,2.95,1.0867,3.9872,64.6275,70.28514099121094
2017-06-15,2.78,1.16,244.955,4.3,97.43000030517578,95.0,44.47,2.94,1.0581,2.833,59.3216,69.865478515625
2017-06-16,2.78,1.16,244.955,4.3,97.16000366210938,95.0,44.73,3.01,1.037,2.8572,55.5229,69.55073547363281
2017-06-19,2.79,1.16,244.955,4.3,97.52999877929688,95.0,44.24,2.87,1.0811,4.2616,66.9267,71.07604217529297
2017-06-20,2.74,1.16,244.955,4.3,97.75,95.0,43.34,2.91,1.0443,3.6805,61.8031,70.63218688964844
2017-06-21,2.73,1.16,244.955,4.3,97.55999755859376,95.0,42.48,2.91,1.0149,2.5909,58.2024,70.30937957763672
2017-06-22,2.72,1.16,244.955,4.3,97.54000091552734,95.0,42.53,2.88,0.9834,1.6707,57.2755,70.2286605834961
2017-06-23,2.71,1.16,244.955,4.3,97.3000030517578,95.0,42.86,2.89,0.9933,-0.0807,55.6986,70.09954071044922
2017-06-26,2.70,1.16,244.955,4.3,97.43000030517578,95.0,43.24,2.98,0.9831,0.2099,58.6993,70.40619659423828
2017-06-27,2.75,1.16,244.955,4.3,96.47000122070312,95.0,44.25,2.99,1.0109,0.6296,64.4089,71.05989074707031
2017-06-28,2.77,1.16,244.955,4.3,96.0500030517578,95.0,44.74,3.03,1.0552,2.2034,73.3531,72.48837280273438
2017-06-29,2.82,1.16,244.955,4.3,95.62999725341795,95.0,44.88,3.07,1.143,3.6966,77.9744,73.56175994873047
2017-06-30,2.84,1.06,244.955,4.3,95.66000366210938,95.0,46.02,2.98,1.1103,4.2132,78.7443,73.76350402832031
2017-07-03,2.86,1.16,244.786,4.3,96.1999969482422,93.4,.,2.98,1.18,4.1809,83.4896,75.26472473144531
2017-07-05,2.85,1.16,244.786,4.3,96.29000091552734,93.4,45.11,2.98,1.1641,5.3795,85.3289,76.0193862915039
2017-07-06,2.90,1.16,244.786,4.3,95.81999969482422,93.4,45.52,2.89,1.1754,5.4589,82.0526,75.77597045898438
2017-07-07,2.93,1.16,244.786,4.3,96.01000213623048,93.4,44.25,2.91,1.1459,5.921,83.177,76.15735626220703
2017-07-10,2.93,1.16,244.786,4.3,96.0500030517578,93.4,44.40,2.92,1.1081,5.5145,75.7703,75.62178039550781
2017-07-11,2.92,1.16,244.786,4.3,95.73999786376952,93.4,45.06,2.98,1.0898,4.9157,71.8905,75.32965087890625
2017-07-12,2.89,1.16,244.786,4.3,95.79000091552734,93.4,45.48,3.01,1.0561,4.0023,68.4299,75.06999969482422
2017-07-13,2.92,1.16,244.786,4.3,95.7300033569336,93.4,46.06,2.96,1.0409,3.0524,71.2637,75.54875183105469
2017-07-14,2.91,1.16,244.786,4.3,95.11000061035156,93.4,46.53,2.94,1.1126,1.2892,62.3104,74.8590087890625
2017-07-17,2.89,1.16,244.786,4.3,95.12999725341795,93.4,46.02,3.04,1.0911,0.3896,54.5989,74.16114044189453
2017-07-18,2.85,1.16,244.786,4.3,94.66000366210938,93.4,46.40,3.11,1.0862,-1.3633,51.9412,73.90142059326172
2017-07-19,2.85,1.16,244.786,4.3,94.8000030517578,93.4,47.10,3.11,1.0445,-2.0124,52.9745,74.0069351196289
2017-07-20,2.83,1.16,244.786,4.3,94.2699966430664,93.4,46.73,3.12,1.0174,-1.769,52.9745,74.0069351196289
2017-07-21,2.81,1.16,244.786,4.3,93.94000244140624,93.4,45.78,3.06,0.9934,-2.402,49.8211,73.75538635253906
2017-07-24,2.83,1.16,244.786,4.3,93.9800033569336,93.4,46.21,2.99,0.9601,-1.5499,53.6757,74.07186126708984
2017-07-25,2.91,1.16,244.786,4.3,94.0500030517578,93.4,47.77,2.99,1.0214,-0.0243,65.239,75.30531311035156
2017-07-26,2.89,1.16,244.786,4.3,93.66999816894533,93.4,48.58,2.92,1.036,-0.4707,56.3013,74.59931945800781
2017-07-27,2.93,1.16,244.786,4.3,93.86000061035156,93.4,49.05,2.95,1.0141,-1.2578,52.7913,74.29095458984375
2017-07-28,2.89,1.16,244.786,4.3,93.26000213623048,93.4,49.72,2.96,0.9907,-0.7871,50.3149,74.07186126708984
2017-07-31,2.89,1.07,244.786,4.3,92.86000061035156,93.4,50.21,2.87,0.9825,0.3327,54.8474,74.49384307861328
2017-08-01,2.86,1.16,245.519,4.4,93.02999877929688,96.8,49.19,2.8,0.99,1.5905,63.5795,75.4919662475586
2017-08-02,2.85,1.16,245.519,4.4,92.83000183105467,96.8,49.60,2.8,0.9601,1.5499,64.0815,75.55686950683594
2017-08-03,2.81,1.16,245.519,4.4,92.80999755859376,96.8,49.03,2.76,0.9434,1.0549,57.3809,75.0618667602539
2017-08-04,2.84,1.16,245.519,4.4,93.54000091552734,96.8,49.57,2.76,0.9862,2.2478,65.0931,76.00318145751953
2017-08-07,2.84,1.16,245.519,4.4,93.43000030517578,96.8,49.37,2.8,0.9465,2.2234,67.1433,76.29531860351562
2017-08-08,2.86,1.16,245.519,4.4,93.63999938964844,96.8,49.07,2.81,0.9727,0.7141,63.2452,76.0193862915039
2017-08-09,2.82,1.16,245.519,4.4,93.5199966430664,96.8,49.59,2.81,0.9525,1.2984,61.4951,75.897705078125
2017-08-10,2.79,1.16,245.519,4.4,93.4000015258789,96.8,48.54,2.89,0.9691,0.5193,48.2442,74.810302734375
2017-08-11,2.79,1.16,245.519,4.4,93.06999969482422,96.8,48.81,2.96,0.9828,0.1136,42.4096,74.18546295166016
2017-08-14,2.81,1.16,245.519,4.4,93.45999908447266,96.8,47.59,3.02,0.9983,0.5599,51.4714,75.05372619628906
2017-08-15,2.84,1.16,245.519,4.4,93.8499984741211,96.8,47.57,2.96,0.9891,-0.2434,53.3027,75.24851989746094
2017-08-16,2.81,1.16,245.519,4.4,93.48999786376952,96.8,46.80,2.94,0.9967,-0.8277,47.9423,74.72917175292969
2017-08-17,2.78,1.16,245.519,4.4,93.62000274658205,96.8,47.07,2.91,1.0176,-1.5012,38.3107,73.56061553955078
2017-08-18,2.78,1.16,245.519,4.4,93.43000030517578,96.8,48.59,2.9,1.0232,-2.3695,39.1595,73.6336441040039
2017-08-21,2.77,1.16,245.519,4.4,93.0999984741211,96.8,47.39,3.0,0.9953,-2.7509,38.4412,73.54439544677734
2017-08-22,2.79,1.16,245.519,4.4,93.5500030517578,96.8,47.65,3.0,0.9868,-1.7203,47.4894,74.2990951538086
2017-08-23,2.75,1.16,245.519,4.4,93.1500015258789,96.8,48.45,2.94,1.0033,-1.5093,48.4846,74.38833618164062
2017-08-24,2.77,1.16,245.519,4.4,93.27999877929688,96.8,47.24,2.97,0.9728,-0.5437,47.1312,74.2666244506836
2017-08-25,2.75,1.16,245.519,4.4,92.73999786376952,96.8,47.65,2.93,0.9589,0.3814,50.8883,74.56686401367188
2017-08-28,2.76,1.16,245.519,4.4,92.20999908447266,96.8,46.40,2.95,0.9519,-0.7222,47.9225,74.33154296875
2017-08-29,2.74,1.16,245.519,4.4,92.3499984741211,96.8,46.46,2.95,0.9587,-1.3227,43.1094,73.92577362060547
2017-08-30,2.75,1.16,245.519,4.4,92.87999725341795,96.8,45.96,2.95,0.9351,-0.6329,45.6565,74.0962142944336
2017-08-31,2.73,1.07,245.519,4.4,92.66999816894533,96.8,47.26,2.92,0.9292,0.1948,41.5251,73.75538635253906
2017-09-01,2.77,1.16,246.819,4.3,92.80999755859376,95.1,47.32,2.88,0.948,0.779,51.0221,74.41268920898438
2017-09-05,2.69,1.16,246.819,4.3,92.30999755859376,95.1,48.63,2.88,1.0354,-0.9088,34.2912,72.63553619384766
2017-09-06,2.72,1.16,246.819,4.3,92.29000091552734,95.1,49.13,2.98,1.0198,-1.1766,40.2551,73.12242889404297
2017-09-07,2.66,1.16,246.819,4.3,91.52999877929688,95.1,49.10,2.92,1.0658,-2.548,31.8081,71.84029388427734
2017-09-08,2.67,1.16,246.819,4.3,91.33000183105467,95.1,47.44,2.88,1.058,-2.5156,31.3,71.75104522705078
2017-09-11,2.75,1.16,246.819,4.3,91.86000061035156,95.1,48.06,2.88,1.0885,-1.7041,43.7364,72.86275482177734
2017-09-12,2.78,1.16,246.819,4.3,91.91000366210938,95.1,48.21,2.88,1.0954,-0.5761,51.5595,73.75538635253906
2017-09-13,2.79,1.16,246.819,4.3,92.5199966430664,95.1,49.30,3.02,1.0856,0.0406,53.266,73.96637725830078
2017-09-14,2.77,1.16,246.819,4.3,92.12000274658205,95.1,49.86,3.03,1.0538,-0.2759,51.8606,73.82030487060547
2017-09-15,2.77,1.16,246.819,4.3,91.87000274658205,95.1,49.90,3.0,1.0336,0.5924,56.469,74.34776306152344
2017-09-18,2.80,1.16,246.819,4.3,92.0500030517578,95.1,49.88,3.11,1.0476,0.99,64.1051,75.40267181396484
2017-09-19,2.81,1.16,246.819,4.3,91.79000091552734,95.1,49.54,3.18,1.0794,3.5948,68.8663,76.23040008544922
2017-09-20,2.82,1.16,246.819,4.3,92.51000213623048,95.1,50.29,3.13,1.0939,3.6435,71.5769,76.76598358154297
2017-09-21,2.80,1.16,246.819,4.3,92.26000213623048,95.1,50.58,3.11,1.0842,5.2746,73.262,77.11491394042969
2017-09-22,2.80,1.16,246.819,4.3,92.16999816894533,95.1,50.33,2.93,1.0415,5.2015,71.084,76.95262145996094
2017-09-25,2.76,1.16,246.819,4.3,92.6500015258789,95.1,51.85,2.96,1.05,3.5137,63.6233,76.37644958496094
2017-09-26,2.78,1.16,246.819,4.3,92.97000122070312,95.1,51.59,2.96,1.0201,2.2802,59.5175,76.03562927246094
2017-09-27,2.86,1.16,246.819,4.3,93.36000061035156,95.1,52.14,2.98,1.0644,3.2702,67.683,77.23662567138672
2017-09-28,2.87,1.16,246.819,4.3,93.08999633789062,95.1,51.62,2.96,1.0446,3.5786,68.633,77.39892578125
2017-09-29,2.86,1.06,246.819,4.3,93.08000183105467,95.1,51.67,2.94,0.9989,3.1566,69.2851,77.5044174194336
2017-10-02,2.87,1.16,246.663,4.2,93.55999755859376,100.7,50.59,2.94,1.0099,3.181,75.1562,78.58369445800781
2017-10-03,2.87,1.16,246.663,4.2,93.56999969482422,100.7,50.44,2.73,0.9758,2.7671,77.0271,78.99755096435547
2017-10-04,2.87,1.16,246.663,4.2,93.45999908447266,100.7,50.0,2.8,0.9733,1.4282,66.2639,78.19416046142578
2017-10-05,2.89,1.16,246.663,4.2,93.95999908447266,100.7,50.79,2.8,1.0116,2.1261,71.9405,79.24710083007812
2017-10-06,2.91,1.16,246.663,4.2,93.8000030517578,100.7,49.34,2.93,1.0076,2.1496,70.2009,79.10834503173828
2017-10-09,.,1.16,246.663,4.2,93.73999786376952,100.7,49.58,2.87,0.9898,2.3095,64.9645,78.69207000732422
2017-10-10,2.88,1.16,246.663,4.2,93.29000091552734,100.7,50.93,2.89,0.9739,3.238,68.6345,79.27973937988281
2017-10-11,2.88,1.16,246.663,4.2,92.95999908447266,100.7,51.3,2.89,0.9621,1.8003,65.5611,79.04306030273438
2017-10-12,2.86,1.16,246.663,4.2,93.12000274658205,100.7,50.61,2.95,1.003,0.9443,57.2169,78.34925842285156
2017-10-13,2.81,1.16,246.663,4.2,93.08999633789062,100.7,51.43,2.99,1.0333,0.7327,56.0056,78.2431411743164
2017-10-16,2.82,1.16,246.663,4.2,93.27999877929688,100.7,51.86,2.87,1.0814,1.2694,67.6099,79.8592758178711
2017-10-17,2.80,1.16,246.663,4.2,93.48999786376952,100.7,51.87,2.88,1.0542,0.676,65.4777,79.6796875
2017-10-18,2.85,1.16,246.663,4.2,93.36000061035156,100.7,52.05,2.81,1.0331,1.7813,67.3989,79.98169708251953
2017-10-19,2.83,1.16,246.663,4.2,93.2699966430664,100.7,51.29,2.83,1.024,0.8325,68.0399,80.07966613769531
2017-10-20,2.89,1.16,246.663,4.2,93.6999969482422,100.7,51.63,2.8,1.0547,2.1138,74.531,81.22236633300781
2017-10-23,2.89,1.16,246.663,4.2,93.94000244140624,100.7,51.91,2.95,1.023,2.3913,72.5431,81.08358764648438
2017-10-24,2.92,1.16,246.663,4.2,93.95999908447266,100.7,52.32,2.95,1.0578,3.0932,78.4725,82.37323760986328
2017-10-25,2.95,1.16,246.663,4.2,93.70999908447266,100.7,51.97,2.98,1.0557,3.4278,78.8578,82.4548568725586
2017-10-26,2.96,1.16,246.663,4.2,94.61000061035156,100.7,52.41,2.91,1.0608,4.6929,81.0554,83.04252624511719
2017-10-27,2.93,1.16,246.663,4.2,94.91999816894533,100.7,53.92,2.78,1.0536,4.8235,81.1487,83.06700897216797
2017-10-30,2.88,1.16,246.663,4.2,94.48999786376952,100.7,54.11,2.94,1.0401,2.9137,76.1479,82.77317810058594
2017-10-31,2.88,1.07,246.663,4.2,94.5500030517578,100.7,54.36,2.84,1.0317,2.4403,66.0915,82.1202163696289
2017-11-01,2.85,1.16,246.669,4.2,94.81999969482422,98.5,54.32,2.68,1.0215,2.3913,67.9158,82.37323760986328
2017-11-02,2.83,1.16,246.669,4.2,94.69000244140624,98.5,54.55,2.68,1.0421,2.8402,71.5869,82.92009735107422
2017-11-03,2.82,1.16,246.669,4.2,94.94000244140624,98.5,55.63,2.75,1.0178,1.5507,69.2226,82.77317810058594
2017-11-06,2.80,1.16,246.669,4.2,94.72000122070312,98.5,57.34,3.01,1.005,1.1753,61.3437,82.25896453857422
2017-11-07,2.77,1.16,246.669,4.2,94.91000366210938,98.5,57.19,3.07,1.0807,-1.771,43.5835,80.60205078125
2017-11-08,2.79,1.16,246.669,4.2,94.87000274658205,98.5,56.82,3.16,1.0968,-2.7749,37.0639,79.69602966308594
2017-11-09,2.81,1.16,246.669,4.2,94.44000244140624,98.5,57.16,3.18,1.1004,-3.3544,37.0085,79.68788146972656
2017-11-10,2.88,1.16,246.669,4.2,94.38999938964844,98.5,56.75,3.17,1.0707,-3.4768,36.2852,79.58992004394531
2017-11-13,2.87,1.16,246.669,4.2,94.48999786376952,98.5,56.77,3.13,1.0776,-2.8973,40.0806,79.87557983398438
2017-11-14,2.84,1.16,246.669,4.2,93.83000183105467,98.5,55.67,3.06,1.0595,-2.7259,36.0575,79.39401245117188
2017-11-15,2.77,1.16,246.669,4.2,93.80999755859376,98.5,55.28,3.16,1.1465,-2.2281,45.5301,80.14495086669922
2017-11-16,2.81,1.16,246.669,4.2,93.93000030517578,98.5,55.14,3.09,1.1153,-2.5464,48.1287,80.37349700927734
2017-11-17,2.78,1.16,246.669,4.2,93.66000366210938,98.5,56.21,3.04,1.0881,-2.6688,45.2988,80.10413360595703
2017-11-20,2.78,1.16,246.669,4.2,94.08000183105467,98.5,56.21,3.04,1.0911,-1.4446,53.3362,80.81426239013672
2017-11-21,2.76,1.16,246.669,4.2,93.9499969482422,98.5,56.84,3.05,1.0505,0.1469,52.5473,80.74897003173828
2017-11-22,2.75,1.16,246.669,4.2,93.22000122070312,98.5,57.88,3.05,1.0299,0.8162,49.593,80.51224517822266
2017-11-24,2.76,1.16,246.669,4.2,92.76000213623048,98.5,58.94,3.05,0.9937,0.5631,46.3949,80.2510757446289
2017-11-27,2.76,1.16,246.669,4.2,92.9000015258789,98.5,58.1,2.88,0.9926,0.3428,42.6688,79.93272399902344
2017-11-28,2.77,1.16,246.669,4.2,93.26000213623048,98.5,57.96,2.88,1.1415,2.8565,67.8785,82.73236083984375
2017-11-29,2.81,1.16,246.669,4.2,93.26000213623048,98.5,57.25,3.06,1.2267,5.2723,75.9855,84.66682434082031
2017-11-30,2.83,1.07,246.669,4.2,93.01000213623048,98.5,57.4,3.06,1.3099,5.1662,78.0384,85.3116455078125
2017-12-01,2.76,1.16,246.524,4.1,92.9000015258789,95.9,58.35,2.84,1.3982,5.1581,78.7289,85.53202819824219
2017-12-04,2.77,1.16,246.524,4.1,93.19000244140624,95.9,57.48,2.91,1.5088,7.1903,83.3753,87.2950439453125
2017-12-05,2.73,1.16,246.524,4.1,93.37999725341795,95.9,57.66,2.86,1.5928,5.4764,73.2513,86.2911148071289
2017-12-06,2.71,1.16,246.524,4.1,93.61000061035156,95.9,55.79,2.86,1.551,4.8969,67.41,85.64629364013672
2017-12-07,2.76,1.16,246.524,4.1,93.8000030517578,95.9,56.5,2.81,1.5251,4.8806,65.145,85.39325714111328
2017-12-08,2.77,1.16,246.524,4.1,93.9000015258789,95.9,57.15,2.78,1.5094,6.2109,69.8946,86.46251678466797
2017-12-11,2.77,1.16,246.524,4.1,93.87000274658205,95.9,57.84,2.81,1.4453,6.2762,67.4769,86.20948028564453
2017-12-12,2.79,1.17,246.524,4.1,94.0999984741211,95.9,57.12,2.87,1.4488,4.4807,71.7803,87.21344757080078
2017-12-13,2.74,1.17,246.524,4.1,93.43000030517578,95.9,56.59,2.87,1.4403,1.4527,61.8706,86.11969757080078
2017-12-14,2.71,1.41,246.524,4.1,93.48999786376952,95.9,57.0,2.69,1.4429,0.1143,56.3843,85.4259262084961
2017-12-15,2.68,1.41,246.524,4.1,93.93000030517578,95.9,57.29,2.6,1.4483,1.1018,62.771,86.6339111328125
2017-12-18,2.74,1.42,246.524,4.1,93.6999969482422,95.9,57.17,2.71,1.4317,0.0082,65.8496,87.30323028564453
2017-12-19,2.82,1.42,246.524,4.1,93.47000122070312,95.9,57.49,2.75,1.3907,0.6448,62.6887,86.9359359741211
2017-12-20,2.88,1.42,246.524,4.1,93.3499984741211,95.9,58.09,2.72,1.387,0.9875,60.0551,86.6339111328125
2017-12-21,2.84,1.42,246.524,4.1,93.27999877929688,95.9,58.34,2.64,1.4004,2.6198,67.075,88.0133285522461
2017-12-22,2.83,1.42,246.524,4.1,93.3499984741211,95.9,58.25,2.63,1.3966,1.2405,64.2538,87.70317077636719
2017-12-26,2.82,1.42,246.524,4.1,93.26000213623048,95.9,59.55,2.68,1.3895,1.1426,61.0267,87.3521957397461
2017-12-27,2.75,1.42,246.524,4.1,93.02999877929688,95.9,59.67,2.76,1.3264,0.302,62.0127,87.51544952392578
2017-12-28,2.75,1.42,246.524,4.1,92.5999984741211,95.9,59.84,2.97,1.2713,1.8608,64.8303,87.98067474365234
2017-12-29,2.74,1.33,246.524,4.1,92.12000274658205,95.9,60.46,3.69,1.2586,1.8608,57.7348,87.2868881225586
2018-01-02,2.81,1.42,247.867,4.0,91.8499984741211,95.7,60.37,6.24,1.2392,1.4772,63.071,88.1113052368164
2018-01-03,2.78,1.42,247.867,4.0,92.16000366210938,95.7,61.61,6.24,1.2096,0.8978,63.6267,88.20105743408203
2018-01-04,2.79,1.42,247.867,4.0,91.8499984741211,95.7,61.98,4.65,1.271,2.5219,70.5262,89.46458435058594
2018-01-05,2.81,1.42,247.867,4.0,91.9499969482422,95.7,61.49,.,1.2839,2.2496,64.3316,88.89027404785156
2018-01-08,2.81,1.42,247.867,4.0,92.33000183105467,95.7,61.73,2.89,1.2496,1.0016,65.1099,89.02156066894531
2018-01-09,2.88,1.42,247.867,4.0,92.52999877929688,95.7,62.92,2.93,1.2272,1.7629,67.794,89.47280883789062
2018-01-10,2.88,1.42,247.867,4.0,92.33000183105467,95.7,63.6,3.16,1.2362,3.0983,72.8563,90.45738983154297
2018-01-11,2.91,1.42,247.867,4.0,91.8499984741211,95.7,63.81,3.16,1.1995,3.4191,75.0027,90.94146728515625
2018-01-12,2.85,1.42,247.867,4.0,90.97000122070312,95.7,64.22,4.06,1.2316,4.4551,80.3563,92.44291687011719
2018-01-16,2.83,1.42,247.867,4.0,90.38999938964844,95.7,63.82,5.46,1.2819,4.8207,76.3833,92.11475372314453
2018-01-17,2.84,1.42,247.867,4.0,90.54000091552734,95.7,63.92,3.92,1.3069,4.587,78.5085,92.7054672241211
2018-01-18,2.90,1.42,247.867,4.0,90.5,95.7,63.96,3.92,1.2985,4.7187,79.2852,92.92700958251953
2018-01-19,2.91,1.42,247.867,4.0,90.56999969482422,95.7,63.38,3.2,1.296,3.2568,76.443,92.72187805175781
2018-01-22,2.93,1.42,247.867,4.0,90.4000015258789,95.7,63.66,3.13,1.3142,4.9139,80.5363,93.8049087524414
2018-01-23,2.90,1.42,247.867,4.0,90.12000274658205,95.7,64.45,3.35,1.2959,4.6842,79.1471,93.70645141601562
2018-01-24,2.93,1.42,247.867,4.0,89.20999908447266,95.7,65.69,3.54,1.3082,5.4307,83.0901,94.90435028076172
2018-01-25,2.89,1.42,247.867,4.0,89.38999938964844,95.7,65.62,3.54,1.2787,4.4709,83.1628,94.9289779663086
2018-01-26,2.91,1.42,247.867,4.0,89.06999969482422,95.7,66.27,3.58,1.267,4.4955,84.6755,95.4376449584961
2018-01-29,2.94,1.42,247.867,4.0,89.30999755859375,95.7,65.71,3.6,1.2545,2.8958,83.0705,95.33921813964844
2018-01-30,2.98,1.42,247.867,4.0,89.19000244140625,95.7,64.64,3.6,1.2598,2.3298,69.7313,94.44487762451172
2018-01-31,2.95,1.34,247.867,4.0,89.12999725341797,95.7,64.82,3.34,1.2606,2.1985,72.2729,94.90435028076172
2018-02-01,3.01,1.42,248.991,4.1,88.66999816894531,99.7,65.92,3.06,1.259,2.9614,76.8926,95.88892364501953
2018-02-02,3.08,1.42,248.991,4.1,89.19999694824219,99.7,65.5,2.91,1.3349,1.0418,54.9404,93.7638931274414
2018-02-05,3.04,1.42,248.991,4.1,89.55000305175781,99.7,64.18,2.85,1.8613,-4.5365,32.8754,89.2676773071289
2018-02-06,3.06,1.42,248.991,4.1,89.58999633789062,99.7,63.48,2.75,2.0723,-1.7227,47.1267,91.98346710205078
2018-02-07,3.12,1.42,248.991,4.1,90.26000213623048,99.7,61.91,2.74,2.1176,-2.297,49.8434,92.60701751708984
2018-02-08,3.14,1.42,248.991,4.1,90.2300033569336,99.7,61.3,2.74,2.2752,-6.4151,36.2538,88.5128402709961
2018-02-09,3.14,1.42,248.991,4.1,90.44000244140624,99.7,59.2,2.66,2.3951,-5.1518,43.6439,90.28508758544922
2018-02-12,3.14,1.42,248.991,4.1,90.20999908447266,99.7,59.41,2.6,2.3816,-3.6587,48.8313,91.67988586425781
2018-02-13,3.11,1.42,248.991,4.1,89.69999694824219,99.7,59.33,2.58,2.3434,-2.1985,50.8708,92.2459945678711
2018-02-14,3.18,1.42,248.991,4.1,89.12000274658203,99.7,60.7,2.53,2.3424,-0.525,57.8967,94.37923431396484
2018-02-15,3.15,1.42,248.991,4.1,88.58999633789062,99.7,61.48,2.49,2.2788,-1.1157,59.0966,94.77307891845703
2018-02-16,3.13,1.42,248.991,4.1,89.0999984741211,99.7,61.89,2.49,2.208,0.3281,56.0287,94.09208679199219
2018-02-20,3.15,1.42,248.991,4.1,89.72000122070312,99.7,61.91,2.61,2.1335,4.8482,56.1202,94.11669158935547
2018-02-21,3.22,1.42,248.991,4.1,90.08000183105467,99.7,61.73,2.65,2.144,2.5267,57.6853,94.5105209350586
2018-02-22,3.21,1.42,248.991,4.1,89.75,99.7,62.72,2.65,2.0887,1.7309,56.7022,94.33822631835938
2018-02-23,3.16,1.42,248.991,4.1,89.87999725341797,99.7,63.52,2.58,2.0807,7.7358,64.2198,96.24991607666016
2018-02-26,3.15,1.42,248.991,4.1,89.81999969482422,99.7,63.81,2.6,2.0253,7.1616,68.0786,97.44783020019531
2018-02-27,3.17,1.42,248.991,4.1,90.36000061035156,99.7,62.94,2.59,1.9966,4.6103,61.0173,96.29094696044922
2018-02-28,3.13,1.35,248.991,4.1,90.61000061035156,99.7,61.43,2.66,2.0386,2.5185,52.9651,94.76486206054688
2018-03-01,3.09,1.42,249.554,4.0,90.31999969482422,101.4,60.98,2.67,2.1268,-1.3125,45.5346,93.06649780273438
2018-03-02,3.14,1.42,249.554,4.0,89.94000244140625,101.4,61.19,2.67,2.1179,-1.7966,45.1605,92.97623443603516
2018-03-05,3.16,1.42,249.554,4.0,90.08000183105467,101.4,62.49,2.7,2.2033,0.3117,52.0797,94.40384674072266
2018-03-06,3.14,1.42,249.554,4.0,89.62000274658203,101.4,62.54,2.7,2.1338,0.3692,52.4627,94.48591613769531
2018-03-07,3.15,1.42,249.554,4.0,89.63999938964844,101.4,61.09,2.8,2.1015,-0.3774,50.533,94.13311004638672
2018-03-08,3.13,1.42,249.554,4.0,90.12000274658205,101.4,60.13,2.8,2.0698,-0.1969,50.58,94.14130401611328
2018-03-09,3.16,1.42,249.554,4.0,90.08999633789062,101.4,62.02,2.71,2.1176,0.5989,63.3428,96.848876953125
2018-03-12,3.13,1.42,249.554,4.0,89.9000015258789,101.4,61.35,2.78,2.0543,-0.9106,61.3168,96.53709411621094
2018-03-13,3.10,1.42,249.554,4.0,89.66000366210938,101.4,60.69,2.76,2.0622,-0.9106,54.173,95.3802261352539
2018-03-14,3.05,1.42,249.554,4.0,89.69999694824219,101.4,60.89,2.69,2.0315,-0.4512,48.3967,94.31361389160156
2018-03-15,3.05,1.43,249.554,4.0,90.13999938964844,101.4,61.16,2.7,1.955,1.4848,49.7254,94.55157470703125
2018-03-16,3.08,1.43,249.554,4.0,90.2300033569336,101.4,62.29,2.62,1.895,1.7391,50.6982,94.71565246582031
2018-03-19,3.09,1.43,249.554,4.0,89.9000015258789,101.4,62.01,2.62,1.8857,-0.4348,46.1808,93.96903228759766
2018-03-20,3.12,1.44,249.554,4.0,90.37000274658205,101.4,63.37,2.71,1.8096,-0.4266,46.8173,94.05924987792969
2018-03-21,3.12,1.44,249.554,4.0,89.77999877929688,101.4,65.1,2.74,1.8221,0.0082,47.4451,94.14130401611328
2018-03-22,3.06,1.68,249.554,4.0,89.86000061035156,101.4,64.25,2.62,1.9967,-3.9294,29.1387,90.21122741699219
2018-03-23,3.06,1.68,249.554,4.0,89.44000244140625,101.4,65.8,2.58,2.0978,-9.0484,23.0685,87.79905700683594
2018-03-26,3.08,1.68,249.554,4.0,89.02999877929688,101.4,65.49,2.63,2.1911,-6.0295,38.934,90.50658416748047
2018-03-27,3.03,1.68,249.554,4.0,89.37000274658203,101.4,65.21,2.6,2.2919,-6.6284,33.8971,88.75078582763672
2018-03-28,3.01,1.68,249.554,4.0,90.05999755859375,101.4,64.3,2.64,2.2758,-5.7014,33.5144,88.61132049560547
2018-03-29,2.97,1.68,249.554,4.0,90.1500015258789,101.4,64.87,2.81,2.289,-4.3232,41.9527,90.22762298583984
2018-04-02,2.97,1.68,250.546,4.0,90.05000305175781,98.8,63.05,2.75,2.398,-6.2264,36.4249,88.48823547363281
2018-04-03,3.02,1.69,250.546,4.0,90.1999969482422,98.8,63.41,2.75,2.358,-4.2658,42.3201,89.70252990722656
2018-04-04,3.03,1.69,250.546,4.0,90.13999938964844,98.8,63.35,2.81,2.4351,-2.9943,48.2953,91.06452178955078
2018-04-05,3.07,1.69,250.546,4.0,90.45999908447266,98.8,63.53,2.81,2.402,-1.8868,53.0188,92.2602310180664
2018-04-06,3.01,1.69,250.546,4.0,90.11000061035156,98.8,62.03,2.81,2.4696,-0.2576,44.3194,89.95951080322266
2018-04-09,3.02,1.69,250.546,4.0,89.83999633789062,98.8,63.4,2.78,2.5222,3.2343,48.7099,91.03978729248047
2018-04-10,3.02,1.69,250.546,4.0,89.58999633789062,98.8,65.48,2.78,2.4875,2.2667,55.0528,92.77975463867188
2018-04-11,2.99,1.69,250.546,4.0,89.56999969482422,98.8,66.81,2.74,2.427,2.4641,49.0195,91.22119903564453
2018-04-12,3.05,1.69,250.546,4.0,89.75,98.8,67.07,2.76,2.4757,4.8707,56.6926,93.48895263671875
2018-04-13,3.03,1.69,250.546,4.0,89.80000305175781,98.8,67.35,2.82,2.6581,0.7236,47.7735,90.95733642578125
2018-04-16,3.03,1.69,250.546,4.0,89.43000030517578,98.8,66.23,2.88,2.5672,2.3885,47.53,90.88310241699219
2018-04-17,3.00,1.69,250.546,4.0,89.5199966430664,98.8,66.5,2.84,2.4974,1.1744,47.53,90.88310241699219
2018-04-18,3.06,1.69,250.546,4.0,89.62000274658203,98.8,68.44,2.85,2.4474,-0.9211,44.7449,90.14918518066406
2018-04-19,3.11,1.69,250.546,4.0,89.94000244140625,98.8,68.3,2.8,2.4228,-0.1319,52.9972,92.12830352783203
2018-04-20,3.14,1.7,250.546,4.0,90.31999969482422,98.8,68.26,2.78,2.3593,1.9622,52.0966,91.92215728759766
2018-04-23,3.15,1.7,250.546,4.0,90.94000244140624,98.8,67.61,2.78,2.2685,0.437,50.0553,91.47684478759766
2018-04-24,3.18,1.7,250.546,4.0,90.7699966430664,98.8,67.66,2.79,2.3014,-1.7313,48.0413,91.04805755615234
2018-04-25,3.21,1.7,250.546,4.0,91.16999816894533,98.8,68.0,2.81,2.2506,-0.5194,46.3669,90.70169067382812
2018-04-26,3.18,1.7,250.546,4.0,91.55999755859376,98.8,68.18,2.81,2.177,-2.6959,46.9054,90.79240417480469
2018-04-27,3.13,1.7,250.546,4.0,91.54000091552734,98.8,68.11,2.82,2.0822,-0.742,43.7963,90.21516418457031
2018-04-30,3.11,1.69,250.546,4.0,91.83999633789062,98.8,68.56,2.75,2.0247,-1.179,41.1142,89.70387268066406
2018-05-01,3.13,1.7,251.588,3.8,92.4499969482422,98.0,67.28,2.75,1.9643,-1.179,41.1142,89.70387268066406
2018-05-02,3.14,1.7,251.588,3.8,92.51000213623048,98.0,67.91,2.77,1.9277,-1.1542,37.2119,88.99468231201172
2018-05-03,3.12,1.7,251.588,3.8,92.41000366210938,98.0,68.45,2.75,1.9513,-3.6935,34.3477,88.4339370727539
2018-05-04,3.12,1.7,251.588,3.8,92.56999969482422,98.0,69.71,2.75,1.9745,-2.5063,42.8943,89.41525268554688
2018-05-07,3.12,1.7,251.588,3.8,92.75,98.0,70.74,2.74,1.9112,-1.2861,48.75,90.19041442871094
2018-05-08,3.13,1.7,251.588,3.8,93.12000274658205,98.0,68.83,2.77,1.896,0.4782,57.1616,91.52632141113281
2018-05-09,3.16,1.7,251.588,3.8,93.04000091552734,98.0,71.16,2.75,1.9166,2.8196,66.3331,93.52194213867188
2018-05-10,3.12,1.7,251.588,3.8,92.6500015258789,98.0,71.36,2.78,1.8792,3.4544,69.0136,94.24760437011719
2018-05-11,3.10,1.7,251.588,3.8,92.54000091552734,98.0,70.69,2.75,1.8074,3.677,66.154,93.89302062988281
2018-05-14,3.13,1.7,251.588,3.8,92.58999633789062,98.0,71.01,2.84,1.7349,4.2212,66.2983,93.92601013183594
2018-05-15,3.20,1.7,251.588,3.8,93.22000122070312,98.0,71.34,2.83,1.6898,3.5039,60.1042,93.20858764648438
2018-05-16,3.21,1.7,251.588,3.8,93.38999938964844,98.0,71.43,2.85,1.6316,4.4685,61.5273,93.46421813964844
2018-05-17,3.25,1.7,251.588,3.8,93.47000122070312,98.0,71.47,2.75,1.5863,4.7158,58.6766,93.15086364746094
2018-05-18,3.20,1.7,251.588,3.8,93.63999938964844,98.0,71.23,2.75,1.5978,2.226,47.0196,91.64175415039062
2018-05-21,3.20,1.7,251.588,3.8,93.68000030517578,98.0,72.26,2.77,1.5667,2.292,52.8239,92.48287963867188
2018-05-22,3.21,1.7,251.588,3.8,93.61000061035156,98.0,72.09,2.76,1.5808,1.6654,57.2151,93.19207763671875
2018-05-23,3.17,1.7,251.588,3.8,94.01000213623048,98.0,71.85,2.89,1.5792,-0.7585,53.8477,92.76326751708984
2018-05-24,3.13,1.7,251.588,3.8,93.77999877929688,98.0,70.77,2.88,1.606,-2.5228,46.4824,91.72423553466797
2018-05-25,3.09,1.7,251.588,3.8,94.19000244140624,98.0,67.92,2.88,1.5519,-2.6382,43.4922,91.25418853759766
2018-05-29,2.96,1.7,251.588,3.8,94.83000183105467,98.0,66.8,2.84,1.7767,-6.5709,27.2998,87.3536605834961
2018-05-30,3.01,1.7,251.588,3.8,94.1500015258789,98.0,68.24,2.83,1.8071,-3.8584,39.9989,89.34927368164062
2018-05-31,3.00,1.7,251.588,3.8,93.98999786376952,98.0,66.98,2.94,1.7917,-5.2188,36.1174,88.24427032470703
2018-06-01,3.04,1.7,251.989,4.0,94.19000244140624,98.2,65.81,2.91,1.7773,-3.7595,42.5436,89.39051055908203
2018-06-04,3.08,1.7,251.989,4.0,94.0199966430664,98.2,64.76,2.89,1.7087,-2.2095,42.7737,89.43173217773438
2018-06-05,3.07,1.7,251.989,4.0,93.88999938964844,98.2,65.51,2.89,1.6679,-3.5534,40.5714,88.92870330810547
2018-06-06,3.13,1.7,251.989,4.0,93.66000366210938,98.2,64.75,2.89,1.7195,-2.1848,51.9317,91.00682067871094
2018-06-07,3.08,1.7,251.989,4.0,93.4000015258789,98.2,65.96,3.02,1.6833,-1.3933,53.6506,91.36965942382812
2018-06-08,3.08,1.7,251.989,4.0,93.5500030517578,98.2,65.77,2.91,1.6266,-0.0989,54.9128,91.62528991699219
2018-06-11,3.10,1.7,251.989,4.0,93.58000183105467,98.2,66.1,3.0,1.5776,0.1402,53.452,91.39439392089844
2018-06-12,3.09,1.7,251.989,4.0,93.8000030517578,98.2,66.38,2.98,1.5833,3.5122,50.0693,90.86662292480469
2018-06-13,3.10,1.7,251.989,4.0,93.70999908447266,98.2,66.63,2.98,1.5803,1.3356,48.8876,90.68518829345703
2018-06-14,3.05,1.9,251.989,4.0,94.7699966430664,98.2,66.91,2.99,1.6194,0.8409,39.706,89.08540344238281
2018-06-15,3.05,1.9,251.989,4.0,94.79000091552734,98.2,65.01,3.02,1.628,-0.4122,39.1584,88.97820281982422
2018-06-18,3.05,1.9,251.989,4.0,94.75,98.2,65.91,2.99,1.6124,-0.2226,41.1023,89.20909118652344
2018-06-19,3.02,1.91,251.989,4.0,95.08999633789062,98.2,65.09,2.95,1.5902,-0.2391,38.0621,88.68958282470703
2018-06-20,3.06,1.92,251.989,4.0,95.05999755859376,98.2,65.92,2.96,1.5473,-2.3249,38.0125,88.68133544921875
2018-06-21,3.04,1.92,251.989,4.0,94.87000274658205,98.2,65.68,3.08,1.5357,-2.7124,37.8482,88.65660858154297
2018-06-22,3.04,1.92,251.989,4.0,94.5199966430664,98.2,69.02,2.95,1.5945,-4.419,29.5262,87.20523071289062
2018-06-25,3.02,1.92,251.989,4.0,94.27999877929688,98.2,69.91,2.96,1.586,-4.9797,26.0542,86.41358184814453
2018-06-26,3.03,1.92,251.989,4.0,94.68000030517578,98.2,75.23,2.98,1.5964,-4.3943,26.752,86.47128295898438
2018-06-27,2.97,1.91,251.989,4.0,95.29000091552734,98.2,77.41,3.01,1.6408,-5.5485,21.5279,85.13540649414062
2018-06-28,2.97,1.91,251.989,4.0,95.38999938964844,98.2,73.45,2.99,1.6543,-2.5558,36.0118,86.52902221679688
2018-06-29,2.98,1.91,251.989,4.0,94.62999725341795,98.2,74.13,2.96,1.6981,-3.0505,33.0813,85.92704772949219
2018-07-02,2.99,1.91,252.006,3.8,94.87000274658205,97.9,73.89,2.9,1.6775,-2.5558,39.6584,86.65274047851562
2018-07-03,2.96,1.91,252.006,3.8,94.58999633789062,97.9,74.19,2.9,1.6907,-3.2483,33.5399,85.44050598144531
2018-07-05,2.95,1.91,252.006,3.8,94.47000122070312,97.9,73.05,2.91,1.6485,-2.6877,38.3562,85.99602508544922
2018-07-06,2.94,1.91,252.006,3.8,94.04000091552734,97.9,73.78,2.91,1.6669,-2.3811,40.7887,86.27791595458984
2018-07-09,2.96,1.91,252.006,3.8,94.08000183105467,97.9,73.93,2.9,1.7492,1.7389,58.1617,88.94768524169922
2018-07-10,2.97,1.91,252.006,3.8,94.11000061035156,97.9,74.11,2.9,1.735,1.9833,54.5187,88.40048217773438
2018-07-11,2.95,1.91,252.006,3.8,94.72000122070312,97.9,70.47,2.89,1.6614,1.735,53.2277,88.20977783203125
2018-07-12,2.95,1.91,252.006,3.8,94.80999755859376,97.9,70.28,2.89,1.6368,3.4519,55.5658,88.5911636352539
2018-07-13,2.94,1.91,252.006,3.8,94.75,97.9,71.03,2.86,1.6774,1.6524,52.4619,88.18486785888672
2018-07-16,2.96,1.91,252.006,3.8,94.51000213623048,97.9,68.22,2.76,1.8187,5.7522,69.0213,91.68375396728516
2018-07-17,2.97,1.91,252.006,3.8,94.97000122070312,97.9,68.03,2.81,1.7586,4.9604,68.5185,91.61743927001953
2018-07-18,2.99,1.91,252.006,3.8,95.08000183105467,97.9,68.78,2.8,1.7467,7.0261,71.4893,92.47140502929688
2018-07-19,2.96,1.91,252.006,3.8,95.16999816894533,97.9,69.42,2.75,1.7285,5.1143,61.2618,91.11165618896484
2018-07-20,3.03,1.91,252.006,3.8,94.45999908447266,97.9,70.31,2.79,1.7211,5.9847,65.8612,92.2641372680664
2018-07-23,3.10,1.91,252.006,3.8,94.66999816894533,97.9,67.9,2.79,1.7941,5.0314,71.4669,93.98042297363281
2018-07-24,3.08,1.91,252.006,3.8,94.61000061035156,97.9,70.77,2.73,1.7506,6.2416,73.3463,94.64371490478516
2018-07-25,3.06,1.91,252.006,3.8,94.36000061035156,97.9,71.13,2.82,1.7523,7.286,75.6415,95.49769592285156
2018-07-26,3.10,1.91,252.006,3.8,94.75,97.9,71.59,2.82,1.6869,6.6312,73.3917,95.22408294677734
2018-07-27,3.09,1.91,252.006,3.8,94.68000030517578,97.9,68.66,2.78,1.6547,8.0155,76.2037,96.20246124267578
2018-07-30,3.11,1.91,252.006,3.8,94.36000061035156,97.9,71.19,2.75,1.63,5.0977,77.7534,96.7828598022461
2018-07-31,3.08,1.91,252.006,3.8,94.48999786376952,97.9,69.88,2.82,1.6474,3.6886,65.6703,95.3070068359375
2018-08-01,3.13,1.91,252.146,3.8,94.62000274658205,96.2,68.8,2.8,1.6327,3.4234,67.8823,95.89566802978516
2018-08-02,3.12,1.91,252.146,3.8,95.16999816894533,96.2,68.95,2.77,1.6298,5.1889,69.3946,96.30196380615234
2018-08-03,3.09,1.91,252.146,3.8,95.13999938964844,96.2,68.49,2.86,1.5838,4.8159,72.1861,97.0813217163086
2018-08-06,3.08,1.91,252.146,3.8,95.36000061035156,96.2,69.01,2.85,1.5506,3.125,72.2757,97.10618591308594
2018-08-07,3.12,1.91,252.146,3.8,95.22000122070312,96.2,69.17,2.95,1.5092,2.8183,73.6297,97.46271514892578
2018-08-08,3.12,1.91,252.146,3.8,95.0999984741211,96.2,66.92,2.99,1.46,2.1634,74.4048,97.66168212890625
2018-08-09,3.08,1.91,252.146,3.8,95.5,96.2,66.81,3.02,1.4202,1.6827,66.2057,96.90721893310547
2018-08-10,3.03,1.91,252.146,3.8,96.36000061035156,96.2,67.61,2.96,1.449,-0.2487,57.3343,95.95372009277344
2018-08-13,3.05,1.91,252.146,3.8,96.38999938964844,96.2,67.25,2.92,1.4675,-2.3541,46.3038,94.42813873291016
2018-08-14,3.06,1.91,252.146,3.8,96.7300033569336,96.2,67.04,3.02,1.445,-0.2487,50.6602,95.0582504272461
2018-08-15,3.03,1.91,252.146,3.8,96.6999969482422,96.2,65.07,3.02,1.4412,-1.6246,45.5299,94.27061462402344
2018-08-16,3.03,1.92,252.146,3.8,96.6500015258789,96.2,65.44,3.02,1.4336,-1.1439,51.6567,95.15776824951172
2018-08-17,3.03,1.92,252.146,3.8,96.0999984741211,96.2,65.93,3.01,1.3768,-1.923,51.6567,95.15776824951172
2018-08-20,2.99,1.92,252.146,3.8,95.9000015258789,96.2,66.5,3.04,1.3341,-2.0722,50.6703,95.03340148925781
2018-08-21,3.00,1.92,252.146,3.8,95.26000213623048,96.2,67.32,3.01,1.3436,-1.8484,55.1145,95.61377716064453
2018-08-22,2.99,1.92,252.146,3.8,95.1500015258789,96.2,67.85,3.02,1.2849,-2.3375,52.4875,95.32359313964844
2018-08-23,2.97,1.92,252.146,3.8,95.62000274658205,96.2,69.13,3.01,1.2358,-1.7821,50.6481,95.1246109008789
2018-08-24,2.97,1.92,252.146,3.8,95.1500015258789,96.2,69.71,2.99,1.1931,-0.8703,50.2405,95.0831298828125
2018-08-27,3.00,1.92,252.146,3.8,94.77999877929688,96.2,69.97,2.98,1.2618,2.3375,63.4927,96.7662353515625
2018-08-28,3.03,1.92,252.146,3.8,94.72000122070312,96.2,68.54,2.98,1.2345,1.2351,58.6218,96.29367065429688
2018-08-29,3.02,1.92,252.146,3.8,94.5999984741211,96.2,69.68,2.96,1.2061,1.7075,55.4697,95.97860717773438
2018-08-30,3.00,1.92,252.146,3.8,94.72000122070312,96.2,70.25,2.96,1.1827,0.3481,50.9075,95.5060043334961
2018-08-31,3.02,1.91,252.146,3.8,95.13999938964844,96.2,69.84,2.98,1.1793,-0.1575,46.3723,95.000244140625
2018-09-04,3.07,1.92,252.439,3.7,95.41999816894533,100.1,69.82,2.96,1.1904,0.4393,50.9126,95.47284698486328
2018-09-05,3.08,1.92,252.439,3.7,95.12999725341795,100.1,68.69,3.0,1.1912,-0.6051,46.6054,95.0085220336914
2018-09-06,3.06,1.92,252.439,3.7,95.0199966430664,100.1,67.81,2.93,1.1772,-0.7211,43.0634,94.60226440429688
2018-09-07,3.11,1.92,252.439,3.7,95.37000274658205,100.1,67.73,2.88,1.1606,-0.3398,45.1432,94.7846450805664
2018-09-10,3.09,1.92,252.439,3.7,95.1500015258789,100.1,67.55,2.9,1.1553,-0.804,40.5768,94.27889251708984
2018-09-11,3.13,1.92,252.439,3.7,95.05999755859376,100.1,69.29,2.94,1.1556,-1.8899,47.5366,94.8758544921875
2018-09-12,3.11,1.92,252.439,3.7,94.8000030517578,100.1,70.37,2.98,1.1933,-2.5364,38.2125,93.75654602050781
2018-09-13,3.11,1.92,252.439,3.7,94.54000091552734,100.1,68.6,2.94,1.1945,-1.8567,42.3103,94.12136840820312
2018-09-14,3.13,1.92,252.439,3.7,94.9800033569336,100.1,68.98,2.91,1.1838,-1.4008,42.1691,94.10477447509766
2018-09-17,3.13,1.92,252.439,3.7,94.51000213623048,100.1,68.86,2.95,1.1661,-0.6134,45.5995,94.38670349121094
2018-09-18,3.20,1.92,252.439,3.7,94.62000274658205,100.1,69.87,3.0,1.148,-0.7046,50.0533,94.7680892944336
2018-09-19,3.23,1.92,252.439,3.7,94.5500030517578,100.1,71.08,3.11,1.2886,2.5116,69.8488,97.52074432373047
2018-09-20,3.21,1.92,252.439,3.7,93.91000366210938,100.1,70.77,3.07,1.2924,3.7549,73.4109,98.35816192626953
2018-09-21,3.20,1.92,252.439,3.7,94.22000122070312,100.1,70.8,3.02,1.2883,2.926,66.6539,97.71142578125
2018-09-24,3.21,1.93,252.439,3.7,94.26000213623048,100.1,73.23,3.04,1.3165,2.495,58.0527,96.7745590209961
2018-09-25,3.23,1.93,252.439,3.7,94.12999725341795,100.1,73.4,3.12,1.3202,1.6246,55.7196,96.50091552734375
2018-09-26,3.19,1.93,252.439,3.7,94.19000244140624,100.1,72.22,3.1,1.3567,1.6081,47.0054,95.36504364013672
2018-09-27,3.19,2.18,252.439,3.7,95.0,100.1,72.18,3.05,1.3545,0.8289,44.2021,94.95049285888672
2018-09-28,3.19,2.18,252.439,3.7,95.19000244140624,100.1,73.16,3.01,1.3762,-0.5471,36.1528,93.55757904052734
2018-10-01,3.24,2.18,252.885,3.8,95.3000030517578,98.6,75.37,3.13,1.3827,-0.2818,40.8543,94.10477447509766
2018-10-02,3.20,2.18,252.885,3.8,95.51000213623048,98.6,75.16,3.14,1.3615,-0.2735,44.1106,94.49445343017578
2018-10-03,3.30,2.18,252.885,3.8,95.76000213623048,98.6,76.4,3.26,1.3643,-2.1386,50.9427,95.38162994384766
2018-10-04,3.35,2.18,252.885,3.8,95.75,98.6,74.44,3.39,1.4219,-2.122,56.6152,96.24160766601562
2018-10-05,3.40,2.18,252.885,3.8,95.62000274658205,98.6,74.26,3.25,1.4443,-2.018,52.3419,95.69888305664062
2018-10-08,.,2.18,252.885,3.8,95.7699966430664,98.6,74.27,3.28,1.486,-0.4971,56.2897,96.2833251953125
2018-10-09,3.37,2.18,252.885,3.8,95.68000030517578,98.6,74.95,3.4,1.4782,-0.8912,50.9323,95.61540222167969
2018-10-10,3.39,2.18,252.885,3.8,95.51000213623048,98.6,73.18,3.45,1.5801,-2.3013,36.2979,93.06889343261719
2018-10-11,3.32,2.18,252.885,3.8,95.0199966430664,98.6,70.97,3.16,1.7111,-4.6746,26.895,90.28024291992188
2018-10-12,3.32,2.18,252.885,3.8,95.22000122070312,98.6,71.41,3.19,1.9007,-4.267,24.4126,89.29501342773438
2018-10-15,3.34,2.18,252.885,3.8,95.06999969482422,98.6,71.84,3.26,1.9157,-5.3232,23.1834,88.78572082519531
2018-10-16,3.32,2.18,252.885,3.8,95.0500030517578,98.6,71.93,3.27,1.9244,-3.8098,36.4677,90.6893539428711
2018-10-17,3.35,2.19,252.885,3.8,95.58000183105467,98.6,69.63,3.3,1.9401,-3.6867,42.3469,91.69962310791016
2018-10-18,3.36,2.19,252.885,3.8,95.9000015258789,98.6,68.63,3.28,1.9226,-5.9928,36.8921,90.246826171875
2018-10-19,3.38,2.19,252.885,3.8,95.70999908447266,98.6,69.16,3.2,1.9015,-5.6005,36.3539,90.09656524658203
2018-10-22,3.38,2.19,252.885,3.8,96.01000213623048,98.6,69.25,3.2,1.8986,-7.4785,31.9007,88.80242156982422
2018-10-23,3.37,2.2,252.885,3.8,95.95999908447266,98.6,66.49,3.28,1.9216,-7.7372,29.0675,87.87566375732422
2018-10-24,3.33,2.2,252.885,3.8,96.43000030517578,98.6,66.56,3.42,1.9239,-6.8275,24.7542,86.23918914794922
2018-10-25,3.35,2.2,252.885,3.8,96.68000030517578,98.6,67.25,3.42,1.942,-2.7293,33.5326,87.55004119873047
2018-10-26,3.32,2.2,252.885,3.8,96.36000061035156,98.6,67.58,3.27,1.9303,-2.9463,29.9695,86.34774780273438
2018-10-29,3.33,2.2,252.885,3.8,96.58000183105467,98.6,67.0,3.2,1.9838,-1.2436,37.3186,87.54167938232422
2018-10-30,3.36,2.2,252.885,3.8,97.01000213623048,98.6,66.18,3.27,1.9691,-1.6025,45.5346,89.08629608154297
2018-10-31,3.39,2.2,252.885,3.8,97.12999725341795,98.6,65.31,3.31,2.0538,-0.6761,53.9459,91.0233383178711
2018-11-01,3.38,2.2,252.038,3.8,96.27999877929688,97.5,63.67,3.36,2.0204,0.7428,53.7868,90.98993682861328
2018-11-02,3.46,2.19,252.038,3.8,96.54000091552734,97.5,63.12,3.26,2.074,0.3923,51.2664,90.48897552490234
2018-11-05,3.43,2.2,252.038,3.8,96.3499984741211,97.5,63.12,3.53,1.9801,2.2786,54.0947,91.0817642211914
2018-11-06,3.43,2.2,252.038,3.8,96.31999969482422,97.5,62.16,3.53,1.9525,3.6307,56.1268,91.50757598876953
2018-11-07,3.43,2.2,252.038,3.8,96.0,97.5,61.69,3.54,1.955,6.8358,62.8609,93.07723999023438
2018-11-08,3.43,2.2,252.038,3.8,96.63999938964844,97.5,60.71,3.54,1.9304,6.2766,65.6642,93.82866668701172
2018-11-09,3.40,2.19,252.038,3.8,96.91000366210938,97.5,60.19,3.74,1.8849,6.5687,59.6095,92.91860961914062
2018-11-12,.,2.19,252.038,3.8,97.54000091552734,97.5,59.85,3.96,1.9494,3.4221,48.8625,90.96487426757812
2018-11-13,3.36,2.2,252.038,3.8,97.3000030517578,97.5,55.63,4.1,1.9395,2.4121,51.5187,91.49922180175781
2018-11-14,3.35,2.2,252.038,3.8,96.8000030517578,97.5,56.16,4.1,2.083,-1.4106,42.7966,89.61231231689453
2018-11-15,3.36,2.2,252.038,3.8,96.93000030517578,97.5,56.45,4.69,2.1291,0.9098,53.4199,91.89999389648438
2018-11-16,3.33,2.2,252.038,3.8,96.47000122070312,97.5,56.49,4.3,2.1088,1.3438,53.1,91.83322143554688
2018-11-19,3.32,2.2,252.038,3.8,96.19000244140624,97.5,57.16,4.65,2.0578,1.4523,56.1627,92.53453826904297
2018-11-20,3.31,2.2,252.038,3.8,96.80999755859376,97.5,53.39,4.65,2.0807,-0.9599,46.5854,90.54740142822266
2018-11-21,3.31,2.2,252.038,3.8,96.70999908447266,97.5,54.41,4.7,2.0495,-3.2051,43.7633,89.87112426757812
2018-11-23,3.31,2.2,252.038,3.8,96.91999816894533,97.5,.,.,1.9973,-4.7826,40.4366,89.04454803466797
2018-11-26,3.32,2.2,252.038,3.8,97.06999969482422,97.5,51.46,4.28,2.0532,-1.6943,51.2841,91.22369384765625
2018-11-27,3.32,2.2,252.038,3.8,97.37000274658205,97.5,51.31,4.28,1.99,0.6427,52.9617,91.6077651977539
2018-11-28,3.34,2.2,252.038,3.8,96.79000091552734,97.5,50.06,4.5,1.9987,1.1268,57.2952,92.62638092041016
2018-11-29,3.33,2.2,252.038,3.8,96.77999877929688,97.5,51.46,4.5,1.9334,2.2786,53.3556,91.8916244506836
2018-11-30,3.30,2.2,252.038,3.8,97.2699966430664,97.5,50.78,4.61,1.8991,0.9348,57.5228,92.83509063720703
2018-12-03,3.27,2.19,251.233,3.9,97.04000091552734,98.3,52.98,4.4,1.8648,1.878,61.1099,93.7117919921875
2018-12-04,3.16,2.2,251.233,3.9,96.97000122070312,98.3,53.21,4.4,2.0601,-3.0047,42.2114,89.52880859375
2018-12-06,3.14,2.2,251.233,3.9,96.80999755859376,98.3,51.54,4.44,2.1722,-2.721,37.0303,87.82555389404297
2018-12-07,3.14,2.19,251.233,3.9,96.51000213623048,98.3,52.76,4.51,2.2597,-3.6307,32.8568,86.23918914794922
2018-12-10,3.13,2.2,251.233,3.9,97.22000122070312,98.3,51.07,4.54,2.3493,-4.4153,29.1489,84.62782287597656
2018-12-11,3.13,2.19,251.233,3.9,97.38999938964844,98.3,51.65,4.53,2.3872,-7.4201,27.3874,83.8012466430664
2018-12-12,3.15,2.19,251.233,3.9,97.04000091552734,98.3,51.04,4.53,2.386,-7.2615,30.4534,84.34392547607422
2018-12-13,3.16,2.19,251.233,3.9,97.05999755859376,98.3,52.69,4.31,2.2931,-8.1963,30.9518,84.42742156982422
2018-12-14,3.14,2.19,251.233,3.9,97.44000244140624,98.3,51.26,3.99,2.2533,-8.1546,29.033,83.73445129394531
2018-12-17,3.11,2.2,251.233,3.9,97.0999984741211,98.3,49.8,3.8,2.2187,-10.1661,26.2452,82.66575622558594
2018-12-18,3.07,2.2,251.233,3.9,97.13999938964844,98.3,46.12,3.8,2.2254,-11.4347,25.2558,82.2733154296875
2018-12-19,3.00,2.2,251.233,3.9,97.04000091552734,98.3,47.96,3.64,2.3037,-8.2964,22.7242,81.22968292236328
2018-12-20,3.02,2.4,251.233,3.9,96.27999877929688,98.3,45.64,3.7,2.2936,-7.2949,21.1419,80.52832794189453
2018-12-21,3.03,2.4,251.233,3.9,96.95999908447266,98.3,45.38,3.7,2.4123,-7.612,17.4726,78.62471008300781
2018-12-24,3.00,2.4,251.233,3.9,96.5500030517578,98.3,.,.,2.364,-7.6955,14.9123,76.92981719970703
2018-12-26,3.06,2.4,251.233,3.9,97.0500030517578,98.3,46.04,3.42,2.4843,-3.6808,34.8677,80.11922454833984
2018-12-27,3.05,2.4,251.233,3.9,96.4800033569336,98.3,44.48,3.1,2.5215,-3.3219,39.337,81.02093505859375
2018-12-28,3.04,2.4,251.233,3.9,96.38999938964844,98.3,45.15,3.25,2.4535,-3.5807,38.7624,80.84561920166016
2018-12-31,3.02,2.4,251.233,3.9,96.16999816894533,98.3,.,.,2.3997,-2.2285,42.2864,81.50521087646484
2019-01-02,2.97,2.4,251.712,4.0,96.81999969482422,91.2,46.31,3.25,2.4573,0.2504,49.231,82.91620635986328
2019-01-03,2.92,2.4,251.712,4.0,96.30999755859376,91.2,46.92,2.72,2.414,-0.5258,44.3221,81.73782348632812
2019-01-04,2.98,2.4,251.712,4.0,96.19000244140624,91.2,47.76,2.8,2.4712,3.5302,56.6925,84.75114440917969
2019-01-07,2.99,2.4,251.712,4.0,95.70999908447266,91.2,48.27,2.74,2.4005,4.2902,56.9005,84.81005096435547
2019-01-08,3.00,2.4,251.712,4.0,95.9000015258789,91.2,49.58,2.89,2.3654,6.0333,56.088,84.65011596679688
2019-01-09,3.03,2.4,251.712,4.0,95.22000122070312,91.2,52.19,2.92,2.2903,7.5846,55.3028,84.50702667236328
2019-01-10,3.06,2.4,251.712,4.0,95.54000091552734,91.2,52.42,2.95,2.2144,4.3878,55.2523,84.49859619140625
2019-01-11,3.04,2.4,251.712,4.0,95.66999816894533,91.2,51.44,2.95,2.1428,3.0824,52.6838,84.0946044921875
2019-01-14,3.06,2.4,251.712,4.0,95.58999633789062,91.2,50.31,3.36,2.152,4.1245,57.4048,84.96154022216797
2019-01-15,3.08,2.4,251.712,4.0,95.97000122070312,91.2,51.8,3.54,2.231,4.0878,60.5471,85.58440399169922
2019-01-16,3.07,2.4,251.712,4.0,96.05999755859376,91.2,52.08,3.58,2.178,3.3673,63.8323,86.27462768554688
2019-01-17,3.07,2.4,251.712,4.0,96.06999969482422,91.2,51.83,3.58,2.1174,4.8893,65.4686,86.62812805175781
2019-01-18,3.09,2.4,251.712,4.0,96.33999633789062,91.2,53.6,3.43,2.0906,3.282,71.2211,88.03376007080078
2019-01-22,3.06,2.4,251.712,4.0,96.3000030517578,91.2,52.59,3.43,2.0891,1.8345,60.2099,86.64495849609375
2019-01-23,3.07,2.4,251.712,4.0,96.12000274658205,91.2,52.44,3.13,2.0439,1.7756,58.623,86.42611694335938
2019-01-24,3.04,2.4,251.712,4.0,96.5999984741211,91.2,52.94,3.13,1.967,1.9692,58.9008,86.47662353515625
2019-01-25,3.06,2.4,251.712,4.0,95.79000091552734,91.2,53.53,3.07,1.9209,2.5246,61.9733,87.02375030517578
2019-01-28,3.06,2.4,251.712,4.0,95.75,91.2,51.79,3.05,1.8829,3.3409,64.2141,87.4361572265625
2019-01-29,3.04,2.4,251.712,4.0,95.81999969482422,91.2,53.07,2.94,1.8313,2.7181,65.5491,87.68026733398438
2019-01-30,3.06,2.4,251.712,4.0,95.33999633789062,91.2,54.18,3.0,1.7883,2.2974,66.6917,87.88227844238281
2019-01-31,2.99,2.4,251.712,4.0,95.58000183105467,91.2,53.84,2.82,1.7615,0.8415,58.5155,87.1163330078125
2019-02-01,3.03,2.4,252.776,3.8,95.58000183105467,93.8,55.29,2.7,1.7168,0.8079,60.7483,87.4361572265625
2019-02-04,3.06,2.4,252.776,3.8,95.8499984741211,93.8,54.57,2.57,1.6688,-0.2861,62.908,87.74758911132812
2019-02-05,3.03,2.4,252.776,3.8,96.0999984741211,93.8,53.69,2.54,1.6253,0.7153,58.4642,87.36041259765625
2019-02-06,3.03,2.4,252.776,3.8,96.41999816894533,93.8,53.94,2.58,1.5783,0.892,57.9697,87.31832885742188
2019-02-07,3.00,2.4,252.776,3.8,96.51000213623048,93.8,52.68,2.62,1.6038,-0.303,46.1669,86.17361450195312
2019-02-08,2.97,2.4,252.776,3.8,96.63999938964844,93.8,52.75,2.66,1.6287,-1.7083,39.47,85.31507873535156
2019-02-11,3.00,2.4,252.776,3.8,97.05999755859376,93.8,52.43,2.76,1.5869,-2.5246,36.6874,84.91104888916016
2019-02-12,3.02,2.4,252.776,3.8,96.70999908447266,93.8,53.14,2.71,1.5962,-1.3212,50.5638,86.35877227783203
2019-02-13,3.04,2.4,252.776,3.8,97.12999725341795,93.8,53.84,2.61,1.5573,-1.1108,53.771,86.77123260498047
2019-02-14,3.01,2.4,252.776,3.8,96.9800033569336,93.8,54.4,2.61,1.5513,-0.9089,48.9467,86.207275390625
2019-02-15,3.00,2.4,252.776,3.8,96.91999816894533,93.8,55.58,2.59,1.6376,1.4054,65.1683,88.8418197631836
2019-02-19,2.99,2.4,252.776,3.8,96.5199966430664,93.8,56.12,2.69,1.6252,0.7826,62.5575,88.5303955078125
2019-02-20,3.00,2.4,252.776,3.8,96.4499969482422,93.8,56.9,2.69,1.5645,1.5989,64.722,88.95964050292969
2019-02-21,3.05,2.4,252.776,3.8,96.61000061035156,93.8,56.95,2.73,1.5146,1.4558,62.9771,88.77447509765625
2019-02-22,3.02,2.4,252.776,3.8,96.51000213623048,93.8,57.01,2.74,1.4855,2.2048,59.1891,88.37887573242188
2019-02-25,3.03,2.4,252.776,3.8,96.41000366210938,93.8,55.32,2.84,1.5158,3.9888,64.7091,89.30473327636719
2019-02-26,3.01,2.4,252.776,3.8,96.0,93.8,55.4,2.74,1.5374,3.7111,58.2615,88.62297058105469
2019-02-27,3.07,2.4,252.776,3.8,96.1500015258789,93.8,56.92,2.89,1.4799,2.1543,57.2444,88.51355743408203
2019-02-28,3.09,2.4,252.776,3.8,96.16000366210938,93.8,57.21,2.89,1.4361,1.0687,51.1398,87.84017181396484
2019-03-01,3.13,2.4,254.202,3.8,96.52999877929688,98.4,55.76,3.19,1.4363,1.6915,51.6411,87.89910125732422
2019-03-04,3.09,2.4,254.202,3.8,96.68000030517578,98.4,56.6,4.25,1.493,-1.1445,49.6984,87.69708251953125
2019-03-05,3.08,2.4,254.202,3.8,96.8499984741211,98.4,56.55,3.18,1.4639,-0.9004,49.0154,87.62975311279297
2019-03-06,3.06,2.4,254.202,3.8,96.87000274658205,98.4,56.22,3.18,1.4206,-1.6578,45.6196,87.30149841308594
2019-03-07,3.03,2.4,254.202,3.8,97.66999816894533,98.4,56.6,2.9,1.4129,-2.1038,39.7371,86.67021179199219
2019-03-08,3.00,2.4,254.202,3.8,97.37000274658205,98.4,55.77,2.9,1.3865,-1.6746,40.1941,86.7038803100586
2019-03-11,3.03,2.4,254.202,3.8,97.22000122070312,98.4,56.79,2.86,1.3801,-1.4727,53.3593,87.83174896240234
2019-03-12,3.00,2.4,254.202,3.8,96.94000244140624,98.4,56.89,2.83,1.344,-1.0519,50.5017,87.57083892822266
2019-03-13,3.02,2.4,254.202,3.8,96.5500030517578,98.4,58.27,2.87,1.3099,-0.648,53.6177,87.86543273925781
2019-03-14,3.04,2.4,254.202,3.8,96.79000091552734,98.4,58.59,2.95,1.3053,0.8247,61.0187,88.6650619506836
2019-03-15,3.02,2.4,254.202,3.8,96.5999984741211,98.4,58.51,2.95,1.3064,1.784,68.1997,89.6834945678711
2019-03-18,3.01,2.4,254.202,3.8,96.5199966430664,98.4,59.09,2.9,1.2907,2.5246,71.3062,90.22221374511719
2019-03-19,3.02,2.4,254.202,3.8,96.37999725341795,98.4,59.12,2.92,1.3097,2.2637,66.8824,89.89395904541016
2019-03-20,2.98,2.41,254.202,3.8,95.76000213623048,98.4,60.12,2.86,1.3598,0.6732,47.6714,87.974853515625
2019-03-21,2.96,2.41,254.202,3.8,96.5,98.4,59.98,2.86,1.3973,-0.0842,38.7269,86.58605194091797
2019-03-22,2.88,2.41,254.202,3.8,96.6500015258789,98.4,58.87,2.75,1.4989,-2.735,27.8021,83.96833038330078
2019-03-25,2.87,2.4,254.202,3.8,96.56999969482422,98.4,58.71,2.72,1.5409,-4.5611,25.656,83.26974487304688
2019-03-26,2.86,2.4,254.202,3.8,96.73999786376952,98.4,59.87,2.74,1.5258,-3.4671,32.5559,84.10301971435547
2019-03-27,2.83,2.41,254.202,3.8,96.7699966430664,98.4,59.39,2.69,1.4992,-4.0478,31.4423,83.81681823730469
2019-03-28,2.81,2.41,254.202,3.8,97.1999969482422,98.4,59.29,2.69,1.4654,-3.8963,39.1307,84.7679443359375
2019-03-29,2.81,2.43,254.202,3.8,97.27999877929688,98.4,60.19,2.73,1.4449,-4.4769,42.4318,85.20565795898438
2019-04-01,2.89,2.41,255.548,3.7,97.25,97.2,61.59,2.73,1.5491,-2.1459,58.7368,88.07587432861328
2019-04-02,2.88,2.41,255.548,3.7,97.36000061035156,97.2,62.53,2.76,1.5051,-1.3969,60.5568,88.49671173095703
2019-04-03,2.93,2.41,255.548,3.7,97.08999633789062,97.2,62.46,2.74,1.492,0.6985,61.3524,88.67346954345703
2019-04-04,2.92,2.41,255.548,3.7,97.30999755859376,97.2,62.12,2.66,1.4629,2.9369,65.1125,89.53009796142578
2019-04-05,2.91,2.41,255.548,3.7,97.4000015258789,97.2,63.1,2.62,1.4263,5.3421,63.4031,89.31805419921875
2019-04-08,2.93,2.41,255.548,3.7,97.0500030517578,97.2,64.37,2.72,1.3692,6.3289,64.7996,89.60641479492188
2019-04-09,2.92,2.41,255.548,3.7,97.01000213623048,97.2,64.05,2.71,1.3562,4.8344,59.0555,88.94490051269531
2019-04-10,2.90,2.41,255.548,3.7,96.9499969482422,97.2,64.62,2.72,1.335,5.519,61.3493,89.34349822998047
2019-04-11,2.94,2.41,255.548,3.7,97.18000030517578,97.2,63.61,2.72,1.3239,5.3227,65.4249,90.09835052490234
2019-04-12,2.97,2.41,255.548,3.7,96.97000122070312,97.2,63.86,2.75,1.5697,9.1077,79.1159,94.32210540771484
2019-04-15,2.96,2.41,255.548,3.7,96.94000244140624,97.2,63.43,2.75,1.5841,5.1613,71.1344,93.2449722290039
2019-04-16,2.99,2.41,255.548,3.7,97.04000091552734,97.2,64.01,2.66,1.5637,5.7241,73.8153,94.22879791259766
2019-04-17,2.99,2.42,255.548,3.7,97.01000213623048,97.2,63.74,2.55,1.673,8.2606,79.6177,96.94288635253906
2019-04-18,2.96,2.43,255.548,3.7,97.47000122070312,97.2,64.02,2.54,1.6516,6.6985,74.7843,96.23043823242188
2019-04-22,2.99,2.44,255.548,3.7,97.27999877929688,97.2,65.66,2.61,1.6106,7.0291,75.0646,96.34918975830078
2019-04-23,2.98,2.44,255.548,3.7,97.56999969482422,97.2,66.24,2.53,1.5876,6.8596,75.3688,96.46791076660156
2019-04-24,2.94,2.44,255.548,3.7,98.0999984741211,97.2,65.96,2.53,1.5554,7.3598,74.0072,96.30677032470703
2019-04-25,2.94,2.44,255.548,3.7,98.1999969482422,97.2,65.23,2.54,1.5442,7.0122,74.1709,96.35765838623047
2019-04-26,2.92,2.44,255.548,3.7,98.01000213623048,97.2,63.29,2.58,1.4932,6.9867,76.5259,97.0870590209961
2019-04-29,2.96,2.45,255.548,3.7,97.86000061035156,97.2,63.39,2.58,1.5507,4.1632,80.346,98.48651123046875
2019-04-30,2.93,2.45,255.548,3.7,97.4800033569336,97.2,63.83,2.59,1.5284,5.1807,79.7343,98.42713165283203
2019-05-01,2.92,2.45,256.092,3.6,97.69000244140624,100.0,63.55,2.59,1.5337,3.4425,71.992,97.67227172851562
2019-05-02,2.94,2.41,256.092,3.6,97.83000183105467,100.0,61.75,2.63,1.4968,0.9412,72.8159,97.88432312011719
2019-05-03,2.93,2.4,256.092,3.6,97.5199966430664,100.0,61.98,2.59,1.4668,2.2554,75.1248,98.48651123046875
2019-05-06,2.91,2.4,256.092,3.6,97.5199966430664,100.0,62.3,2.54,1.5074,1.2634,66.0781,97.61292266845703
2019-05-07,2.86,2.4,256.092,3.6,97.62999725341795,100.0,61.41,2.54,1.5693,-0.4494,53.108,96.01838684082031
2019-05-08,2.89,2.39,256.092,3.6,97.62000274658205,100.0,62.13,2.64,1.5305,-0.797,49.652,95.50951385498047
2019-05-09,2.87,2.38,256.092,3.6,97.37000274658205,100.0,61.58,2.62,1.552,-0.9242,49.1193,95.43317413330078
2019-05-10,2.89,2.38,256.092,3.6,97.33000183105467,100.0,61.65,2.64,1.5804,-1.6619,49.0543,95.4246826171875
2019-05-13,2.83,2.38,256.092,3.6,97.31999969482422,100.0,60.97,2.71,1.6813,-5.6555,33.8358,92.8293685913086
2019-05-14,2.86,2.38,256.092,3.6,97.52999877929688,100.0,61.82,2.7,1.6987,-4.8585,39.7414,93.5672607421875
2019-05-15,2.82,2.4,256.092,3.6,97.56999969482422,100.0,62.03,2.69,1.7161,-4.46,37.9256,93.2110366821289
2019-05-16,2.84,2.39,256.092,3.6,97.83999633789062,100.0,62.93,2.62,1.731,-3.4764,46.9646,94.40693664550781
2019-05-17,2.82,2.39,256.092,3.6,98.0,100.0,62.77,2.61,1.7236,-4.5363,44.2243,93.94891357421875
2019-05-20,2.83,2.39,256.092,3.6,97.93000030517578,100.0,63.12,2.7,1.6877,-3.1712,47.8553,94.44084930419922
2019-05-21,2.84,2.39,256.092,3.6,98.05999755859376,100.0,63.02,2.73,1.6096,-1.2549,50.2147,94.7631607055664
2019-05-22,2.82,2.38,256.092,3.6,98.11000061035156,100.0,61.42,2.73,1.5576,-1.5178,44.8188,93.99131774902344
2019-05-23,2.75,2.38,256.092,3.6,97.8499984741211,100.0,57.65,2.56,1.6474,-3.2899,34.8506,92.14239501953125
2019-05-24,2.75,2.38,256.092,3.6,97.61000061035156,100.0,58.4,2.6,1.6097,-2.3741,41.898,93.04988861083984
2019-05-28,2.70,2.39,256.092,3.6,97.95999908447266,100.0,58.91,2.65,1.5789,-0.7886,36.9578,92.04059600830078
2019-05-29,2.69,2.39,256.092,3.6,98.13999938964844,100.0,58.84,2.69,1.5545,-1.7806,35.7762,91.78616333007812
2019-05-30,2.65,2.39,256.092,3.6,98.13999938964844,100.0,56.47,2.69,1.6034,-2.4081,31.4554,90.80230712890625
2019-05-31,2.58,2.4,256.092,3.6,97.75,100.0,53.49,2.59,1.6233,-4.5363,27.9045,89.86934661865234
2019-06-03,2.53,2.38,256.143,3.6,97.13999938964844,98.2,53.25,2.5,1.6018,-3.6545,31.7932,90.29341888427734
2019-06-04,2.60,2.38,256.143,3.6,97.06999969482422,98.2,53.5,2.45,1.6958,-1.3651,51.0412,93.07535552978516
2019-06-05,2.63,2.38,256.143,3.6,97.37000274658205,98.2,51.57,2.45,1.68,-1.3567,52.801,93.40611267089844
2019-06-06,2.62,2.37,256.143,3.6,97.02999877929688,98.2,52.59,2.4,1.6775,-0.3816,53.9331,93.60968017578125
2019-06-07,2.57,2.37,256.143,3.6,96.61000061035156,98.2,53.95,2.43,1.6431,0.4409,47.5446,92.58342742919922
2019-06-10,2.62,2.37,256.143,3.6,96.76000213623048,98.2,53.33,2.42,1.6499,0.5342,53.5114,93.584228515625
2019-06-11,2.62,2.37,256.143,3.6,96.69000244140624,98.2,53.3,2.41,1.6065,1.8315,55.1449,93.87259674072266
2019-06-12,2.62,2.37,256.143,3.6,97.0,98.2,51.13,2.43,1.6135,0.8903,47.4606,92.67671203613281
2019-06-13,2.61,2.37,256.143,3.6,97.01000213623048,98.2,52.38,2.43,1.5655,2.1028,48.9735,92.90570068359375
2019-06-14,2.59,2.36,256.143,3.6,97.56999969482422,98.2,52.47,2.37,1.5548,3.2729,50.6121,93.1431884765625
2019-06-17,2.58,2.38,256.143,3.6,97.55999755859376,98.2,51.94,2.46,1.5231,2.3402,47.0171,92.63431549072266
2019-06-18,2.55,2.37,256.143,3.6,97.63999938964844,98.2,53.86,2.44,1.5615,0.8225,55.6996,93.8980484008789
2019-06-19,2.54,2.37,256.143,3.6,97.12000274658205,98.2,53.74,2.43,1.5647,-0.1865,50.7392,93.21952056884766
2019-06-20,2.53,2.37,256.143,3.6,96.62999725341795,98.2,56.88,2.38,1.5772,-0.1526,52.3882,93.45699310302734
2019-06-21,2.59,2.38,256.143,3.6,96.22000122070312,98.2,57.35,2.27,1.6208,0.2374,47.6419,92.82089233398438
2019-06-24,2.55,2.38,256.143,3.6,95.9800033569336,98.2,57.73,2.31,1.5795,-1.4245,43.1269,92.15935516357422
2019-06-25,2.53,2.38,256.143,3.6,96.16000366210938,98.2,57.63,2.31,1.5461,-2.4759,38.4547,91.3960189819336
2019-06-26,2.57,2.38,256.143,3.6,96.20999908447266,98.2,59.17,2.34,1.5295,-0.6698,43.8609,92.00666046142578
2019-06-27,2.52,2.38,256.143,3.6,96.19000244140624,98.2,59.18,2.32,1.4875,-0.5935,46.473,92.31201171875
2019-06-28,2.52,2.4,256.143,3.6,96.12999725341795,98.2,58.2,2.42,1.5987,1.6789,62.4394,94.82250213623047
2019-07-01,2.55,2.39,256.571,3.7,96.83999633789062,98.4,58.91,2.33,1.6492,3.7817,68.971,96.41702270507812
2019-07-02,2.51,2.4,256.571,3.7,96.7300033569336,98.4,56.0,2.3,1.5908,2.62,69.3491,96.51880645751953
2019-07-03,2.47,2.41,256.571,3.7,96.7699966430664,98.4,57.06,2.29,1.5753,3.1457,67.969,96.36505126953125
2019-07-05,2.54,2.42,256.571,3.7,97.25,98.4,.,.,1.5512,3.4804,70.4208,96.93732452392578
2019-07-08,2.53,2.41,256.571,3.7,97.37999725341795,98.4,57.35,2.39,1.5008,3.5869,65.2829,96.40776824951172
2019-07-09,2.54,2.41,256.571,3.7,97.48999786376952,98.4,57.57,2.41,1.4754,4.6582,67.3331,96.81776428222656
2019-07-10,2.57,2.41,256.571,3.7,97.0999984741211,98.4,60.28,2.49,1.4365,5.1395,64.4267,96.535888671875
2019-07-11,2.65,2.4,256.571,3.7,97.0500030517578,98.4,59.93,2.54,1.4156,5.4513,69.2528,97.45836639404297
2019-07-12,2.64,2.38,256.571,3.7,96.80999755859376,98.4,59.99,2.54,1.4011,6.1707,73.6638,98.48334503173828
2019-07-15,2.61,2.4,256.571,3.7,96.93000030517578,98.4,59.3,2.53,1.4254,2.4654,62.1128,97.28754425048828
2019-07-16,2.63,2.41,256.571,3.7,97.4000015258789,98.4,57.44,2.53,1.481,1.9131,67.1069,98.3296127319336
2019-07-17,2.57,2.41,256.571,3.7,97.22000122070312,98.4,56.5,2.44,1.46,0.8465,59.0908,97.36442565917969
2019-07-18,2.56,2.41,256.571,3.7,96.79000091552734,98.4,55.08,2.38,1.4484,1.5797,62.1166,97.9452133178711
2019-07-19,2.57,2.41,256.571,3.7,97.1500015258789,98.4,55.42,2.3,1.4499,0.0427,54.6529,96.98005676269531
2019-07-22,2.58,2.4,256.571,3.7,97.26000213623048,98.4,55.87,2.33,1.4488,1.1955,58.2535,97.60359954833984
2019-07-23,2.61,2.4,256.571,3.7,97.70999908447266,98.4,56.58,2.34,1.4783,2.5703,66.6716,99.38874053955078
2019-07-24,2.58,2.4,256.571,3.7,97.7300033569336,98.4,55.9,2.33,1.4556,3.2534,68.2703,99.79019927978516
2019-07-25,2.60,2.4,256.571,3.7,97.81999969482422,98.4,55.88,2.26,1.4688,1.3748,60.5765,98.83353424072266
2019-07-26,2.59,2.4,256.571,3.7,98.01000213623048,98.4,56.04,2.23,1.4236,0.7856,62.7031,99.2691650390625
2019-07-29,2.59,2.4,256.571,3.7,98.04000091552734,98.4,56.85,2.23,1.4067,1.6651,60.0902,98.953125
2019-07-30,2.58,2.39,256.571,3.7,98.0500030517578,98.4,58.04,2.22,1.3867,0.4013,58.1967,98.73104858398438
2019-07-31,2.53,2.4,256.571,3.7,98.5199966430664,98.4,58.53,2.28,1.3682,1.7164,60.384,99.08125305175781
2019-08-01,2.44,2.14,256.558,3.6,98.38999938964844,89.8,53.64,2.36,1.5266,-1.4773,42.1119,96.46755981445312
2019-08-02,2.39,2.14,256.558,3.6,98.0999984741211,89.8,55.67,2.12,1.5414,-0.5209,42.0657,96.45901489257812
2019-08-05,2.30,2.13,256.558,3.6,97.5,89.8,54.63,2.02,1.7156,-4.0134,29.8391,93.58907318115234
2019-08-06,2.25,2.13,256.558,3.6,97.62999725341795,89.8,53.6,2.15,1.7248,-5.0637,35.1958,94.32364654541016
2019-08-07,2.22,2.12,256.558,3.6,97.54000091552734,89.8,51.14,2.18,1.8754,-7.5145,28.4585,92.27367401123047
2019-08-08,2.25,2.12,256.558,3.6,97.62000274658205,89.8,52.6,2.13,1.8665,-4.9954,38.4419,93.8367919921875
2019-08-09,2.26,2.12,256.558,3.6,97.48999786376952,89.8,54.41,2.09,1.8649,-5.5334,38.0549,93.73429870605469
2019-08-12,2.14,2.12,256.558,3.6,97.37999725341795,89.8,54.98,2.21,1.886,-6.9765,31.9258,91.97472381591797
2019-08-13,2.15,2.12,256.558,3.6,97.80999755859376,89.8,57.05,2.24,1.9526,-5.337,40.5054,93.3926010131836
2019-08-14,2.03,2.12,256.558,3.6,97.98999786376952,89.8,55.16,2.22,2.1114,-9.5639,29.2883,89.51480102539062
2019-08-15,1.98,2.13,256.558,3.6,98.13999938964844,89.8,54.51,2.19,2.085,-6.6093,31.1547,89.85643005371094
2019-08-16,2.01,2.13,256.558,3.6,98.13999938964844,89.8,54.83,2.2,2.1056,-4.4489,41.891,92.00890350341797
2019-08-19,2.08,2.13,256.558,3.6,98.3499984741211,89.8,56.24,2.26,2.0791,-0.7514,45.5243,92.8374252319336
2019-08-20,2.04,2.13,256.558,3.6,98.19000244140624,89.8,56.18,2.35,2.019,-2.6642,41.4295,91.65869140625
2019-08-21,2.07,2.12,256.558,3.6,98.3000030517578,89.8,55.65,2.31,1.9431,-0.3586,42.675,91.91494750976562
2019-08-22,2.11,2.12,256.558,3.6,98.16999816894533,89.8,55.33,2.28,1.9056,-0.9735,47.2835,92.8630599975586
2019-08-23,2.02,2.12,256.558,3.6,97.63999938964844,89.8,54.08,2.15,1.9933,-3.1766,38.8436,90.55684661865234
2019-08-26,2.04,2.12,256.558,3.6,98.08000183105467,89.8,53.54,2.23,1.9107,-0.6917,42.4376,91.28288269042969
2019-08-27,1.97,2.12,256.558,3.6,98.0,89.8,54.99,2.24,1.9401,-3.0741,39.0479,90.31768035888672
2019-08-28,1.94,2.12,256.558,3.6,98.20999908447266,89.8,55.76,2.24,1.9339,1.7078,43.7323,91.22309112548828
2019-08-29,1.97,2.12,256.558,3.6,98.51000213623048,89.8,56.67,2.36,1.9842,3.4328,52.9122,93.29012298583984
2019-08-30,1.96,2.13,256.558,3.6,98.91999816894533,89.8,55.07,2.33,1.9242,1.8274,55.0663,93.8367919921875
2019-09-03,1.95,2.13,256.759,3.5,98.9499969482422,93.2,53.91,2.39,1.9417,-0.111,49.9129,92.72640228271484
2019-09-04,1.97,2.13,256.759,3.5,98.4499969482422,93.2,56.22,2.48,1.9043,2.186,54.6634,93.84532165527344
2019-09-05,2.06,2.13,256.759,3.5,98.41000366210938,93.2,56.33,2.49,2.0031,4.0647,62.2546,95.98069763183594
2019-09-06,2.02,2.12,256.759,3.5,98.38999938964844,93.2,56.45,2.49,1.9222,3.3217,62.9169,96.18567657470703
2019-09-09,2.11,2.13,256.759,3.5,98.27999877929688,93.2,57.88,2.65,1.9953,8.0098,69.7687,98.56876373291016
2019-09-10,2.19,2.13,256.759,3.5,98.33000183105467,93.2,57.37,2.67,1.9669,8.5392,72.7196,99.82434844970703
2019-09-11,2.22,2.13,256.759,3.5,98.6500015258789,93.2,55.66,2.63,1.9374,9.7774,73.3488,100.09768676757812
2019-09-12,2.22,2.13,256.759,3.5,98.30999755859376,93.2,55.13,2.62,1.9545,9.487,74.8018,100.71267700195312
2019-09-13,2.37,2.14,256.759,3.5,98.26000213623048,93.2,54.76,2.61,1.9668,9.4016,78.917,102.69430541992188
2019-09-16,2.31,2.25,256.759,3.5,98.6500015258789,93.2,63.1,2.75,1.9392,7.9414,72.8225,101.78036499023438
2019-09-17,2.27,2.3,256.759,3.5,98.26000213623048,93.2,59.26,2.7,1.9178,8.5477,69.5326,101.27643585205078
2019-09-18,2.25,2.25,256.759,3.5,98.5999984741211,93.2,58.19,2.72,1.9229,8.4453,72.3337,102.29286193847656
2019-09-19,2.22,1.9,256.759,3.5,98.2699966430664,93.2,58.19,2.65,1.8618,5.986,70.0487,101.96826171875
2019-09-20,2.17,1.9,256.759,3.5,98.51000213623048,93.2,57.92,2.34,1.8185,5.3711,67.0749,101.55828094482422
2019-09-23,2.16,1.9,256.759,3.5,98.5999984741211,93.2,58.69,2.55,1.7764,2.9716,66.9433,101.54121398925781
2019-09-24,2.09,1.9,256.759,3.5,98.33999633789062,93.2,57.22,2.55,1.7849,0.3928,57.2696,100.21726989746094
2019-09-25,2.18,1.9,256.759,3.5,99.04000091552734,93.2,56.38,2.54,1.7331,0.6917,60.0428,100.7895278930664
2019-09-26,2.15,1.85,256.759,3.5,99.20999908447266,93.2,56.24,2.57,1.6764,-0.7514,54.3669,99.96102142333984
2019-09-27,2.13,1.83,256.759,3.5,99.11000061035156,93.2,55.95,2.41,1.6548,-2.1433,57.5394,100.55038452148438
2019-09-30,2.12,1.9,256.759,3.5,99.37999725341795,93.2,54.09,2.37,1.6312,-1.2553,57.3468,100.5247573852539
2019-10-01,2.11,1.88,257.346,3.6,99.12999725341795,95.5,53.6,2.36,1.7336,-2.5788,45.3227,98.6968994140625
2019-10-02,2.09,1.85,257.346,3.6,99.04000091552734,95.5,52.67,2.36,1.7696,-5.559,36.2469,96.73234558105469
2019-10-03,2.04,1.83,257.346,3.6,98.86000061035156,95.5,52.41,2.31,1.7901,-5.3711,35.6944,96.5945816040039
2019-10-04,2.01,1.82,257.346,3.6,98.80999755859376,95.5,52.84,2.25,1.8314,-2.8696,48.9345,98.68679809570312
2019-10-07,2.05,1.82,257.346,3.6,98.98999786376952,95.5,52.76,2.36,1.7885,-3.0677,47.8092,98.4715576171875
2019-10-08,2.04,1.82,257.346,3.6,99.13999938964844,95.5,52.64,2.29,1.8273,-3.9391,37.9255,96.27600860595703
2019-10-09,2.08,1.82,257.346,3.6,99.12000274658205,95.5,52.63,2.26,1.7792,-3.814,42.1467,96.97340393066406
2019-10-10,2.16,1.82,257.346,3.6,98.70999908447266,95.5,53.57,2.26,1.8224,-1.6257,49.5782,98.33379364013672
2019-10-11,2.22,1.82,257.346,3.6,98.3000030517578,95.5,54.76,2.13,1.9247,-0.5536,57.0638,99.9955062866211
2019-10-14,.,1.82,257.346,3.6,98.4499969482422,95.5,53.57,2.13,1.8616,-0.2612,58.172,100.26240539550781
2019-10-15,2.23,1.9,257.346,3.6,98.29000091552734,95.5,52.81,2.29,2.0446,4.5875,68.4252,103.28447723388672
2019-10-16,2.23,1.9,257.346,3.6,98.01000213623048,95.5,53.42,2.44,1.9748,6.3105,66.9701,103.04339599609375
2019-10-17,2.24,1.85,257.346,3.6,97.61000061035156,95.5,53.89,2.29,1.95,7.0239,68.7376,103.62027740478516
2019-10-18,2.25,1.85,257.346,3.6,97.27999877929688,95.5,53.75,2.08,1.882,5.113,69.3096,103.80107879638672
2019-10-21,2.28,1.85,257.346,3.6,97.33000183105467,95.5,53.28,2.13,1.9449,7.9019,76.1985,106.37544250488281
2019-10-22,2.26,1.85,257.346,3.6,97.52999877929688,95.5,54.21,2.21,1.9278,11.1642,78.4295,107.44307708740234
2019-10-23,2.25,1.85,257.346,3.6,97.47000122070312,95.5,55.9,2.34,1.8503,10.751,79.0113,107.72720336914062
2019-10-24,2.26,1.85,257.346,3.6,97.62999725341795,95.5,56.11,2.33,1.8159,9.3135,78.3708,107.64972686767578
2019-10-25,2.29,1.83,257.346,3.6,97.83000183105467,95.5,56.52,2.26,1.803,8.513,80.3385,108.51069641113281
2019-10-28,2.34,1.83,257.346,3.6,97.76000213623048,95.5,55.6,2.49,1.7468,8.6593,81.2484,108.92398071289062
2019-10-29,2.33,1.82,257.346,3.6,97.69000244140624,95.5,55.34,2.61,1.713,5.5692,80.558,108.8551025390625
2019-10-30,2.26,1.82,257.346,3.6,97.6500015258789,95.5,54.85,2.71,1.6835,5.2077,74.4112,108.25240325927734
2019-10-31,2.17,1.58,257.346,3.6,97.3499984741211,95.5,54.02,2.73,1.6782,3.9337,67.7633,107.55501556396484
2019-11-01,2.21,1.57,257.208,3.6,97.23999786376952,96.8,56.04,2.54,1.7471,6.232,76.173,110.03465270996094
2019-11-04,2.27,1.56,257.208,3.6,97.51000213623048,96.8,56.33,2.77,1.7219,4.5363,78.3913,110.91287231445312
2019-11-05,2.34,1.56,257.208,3.6,97.9800033569336,96.8,57.04,2.77,1.6899,3.7099,78.988,111.15393829345703
2019-11-06,2.30,1.55,257.208,3.6,97.9499969482422,96.8,56.15,2.82,1.6467,3.598,79.4386,111.32615661621094
2019-11-07,2.40,1.55,257.208,3.6,98.13999938964844,96.8,56.91,2.84,1.6514,4.278,81.0213,111.92882537841797
2019-11-08,2.43,1.55,257.208,3.6,98.3499984741211,96.8,57.02,2.87,1.6042,3.7443,81.8634,112.25602722167969
2019-11-11,.,1.55,257.208,3.6,98.1999969482422,96.8,.,.,1.5529,2.9352,77.253,111.85994720458984
2019-11-12,2.39,1.55,257.208,3.6,98.30999755859376,96.8,56.67,2.72,1.541,2.3499,70.0144,111.20560455322266
2019-11-13,2.36,1.55,257.208,3.6,98.37000274658205,96.8,56.88,2.66,1.5379,2.3671,64.0483,110.62013244628906
2019-11-14,2.31,1.55,257.208,3.6,98.16000366210938,96.8,56.57,2.68,1.5049,3.1676,64.6391,110.72344970703125
2019-11-15,2.31,1.55,257.208,3.6,98.0,96.8,57.54,2.7,1.4669,1.4891,69.0228,111.524169921875
2019-11-18,2.30,1.55,257.208,3.6,97.79000091552734,96.8,56.82,2.64,1.4642,1.5494,73.3287,112.46263885498047
2019-11-19,2.26,1.55,257.208,3.6,97.86000061035156,96.8,54.93,2.53,1.4254,1.2739,72.9155,112.42823028564453
2019-11-20,2.20,1.55,257.208,3.6,97.93000030517578,96.8,56.71,2.56,1.4268,0.2841,63.4752,111.61028289794922
2019-11-21,2.24,1.55,257.208,3.6,97.98999786376952,96.8,58.36,2.53,1.4067,-0.0603,65.0623,111.86853790283203
2019-11-22,2.22,1.55,257.208,3.6,98.2699966430664,96.8,57.68,2.62,1.3855,0.3529,69.3101,112.60901641845703
2019-11-25,2.21,1.55,257.208,3.6,98.31999969482422,96.8,57.79,2.51,1.3653,1.3514,72.3503,113.21172332763672
2019-11-26,2.18,1.55,257.208,3.6,98.25,96.8,58.25,2.51,1.3575,2.1605,73.1114,113.36669158935547
2019-11-27,2.19,1.55,257.208,3.6,98.41000366210938,96.8,58.12,2.46,1.3085,3.0816,74.7824,113.70248413085938
2019-11-29,2.21,1.56,257.208,3.6,98.2699966430664,96.8,58.12,2.46,1.2741,2.72,71.0106,113.44416809082031
2019-12-02,2.28,1.56,256.974,3.6,97.86000061035156,99.3,55.97,2.29,1.2685,1.6699,67.3614,113.19448852539062
2019-12-03,2.17,1.55,256.974,3.6,97.73999786376952,99.3,56.15,2.42,1.355,-0.723,50.5432,111.73942565917969
2019-12-04,2.22,1.55,256.974,3.6,97.6500015258789,99.3,58.46,2.43,1.4236,1.515,65.1767,113.94355010986328
2019-12-05,2.24,1.55,256.974,3.6,97.41000366210938,99.3,58.42,2.42,1.3914,2.9524,68.1241,114.56346893310547
2019-12-06,2.29,1.55,256.974,3.6,97.6999969482422,99.3,59.2,2.31,1.4592,4.3985,74.6739,116.26824951171875
2019-12-09,2.27,1.55,256.974,3.6,97.63999938964844,99.3,58.99,2.17,1.4196,3.116,69.6167,115.725830078125
2019-12-10,2.26,1.55,256.974,3.6,97.41000366210938,99.3,59.22,2.18,1.4344,2.5909,69.9398,115.80330657958984
2019-12-11,2.23,1.55,256.974,3.6,97.16000366210938,99.3,58.74,2.28,1.394,2.1605,67.1197,115.52777099609375
2019-12-12,2.32,1.55,256.974,3.6,97.4000015258789,99.3,59.18,2.28,1.5582,5.1302,78.6163,118.83401489257812
2019-12-13,2.26,1.55,256.974,3.6,97.16999816894533,99.3,60.11,2.28,1.6074,4.3469,70.0419,117.79216766357422
2019-12-16,2.30,1.56,256.974,3.6,97.06999969482422,99.3,60.21,2.34,1.6174,5.0527,71.5519,118.24850463867188
2019-12-17,2.31,1.55,256.974,3.6,97.20999908447266,99.3,60.88,2.3,1.5904,7.2305,73.8712,118.97172546386719
2019-12-18,2.35,1.55,256.974,3.6,97.41000366210938,99.3,60.93,2.26,1.5567,4.9064,72.7725,118.8511962890625
2019-12-19,2.35,1.55,256.974,3.6,97.41999816894533,99.3,61.3,2.21,1.5144,3.6927,67.2918,118.25711822509766
2019-12-20,2.34,1.55,256.974,3.6,97.70999908447266,99.3,60.43,2.27,1.5279,1.8937,66.4059,118.16241455078125
2019-12-23,2.35,1.55,256.974,3.6,97.66000366210938,99.3,60.51,2.17,1.4821,2.4015,66.0545,118.12797546386719
2019-12-24,2.33,1.55,256.974,3.6,97.6500015258789,99.3,61.17,2.11,1.4113,2.6512,67.8501,118.45514678955078
2019-12-26,2.33,1.55,256.974,3.6,97.58999633789062,99.3,61.72,2.09,1.404,4.1833,73.7725,119.7121810913086
2019-12-27,2.32,1.55,256.974,3.6,96.91999816894533,99.3,61.76,1.75,1.3713,0.9641,74.1352,119.79829406738281
2019-12-30,2.34,1.55,256.974,3.6,96.73999786376952,99.3,61.66,2.06,1.3723,1.5666,68.749,119.35920715332031
2019-12-31,2.39,1.55,256.974,3.6,96.38999938964844,99.3,61.14,2.09,1.3475,1.7732,72.1441,120.02214050292969
2020-01-02,2.33,1.55,257.971,3.6,96.8499984741211,99.8,61.17,2.05,1.3644,2.5048,77.9784,121.47724151611328
2020-01-03,2.26,1.55,257.971,3.6,96.83999633789062,99.8,63.0,2.06,1.4586,1.0329,62.1466,119.87418365478516
2020-01-06,2.28,1.55,257.971,3.6,96.66999816894533,99.8,63.27,2.1,1.4683,1.5316,61.3188,119.77882385253906
2020-01-07,2.31,1.55,257.971,3.6,96.9800033569336,99.8,62.7,2.17,1.5126,-0.4097,46.5878,117.74253845214844
2020-01-08,2.35,1.55,257.971,3.6,97.3000030517578,99.8,59.65,2.09,1.5271,0.5431,52.3277,118.6610107421875
2020-01-09,2.38,1.55,257.971,3.6,97.4499969482422,99.8,59.56,2.05,1.4978,0.6491,54.8695,119.09429168701172
2020-01-10,2.28,1.54,257.971,3.6,97.36000061035156,99.8,59.02,2.05,1.4917,-1.7945,47.2066,117.90716552734375
2020-01-13,2.30,1.54,257.971,3.6,97.3499984741211,99.8,58.17,2.03,1.4743,-0.9016,53.1969,118.8863296508789
2020-01-14,2.27,1.54,257.971,3.6,97.37000274658205,99.8,58.34,2.15,1.5893,0.9236,60.2864,120.27278137207031
2020-01-15,2.23,1.54,257.971,3.6,97.2300033569336,99.8,57.86,2.01,1.6397,-1.5412,49.4639,118.47042083740234
2020-01-16,2.26,1.54,257.971,3.6,97.31999969482422,99.8,58.52,2.06,1.5956,-2.5368,51.9082,118.92964172363281
2020-01-17,2.29,1.55,257.971,3.6,97.61000061035156,99.8,58.55,2.07,1.546,-0.1213,56.1337,119.75284576416016
2020-01-21,2.23,1.55,257.971,3.6,97.52999877929688,99.8,58.25,1.98,1.529,-1.2043,49.2504,118.57438659667969
2020-01-22,2.22,1.55,257.971,3.6,97.52999877929688,99.8,56.76,1.89,1.4829,0.6931,48.4735,118.43572998046875
2020-01-23,2.18,1.55,257.971,3.6,97.69000244140624,99.8,55.51,1.95,1.502,-0.3465,47.7412,118.31441497802734
2020-01-24,2.14,1.55,257.971,3.6,97.8499984741211,99.8,54.09,1.91,1.6559,-3.7167,33.9449,115.37693786621094
2020-01-27,2.05,1.55,257.971,3.6,97.95999908447266,99.8,53.09,2.03,1.7505,-3.5001,30.6893,114.40644836425781
2020-01-28,2.10,1.55,257.971,3.6,98.0199966430664,99.8,53.33,1.96,1.8074,-2.3998,43.5743,116.48606872558594
2020-01-29,2.05,1.55,257.971,3.6,97.98999786376952,99.8,53.29,1.93,1.7928,-3.9593,42.837,116.31275177001953
2020-01-30,2.04,1.6,257.971,3.6,97.87000274658205,99.8,52.19,1.94,1.8776,-0.7191,50.5535,117.75120544433594
2020-01-31,1.99,1.59,257.971,3.6,97.38999938964844,99.8,51.58,1.91,2.017,-4.2365,38.3284,114.6923599243164
2020-02-03,2.01,1.59,258.678,3.5,97.8000030517578,101.0,50.06,1.9,1.9893,-4.1846,42.7312,115.56755828857422
2020-02-04,2.08,1.59,258.678,3.5,97.95999908447266,101.0,49.59,1.89,2.0471,-1.3429,50.2352,117.23125457763672
2020-02-05,2.14,1.59,258.678,3.5,98.2699966430664,101.0,50.87,1.89,2.0518,0.7884,57.6256,119.22425079345703
2020-02-06,2.11,1.59,258.678,3.5,98.5,101.0,50.94,1.86,1.9783,0.927,57.6863,119.24160766601562
2020-02-07,2.05,1.58,258.678,3.5,98.68000030517578,101.0,50.34,1.93,1.9218,3.4828,55.7343,118.86033630371094
2020-02-10,2.03,1.58,258.678,3.5,98.83000183105467,101.0,49.59,1.85,1.8526,4.947,57.7902,119.35427856445312
2020-02-11,2.05,1.58,258.678,3.5,98.72000122070312,101.0,50.0,1.85,1.7871,3.0929,58.7609,119.57955932617188
2020-02-12,2.09,1.58,258.678,3.5,99.0500030517578,101.0,51.13,1.91,1.7516,3.2662,58.7609,119.57955932617188
2020-02-13,2.07,1.58,258.678,3.5,99.06999969482422,101.0,51.41,1.95,1.7466,1.7241,58.0009,119.47557067871094
2020-02-14,2.04,1.58,258.678,3.5,99.12000274658205,101.0,52.03,1.93,1.6992,4.4185,55.2231,119.11162567138672
2020-02-18,2.00,1.59,258.678,3.5,99.45999908447266,101.0,52.1,2.04,1.7424,1.9667,44.8751,117.53457641601562
2020-02-19,2.01,1.59,258.678,3.5,99.5999984741211,101.0,53.31,2.01,1.7881,1.906,54.5038,119.1375961303711
2020-02-20,1.97,1.59,258.678,3.5,99.87000274658205,101.0,53.77,1.98,1.7737,-0.0866,54.5038,119.1375961303711
2020-02-21,1.90,1.58,258.678,3.5,99.26000213623048,101.0,53.36,1.96,1.806,-1.5595,45.5784,117.68186950683594
2020-02-24,1.84,1.58,258.678,3.5,99.29000091552734,101.0,51.36,1.94,1.987,-4.3405,32.6653,114.51908111572266
2020-02-25,1.80,1.58,258.678,3.5,98.97000122070312,101.0,49.78,1.93,2.256,-9.9459,21.6491,109.40660858154297
2020-02-26,1.81,1.58,258.678,3.5,99.0,101.0,48.67,1.96,2.2613,-9.842,23.4955,109.73588562011719
2020-02-27,1.79,1.58,258.678,3.5,98.44000244140624,101.0,47.17,1.78,2.4303,-14.4077,17.2365,105.16934967041016
2020-02-28,1.65,1.58,258.678,3.5,98.12999725341795,101.0,44.83,1.79,2.7957,-18.8609,13.3056,100.61146545410156
2020-03-02,1.66,1.59,258.115,4.4,97.36000061035156,89.1,46.78,1.75,3.0366,-13.8099,31.2288,105.2993392944336
2020-03-03,1.64,1.59,258.115,4.4,97.1500015258789,89.1,47.27,1.78,3.2349,-16.1838,26.1631,101.34799194335938
2020-03-04,1.67,1.09,258.115,4.4,97.33999633789062,89.1,46.78,1.83,3.3436,-15.2827,33.7327,103.85224151611328
2020-03-05,1.56,1.09,258.115,4.4,96.81999969482422,89.1,45.9,1.89,3.5547,-20.377,27.3858,98.75711059570312
2020-03-06,1.25,1.09,258.115,4.4,95.9499969482422,89.1,41.14,1.76,3.8546,-24.0244,22.6439,93.65332794189453
2020-03-09,0.99,1.09,258.115,4.4,94.9000015258789,89.1,31.05,1.74,4.5125,-33.5458,15.3185,80.96748352050781
2020-03-10,1.28,1.09,258.115,4.4,96.41000366210938,89.1,34.47,1.91,4.6754,-22.1444,28.1295,87.25841522216797
2020-03-11,1.30,1.09,258.115,4.4,96.51000213623048,89.1,33.13,1.96,4.722,-26.5802,25.3477,83.15113067626953
2020-03-12,1.49,1.1,258.115,4.4,97.47000122070312,89.1,31.56,1.82,5.0431,-28.8674,21.4199,76.29694366455078
2020-03-13,1.56,1.1,258.115,4.4,98.75,89.1,31.72,1.94,5.6693,-10.5697,41.5855,90.0399398803711
2020-03-16,1.34,0.25,258.115,4.4,98.08999633789062,89.1,28.96,1.89,6.4624,-28.7288,32.4997,76.56555938720703
2020-03-17,1.63,0.25,258.115,4.4,99.58000183105467,89.1,26.96,1.89,6.616,-20.0998,37.7477,81.24476623535156
2020-03-18,1.77,0.25,258.115,4.4,101.16000366210938,89.1,20.48,1.73,6.9726,-31.1546,32.6003,72.6922378540039
2020-03-19,1.78,0.2,258.115,4.4,102.76000213623048,89.1,25.09,1.68,7.1677,-24.8388,34.0282,73.91402435302734
2020-03-20,1.55,0.15,258.115,4.4,102.81999969482422,89.1,19.48,1.76,7.0877,-21.2953,33.0355,72.35430908203125
2020-03-23,1.33,0.15,258.115,4.4,102.48999786376952,89.1,23.33,1.7,6.9317,-12.4844,30.5742,68.48095703125
2020-03-24,1.39,0.12,258.115,4.4,101.73999786376952,89.1,21.03,1.73,7.1216,-10.6303,40.8681,76.62622833251953
2020-03-25,1.45,0.1,258.115,4.4,101.0500030517578,89.1,20.75,1.8,7.2695,-3.6647,44.1011,79.48572540283203
2020-03-26,1.42,0.1,258.115,4.4,99.41999816894533,89.1,16.6,1.73,7.1735,8.7243,49.9845,85.02278137207031
2020-03-27,1.29,0.1,258.115,4.4,98.37000274658205,89.1,15.48,1.7,7.1296,-11.0722,44.3154,78.9658432006836
2020-03-30,1.31,0.09,258.115,4.4,99.18000030517578,89.1,14.1,1.65,6.9167,4.4531,46.5972,81.01947784423828
2020-03-31,1.35,0.08,258.115,4.4,99.0500030517578,89.1,20.51,1.71,6.7216,-3.2316,43.6851,78.01265716552734
2020-04-01,1.27,0.06,256.389,14.8,99.66999816894533,71.8,20.28,1.69,6.661,0.4072,39.2334,73.09950256347656
2020-04-02,1.26,0.05,256.389,14.8,100.18000030517578,71.8,25.18,1.55,6.4916,1.9147,42.8296,75.82903289794922
2020-04-03,1.24,0.05,256.389,14.8,100.58000183105467,71.8,28.36,1.5,6.3225,1.2562,40.6569,73.58769226074219
2020-04-06,1.27,0.05,256.389,14.8,100.69000244140624,71.8,26.21,1.64,6.305,9.8661,47.0336,78.32427215576172
2020-04-07,1.32,0.05,256.389,14.8,99.9800033569336,71.8,23.54,1.83,6.1698,2.7555,48.3779,79.35739135742188
2020-04-08,1.37,0.05,256.389,14.8,100.12000274658205,71.8,24.97,1.86,5.9987,3.1014,52.5301,82.56179809570312
2020-04-09,1.35,0.05,256.389,14.8,99.5199966430664,71.8,22.9,1.74,6.2013,4.9733,60.6575,89.96871948242188
2020-04-13,1.39,0.05,256.389,14.8,99.3499984741211,71.8,22.36,1.86,6.1218,7.0275,55.005,85.96760559082031
2020-04-14,1.41,0.05,256.389,14.8,98.88999938964844,71.8,20.15,1.76,6.2074,2.6187,51.8453,83.6124496459961
2020-04-15,1.27,0.05,256.389,14.8,99.45999908447266,71.8,19.96,1.68,6.0999,1.5007,46.6336,79.48872375488281
2020-04-16,1.21,0.05,256.389,14.8,100.02999877929688,71.8,19.82,1.59,5.8981,3.3833,43.0974,76.45940399169922
2020-04-17,1.27,0.05,256.389,14.8,99.77999877929688,71.8,18.31,1.71,6.0003,7.528,52.2291,83.332275390625
2020-04-20,1.23,0.05,256.389,14.8,99.95999908447266,71.8,-36.98,1.78,5.8669,6.7074,48.4131,80.2942123413086
2020-04-21,1.17,0.05,256.389,14.8,100.26000213623048,71.8,8.91,1.92,5.6593,-0.359,45.5769,77.96530151367188
2020-04-22,1.22,0.05,256.389,14.8,100.38999938964844,71.8,13.64,1.9,5.4314,-1.1383,45.9604,78.21920776367188
2020-04-23,1.18,0.04,256.389,14.8,100.43000030517578,71.8,15.06,1.86,5.1698,-4.2994,46.0333,78.26299285888672
2020-04-24,1.17,0.05,256.389,14.8,100.37999725341795,71.8,15.99,1.81,4.9638,-10.5515,48.0862,79.41868591308594
2020-04-27,1.25,0.04,256.389,14.8,100.04000091552734,71.8,12.17,1.68,4.9169,-3.1261,53.8625,82.84197235107422
2020-04-28,1.20,0.04,256.389,14.8,99.87000274658205,71.8,12.4,1.8,4.7997,-0.1839,54.8197,83.4285659790039
2020-04-29,1.24,0.04,256.389,14.8,99.56999969482422,71.8,15.04,1.73,4.717,6.1908,58.4899,85.67868041992188
2020-04-30,1.28,0.05,256.389,14.8,99.0199966430664,71.8,19.23,1.63,4.5871,7.3817,54.4723,83.84007263183594
2020-05-01,1.27,0.05,256.394,13.2,98.8000030517578,72.3,19.72,1.69,4.5046,-1.69,49.9187,81.64250946044922
2020-05-04,1.29,0.05,256.394,13.2,99.4800033569336,72.3,20.47,1.78,4.3361,0.3765,47.9492,80.67066955566406
2020-05-05,1.32,0.05,256.394,13.2,99.70999908447266,72.3,24.56,1.93,4.1709,2.5832,47.6855,80.54813385009766
2020-05-06,1.41,0.05,256.394,13.2,100.08999633789062,72.3,23.88,1.9,4.05,0.8144,44.338,79.03345489501953
2020-05-07,1.31,0.05,256.394,13.2,99.88999938964844,72.3,23.68,1.84,3.9258,1.5937,46.6011,79.8564224243164
2020-05-08,1.39,0.05,256.394,13.2,99.7300033569336,72.3,24.73,1.74,3.8249,1.7425,50.1694,81.16094970703125
2020-05-11,1.43,0.05,256.394,13.2,100.23999786376952,72.3,24.02,1.7,3.7625,-4.0718,44.1617,78.77079772949219
2020-05-12,1.38,0.05,256.394,13.2,99.93000030517578,72.3,25.76,1.61,3.737,-7.2328,38.6269,76.19674682617188
2020-05-13,1.35,0.05,256.394,13.2,100.23999786376952,72.3,25.37,1.56,3.6971,-12.1102,33.821,73.57018280029297
2020-05-14,1.30,0.05,256.394,13.2,100.47000122070312,72.3,27.4,1.6,3.7902,-7.2153,42.9895,76.6257553100586
2020-05-15,1.32,0.05,256.394,13.2,100.4000015258789,72.3,29.44,1.66,3.6583,-6.436,40.1226,75.2074203491211
2020-05-18,1.44,0.05,256.394,13.2,99.66999816894533,72.3,31.83,1.77,3.7254,-1.4798,50.4374,79.1910400390625
2020-05-19,1.43,0.05,256.394,13.2,99.37000274658205,72.3,32.3,1.85,3.6225,-2.9159,46.9238,77.63261413574219
2020-05-20,1.40,0.05,256.394,13.2,99.12000274658205,72.3,33.56,1.83,3.5964,0.9282,52.4266,79.96150207519531
2020-05-21,1.40,0.05,256.394,13.2,99.37000274658205,72.3,34.3,1.75,3.4703,-0.9107,49.9189,78.94588470458984
2020-05-22,1.37,0.05,256.394,13.2,99.86000061035156,72.3,33.49,1.7,3.325,-2.8283,48.3676,78.33302307128906
2020-05-26,1.43,0.05,256.394,13.2,98.91000366210938,72.3,34.7,1.79,3.5897,5.1225,60.6827,83.89261627197266
2020-05-27,1.44,0.05,256.394,13.2,99.05999755859376,72.3,32.8,1.78,3.7561,12.5568,68.077,88.75175476074219
2020-05-28,1.47,0.05,256.394,13.2,98.37999725341795,72.3,33.67,1.79,3.7099,13.8615,64.4148,87.42971801757812
2020-05-29,1.41,0.05,256.394,13.2,98.33999633789062,72.3,35.57,1.7,3.6375,8.5726,58.509,85.1971206665039
2020-06-01,1.46,0.05,257.797,11.0,97.83000183105467,78.1,35.49,1.59,3.5153,11.1207,60.5424,86.3265609741211
2020-06-02,1.48,0.06,257.797,11.0,97.66999816894533,78.1,36.88,1.58,3.4199,7.4255,61.0845,86.61546325683594
2020-06-03,1.56,0.06,257.797,11.0,97.27999877929688,78.1,37.33,1.84,3.5503,13.6601,68.7933,91.29075622558594
2020-06-04,1.61,0.06,257.797,11.0,96.68000030517578,78.1,37.42,1.68,3.5356,13.231,71.3554,93.19065856933594
2020-06-05,1.68,0.07,257.797,11.0,96.94000244140624,78.1,39.49,1.8,3.8667,18.4411,76.1565,97.38441467285156
2020-06-08,1.65,0.07,257.797,11.0,96.62000274658205,78.1,38.17,1.68,3.7756,20.998,78.0509,99.32804107666016
2020-06-09,1.59,0.07,257.797,11.0,96.31999969482422,78.1,38.98,1.68,3.7836,12.8895,69.9556,96.78030395507812
2020-06-10,1.53,0.08,257.797,11.0,95.95999908447266,78.1,39.54,1.72,3.8067,4.1068,59.4143,92.85794830322266
2020-06-11,1.41,0.08,257.797,11.0,96.7300033569336,78.1,36.43,1.77,4.1302,-2.3205,44.6474,85.10956573486328
2020-06-12,1.45,0.08,257.797,11.0,97.31999969482422,78.1,36.24,1.67,4.0804,2.2417,48.8897,87.43846893310547
2020-06-15,1.45,0.09,257.797,11.0,96.68000030517578,78.1,37.07,1.64,4.1367,2.3205,51.0522,88.64666748046875
2020-06-16,1.54,0.09,257.797,11.0,96.95999908447266,78.1,38.26,1.43,4.2396,2.7408,52.3666,89.3558578491211
2020-06-17,1.52,0.09,257.797,11.0,97.16000366210938,78.1,37.91,1.55,4.1451,-4.1943,47.8219,87.0970230102539
2020-06-18,1.47,0.09,257.797,11.0,97.41999816894533,78.1,38.79,1.51,3.9985,-6.5673,46.8758,86.62422943115234
2020-06-19,1.47,0.09,257.797,11.0,97.62000274658205,78.1,39.72,1.49,3.9549,-11.7512,44.8144,85.63488006591797
2020-06-22,1.46,0.08,257.797,11.0,97.04000091552734,78.1,40.6,1.64,3.7606,-14.6233,42.8503,84.70684051513672
2020-06-23,1.49,0.08,257.797,11.0,96.69000244140624,78.1,40.4,1.61,3.6934,-11.0419,45.789,85.73994445800781
2020-06-24,1.44,0.08,257.797,11.0,97.1500015258789,78.1,37.91,1.64,3.656,-9.9824,39.5302,82.87699890136719
2020-06-25,1.43,0.08,257.797,11.0,97.43000030517578,78.1,38.66,1.53,3.6419,0.6567,47.5666,85.7662124633789
2020-06-26,1.37,0.08,257.797,11.0,97.5,78.1,38.53,1.42,3.7546,-6.3747,38.3511,81.06465148925781
2020-06-29,1.39,0.08,257.797,11.0,97.54000091552734,78.1,39.67,1.67,3.6309,-7.2241,39.3479,81.42362213134766
2020-06-30,1.41,0.08,257.797,11.0,97.38999938964844,78.1,39.27,1.76,3.5022,-7.0052,42.0402,82.35166931152344
2020-07-01,1.43,0.08,259.101,10.2,97.1999969482422,72.5,39.88,1.69,3.4197,-5.4465,40.5315,81.6512451171875
2020-07-02,1.43,0.09,259.101,10.2,97.31999969482422,72.5,40.57,1.58,3.3668,-4.711,41.4076,81.9164810180664
2020-07-06,1.45,0.09,259.101,10.2,96.79000091552734,72.5,40.51,1.71,3.2867,-1.6526,48.0988,83.98516082763672
2020-07-07,1.38,0.09,259.101,10.2,96.87999725341795,72.5,40.59,1.76,3.2414,-3.0939,41.9958,81.61591339111328
2020-07-08,1.39,0.09,259.101,10.2,96.43000030517578,72.5,40.91,1.78,3.1071,-3.2607,44.8395,82.4822769165039
2020-07-09,1.32,0.09,259.101,10.2,96.6999969482422,72.5,39.64,1.88,3.0961,-2.1833,40.3131,80.69647979736328
2020-07-10,1.33,0.09,259.101,10.2,96.6500015258789,72.5,40.56,1.79,3.2261,-0.6611,53.263,85.10790252685547
2020-07-13,1.33,0.09,259.101,10.2,96.45999908447266,72.5,40.06,1.75,3.1877,5.2613,56.1841,86.32791137695312
2020-07-14,1.30,0.09,259.101,10.2,96.26000213623048,72.5,40.3,1.74,3.169,5.3974,57.385,86.8229751586914
2020-07-15,1.33,0.1,259.101,10.2,96.08000183105467,72.5,41.2,1.76,3.1372,5.8131,60.6387,88.16674041748047
2020-07-16,1.31,0.1,259.101,10.2,96.3499984741211,72.5,40.74,1.79,3.0817,6.7612,61.2444,88.4142837524414
2020-07-17,1.33,0.09,259.101,10.2,95.94000244140624,72.5,40.55,1.79,2.9841,4.8628,55.0284,86.77877807617188
2020-07-20,1.32,0.1,259.101,10.2,95.83000183105467,72.5,40.83,1.71,2.8423,2.0335,52.2873,86.01849365234375
2020-07-21,1.31,0.1,259.101,10.2,95.12000274658205,72.5,41.76,1.66,2.813,6.2686,57.9917,87.88385009765625
2020-07-22,1.29,0.09,259.101,10.2,94.97000122070312,72.5,41.88,1.69,2.7762,4.7656,55.477,87.24732208251953
2020-07-23,1.24,0.09,259.101,10.2,94.69000244140624,72.5,40.99,1.75,2.6651,6.808,56.3246,87.50370025634766
2020-07-24,1.23,0.09,259.101,10.2,94.44000244140624,72.5,41.23,1.77,2.5922,1.7771,53.5885,86.88487243652344
2020-07-27,1.25,0.1,259.101,10.2,93.66999816894533,72.5,41.46,1.85,2.5403,-0.6631,48.4346,85.66487884521484
2020-07-28,1.22,0.1,259.101,10.2,93.76000213623048,72.5,40.89,1.83,2.4463,-0.7869,50.0588,86.03617095947266
2020-07-29,1.24,0.1,259.101,10.2,93.26000213623048,72.5,41.13,1.77,2.4427,-0.0442,58.2661,88.1225357055664
2020-07-30,1.20,0.1,259.101,10.2,93.0199966430664,72.5,39.85,1.81,2.4975,-2.6436,48.3211,85.77095031738281
2020-07-31,1.20,0.1,259.101,10.2,93.48999786376952,72.5,40.1,1.83,2.4309,-1.3439,47.0465,85.43502044677734
2020-08-03,1.23,0.1,259.918,8.4,93.5,74.1,40.83,1.95,2.3659,-1.061,45.1654,84.95761108398438
2020-08-04,1.19,0.1,259.918,8.4,93.37999725341795,74.1,41.67,2.07,2.2645,-3.4128,43.2102,84.47138977050781
2020-08-05,1.22,0.1,259.918,8.4,92.83000183105467,74.1,42.25,2.23,2.2871,-1.3085,50.4095,85.93891906738281
2020-08-06,1.20,0.1,259.918,8.4,92.79000091552734,74.1,41.93,2.26,2.2223,-1.5384,50.5354,85.96544647216797
2020-08-07,1.23,0.1,259.918,8.4,93.44000244140624,74.1,41.16,2.15,2.2486,0.9726,58.8225,87.8573226928711
2020-08-10,1.25,0.1,259.918,8.4,93.58000183105467,74.1,41.94,2.18,2.256,3.3067,62.8898,88.97123718261719
2020-08-11,1.32,0.1,259.918,8.4,93.62999725341795,74.1,41.53,2.19,2.4434,5.747,70.9393,91.78250885009766
2020-08-12,1.37,0.1,259.918,8.4,93.44000244140624,74.1,42.6,2.05,2.567,2.8823,66.5039,91.00454711914062
2020-08-13,1.42,0.1,259.918,8.4,93.33999633789062,74.1,42.26,2.19,2.4926,4.7302,63.6402,90.50065612792969
2020-08-14,1.45,0.1,259.918,8.4,93.0999984741211,74.1,42.05,2.23,2.4339,5.1016,63.7618,90.53601837158203
2020-08-17,1.43,0.1,259.918,8.4,92.8499984741211,74.1,42.89,2.32,2.4419,3.1918,50.9697,88.14904022216797
2020-08-18,1.40,0.09,259.918,8.4,92.2699966430664,74.1,42.89,2.45,2.3805,2.4491,45.7225,86.92022705078125
2020-08-19,1.42,0.09,259.918,8.4,92.88999938964844,74.1,42.91,2.43,2.3539,1.1848,46.7308,87.12356567382812
2020-08-20,1.38,0.09,259.918,8.4,92.79000091552734,74.1,42.62,2.35,2.2962,0.1149,42.2563,86.08037567138672
2020-08-21,1.35,0.09,259.918,8.4,93.25,74.1,42.32,2.39,2.2349,-1.8214,42.0667,86.03617095947266
2020-08-24,1.35,0.09,259.918,8.4,93.3000030517578,74.1,42.44,2.57,2.2577,-0.5128,54.4998,88.45848846435547
2020-08-25,1.39,0.09,259.918,8.4,93.0199966430664,74.1,43.17,2.54,2.2341,-2.9354,56.1779,88.84747314453125
2020-08-26,1.41,0.09,259.918,8.4,93.01000213623048,74.1,43.21,2.52,2.1661,-3.404,49.6571,87.60093688964844
2020-08-27,1.50,0.08,259.918,8.4,93.01000213623048,74.1,42.88,2.52,2.2419,-0.0177,61.2206,90.48296356201172
2020-08-28,1.52,0.09,259.918,8.4,92.37000274658205,74.1,42.96,2.46,2.1727,0.3183,62.4551,90.85428619384766
2020-08-31,1.49,0.09,259.918,8.4,92.13999938964844,74.1,42.61,2.3,2.1912,0.4244,51.3071,88.57341003417969
2020-09-01,1.43,0.09,260.28,7.8,92.33999633789062,80.4,42.76,2.22,2.1503,1.6092,51.1107,88.5291976928711
2020-09-02,1.38,0.09,260.28,7.8,92.8499984741211,80.4,42.76,2.15,2.147,2.7409,56.6768,89.86414337158203
2020-09-03,1.34,0.09,260.28,7.8,92.73999786376952,80.4,41.39,2.32,2.2684,3.5012,55.1971,89.58121490478516
2020-09-04,1.46,0.09,260.28,7.8,92.72000122070312,80.4,39.69,1.8,2.3514,5.4817,62.6186,91.51729583740234
2020-09-08,1.43,0.09,260.28,7.8,93.4800033569336,80.4,36.87,2.35,2.4418,-0.1238,48.0738,88.33470153808594
2020-09-09,1.45,0.09,260.28,7.8,93.26000213623048,80.4,38.05,2.21,2.4019,0.3271,51.3847,89.174560546875
2020-09-10,1.43,0.09,260.28,7.8,93.33999633789062,80.4,37.25,2.13,2.4059,0.6543,47.6862,88.25514221191406
2020-09-11,1.42,0.09,260.28,7.8,93.33000183105467,80.4,37.33,1.93,2.3458,-1.1317,52.2403,89.35137176513672
2020-09-14,1.42,0.09,260.28,7.8,93.06999969482422,80.4,37.23,2.18,2.3292,-0.2652,56.9425,90.58906555175781
2020-09-15,1.43,0.09,260.28,7.8,93.0500030517578,80.4,38.29,2.19,2.3971,-0.8046,45.5809,87.76891326904297
2020-09-16,1.45,0.09,260.28,7.8,93.20999908447266,80.4,40.17,2.06,2.3756,-0.389,47.1243,88.14022827148438
2020-09-17,1.43,0.09,260.28,7.8,92.97000122070312,80.4,40.99,1.65,2.3316,-2.732,43.4111,87.13239288330078
2020-09-18,1.45,0.09,260.28,7.8,92.93000030517578,80.4,41.09,1.56,2.2945,-2.6348,42.7221,86.94673919677734
2020-09-21,1.43,0.09,260.28,7.8,93.54000091552734,80.4,39.26,1.33,2.4167,-7.2589,34.0338,84.25920867919922
2020-09-22,1.42,0.09,260.28,7.8,93.98999786376952,80.4,39.55,1.49,2.3697,-4.9955,31.5916,83.33980560302734
2020-09-23,1.42,0.09,260.28,7.8,94.38999938964844,80.4,39.92,1.74,2.3702,-7.1881,28.2751,81.9872055053711
2020-09-24,1.40,0.09,260.28,7.8,94.3499984741211,80.4,40.11,1.93,2.3853,-6.3394,28.1036,81.9164810180664
2020-09-25,1.40,0.09,260.28,7.8,94.58000183105467,80.4,40.06,1.9,2.3315,-6.7195,32.6939,82.63256072998047
2020-09-28,1.42,0.09,260.28,7.8,94.26000213623048,80.4,40.47,1.83,2.3835,-5.579,45.5271,85.01066589355469
2020-09-29,1.41,0.09,260.28,7.8,93.88999938964844,80.4,39.03,1.74,2.3287,-3.4747,42.7969,84.2945785522461
2020-09-30,1.46,0.09,260.28,7.8,93.88999938964844,80.4,40.05,1.66,2.2847,-3.0326,46.8214,85.10790252685547
2020-10-01,1.45,0.09,260.388,6.9,93.70999908447266,81.8,38.51,1.6,2.2314,-1.4058,49.8068,85.72676086425781
2020-10-02,1.48,0.09,260.388,6.9,93.83999633789062,81.8,36.9,1.41,2.293,-0.4067,53.6099,86.54008483886719
2020-10-05,1.57,0.09,260.388,6.9,93.51000213623048,81.8,39.12,1.92,2.2721,4.0936,60.9377,88.36919403076172
2020-10-06,1.56,0.09,260.388,6.9,93.83000183105467,81.8,40.52,1.86,2.3233,4.1031,56.0027,87.45909881591797
2020-10-07,1.60,0.09,260.388,6.9,93.62999725341795,81.8,39.82,2.01,2.3058,6.9815,61.7699,88.98487091064453
2020-10-08,1.57,0.09,260.388,6.9,93.61000061035156,81.8,41.04,1.49,2.2807,8.8812,67.4527,90.81399536132812
2020-10-09,1.58,0.09,260.388,6.9,93.05999755859376,81.8,40.44,2.25,2.2449,7.6476,64.4414,90.29649353027344
2020-10-12,.,0.09,260.388,6.9,93.06999969482422,81.8,39.22,2.31,2.2216,6.3755,67.8508,91.40288543701172
2020-10-13,1.52,0.09,260.388,6.9,93.52999877929688,81.8,40.03,2.14,2.2515,5.6107,59.3818,89.92174530029297
2020-10-14,1.50,0.09,260.388,6.9,93.37999725341795,81.8,40.86,2.02,2.207,4.2976,56.7278,89.42208862304688
2020-10-15,1.52,0.09,260.388,6.9,93.86000061035156,81.8,40.84,2.23,2.224,5.017,61.8081,90.76046752929688
2020-10-16,1.52,0.09,260.388,6.9,93.68000030517578,81.8,40.7,2.16,2.1675,4.0162,60.6995,90.5730972290039
2020-10-19,1.55,0.09,260.388,6.9,93.43000030517578,81.8,40.69,2.3,2.1599,0.6781,52.2249,89.04733276367188
2020-10-20,1.60,0.09,260.388,6.9,93.06999969482422,81.8,41.37,2.57,2.1312,2.0966,54.5739,89.55591583251953
2020-10-21,1.62,0.09,260.388,6.9,92.61000061035156,81.8,39.88,2.95,2.0847,-0.3212,49.8009,88.66365814208984
2020-10-22,1.67,0.09,260.388,6.9,92.9499969482422,81.8,40.46,2.99,2.1863,0.9814,62.5685,91.79547119140625
2020-10-23,1.64,0.09,260.388,6.9,92.7699966430664,81.8,39.73,2.91,2.1302,2.3286,65.176,92.62527465820312
2020-10-26,1.59,0.09,260.388,6.9,93.0500030517578,81.8,38.39,3.14,2.2049,-1.0706,53.6917,90.33216857910156
2020-10-27,1.57,0.09,260.388,6.9,92.94000244140624,81.8,39.34,3.07,2.1799,-1.2937,46.8717,88.62796783447266
2020-10-28,1.56,0.09,260.388,6.9,93.41000366210938,81.8,37.27,3.14,2.232,-3.2832,38.8603,86.13856506347656
2020-10-29,1.62,0.09,260.388,6.9,93.95999908447266,81.8,35.94,3.06,2.2472,-4.0594,41.3744,86.70069122314453
2020-10-30,1.65,0.09,260.388,6.9,94.04000091552734,81.8,35.64,3.03,2.2262,-3.0959,44.8538,87.4769515991211
2020-11-02,1.63,0.09,260.229,6.7,94.0500030517578,76.9,36.6,3.03,2.2597,0.4015,52.7662,89.44884490966797
2020-11-03,1.66,0.09,260.229,6.7,93.5500030517578,76.9,37.44,2.88,2.3844,2.7122,61.5345,92.26837921142578
2020-11-04,1.55,0.09,260.229,6.7,93.41000366210938,76.9,38.97,2.63,2.4996,0.7851,51.0125,89.44884490966797
2020-11-05,1.54,0.09,260.229,6.7,92.52999877929688,76.9,38.56,2.69,2.6298,1.3115,60.7002,93.10709381103516
2020-11-06,1.60,0.09,260.229,6.7,92.2300033569336,76.9,36.97,2.67,2.6147,-0.7584,56.4919,91.86685180664062
2020-11-09,1.73,0.09,260.229,6.7,92.7300033569336,76.9,40.05,2.63,3.4437,13.9716,75.4545,104.304931640625
2020-11-10,1.75,0.09,260.229,6.7,92.75,76.9,41.18,2.74,3.3736,15.3367,74.4714,103.96587371826172
2020-11-11,.,0.09,260.229,6.7,93.04000091552734,76.9,41.23,2.75,3.3238,16.2735,69.8417,102.4133529663086
2020-11-12,1.64,0.09,260.229,6.7,92.95999908447266,76.9,40.9,2.81,3.2601,14.4534,66.1396,101.1552734375
2020-11-13,1.65,0.09,260.229,6.7,92.76000213623048,76.9,39.93,2.82,3.1222,14.3107,67.1149,101.78878021240234
2020-11-16,1.66,0.09,260.229,6.7,92.56999969482422,76.9,41.14,2.62,3.1878,15.2118,71.283,104.66183471679688
2020-11-17,1.62,0.09,260.229,6.7,92.41999816894533,76.9,41.24,2.55,3.1335,11.3308,67.7566,103.60005187988281
2020-11-18,1.62,0.09,260.229,6.7,92.31999969482422,76.9,41.64,2.37,3.127,13.3828,65.1678,102.83271026611328
2020-11-19,1.58,0.08,260.229,6.7,92.29000091552734,76.9,41.57,2.19,3.0476,10.0014,65.6928,103.10929870605469
2020-11-20,1.53,0.08,260.229,6.7,92.38999938964844,76.9,41.99,2.22,2.9294,10.3583,62.3579,102.2259750366211
2020-11-23,1.56,0.08,260.229,6.7,92.51000213623048,76.9,42.91,2.23,2.9495,0.8654,68.3152,105.1704330444336
2020-11-24,1.60,0.08,260.229,6.7,92.2300033569336,76.9,44.71,2.47,3.0977,6.0669,75.4461,110.03324890136719
2020-11-25,1.62,0.08,260.229,6.7,91.98999786376952,76.9,45.58,2.47,3.0583,6.4683,71.23,108.88220977783203
2020-11-27,1.57,0.08,260.229,6.7,91.79000091552734,76.9,.,.,2.9208,7.0037,68.5572,108.15948486328125
2020-11-30,1.58,0.09,260.229,6.7,91.87000274658205,76.9,45.2,2.89,2.932,3.3903,58.4998,105.17935180664062
2020-12-01,1.66,0.09,260.474,6.7,91.30999755859376,80.7,44.54,2.89,2.9584,2.1769,61.9534,106.83894348144531
2020-12-02,1.70,0.09,260.474,6.7,91.12000274658205,80.7,45.23,2.75,2.9408,5.2907,65.8573,108.89114379882812
2020-12-03,1.67,0.09,260.474,6.7,90.70999908447266,80.7,45.65,2.46,2.8378,5.3442,63.3453,108.17733001708984
2020-12-04,1.73,0.09,260.474,6.7,90.6999969482422,80.7,46.23,2.48,2.7658,6.049,65.3637,109.15882110595703
2020-12-07,1.69,0.09,260.474,6.7,90.79000091552734,80.7,45.72,2.39,2.7039,6.5219,63.733,108.74838256835938
2020-12-08,1.67,0.09,260.474,6.7,90.97000122070312,80.7,45.64,2.36,2.6109,3.6847,63.9934,108.85545349121094
2020-12-09,1.69,0.09,260.474,6.7,91.08999633789062,80.7,45.48,2.45,2.6066,-2.0253,60.1923,108.0078125
2020-12-10,1.65,0.09,260.474,6.7,90.79000091552734,80.7,46.76,2.45,2.5154,-1.5702,57.0982,107.31183624267578
2020-12-11,1.63,0.09,260.474,6.7,90.9800033569336,80.7,46.59,2.54,2.4568,-1.481,54.2765,106.67833709716797
2020-12-14,1.63,0.09,260.474,6.7,90.70999908447266,80.7,47.02,2.69,2.4926,0.3747,49.457,105.55410766601562
2020-12-15,1.65,0.09,260.474,6.7,90.47000122070312,80.7,47.58,2.63,2.4802,0.5175,56.3596,107.35645294189453
2020-12-16,1.66,0.09,260.474,6.7,90.4499969482422,80.7,47.86,2.73,2.3808,-1.2223,57.4776,107.66873168945312
2020-12-17,1.68,0.09,260.474,6.7,89.81999969482422,80.7,48.34,2.7,2.3299,-1.4007,53.1546,106.7764892578125
2020-12-18,1.70,0.09,260.474,6.7,90.0199966430664,80.7,49.04,2.73,2.2663,-2.9085,50.657,106.25005340576172
2020-12-21,1.68,0.09,260.474,6.7,90.04000091552734,80.7,47.79,2.68,2.4817,1.4899,64.6427,110.23844909667969
2020-12-22,1.65,0.09,260.474,6.7,90.6500015258789,80.7,47.02,2.76,2.4281,-0.2944,57.0819,108.56100463867188
2020-12-23,1.70,0.09,260.474,6.7,90.41000366210938,80.7,47.94,2.76,2.5637,3.5866,65.2494,111.59469604492188
2020-12-24,1.66,0.09,260.474,6.7,90.33000183105467,80.7,48.18,2.68,2.5068,3.7918,63.0914,111.10391235351562
2020-12-28,1.67,0.09,260.474,6.7,90.33999633789062,80.7,47.5,2.39,2.4635,5.1568,65.0085,111.83557891845703
2020-12-29,1.67,0.09,260.474,6.7,90.01000213623047,80.7,47.85,2.4,2.3761,5.9866,63.5328,111.54114532470703
2020-12-30,1.66,0.09,260.474,6.7,89.62999725341797,80.7,48.24,2.36,2.2666,4.4966,64.4829,111.85344696044922
