Date,TY,FFR,CPI,UNRATE,USDX,UMCSENT,crude_oil,natural_gas,ATR,MOM,RSI,Close
2000-01-03,6.61,5.43,168.8,4.0,100.22000122070312,112.0,.,.,0.4645,-0.983,41.7486,17.730228424072266
2000-01-04,6.53,5.38,168.8,4.0,100.41000366210938,112.0,25.56,2.16,0.4605,-1.2587,37.8637,17.39063262939453
2000-01-05,6.64,5.41,168.8,4.0,100.37999725341795,112.0,24.65,2.17,0.4993,-0.5491,50.4971,18.338685989379883
2000-01-06,6.58,5.54,168.8,4.0,100.6500015258789,112.0,24.79,2.18,0.5543,0.3254,60.7548,19.286754608154297
2000-01-07,6.55,5.61,168.8,4.0,100.8000030517578,112.0,24.79,2.19,0.551,0.5243,60.0205,19.230154037475586
2000-01-10,6.59,5.74,168.8,4.0,100.98999786376952,112.0,24.71,2.20,0.534,0.4135,56.5188,18.9613037109375
2000-01-11,6.68,5.63,168.8,4.0,100.55999755859376,112.0,25.69,2.23,0.522,0.9039,58.6994,19.01790428161621
2000-01-12,6.71,5.59,168.8,4.0,100.62000274658205,112.0,26.30,2.25,0.516,0.5649,54.9872,18.904712677001953
2000-01-13,6.65,5.58,168.8,4.0,101.0,112.0,26.63,2.29,0.5255,0.3683,59.2902,19.34336280822754
2000-01-14,6.69,5.56,168.8,4.0,101.72000122070312,112.0,28.01,2.28,0.5283,0.3955,54.4105,18.9613037109375
2000-01-18,6.75,5.83,168.8,4.0,101.86000061035156,112.0,28.98,2.35,0.5409,0.9175,56.6823,19.187700271606445
2000-01-19,6.72,5.47,168.8,4.0,101.76000213623048,112.0,29.11,2.40,0.5376,0.9875,58.4869,19.37165069580078
2000-01-20,6.74,5.44,168.8,4.0,101.36000061035156,112.0,29.67,2.53,0.5456,0.7344,52.9978,18.94715690612793
2000-01-21,6.71,5.36,168.8,4.0,101.76000213623048,112.0,29.71,2.55,0.5369,1.0033,56.1057,19.244304656982422
2000-01-24,6.65,5.53,168.8,4.0,102.1999969482422,112.0,29.25,2.55,0.552,1.3423,53.908,19.074501037597656
2000-01-25,6.64,5.46,168.8,4.0,102.41000366210938,112.0,30.28,2.66,0.55,1.6383,53.338,19.03205108642578
2000-01-26,6.60,5.52,168.8,4.0,102.44000244140624,112.0,27.66,2.73,0.5409,0.6486,51.606,18.904712677001953
2000-01-27,6.53,5.61,168.8,4.0,103.16999816894533,112.0,27.22,2.76,0.5628,-0.9469,44.6375,18.338685989379883
2000-01-28,6.45,5.58,168.8,4.0,104.4800033569336,112.0,27.27,2.84,0.5568,-1.3694,39.7372,17.857580184936523
2000-01-31,6.49,5.87,168.8,4.0,105.12999725341795,112.0,27.65,2.69,0.6087,-0.1966,50.728,18.763198852539062
2000-02-01,6.43,5.79,169.8,4.1,104.91999816894533,111.3,28.28,2.81,0.5985,-0.3525,51.4668,18.833955764770508
2000-02-02,6.32,5.64,169.8,4.1,104.79000091552734,111.3,27.52,2.91,0.583,0.0701,52.985,18.97545623779297
2000-02-03,6.17,5.71,169.8,4.1,103.8000030517578,111.3,28.26,2.85,0.605,-0.6915,49.1647,18.649999618530273
2000-02-04,6.23,5.7,169.8,4.1,104.29000091552734,111.3,28.67,2.78,0.6173,-0.6486,45.4619,18.310382843017578
2000-02-07,6.34,5.76,169.8,4.1,104.63999938964844,111.3,28.40,2.81,0.6015,-0.9039,45.1446,18.282087326049805
2000-02-08,6.22,5.67,169.8,4.1,104.22000122070312,111.3,28.05,2.60,0.61,-1.496,40.8673,17.87173843383789
2000-02-09,6.32,5.76,169.8,4.1,103.68000030517578,111.3,28.71,2.62,0.6068,-1.5819,36.2672,17.360036849975586
2000-02-10,6.35,5.79,169.8,4.1,104.12999725341795,111.3,29.49,2.65,0.6021,-1.962,35.5543,17.2746639251709
2000-02-11,6.29,5.71,169.8,4.1,104.19000244140624,111.3,29.51,2.65,0.624,-2.2471,31.904,16.819318771362305
2000-02-14,6.22,5.79,169.8,4.1,104.72000122070312,111.3,30.30,2.61,0.6291,-1.6223,40.3465,17.40272331237793
2000-02-15,6.26,5.85,169.8,4.1,104.69000244140624,111.3,30.17,2.61,0.6511,-0.8434,48.1131,18.057281494140625
2000-02-16,6.27,5.67,169.8,4.1,104.27999877929688,111.3,30.01,2.65,0.637,-0.1217,49.8051,18.213815689086914
2000-02-17,6.23,5.66,169.8,4.1,104.2699966430664,111.3,29.37,2.66,0.6352,-0.1244,44.9545,17.730005264282227
2000-02-18,6.16,5.7,169.8,4.1,104.62999725341795,111.3,29.51,2.65,0.6366,-1.6829,39.3481,17.0754451751709
2000-02-22,6.08,5.81,169.8,4.1,103.27999877929688,111.3,29.63,2.55,0.6307,-1.653,40.5676,17.1750545501709
2000-02-23,6.14,5.77,169.8,4.1,103.52999877929688,111.3,30.19,2.50,0.6292,-1.9772,39.0125,16.990081787109375
2000-02-24,6.13,5.76,169.8,4.1,104.01000213623048,111.3,30.23,2.52,0.6351,-2.0677,35.701,16.57741928100586
2000-02-25,6.17,5.73,169.8,4.1,105.26000213623048,111.3,30.34,2.51,0.6608,-2.1264,32.8165,16.17898941040039
2000-02-28,6.16,5.81,169.8,4.1,105.2699966430664,111.3,30.11,2.60,0.7018,-1.5425,40.0852,16.733938217163086
2000-02-29,6.15,5.85,169.8,4.1,105.91999816894533,111.3,30.57,2.65,0.6953,-0.7221,44.8518,17.146604537963867
2000-03-01,6.16,5.78,171.2,4.0,104.88999938964844,107.1,31.71,2.71,0.6953,-0.0432,46.7424,17.317358016967773
2000-03-02,6.15,5.76,171.2,4.0,105.6500015258789,107.1,31.51,2.80,0.6802,0.2546,49.0979,17.530786514282227
2000-03-03,6.13,5.72,171.2,4.0,106.0,107.1,31.46,2.72,0.6763,0.4114,46.0417,17.231979370117188
2000-03-06,6.16,5.73,171.2,4.0,106.16000366210938,107.1,32.19,2.76,0.6879,-0.7955,40.362,16.605873107910156
2000-03-07,6.16,5.68,171.2,4.0,106.08999633789062,107.1,33.90,2.78,0.7849,0.1568,55.5292,18.213815689086914
2000-03-08,6.17,5.77,171.2,4.0,105.93000030517578,107.1,31.22,2.74,0.8019,-0.0841,54.7435,18.12844467163086
2000-03-09,6.16,5.79,171.2,4.0,105.37000274658205,107.1,31.61,2.69,0.7952,0.5818,56.2045,18.313413619995117
2000-03-10,6.19,5.75,171.2,4.0,105.70999908447266,107.1,31.76,.,0.8055,0.4614,49.0284,17.53790283203125
2000-03-13,6.17,5.81,171.2,4.0,105.5,107.1,32.11,2.79,0.8057,0.1,46.8556,17.2746639251709
2000-03-14,6.11,5.8,171.2,4.0,105.3000030517578,107.1,31.93,2.83,0.8029,0.5955,49.7146,17.587718963623047
2000-03-15,6.07,5.9,171.2,4.0,105.37999725341795,107.1,30.47,2.76,0.7993,1.1228,50.7558,17.7015438079834
2000-03-16,6.05,5.77,171.2,4.0,105.18000030517578,107.1,31.10,2.84,0.8081,1.9751,54.7885,18.156896591186523
2000-03-17,6.01,5.76,171.2,4.0,105.1999969482422,107.1,30.86,2.81,0.795,0.825,49.1143,17.559255599975586
2000-03-20,5.99,5.82,171.2,4.0,105.1500015258789,107.1,29.33,2.73,0.7869,-0.0977,44.8213,17.046987533569336
2000-03-21,5.97,5.81,171.2,4.0,105.80999755859376,107.1,28.01,2.74,0.7773,0.2136,49.3166,17.530786514282227
2000-03-22,5.97,6.02,171.2,4.0,106.04000091552734,107.1,27.28,2.78,0.7634,-0.4682,45.4425,17.061220169067383
2000-03-23,5.92,6.04,171.2,4.0,105.2300033569336,107.1,27.47,2.76,0.7372,-0.0432,46.669,17.18929100036621
2000-03-24,6.00,5.98,171.2,4.0,104.7699966430664,107.1,27.86,2.82,0.718,0.9796,50.42,17.587718963623047
2000-03-27,5.99,6.07,171.2,4.0,105.4499969482422,107.1,27.59,2.82,0.7064,-0.7932,48.8552,17.420515060424805
2000-03-28,5.98,6.02,171.2,4.0,105.52999877929688,107.1,27.10,2.94,0.7106,-0.1432,54.0256,17.98613929748535
2000-03-29,5.99,5.98,171.2,4.0,106.25,107.1,26.36,2.92,0.7279,0.0136,56.8552,18.32764434814453
2000-03-30,5.89,6.11,171.2,4.0,105.47000122070312,107.1,26.67,2.83,0.7428,0.3637,52.5158,17.90076446533203
2000-03-31,5.84,6.17,171.2,4.0,105.44000244140624,107.1,26.86,2.88,0.7243,0.4818,51.1007,17.758464813232422
2000-04-03,5.84,6.15,171.3,3.8,105.54000091552734,109.2,26.28,2.92,0.7222,0.7387,56.1501,18.32764434814453
2000-04-04,5.77,5.98,171.3,3.8,105.16999816894533,109.2,25.46,2.87,0.7184,1.0796,59.7324,18.782995223999023
2000-04-05,5.81,6.08,171.3,3.8,105.29000091552734,109.2,25.76,2.86,0.726,0.0,53.2863,18.156896591186523
2000-04-06,5.80,6.05,171.3,3.8,105.5199966430664,109.2,25.51,2.98,0.7107,1.05,56.9269,18.612245559692383
2000-04-07,5.71,5.95,171.3,3.8,105.97000122070312,109.2,24.97,2.99,0.7036,1.0637,52.1355,18.11420440673828
2000-04-10,5.69,6.05,171.3,3.8,105.68000030517578,109.2,23.91,2.97,0.6777,0.2841,49.4541,17.815387725830078
2000-04-11,5.77,5.97,171.3,3.8,105.94000244140624,109.2,24.17,2.98,0.6729,1.0091,51.7589,18.071521759033203
2000-04-12,5.84,5.93,171.3,3.8,105.95999908447266,109.2,25.49,3.05,0.6593,1.0091,52.905,18.1995792388916
2000-04-13,5.81,5.97,171.3,3.8,106.13999938964844,109.2,25.29,3.05,0.6477,0.625,53.0337,18.213815689086914
2000-04-14,5.79,6.08,171.3,3.8,105.75,109.2,25.48,3.11,0.6624,0.5091,49.9689,17.929210662841797
2000-04-17,5.92,6.18,171.3,3.8,106.12999725341795,109.2,26.06,3.13,0.684,-0.7955,43.0095,17.18929100036621
2000-04-18,5.92,5.93,171.3,3.8,106.62999725341795,109.2,25.92,3.12,0.6646,-0.9796,44.7683,17.345815658569336
2000-04-19,5.85,5.93,171.3,3.8,107.12999725341795,109.2,27.38,3.12,0.6567,-0.2705,47.9048,17.630401611328125
2000-04-20,5.83,6.05,171.3,3.8,107.4499969482422,109.2,27.29,3.07,0.6413,0.2273,51.599,17.98613929748535
2000-04-24,5.86,5.9,171.3,3.8,107.27999877929688,109.2,27.41,3.12,0.6573,-0.1409,53.598,18.18535614013672
2000-04-25,5.95,5.99,171.3,3.8,108.69000244140624,109.2,26.41,3.18,0.6367,-0.3409,56.0839,18.44148063659668
2000-04-26,5.95,6.0,171.3,3.8,108.5500030517578,109.2,24.69,3.12,0.6187,0.0864,53.6782,18.242273330688477
2000-04-27,6.00,6.0,171.3,3.8,109.56999969482422,109.2,25.53,3.06,0.612,-0.2409,55.0158,18.370338439941406
2000-04-28,5.97,6.06,171.3,3.8,110.13999938964844,109.2,25.71,3.09,0.617,-0.425,47.1595,17.68732452392578
2000-05-01,5.98,6.17,171.5,4.0,109.62999725341795,110.7,25.84,3.16,0.5951,-0.0568,47.9861,17.758464813232422
2000-05-02,6.03,6.05,171.5,4.0,110.26000213623048,110.7,26.86,3.20,0.5779,-0.2568,48.6832,17.815387725830078
2000-05-03,6.11,6.05,171.5,4.0,111.26000213623048,110.7,26.60,3.18,0.56,-0.5546,46.6626,17.64463233947754
2000-05-04,6.19,6.05,171.5,4.0,111.8000030517578,110.7,27.08,3.09,0.5556,-0.1136,52.3431,18.099977493286133
2000-05-05,6.20,5.94,171.5,4.0,111.30999755859376,110.7,27.37,3.11,0.5372,0.2841,53.6715,18.213815689086914
2000-05-08,6.25,6.01,171.5,4.0,111.4499969482422,110.7,28.05,3.12,0.521,1.1228,54.8638,18.313413619995117
2000-05-09,6.22,5.92,171.5,4.0,110.75,110.7,28.46,3.25,0.5184,0.7387,51.6127,18.085756301879883
2000-05-10,6.18,5.95,171.5,4.0,110.8000030517578,110.7,28.10,3.20,0.525,0.9228,57.2347,18.555316925048828
2000-05-11,6.16,6.05,171.5,4.0,111.5199966430664,110.7,29.25,3.37,0.5252,0.9955,61.6176,18.98509407043457
2000-05-12,6.20,6.11,171.5,4.0,109.9000015258789,110.7,29.64,3.35,0.5081,0.5853,58.4442,18.777650833129883
2000-05-15,6.17,6.34,171.5,4.0,110.55999755859376,110.7,29.95,3.37,0.5066,0.6986,62.1208,19.142467498779297
2000-05-16,6.12,6.13,171.5,4.0,111.30999755859376,110.7,29.76,3.45,0.4939,0.8095,60.7545,19.056638717651367
2000-05-17,6.18,6.25,171.5,4.0,112.0999984741211,110.7,29.38,3.49,0.5035,0.2549,54.4123,18.627426147460938
2000-05-18,6.24,6.49,171.5,4.0,112.20999908447266,110.7,30.28,3.73,0.4911,0.9528,54.6034,18.64531707763672
2000-05-19,6.22,6.51,171.5,4.0,111.47000122070312,110.7,30.02,3.76,0.4917,0.9509,55.4647,18.713268280029297
2000-05-22,6.18,6.52,171.5,4.0,111.05999755859376,110.7,28.62,3.95,0.4923,1.2505,59.7424,19.070934295654297
2000-05-23,6.17,6.47,171.5,4.0,111.13999938964844,110.7,28.61,3.85,0.4887,1.3501,58.5391,18.999404907226562
2000-05-24,6.19,6.48,171.5,4.0,111.22000122070312,110.7,29.89,3.94,0.4763,0.8819,58.2944,18.98509407043457
2000-05-25,6.11,6.56,171.5,4.0,110.75,110.7,30.43,4.18,0.479,0.4255,52.3969,18.641738891601562
2000-05-26,6.06,6.4,171.5,4.0,109.12000274658205,110.7,29.76,4.29,0.4724,0.5403,55.4393,18.856340408325195
2000-05-30,6.09,6.71,171.5,4.0,108.93000030517578,110.7,30.36,4.35,0.4683,1.0234,58.8166,19.113861083984375
2000-05-31,6.02,6.83,171.5,4.0,108.73999786376952,110.7,29.03,4.52,0.4605,0.5118,58.0133,19.070934295654297
2000-06-01,5.95,6.65,172.4,4.0,109.0500030517578,106.4,30.19,4.39,0.4713,0.0,56.398,18.98509407043457
2000-06-02,5.94,6.44,172.4,4.0,108.12000274658205,106.4,30.34,4.21,0.508,-0.6466,43.2527,18.126686096191406
2000-06-05,5.91,6.51,172.4,4.0,107.45999908447266,106.4,29.87,4.17,0.484,-0.9871,43.7049,18.155303955078125
2000-06-06,5.91,6.47,172.4,4.0,106.58999633789062,106.4,29.78,4.48,0.5106,-0.2148,53.6487,18.84203338623047
2000-06-07,5.89,6.5,172.4,4.0,106.18000030517578,106.4,29.29,4.23,0.4996,-0.0571,49.914,18.570209503173828
2000-06-08,5.89,6.54,172.4,4.0,106.70999908447266,106.4,29.78,3.96,0.4833,-0.3176,46.7369,18.326988220214844
2000-06-09,5.89,6.47,172.4,4.0,106.98999786376952,106.4,30.22,4.14,0.4721,-0.5849,44.2695,18.126686096191406
2000-06-12,5.88,6.54,172.4,4.0,106.97000122070312,106.4,31.76,4.22,0.4792,-0.5849,49.4254,18.484359741210938
2000-06-13,5.94,6.46,172.4,4.0,106.4000015258789,106.4,32.73,4.27,0.4654,-0.4136,50.8077,18.584505081176758
2000-06-14,5.91,6.54,172.4,4.0,106.45999908447266,106.4,32.72,4.16,0.4739,-0.0708,55.1302,18.913564682006836
2000-06-15,5.93,6.7,172.4,4.0,106.87999725341795,106.4,32.70,4.38,0.4686,0.2285,54.4504,18.870651245117188
2000-06-16,5.88,6.46,172.4,4.0,105.95999908447266,106.4,32.35,4.45,0.4668,0.457,59.8893,19.314157485961914
2000-06-19,5.89,6.51,172.4,4.0,106.33000183105467,106.4,31.57,4.38,0.4642,0.128,58.6454,19.242616653442383
2000-06-20,5.90,6.49,172.4,4.0,106.33000183105467,106.4,33.07,4.02,0.4687,-0.0137,55.5028,19.056638717651367
2000-06-21,5.96,6.47,172.4,4.0,107.43000030517578,106.4,33.64,4.14,0.4782,0.2308,57.6165,19.21759033203125
2000-06-22,5.98,6.52,172.4,4.0,107.70999908447266,106.4,34.72,4.44,0.4889,0.7997,52.7585,18.927867889404297
2000-06-23,6.04,6.51,172.4,4.0,108.01000213623048,106.4,34.76,4.42,0.4713,0.8728,54.2104,19.028018951416016
2000-06-26,5.99,6.63,172.4,4.0,108.11000061035156,106.4,31.56,4.37,0.4611,0.2399,54.9892,19.081680297851562
2000-06-27,5.95,6.56,172.4,4.0,107.36000061035156,106.4,32.01,4.55,0.4557,0.2125,49.8306,18.784801483154297
2000-06-28,5.97,6.5,172.4,4.0,107.5999984741211,106.4,31.86,4.44,0.4407,0.473,50.102,18.799116134643555
2000-06-29,5.88,6.76,172.4,4.0,106.83999633789062,106.4,32.73,4.25,0.4276,0.4593,46.5022,18.588088989257812
2000-06-30,5.90,6.86,172.4,4.0,106.83999633789062,106.4,32.44,4.36,0.4544,-0.5141,37.9721,17.969318389892578
2000-07-03,5.87,7.03,172.8,4.0,107.05999755859376,108.3,.,4.36,0.4423,-0.3747,42.3973,18.20895004272461
2000-07-05,5.86,6.52,172.8,4.0,107.12000274658205,108.3,30.76,4.24,0.4595,-1.3001,35.5988,17.61163902282715
2000-07-06,5.91,6.51,172.8,4.0,107.37000274658205,108.3,30.19,4.02,0.4665,-0.9711,40.5182,17.89779281616211
2000-07-07,5.87,6.42,172.8,4.0,107.6500015258789,108.3,30.26,4.00,0.4557,-1.3389,41.7826,17.972888946533203
2000-07-10,5.88,6.51,172.8,4.0,107.01000213623048,108.3,29.51,4.19,0.4426,-1.3549,40.682,17.883472442626953
2000-07-11,5.89,6.39,172.8,4.0,107.13999938964844,108.3,29.61,4.17,0.4537,-0.6146,49.5915,18.441442489624023
2000-07-12,5.89,6.38,172.8,4.0,108.12000274658205,108.3,30.34,4.29,0.4531,-1.2201,43.894,17.99434471130371
2000-07-13,5.81,6.5,172.8,4.0,108.54000091552734,108.3,31.41,4.08,0.4412,-1.0716,42.2584,17.854860305786133
2000-07-14,5.88,6.51,172.8,4.0,108.4499969482422,108.3,31.31,4.17,0.4351,-1.2727,41.0696,17.754718780517578
2000-07-17,5.93,6.58,172.8,4.0,108.6999969482422,108.3,30.71,4.13,0.4429,-1.0533,45.5324,18.02655029296875
2000-07-18,5.92,6.47,172.8,4.0,109.37999725341795,108.3,31.94,3.99,0.4348,-0.8843,43.8495,17.89779281616211
2000-07-19,5.92,6.45,172.8,4.0,109.58999633789062,108.3,31.10,4.07,0.423,-0.786,45.7765,18.01223373413086
2000-07-20,5.81,6.52,172.8,4.0,108.61000061035156,108.3,30.94,3.86,0.4172,-0.7015,43.957,17.883472442626953
2000-07-21,5.79,6.51,172.8,4.0,108.41999816894533,108.3,28.56,3.88,0.4179,-0.313,40.8355,17.654563903808594
2000-07-24,5.81,6.52,172.8,4.0,108.69000244140624,108.3,27.97,3.74,0.4114,-0.5255,41.3735,17.68317413330078
2000-07-25,5.81,6.46,172.8,4.0,108.37999725341795,108.3,27.89,3.63,0.4207,-0.3564,35.8957,17.253976821899414
2000-07-26,5.82,6.49,172.8,4.0,108.11000061035156,108.3,27.81,3.59,0.4152,-0.457,39.6245,17.439964294433594
2000-07-27,5.78,6.52,172.8,4.0,108.88999938964844,108.3,28.21,3.75,0.464,0.4524,54.7181,18.42713165283203
2000-07-28,5.78,6.44,172.8,4.0,109.73999786376952,108.3,28.22,3.89,0.4522,0.4273,53.0609,18.31267738342285
2000-07-31,5.79,6.64,172.8,4.0,109.56999969482422,108.3,27.50,3.75,0.4516,-0.0845,53.6355,18.355600357055664
2000-08-01,5.74,6.51,172.8,4.1,110.0500030517578,107.3,27.85,3.78,0.4489,0.3176,52.9376,18.31267738342285
2000-08-02,5.77,6.42,172.8,4.1,110.66999816894533,107.3,28.27,4.05,0.4679,1.115,61.183,18.970796585083008
2000-08-03,5.74,6.45,172.8,4.1,110.9800033569336,107.3,28.92,4.23,0.4763,0.8865,55.9086,18.641738891601562
2000-08-04,5.72,6.44,172.8,4.1,110.8499984741211,107.3,29.94,4.25,0.478,0.674,56.6355,18.702543258666992
2000-08-07,5.76,6.46,172.8,4.1,110.8000030517578,107.3,28.93,4.39,0.4603,0.6169,53.6671,18.516559600830078
2000-08-08,5.73,6.44,172.8,4.1,111.31999969482422,107.3,29.26,4.46,0.4407,0.4821,53.3326,18.495094299316406
2000-08-09,5.73,6.48,172.8,4.1,111.44000244140624,107.3,30.38,4.48,0.4329,0.6695,54.2203,18.555892944335938
2000-08-10,5.68,6.52,172.8,4.1,110.9000015258789,107.3,31.09,4.43,0.4255,0.9848,55.551,18.642770767211914
2000-08-11,5.72,6.5,172.8,4.1,111.20999908447266,107.3,31.02,4.44,0.4188,1.0447,56.9073,18.729087829589844
2000-08-14,5.70,6.58,172.8,4.1,111.08000183105467,107.3,31.92,4.42,0.4154,1.743,60.8975,19.00240135192871
2000-08-15,5.72,6.63,172.8,4.1,110.51000213623048,107.3,31.43,4.24,0.4207,1.2708,55.0793,18.714691162109375
2000-08-16,5.73,6.48,172.8,4.1,110.26000213623048,107.3,31.91,4.24,0.4112,0.5318,58.7154,19.049158096313477
2000-08-17,5.72,6.47,172.8,4.1,110.11000061035156,107.3,31.88,4.35,0.4084,0.9746,63.0231,19.290096282958984
2000-08-18,5.69,6.44,172.8,4.1,111.01000213623048,107.3,31.97,4.38,0.4048,0.7313,58.9903,19.085115432739258
2000-08-21,5.71,6.48,172.8,4.1,111.45999908447266,107.3,32.42,4.60,0.3923,0.9033,60.7321,19.21817398071289
2000-08-22,5.71,6.42,172.8,4.1,111.79000091552734,107.3,31.24,4.80,0.3807,0.1603,58.9505,19.131868362426758
2000-08-23,5.68,6.5,172.8,4.1,111.41999816894533,107.3,31.23,4.67,0.3801,0.8041,63.2494,19.44832992553711
2000-08-24,5.67,6.56,172.8,4.1,111.2300033569336,107.3,33.41,4.53,0.3858,0.3863,56.0513,19.088703155517578
2000-08-25,5.67,6.54,172.8,4.1,111.3499984741211,107.3,34.01,4.55,0.3787,0.5713,56.0513,19.088703155517578
2000-08-28,5.72,6.57,172.8,4.1,111.45999908447266,107.3,32.92,4.62,0.3722,0.562,55.4415,19.059940338134766
2000-08-29,5.75,6.51,172.8,4.1,112.1999969482422,107.3,32.73,4.60,0.3579,0.436,54.0294,18.991607666015625
2000-08-30,5.74,6.51,172.8,4.1,112.13999938964844,107.3,33.25,4.61,0.3542,0.0827,48.6875,18.725488662719727
2000-08-31,5.67,6.65,172.8,4.1,112.5999984741211,107.3,33.09,4.76,0.3435,0.0597,49.9732,18.790225982666016
2000-09-01,5.67,6.52,173.7,3.9,111.41999816894533,106.8,33.42,4.70,0.3393,-0.0138,53.8021,18.988008499145508
2000-09-05,5.67,6.61,173.7,3.9,112.41000366210938,106.8,33.92,4.81,0.3315,0.4755,57.3955,19.18939971923828
2000-09-06,5.71,6.56,173.7,3.9,114.12000274658205,106.8,34.97,4.89,0.3252,0.1424,55.3919,19.10310173034668
2000-09-07,5.72,6.53,173.7,3.9,113.6500015258789,106.8,35.18,4.85,0.3215,-0.0138,58.4731,19.27570343017578
2000-09-08,5.70,6.5,173.7,3.9,114.33999633789062,106.8,33.62,4.74,0.3231,0.1286,57.0583,19.21817398071289
2000-09-11,5.73,6.5,173.7,3.9,115.37000274658205,106.8,35.14,4.85,0.3338,0.34,62.7971,19.5598087310791
2000-09-12,5.76,6.47,173.7,3.9,115.16999816894533,106.8,34.25,4.96,0.3377,0.6019,65.3887,19.73602867126465
2000-09-13,5.73,6.47,173.7,3.9,115.33999633789062,106.8,33.87,5.06,0.3228,0.3009,65.5899,19.750415802001953
2000-09-14,5.81,6.5,173.7,3.9,115.16000366210938,106.8,34.37,5.10,0.3162,0.5353,62.0922,19.624542236328125
2000-09-15,5.90,6.55,173.7,3.9,115.94000244140624,106.8,35.87,5.28,0.3692,1.507,73.854,20.253877639770508
2000-09-18,5.96,6.44,173.7,3.9,116.0,106.8,36.75,5.06,0.3716,1.5691,74.14,20.631479263305664
2000-09-19,5.92,6.4,173.7,3.9,116.11000061035156,106.8,36.96,5.22,0.3739,1.2589,65.1501,20.253877639770508
2000-09-20,5.97,6.5,173.7,3.9,116.41000366210938,106.8,37.22,5.24,0.3964,1.1808,58.199,19.90864372253418
2000-09-21,5.93,6.53,173.7,3.9,115.2699966430664,106.8,33.84,5.16,0.3898,1.0728,57.3641,19.865476608276367
2000-09-22,5.92,6.48,173.7,3.9,113.55999755859376,106.8,32.66,5.16,0.3926,0.9189,58.0128,19.90864372253418
2000-09-25,5.90,6.54,173.7,3.9,114.05999755859376,106.8,31.50,5.12,0.4005,0.5697,54.9786,19.761205673217773
2000-09-26,5.86,6.5,173.7,3.9,113.16000366210938,106.8,31.78,5.28,0.4039,0.8339,57.8359,19.93741798400879
2000-09-27,5.90,6.5,173.7,3.9,113.11000061035156,106.8,31.23,5.34,0.4221,1.2635,65.7914,20.541584014892578
2000-09-28,5.89,6.59,173.7,3.9,113.30999755859376,106.8,30.26,5.20,0.4136,1.2957,65.2349,20.51641082763672
2000-09-29,5.88,6.6,173.7,3.9,113.25,106.8,30.87,5.10,0.3995,0.9488,65.0732,20.509220123291016
2000-10-02,5.93,6.68,174.0,3.9,113.79000091552734,105.8,32.05,5.24,0.4133,1.3072,71.0699,21.045047760009766
2000-10-03,5.94,6.46,174.0,3.9,114.22000122070312,105.8,31.86,5.29,0.4023,1.1486,67.686,20.901203155517578
2000-10-04,5.95,6.51,174.0,3.9,114.16999816894533,105.8,30.91,5.22,0.4074,0.9143,60.0601,20.541584014892578
2000-10-05,5.91,6.54,174.0,3.9,114.73999786376952,105.8,30.66,5.21,0.408,-0.0712,59.7811,20.527193069458008
2000-10-06,5.85,6.43,174.0,3.9,114.8499984741211,105.8,30.86,5.04,0.4158,-0.0459,60.6022,20.584735870361328
2000-10-09,.,6.43,174.0,3.9,114.80999755859376,105.8,31.98,5.09,0.424,0.7191,65.7004,20.97312355041504
2000-10-10,5.83,6.57,174.0,3.9,114.36000061035156,105.8,33.29,5.16,0.4377,1.5645,70.9267,21.47659683227539
2000-10-11,5.83,6.46,174.0,3.9,114.48999786376952,105.8,33.20,5.10,0.4414,1.7092,71.8588,21.577293395996094
2000-10-12,5.82,6.47,174.0,3.9,114.88999938964844,105.8,36.06,5.54,0.4417,1.7528,72.6735,21.66359519958496
2000-10-13,5.80,6.46,174.0,3.9,115.86000061035156,105.8,34.96,5.43,0.4851,1.0659,55.9953,20.82927703857422
2000-10-16,5.81,6.59,174.0,3.9,116.38999938964844,105.8,33.18,5.34,0.5007,0.2711,47.3273,20.210729598999023
2000-10-17,5.77,6.45,174.0,3.9,115.88999938964844,105.8,33.36,5.27,0.505,-0.3308,47.3273,20.210729598999023
2000-10-18,5.77,6.53,174.0,3.9,117.33000183105467,105.8,33.51,5.36,0.5222,-0.5927,43.6831,19.923030853271484
2000-10-19,5.76,6.54,174.0,3.9,116.94000244140624,105.8,33.06,5.04,0.524,-0.5996,43.5099,19.90864372253418
2000-10-20,5.73,6.5,174.0,3.9,117.16000366210938,105.8,34.31,4.84,0.5215,-0.6892,50.3623,20.354572296142578
2000-10-23,5.68,6.53,174.0,3.9,117.54000091552734,105.8,34.90,4.82,0.518,-0.402,52.3516,20.49842071533203
2000-10-24,5.71,6.49,174.0,3.9,117.41999816894533,105.8,34.53,4.84,0.5426,-0.5743,45.0995,19.9661922454834
2000-10-25,5.75,6.53,174.0,3.9,118.48999786376952,105.8,33.62,4.64,0.5325,-0.4595,46.6165,20.066877365112305
2000-10-26,5.74,6.53,174.0,3.9,118.5,105.8,33.75,4.61,0.5232,-0.3882,48.5644,20.196340560913086
2000-10-27,5.74,6.51,174.0,3.9,117.38999938964844,105.8,32.78,4.48,0.5105,-0.8201,47.9254,20.15319061279297
2000-10-30,5.76,6.59,174.0,3.9,117.25,105.8,32.86,4.56,0.5109,-0.8891,54.3286,20.584735870361328
2000-10-31,5.79,6.59,174.0,3.9,116.6500015258789,105.8,32.70,4.37,0.5125,-1.0476,53.3884,20.527193069458008
2000-11-01,5.78,6.61,174.1,3.9,115.55999755859376,107.6,33.14,4.40,0.523,-0.4755,61.6029,21.18889808654785
2000-11-02,5.79,6.54,174.1,3.9,115.61000061035156,107.6,32.59,4.50,0.5501,-0.5307,49.0501,20.29704475402832
2000-11-03,5.86,6.48,174.1,3.9,114.97000122070312,107.6,32.62,4.64,0.5364,-0.0712,47.2033,20.138809204101562
2000-11-06,5.89,6.49,174.1,3.9,115.69000244140624,107.6,33.02,4.60,0.5372,0.2022,50.6541,20.412113189697266
2000-11-07,5.90,6.48,174.1,3.9,115.5199966430664,107.6,33.44,4.68,0.5275,0.5605,51.5427,20.484039306640625
2000-11-08,5.89,6.51,174.1,3.9,116.2300033569336,107.6,32.92,4.92,0.5236,0.9626,56.1756,20.872432708740234
2000-11-09,5.85,6.52,174.1,3.9,115.33999633789062,107.6,33.87,5.34,0.5367,0.4319,54.9372,20.786283493041992
2000-11-10,5.88,6.48,174.1,3.9,115.79000091552734,107.6,34.05,5.24,0.517,0.2156,53.8266,20.714000701904297
2000-11-13,5.85,6.55,174.1,3.9,115.6999969482422,107.6,34.30,5.59,0.5275,0.834,54.9902,20.800737380981445
2000-11-14,5.81,6.52,174.1,3.9,116.22000122070312,107.6,34.72,5.81,0.5136,0.7191,54.7556,20.786283493041992
2000-11-15,5.77,6.61,174.1,3.9,116.3499984741211,107.6,35.54,5.95,0.5017,0.7058,56.4243,20.90192413330078
2000-11-16,5.75,6.55,174.1,3.9,116.93000030517578,107.6,34.84,5.94,0.4947,0.821,57.4715,20.97419548034668
2000-11-17,5.78,6.48,174.1,3.9,117.30999755859376,107.6,35.62,5.62,0.479,0.3014,55.7042,20.887454986572266
2000-11-20,5.76,6.52,174.1,3.9,117.3499984741211,107.6,35.98,6.23,0.4716,0.6059,59.4825,21.133195877075195
2000-11-21,5.74,6.5,174.1,3.9,117.9499969482422,107.6,35.54,6.35,0.4905,0.3505,64.7745,21.537939071655273
2000-11-22,5.68,6.58,174.1,3.9,117.8499984741211,107.6,36.06,6.30,0.4926,1.4982,67.6836,21.798137664794922
2000-11-24,5.67,6.49,174.1,3.9,118.4800033569336,107.6,36.06,.,0.4698,1.7005,68.164,21.841501235961914
2000-11-27,5.71,6.5,174.1,3.9,117.0999984741211,107.6,36.24,6.24,0.4641,1.1247,61.3889,21.537939071655273
2000-11-28,5.67,6.46,174.1,3.9,116.58000183105467,107.6,34.02,5.90,0.4639,1.0374,61.0397,21.52347755432129
2000-11-29,5.66,6.5,174.1,3.9,116.61000061035156,107.6,34.58,5.93,0.5029,-0.302,44.8663,20.569454193115234
2000-11-30,5.60,6.62,174.1,3.9,115.23999786376952,107.6,33.61,6.31,0.5237,-0.434,42.1239,20.352622985839844
2000-12-01,5.64,6.6,174.0,3.9,114.7300033569336,98.4,32.06,6.53,0.511,-0.1731,45.2305,20.54055404663086
2000-12-04,5.66,6.57,174.0,3.9,113.70999908447266,98.4,31.28,7.41,0.5116,0.1731,51.7096,20.97419548034668
2000-12-05,5.59,6.51,174.0,3.9,114.47000122070312,98.4,29.25,8.03,0.5349,-0.3463,44.7108,20.43935775756836
2000-12-06,5.52,6.48,174.0,3.9,113.30999755859376,98.4,30.24,8.75,0.5411,-0.9534,39.4135,19.94788932800293
2000-12-07,5.51,6.49,174.0,3.9,113.54000091552734,98.4,29.36,8.48,0.5519,-0.621,45.1621,20.352622985839844
2000-12-08,5.55,6.47,174.0,3.9,114.0500030517578,98.4,28.31,8.13,0.5537,-0.4178,46.7177,20.468259811401367
2000-12-11,5.54,6.49,174.0,3.9,114.29000091552734,98.4,29.75,9.96,0.5646,-1.2997,39.9974,19.83224868774414
2000-12-12,5.53,6.43,174.0,3.9,114.26000213623048,98.4,29.81,8.58,0.5511,-1.5167,42.6158,20.020166397094727
2000-12-13,5.48,6.47,174.0,3.9,114.70999908447266,98.4,28.75,7.80,0.5406,-1.5144,46.1465,20.280353546142578
2000-12-14,5.45,6.53,174.0,3.9,113.37999725341795,98.4,28.06,7.48,0.5442,-2.0638,40.895,19.774425506591797
2000-12-15,5.44,6.58,174.0,3.9,112.9000015258789,98.4,28.86,8.03,0.5444,-2.0777,37.983,19.456409454345703
2000-12-18,5.44,6.5,174.0,3.9,113.06999969482422,98.4,29.52,9.28,0.552,-1.5421,44.9199,19.976802825927734
2000-12-19,5.47,6.47,174.0,3.9,113.20999908447266,98.4,29.34,9.11,0.5517,-0.404,47.2092,20.16471290588379
2000-12-20,5.42,6.47,174.0,3.9,111.97000122070312,98.4,25.83,9.95,0.5514,-0.6487,42.5109,19.70215606689453
2000-12-21,5.41,6.48,174.0,3.9,111.51000213623048,98.4,26.06,10.49,0.545,-0.9373,41.5317,19.600976943969727
2000-12-22,5.40,6.44,174.0,3.9,110.81999969482422,98.4,26.16,10.48,0.5441,-0.8957,47.6158,20.07798194885254
2000-12-26,5.41,6.58,174.0,3.9,110.30999755859376,98.4,27.00,10.23,0.5382,0.0416,52.1692,20.48273468017578
2000-12-27,5.45,6.53,174.0,3.9,110.31999969482422,98.4,26.55,9.58,0.5348,0.3463,50.0027,20.294811248779297
2000-12-28,5.44,6.53,174.0,3.9,110.37999725341795,98.4,25.82,9.22,0.515,-0.2586,47.7108,20.092432022094727
2000-12-29,5.46,5.41,174.0,3.9,109.55999755859376,98.4,26.72,10.48,0.5112,-0.3601,47.8882,20.10689353942871
2001-01-02,5.35,6.67,175.1,4.2,108.7699966430664,94.7,27.29,9.97,0.5222,0.7803,54.0199,20.612815856933594
2001-01-03,5.49,6.35,175.1,4.2,110.16999816894533,94.7,27.93,9.71,0.5591,-0.3024,44.1159,19.71660614013672
2001-01-04,5.44,5.92,175.1,4.2,108.80999755859376,94.7,27.95,9.45,0.582,-1.1104,39.368,19.167325973510742
2001-01-05,5.41,5.83,175.1,4.2,108.41999816894533,94.7,28.02,10.03,0.5775,-0.5194,40.4456,19.25404930114746
2001-01-08,5.42,5.98,175.1,4.2,108.86000061035156,94.7,27.44,10.31,0.56,-0.2886,39.686,19.167325973510742
2001-01-09,5.43,5.95,175.1,4.2,109.5199966430664,94.7,27.72,9.95,0.5438,-1.0111,37.8646,18.964954376220703
2001-01-10,5.49,6.06,175.1,4.2,109.86000061035156,94.7,29.42,9.91,0.5379,-1.429,35.851,18.733665466308594
2001-01-11,5.55,6.05,175.1,4.2,109.01000213623048,94.7,29.42,8.95,0.5305,-0.7941,38.4929,18.907136917114258
2001-01-12,5.63,5.98,175.1,4.2,109.36000061035156,94.7,30.07,8.75,0.5266,-0.4479,42.1209,19.15286636352539
2001-01-16,5.60,6.2,175.1,4.2,110.11000061035156,94.7,30.19,8.16,0.526,-1.1543,39.7394,18.921581268310547
2001-01-17,5.52,5.94,175.1,4.2,110.80999755859376,94.7,29.77,7.85,0.5244,-1.9184,36.2922,18.560213088989258
2001-01-18,5.47,5.93,175.1,4.2,109.94000244140624,94.7,30.42,7.09,0.5138,-1.99,34.0111,18.300020217895508
2001-01-19,5.56,5.92,175.1,4.2,110.66000366210938,94.7,32.12,7.61,0.4968,-1.7176,35.2247,18.37229347229004
2001-01-22,5.61,6.0,175.1,4.2,110.23999786376952,94.7,32.21,7.70,0.484,-1.5444,38.4118,18.560213088989258
2001-01-23,5.65,5.97,175.1,4.2,110.23999786376952,94.7,31.66,7.02,0.4793,-1.6899,44.115,18.921581268310547
2001-01-24,5.67,6.05,175.1,4.2,111.68000030517578,94.7,31.46,6.81,0.4698,-0.8357,43.6132,18.878225326538086
2001-01-25,5.61,6.1,175.1,4.2,111.61000061035156,94.7,31.61,6.81,0.4557,-0.0877,46.7653,19.080585479736328
2001-01-26,5.64,5.96,175.1,4.2,111.45999908447266,94.7,29.79,7.00,0.454,-0.5194,42.3677,18.733665466308594
2001-01-29,5.69,5.98,175.1,4.2,111.7699966430664,94.7,29.07,6.76,0.4465,-0.6187,40.1966,18.548643112182617
2001-01-30,5.59,5.9,175.1,4.2,110.9800033569336,94.7,29.12,5.96,0.4517,-0.0046,46.7366,18.9603271484375
2001-01-31,5.54,5.74,175.1,4.2,110.5199966430664,94.7,28.62,5.83,0.459,0.7272,53.4238,19.46219825744629
2001-02-01,5.46,5.57,175.8,4.2,109.66000366210938,90.6,29.88,5.82,0.4485,0.4017,51.3137,19.30955696105957
2001-02-02,5.51,5.5,175.8,4.2,110.31999969482422,90.6,31.27,6.76,0.4428,0.0416,49.7117,19.193918228149414
2001-02-05,5.48,5.52,175.8,4.2,109.88999938964844,90.6,30.55,6.15,0.446,0.6903,55.168,19.612545013427734
2001-02-06,5.51,5.48,175.8,4.2,110.7699966430664,90.6,30.27,5.59,0.4365,0.9442,53.577,19.506149291992188
2001-02-07,5.52,5.5,175.8,4.2,110.88999938964844,90.6,31.27,5.67,0.4276,1.3089,54.9754,19.613094329833984
2001-02-08,5.44,5.5,175.8,4.2,112.05999755859376,90.6,31.57,6.24,0.4202,1.2699,55.4178,19.645647048950195
2001-02-09,5.38,5.44,175.8,4.2,111.5199966430664,90.6,30.93,6.24,0.4259,1.3985,59.5738,19.961822509765625
2001-02-12,5.42,5.48,175.8,4.2,111.19000244140624,90.6,30.52,5.74,0.41,1.0151,59.1373,19.938579559326172
2001-02-13,5.43,5.46,175.8,4.2,111.95999908447266,90.6,30.12,5.58,0.4033,0.8316,54.9324,19.71305274963379
2001-02-14,5.44,5.5,175.8,4.2,112.04000091552734,90.6,29.55,5.89,0.3985,0.4312,51.4402,19.513126373291016
2001-02-15,5.50,5.57,175.8,4.2,113.1999969482422,90.6,28.96,5.35,0.4095,0.4456,46.1828,19.180654525756836
2001-02-16,5.46,5.46,175.8,4.2,112.26000213623048,90.6,29.22,5.57,0.4174,0.983,51.8196,19.534038543701172
2001-02-20,5.46,5.57,175.8,4.2,112.81999969482422,90.6,28.60,5.17,0.4164,0.5211,50.9872,19.48289680480957
2001-02-21,5.49,5.5,175.8,4.2,113.12000274658205,90.6,28.64,5.20,0.4148,-0.0449,49.8888,19.417800903320312
2001-02-22,5.52,5.52,175.8,4.2,113.33999633789062,90.6,28.52,5.11,0.4018,0.2676,52.5988,19.578222274780273
2001-02-23,5.49,5.46,175.8,4.2,112.02999877929688,90.6,28.83,5.05,0.3971,0.2183,49.6249,19.41315269470215
2001-02-26,5.45,5.55,175.8,4.2,112.7699966430664,90.6,28.27,5.07,0.3911,-0.13,50.8884,19.48289680480957
2001-02-27,5.34,5.49,175.8,4.2,112.33999633789062,90.6,28.26,5.07,0.3997,-0.3718,44.8333,19.1341552734375
2001-02-28,5.34,5.59,175.8,4.2,112.01000213623048,90.6,27.35,5.25,0.4053,-0.7681,40.5077,18.843544006347656
2001-03-01,5.29,5.59,176.2,4.3,111.27999877929688,91.5,27.78,5.25,0.405,-0.7194,42.1895,18.924917221069336
2001-03-02,5.38,5.52,176.2,4.3,111.16999816894533,91.5,27.89,5.06,0.417,-0.615,50.0534,19.34572410583496
2001-03-05,5.36,5.52,176.2,4.3,111.54000091552734,91.5,28.61,5.32,0.4126,-0.4432,52.5131,19.49452018737793
2001-03-06,5.38,5.39,176.2,4.3,111.1999969482422,91.5,28.40,5.27,0.4013,-0.2761,51.4473,19.436399459838867
2001-03-07,5.32,5.34,176.2,4.3,111.83000183105467,91.5,28.95,5.22,0.3883,0.065,53.9056,19.578222274780273
2001-03-08,5.30,5.46,176.2,4.3,111.48999786376952,91.5,28.31,5.25,0.391,0.7774,59.799,19.95950698852539
2001-03-09,5.32,5.42,176.2,4.3,111.44000244140624,91.5,27.97,5.13,0.3835,0.4572,60.2661,19.99205207824707
2001-03-12,5.31,5.5,176.2,4.3,112.01000213623048,91.5,27.91,4.98,0.3932,-0.0093,50.2517,19.473590850830078
2001-03-13,5.34,5.5,176.2,4.3,113.11000061035156,91.5,27.45,5.08,0.3863,-0.0511,48.4627,19.366649627685547
2001-03-14,5.28,5.48,176.2,4.3,113.6999969482422,91.5,26.49,4.99,0.3811,-0.3643,45.936,19.21320343017578
2001-03-15,5.29,5.52,176.2,4.3,114.70999908447266,91.5,26.56,5.27,0.392,-0.1276,47.3252,19.28528594970703
2001-03-16,5.28,5.4,176.2,4.3,115.31999969482422,91.5,26.68,5.27,0.3851,-0.4873,42.5746,18.99466323852539
2001-03-19,5.30,5.38,176.2,4.3,115.1999969482422,91.5,26.17,5.27,0.3839,-0.2413,41.014,18.892364501953125
2001-03-20,5.27,5.14,176.2,4.3,114.11000061035156,91.5,25.99,5.27,0.3906,-0.0905,38.9189,18.752864837646484
2001-03-21,5.28,5.05,176.2,4.3,115.52999877929688,91.5,26.43,5.16,0.3903,-0.369,36.1051,18.555246353149414
2001-03-22,5.25,5.04,176.2,4.3,116.3000030517578,91.5,26.19,5.16,0.4428,-1.2786,30.2571,18.064685821533203
2001-03-23,5.30,4.94,176.2,4.3,115.94000244140624,91.5,27.31,5.16,0.435,-1.6128,28.3802,17.878698348999023
2001-03-26,5.36,5.03,176.2,4.3,115.20999908447266,91.5,27.40,5.23,0.4344,-1.2415,35.636,18.19255828857422
2001-03-27,5.45,5.04,176.2,4.3,115.43000030517578,91.5,27.62,5.47,0.4507,-0.8284,46.0556,18.748226165771484
2001-03-28,5.47,5.05,176.2,4.3,116.01000213623048,91.5,26.43,5.60,0.4655,-1.6708,40.2176,18.285560607910156
2001-03-29,5.48,5.19,176.2,4.3,116.5999984741211,91.5,26.47,5.31,0.4538,-1.7868,39.2484,18.20185661315918
2001-03-30,5.46,5.29,176.2,4.3,117.37000274658205,91.5,26.37,5.35,0.4663,-0.6405,49.1778,18.831911087036133
2001-04-02,5.49,5.3,176.9,4.4,117.33999633789062,88.4,25.70,5.25,0.4702,-0.8586,45.0788,18.506423950195312
2001-04-03,5.48,5.1,176.9,4.4,115.62999725341795,88.4,26.65,5.25,0.4797,-1.1,40.6482,18.111194610595703
2001-04-04,5.50,5.01,176.9,4.4,115.08000183105467,88.4,27.16,5.24,0.4767,-0.9862,43.4642,18.297183990478516
2001-04-05,5.53,5.04,176.9,4.4,115.47000122070312,88.4,27.24,5.27,0.4806,-0.1787,50.5127,18.81563377380371
2001-04-06,5.46,4.94,176.9,4.4,114.75,88.4,27.07,5.33,0.496,0.1949,53.7694,19.087661743164062
2001-04-09,5.50,4.98,176.9,4.4,115.20999908447266,88.4,27.45,5.45,0.4792,0.4293,54.8897,19.1829833984375
2001-04-10,5.63,4.96,176.9,4.4,116.0199966430664,88.4,28.47,5.55,0.4778,0.9723,58.7973,19.529394149780273
2001-04-11,5.60,4.95,176.9,4.4,116.12999725341795,88.4,28.42,5.45,0.4834,0.9839,52.0803,19.050460815429688
2001-04-12,5.61,5.02,176.9,4.4,115.54000091552734,88.4,28.75,5.32,0.4713,1.1835,52.2514,19.064403533935547
2001-04-16,5.70,5.17,176.9,4.4,116.18000030517578,88.4,28.81,5.48,0.4804,1.462,58.9585,19.657278060913086
2001-04-17,5.65,4.99,176.9,4.4,116.45999908447266,88.4,27.89,5.36,0.4674,0.9445,59.3444,19.6944637298584
2001-04-18,5.65,4.67,176.9,4.4,116.12999725341795,88.4,27.83,5.15,0.4622,1.5037,60.397,19.792102813720703
2001-04-19,5.77,4.47,176.9,4.4,115.0199966430664,88.4,27.92,5.06,0.4542,1.4295,57.7882,19.634016036987305
2001-04-20,5.79,4.38,176.9,4.4,114.31999969482422,88.4,27.00,5.00,0.4399,0.9677,59.7697,19.801410675048828
2001-04-23,5.73,4.4,176.9,4.4,114.7699966430664,88.4,26.97,5.09,0.4559,1.9493,66.4383,20.459365844726562
2001-04-24,5.75,4.41,176.9,4.4,115.1999969482422,88.4,25.24,5.13,0.4531,2.2254,64.3676,20.340791702270508
2001-04-25,5.78,4.54,176.9,4.4,114.9800033569336,88.4,25.93,4.98,0.4595,2.4111,67.7622,20.712783813476562
2001-04-26,5.71,4.57,176.9,4.4,114.45999908447266,88.4,28.47,4.92,0.4433,1.8379,66.7352,20.656978607177734
2001-04-27,5.81,4.51,176.9,4.4,115.62000274658205,88.4,28.35,4.83,0.4292,1.6151,67.2036,20.705808639526367
2001-04-30,5.78,4.67,176.9,4.4,115.8499984741211,88.4,28.48,4.73,0.4206,1.4132,65.0431,20.598854064941406
2001-05-01,5.75,4.61,177.7,4.3,115.3000030517578,92.0,28.37,4.55,0.4053,1.1139,65.5615,20.645360946655273
2001-05-02,5.71,4.35,177.7,4.3,115.16000366210938,92.0,27.89,4.54,0.4185,1.0582,55.3888,20.11062240600586
2001-05-03,5.64,4.48,177.7,4.3,115.37999725341795,92.0,28.66,4.46,0.4109,0.9514,53.8247,20.017616271972656
2001-05-04,5.65,4.41,177.7,4.3,114.93000030517578,92.0,28.41,4.50,0.4096,0.6962,58.4097,20.354747772216797
2001-05-07,5.68,4.47,177.7,4.3,115.31999969482422,92.0,27.79,4.33,0.4064,0.8076,60.2843,20.503541946411133
2001-05-08,5.72,4.41,177.7,4.3,116.08000183105467,92.0,27.35,4.22,0.403,0.8377,61.8746,20.631404876708984
2001-05-09,5.67,4.43,177.7,4.3,116.0500030517578,92.0,28.39,4.15,0.391,1.2229,64.595,20.8592529296875
2001-05-10,5.75,4.51,177.7,4.3,116.37000274658205,92.0,28.50,4.17,0.3855,0.782,59.1245,20.58355712890625
2001-05-11,5.88,4.47,177.7,4.3,116.83999633789062,92.0,28.59,4.25,0.3822,0.018,57.0848,20.47609519958496
2001-05-14,5.85,4.43,177.7,4.3,117.13999938964844,92.0,28.83,4.28,0.3849,0.4675,61.5003,20.807849884033203
2001-05-15,5.89,4.22,177.7,4.3,116.79000091552734,92.0,28.90,4.46,0.3722,0.1872,62.6373,20.89897346496582
2001-05-16,5.86,4.04,177.7,4.3,116.13999938964844,92.0,28.77,4.46,0.3616,0.2546,62.789,20.910654067993164
2001-05-17,5.80,4.04,177.7,4.3,116.12000274658205,92.0,29.02,4.20,0.3563,0.0263,58.827,20.73075294494629
2001-05-18,5.76,3.95,177.7,4.3,116.41000366210938,92.0,29.90,4.15,0.3561,0.4758,63.555,21.074195861816406
2001-05-21,5.75,4.02,177.7,4.3,116.5199966430664,92.0,29.96,4.14,0.3628,0.0913,56.6452,20.735424041748047
2001-05-22,5.78,3.99,177.7,4.3,117.69000244140624,92.0,29.75,4.04,0.3459,0.639,56.8543,20.749433517456055
2001-05-23,5.79,3.97,177.7,4.3,118.29000091552734,92.0,28.85,4.11,0.3517,0.3727,50.1682,20.38963508605957
2001-05-24,5.87,3.98,177.7,4.3,118.36000061035156,92.0,27.97,4.12,0.3414,0.1901,52.7337,20.54384422302246
2001-05-25,5.86,3.94,177.7,4.3,118.18000030517578,92.0,28.08,3.83,0.3332,0.0812,53.3992,20.58355712890625
2001-05-29,5.86,4.09,177.7,4.3,118.22000122070312,92.0,28.76,3.86,0.333,-0.1164,52.0076,20.513463973999023
2001-05-30,5.86,4.05,177.7,4.3,118.22000122070312,92.0,28.71,3.66,0.3459,-0.0943,56.3744,20.763465881347656
2001-05-31,5.78,4.24,177.7,4.3,119.06999969482422,92.0,28.39,3.73,0.3385,0.1516,55.7616,20.735424041748047
2001-06-01,5.71,4.14,178.0,4.5,118.88999938964844,92.6,27.88,3.70,0.3298,0.3055,56.6082,20.782148361206055
2001-06-04,5.69,4.03,178.0,4.5,119.19000244140624,92.6,28.14,3.98,0.3379,0.4128,63.6501,21.221399307250977
2001-06-05,5.66,3.93,178.0,4.5,118.6999969482422,92.6,27.84,3.93,0.3444,0.4898,65.9305,21.38961410522461
2001-06-06,5.65,3.91,178.0,4.5,119.36000061035156,92.6,27.56,3.76,0.3586,-0.0233,54.8625,20.887292861938477
2001-06-07,5.72,3.92,178.0,4.5,119.08999633789062,92.6,27.91,3.68,0.3502,0.1049,53.866,20.835891723632812
2001-06-08,5.73,4.02,178.0,4.5,119.20999908447266,92.6,28.43,3.62,0.344,-0.1889,54.7116,20.884952545166016
2001-06-11,5.69,4.03,178.0,4.5,120.0500030517578,92.6,28.94,3.91,0.3394,0.2216,55.9939,20.957378387451172
2001-06-12,5.65,3.98,178.0,4.5,119.61000061035156,92.6,29.13,4.05,0.333,0.3055,57.7397,21.05550193786621
2001-06-13,5.66,4.04,178.0,4.5,119.02999877929688,92.6,28.81,4.13,0.3295,0.632,56.9289,21.02280044555664
2001-06-14,5.65,4.03,178.0,4.5,117.98999786376952,92.6,29.12,3.92,0.3298,0.2146,50.7365,20.758785247802734
2001-06-15,5.68,3.94,178.0,4.5,118.29000091552734,92.6,28.52,3.86,0.3317,0.1866,50.9905,20.770475387573242
2001-06-18,5.70,3.91,178.0,4.5,118.36000061035156,92.6,27.55,3.91,0.323,0.1679,48.9256,20.68167495727539
2001-06-19,5.69,3.91,178.0,4.5,119.04000091552734,92.6,27.49,3.96,0.3138,-0.112,48.2063,20.65129280090332
2001-06-20,5.67,3.98,178.0,4.5,119.12999725341795,92.6,26.52,3.83,0.3155,-0.2333,44.7202,20.501724243164062
2001-06-21,5.64,4.02,178.0,4.5,118.88999938964844,92.6,26.85,3.69,0.3213,-0.1213,48.9448,20.660642623901367
2001-06-22,5.58,3.98,178.0,4.5,118.91000366210938,92.6,27.02,3.68,0.3179,-0.4431,51.8582,20.77747917175293
2001-06-25,5.59,3.97,178.0,4.5,118.31999969482422,92.6,27.11,3.56,0.3137,-0.702,49.4862,20.686344146728516
2001-06-26,5.65,3.75,178.0,4.5,118.06999969482422,92.6,26.97,3.46,0.3016,-0.1912,49.7401,20.695695877075195
2001-06-27,5.62,3.68,178.0,4.5,118.37999725341795,92.6,25.67,3.39,0.3025,-0.4525,42.1044,20.38254737854004
2001-06-28,5.68,3.86,178.0,4.5,120.01000213623048,92.6,25.75,3.20,0.2986,-0.5948,40.1243,20.2890682220459
2001-06-29,5.75,3.95,178.0,4.5,119.43000030517578,92.6,26.37,2.91,0.2999,-0.5435,43.8897,20.412914276123047
2001-07-02,5.70,4.11,177.5,4.6,119.66999816894533,92.4,26.02,2.92,0.3027,-0.5598,46.2917,20.494701385498047
2001-07-03,5.73,3.69,177.5,4.6,119.5999984741211,92.4,26.28,3.00,0.295,-0.6111,44.1959,20.41058349609375
2001-07-05,5.76,3.72,177.5,4.6,120.9000015258789,92.4,27.07,3.09,0.2961,-0.4269,42.2505,20.331125259399414
2001-07-06,5.75,3.6,177.5,4.6,119.9000015258789,92.4,28.10,2.99,0.3,-0.4852,41.1043,20.284400939941406
2001-07-09,5.70,3.67,177.5,4.6,119.88999938964844,92.4,27.63,3.10,0.293,-0.4152,40.6295,20.26569175720215
2001-07-10,5.68,3.71,177.5,4.6,119.12999725341795,92.4,27.22,3.20,0.2883,-0.6088,35.3522,20.04134750366211
2001-07-11,5.69,3.78,177.5,4.6,118.63999938964844,92.4,27.07,3.21,0.2962,-0.6485,31.6203,19.852060317993164
2001-07-12,5.65,3.78,177.5,4.6,119.08999633789062,92.4,26.85,3.29,0.3053,-0.6905,36.1042,19.96891212463379
2001-07-13,5.64,3.75,177.5,4.6,119.33000183105467,92.4,26.57,3.15,0.311,-0.6835,40.554,20.09276580810547
2001-07-16,5.59,3.82,177.5,4.6,119.3000030517578,92.4,26.02,3.08,0.3126,-0.5902,40.638,20.095102310180664
2001-07-17,5.59,3.71,177.5,4.6,118.9000015258789,92.4,25.33,3.14,0.3176,-0.7605,36.7764,19.933862686157227
2001-07-18,5.52,3.73,177.5,4.6,117.37999725341795,92.4,24.65,3.15,0.3258,-0.6928,31.8211,19.688474655151367
2001-07-19,5.53,3.77,177.5,4.6,117.33000183105467,92.4,24.65,3.01,0.35,-0.154,46.0592,20.134828567504883
2001-07-20,5.54,3.8,177.5,4.6,117.20999908447266,92.4,25.67,2.97,0.3423,-0.147,49.396,20.26569175720215
2001-07-23,5.53,3.82,177.5,4.6,117.8499984741211,92.4,25.88,3.02,0.3702,-0.6298,41.0056,19.863744735717773
2001-07-24,5.52,3.82,177.5,4.6,117.12000274658205,92.4,26.18,3.00,0.4097,-1.2597,30.9375,19.148653030395508
2001-07-25,5.58,3.89,177.5,4.6,116.63999938964844,92.4,26.71,3.06,0.4281,-0.6392,42.4706,19.690814971923828
2001-07-26,5.59,3.87,177.5,4.6,116.73999786376952,92.4,26.74,3.26,0.4462,-0.3172,47.2919,19.966569900512695
2001-07-27,5.55,3.75,177.5,4.6,116.94000244140624,92.4,26.98,3.06,0.4506,-0.2939,47.3724,19.97124671936035
2001-07-30,5.53,3.79,177.5,4.6,117.1999969482422,92.4,26.60,3.28,0.4374,-0.2193,45.0036,19.82168197631836
2001-07-31,5.51,3.82,177.5,4.6,117.18000030517578,92.4,26.70,3.31,0.4442,-0.3336,40.5664,19.517887115478516
2001-08-01,5.53,3.79,177.5,4.9,116.55999755859376,91.5,26.83,3.27,0.4451,-0.5249,39.5331,19.44310188293457
2001-08-02,5.57,3.68,177.5,4.9,116.27999877929688,91.5,27.86,3.15,0.4303,-0.5878,40.8514,19.503870010375977
2001-08-03,5.59,3.69,177.5,4.9,116.13999938964844,91.5,27.51,3.06,0.4369,-0.8094,37.6551,19.28419303894043
2001-08-06,5.59,3.73,177.5,4.9,116.41999816894533,91.5,27.70,3.07,0.4264,-0.8398,35.0768,19.092567443847656
2001-08-07,5.60,3.69,177.5,4.9,116.83000183105467,91.5,28.17,3.16,0.4142,-0.3476,40.7267,19.34027862548828
2001-08-08,5.52,3.75,177.5,4.9,116.54000091552734,91.5,27.62,3.11,0.4166,-0.8538,39.8116,19.27952003479004
2001-08-09,5.54,3.77,177.5,4.9,115.25,91.5,27.72,3.10,0.4083,-1.0171,39.2995,19.246623992919922
2001-08-10,5.52,3.7,177.5,4.9,115.29000091552734,91.5,28.12,2.99,0.4143,-0.4282,43.775,19.434619903564453
2001-08-13,5.52,3.79,177.5,4.9,115.01000213623048,91.5,27.85,3.00,0.4025,0.3091,44.3276,19.458120346069336
2001-08-14,5.51,3.76,177.5,4.9,114.38999938964844,91.5,28.10,3.05,0.4032,-0.3494,42.0997,19.340625762939453
2001-08-15,5.52,3.83,177.5,4.9,113.19000244140624,91.5,27.51,3.15,0.4029,-0.4604,46.1782,19.505125045776367
2001-08-16,5.48,3.75,177.5,4.9,113.08000183105467,91.5,27.47,3.46,0.4003,-0.5636,44.1679,19.406429290771484
2001-08-17,5.43,3.66,177.5,4.9,112.98999786376952,91.5,26.65,3.24,0.4089,-0.799,37.3335,19.021026611328125
2001-08-20,5.46,3.64,177.5,4.9,113.4000015258789,91.5,27.20,3.17,0.3971,-0.3644,40.7073,19.152618408203125
2001-08-21,5.44,3.53,177.5,4.9,113.29000091552734,91.5,27.93,3.18,0.4006,-0.4587,37.8833,18.983415603637695
2001-08-22,5.44,3.51,177.5,4.9,113.2699966430664,91.5,27.17,3.20,0.4008,-0.3692,41.7515,19.133821487426758
2001-08-23,5.41,3.55,177.5,4.9,113.08999633789062,91.5,25.63,2.87,0.3966,-0.0655,43.869,19.21841812133789
2001-08-24,5.45,3.51,177.5,4.9,113.33000183105467,91.5,28.34,2.77,0.4011,0.5058,52.2763,19.59912109375
2001-08-27,5.47,3.54,177.5,4.9,113.38999938964844,91.5,26.69,2.61,0.3983,-0.0464,46.2851,19.293624877929688
2001-08-28,5.41,3.5,177.5,4.9,113.43000030517578,91.5,27.16,2.57,0.3943,-0.2391,41.9807,19.039812088012695
2001-08-29,5.36,3.5,177.5,4.9,113.54000091552734,91.5,27.07,2.46,0.3926,-0.2674,40.9923,18.978717803955078
2001-08-30,5.37,3.58,177.5,4.9,112.83999633789062,91.5,26.65,2.47,0.7104,-0.563,39.2325,18.870615005493164
2001-08-31,5.39,3.66,177.5,4.9,113.41999816894533,91.5,26.65,2.15,0.6858,-0.5865,39.2325,18.870615005493164
2001-09-04,5.50,3.67,178.3,5.0,115.68000030517578,81.8,26.94,2.23,0.677,-0.1877,46.2181,19.152618408203125
2001-09-05,5.48,3.49,178.3,5.0,115.5999984741211,81.8,27.03,2.34,0.6689,-0.1314,50.9726,19.37352180480957
2001-09-06,5.41,3.52,178.3,5.0,114.97000122070312,81.8,27.54,2.43,0.6513,-0.183,47.8697,19.223129272460938
2001-09-07,5.39,3.44,178.3,5.0,114.0500030517578,81.8,27.99,2.36,0.6362,0.2017,47.8697,19.223129272460938
2001-09-10,5.43,3.5,178.3,5.0,114.56999969482422,81.8,27.66,2.38,0.6226,0.2299,51.5072,19.38292121887207
2001-09-17,5.41,2.13,178.3,5.0,112.01000213623048,81.8,28.84,2.36,0.6345,-0.1126,41.5078,18.870615005493164
2001-09-18,5.55,1.25,178.3,5.0,111.91999816894533,81.8,27.81,2.18,0.6304,-0.5771,36.781,18.555706024169922
2001-09-19,5.56,1.19,178.3,5.0,111.61000061035156,81.8,26.73,2.13,0.6979,-1.1635,30.7572,18.052810668945312
2001-09-20,5.62,2.22,178.3,5.0,111.87000274658205,81.8,26.60,2.06,0.702,-2.1957,25.0237,17.39949607849121
2001-09-21,5.59,3.11,178.3,5.0,113.04000091552734,81.8,25.46,2.04,0.7203,-2.449,21.3537,16.84020233154297
2001-09-24,5.58,3.31,178.3,5.0,112.83999633789062,81.8,21.46,1.99,0.7174,-2.1816,21.6656,16.854307174682617
2001-09-25,5.58,3.11,178.3,5.0,112.27999877929688,81.8,21.63,1.94,0.7013,-1.9236,26.0853,17.05170440673828
2001-09-26,5.50,2.96,178.3,5.0,112.29000091552734,81.8,22.40,1.88,0.6905,-1.9423,25.1047,16.924808502197266
2001-09-27,5.45,3.08,178.3,5.0,112.9800033569336,81.8,22.80,1.90,0.7263,-0.8116,44.9846,18.057514190673828
2001-09-28,5.42,2.75,178.3,5.0,113.4800033569336,81.8,23.44,1.80,0.7139,-0.6334,50.7137,18.518112182617188
2001-10-01,5.38,3.02,177.7,5.3,113.0,82.7,23.12,1.74,0.7199,-0.9993,48.9763,18.37240982055664
2001-10-02,5.34,2.35,177.7,5.3,113.01000213623048,82.7,22.70,1.83,0.7151,-0.4269,53.9128,18.7954158782959
2001-10-03,5.32,2.27,177.7,5.3,113.4000015258789,82.7,22.17,1.97,0.6992,-0.4973,52.9926,18.724910736083984
2001-10-04,5.31,2.45,177.7,5.3,113.16000366210938,82.7,22.70,2.13,0.7039,-0.3096,56.901,19.072725296020508
2001-10-05,5.31,2.42,177.7,5.3,112.91000366210938,82.7,22.32,2.11,0.6981,0.2533,57.4671,19.124418258666992
2001-10-08,.,2.42,177.7,5.3,112.58999633789062,82.7,22.25,2.02,0.6898,0.685,58.7919,19.24192237854004
2001-10-09,5.39,2.5,177.7,5.3,113.3499984741211,82.7,22.55,2.11,0.6697,1.2433,59.4449,19.298311233520508
2001-10-10,5.36,2.42,177.7,5.3,113.6999969482422,82.7,22.51,2.22,0.6752,2.4678,65.4406,19.871726989746094
2001-10-11,5.41,2.42,177.7,5.3,114.44000244140624,82.7,23.49,2.41,0.6581,2.9369,63.8573,19.782424926757812
2001-10-12,5.42,2.39,177.7,5.3,113.88999938964844,82.7,22.49,2.28,0.6456,3.0167,64.8221,19.876432418823242
2001-10-15,5.38,2.51,177.7,5.3,113.81999969482422,82.7,22.37,2.26,0.629,2.5194,59.361,19.575620651245117
2001-10-16,5.35,2.47,177.7,5.3,113.91999816894533,82.7,22.01,2.51,0.6068,2.693,59.929,19.62261962890625
2001-10-17,5.32,2.51,177.7,5.3,114.37999725341795,82.7,21.89,2.61,0.5947,1.4169,57.2571,19.476917266845703
2001-10-18,5.32,2.5,177.7,5.3,114.3499984741211,82.7,21.33,2.39,0.5951,0.4692,49.3135,18.988117218017578
2001-10-19,5.36,2.47,177.7,5.3,114.86000061035156,82.7,21.99,2.31,0.5958,0.6803,50.3129,19.053930282592773
2001-10-22,5.36,2.52,177.7,5.3,115.75,82.7,21.78,2.61,0.5915,0.5302,54.3301,19.32652473449707
2001-10-23,5.38,2.48,177.7,5.3,115.8499984741211,82.7,21.28,2.82,0.5847,0.4832,52.3649,19.209022521972656
2001-10-24,5.32,2.53,177.7,5.3,115.5999984741211,82.7,22.00,2.67,0.5795,-0.3378,45.2443,18.73431396484375
2001-10-25,5.28,2.54,177.7,5.3,115.5500030517578,82.7,21.75,3.15,0.5813,-0.061,50.2896,19.063322067260742
2001-10-26,5.27,2.51,177.7,5.3,115.6500015258789,82.7,22.07,3.06,0.57,0.0563,53.5797,19.298311233520508
2001-10-29,5.25,2.55,177.7,5.3,114.44000244140624,82.7,22.10,3.21,0.5487,-0.1783,50.8264,19.119722366333008
2001-10-30,5.22,2.55,177.7,5.3,114.3499984741211,82.7,21.83,3.11,0.5567,-1.323,43.1584,18.546310424804688
2001-10-31,4.89,2.66,177.7,5.3,114.86000061035156,82.7,21.20,3.07,0.5518,-1.2386,43.101,18.541614532470703
2001-11-01,4.79,2.61,177.4,5.5,114.45999908447266,83.9,20.47,2.99,0.562,-0.8445,50.4776,19.03041648864746
2001-11-02,4.96,2.43,177.4,5.5,114.54000091552734,83.9,20.24,2.93,0.5594,-0.8867,45.9723,18.68732452392578
2001-11-05,4.86,2.45,177.4,5.5,114.54000091552734,83.9,20.00,2.87,0.556,-1.1072,43.8367,18.5134220123291
2001-11-06,4.86,2.13,177.4,5.5,114.80999755859376,83.9,19.93,2.72,0.5575,-0.9242,44.4377,18.551008224487305
2001-11-07,4.79,2.04,177.4,5.5,114.9800033569336,83.9,20.11,2.73,0.5473,-0.5114,43.4365,18.475374221801758
2001-11-08,4.87,2.03,177.4,5.5,115.12999725341795,83.9,21.21,2.68,0.5271,-0.3789,46.842,18.673938751220703
2001-11-09,4.88,1.98,177.4,5.5,115.08999633789062,83.9,22.23,2.61,0.5198,-0.297,52.3581,19.028499603271484
2001-11-12,.,1.98,177.4,5.5,115.33999633789062,83.9,21.26,2.45,0.5113,-0.2694,50.9167,18.938674926757812
2001-11-13,4.92,2.1,177.4,5.5,116.4000015258789,83.9,21.56,2.38,0.4977,0.4121,54.0702,19.146690368652344
2001-11-14,5.02,2.16,177.4,5.5,116.1999969482422,83.9,19.63,2.29,0.5323,-0.7658,42.1419,18.29572868347168
2001-11-15,5.22,2.22,177.4,5.5,116.51000213623048,83.9,17.50,1.99,0.5586,-1.713,35.1387,17.581863403320312
2001-11-16,5.30,1.98,177.4,5.5,116.41000366210938,83.9,18.09,1.69,0.5417,-1.3695,37.7221,17.74732780456543
2001-11-19,5.22,2.01,177.4,5.5,116.93000030517578,83.9,17.74,2.08,0.5293,-1.0473,35.4214,17.496767044067383
2001-11-20,5.30,1.97,177.4,5.5,116.62000274658205,83.9,18.71,2.55,0.5397,-0.5942,42.2236,17.945886611938477
2001-11-21,5.35,1.93,177.4,5.5,117.1500015258789,83.9,18.38,1.91,0.5315,-1.1199,41.8241,17.908056259155273
2001-11-23,5.39,1.88,177.4,5.5,117.33000183105467,83.9,.,.,0.5353,-0.5132,45.6974,18.17281723022461
2001-11-26,5.39,2.04,177.4,5.5,117.11000061035156,83.9,18.69,1.79,0.5338,-0.6558,42.087,17.85606575012207
2001-11-27,5.37,2.01,177.4,5.5,116.88999938964844,83.9,19.57,1.87,0.527,-0.8915,39.9558,17.657508850097656
2001-11-28,5.36,2.04,177.4,5.5,116.16999816894533,83.9,19.37,2.30,0.5103,-0.9344,38.6997,17.5393123626709
2001-11-29,5.24,2.09,177.4,5.5,116.12999725341795,83.9,18.55,2.19,0.4937,-0.9674,41.4738,17.70477867126465
2001-11-30,5.27,2.06,177.4,5.5,116.12999725341795,83.9,19.46,1.83,0.4756,-1.345,41.1871,17.681148529052734
2001-12-03,5.26,2.05,176.7,5.7,115.95999908447266,88.8,20.27,2.10,0.4808,-1.1326,43.3794,17.804059982299805
2001-12-04,5.22,1.93,176.7,5.7,116.08000183105467,88.8,19.71,2.00,0.4724,-1.0335,48.5435,18.111352920532227
2001-12-05,5.35,1.89,176.7,5.7,116.41000366210938,88.8,19.62,1.89,0.4602,0.0849,52.6241,18.380826950073242
2001-12-06,5.47,1.87,176.7,5.7,115.62999725341795,88.8,18.69,1.81,0.4806,0.0661,42.7062,17.64804458618164
2001-12-07,5.60,1.92,176.7,5.7,116.1500015258789,88.8,19.08,2.11,0.4783,0.2501,47.7675,17.997888565063477
2001-12-10,5.58,1.9,176.7,5.7,116.26000213623048,88.8,18.32,2.28,0.4637,0.2548,44.7743,17.752063751220703
2001-12-11,5.55,1.8,176.7,5.7,116.0500030517578,88.8,18.04,2.58,0.4744,-0.5427,40.8513,17.40221405029297
2001-12-12,5.47,1.81,176.7,5.7,115.33000183105467,88.8,18.38,2.57,0.4651,-0.2171,45.1199,17.69059181213379
2001-12-13,5.53,1.86,176.7,5.7,115.8000030517578,88.8,18.20,2.40,0.472,-0.9438,40.1116,17.227298736572266
2001-12-14,5.59,1.88,176.7,5.7,114.93000030517578,88.8,19.31,2.40,0.4639,-0.4294,43.0302,17.425851821899414
2001-12-17,5.61,1.93,176.7,5.7,114.93000030517578,88.8,19.28,2.40,0.4638,0.0566,47.0652,17.7142333984375
2001-12-18,5.52,1.71,176.7,5.7,115.1500015258789,88.8,19.38,2.40,0.4421,0.2124,47.5895,17.752063751220703
2001-12-19,5.45,1.71,176.7,5.7,115.4800033569336,88.8,19.37,2.40,0.4473,0.4247,52.6408,18.130260467529297
2001-12-20,5.43,1.79,176.7,5.7,115.58999633789062,88.8,18.67,2.40,0.4362,0.4247,52.3015,18.106626510620117
2001-12-21,5.45,1.78,176.7,5.7,116.9800033569336,88.8,19.30,2.40,0.4445,0.3964,53.5901,18.2011775970459
2001-12-24,5.49,1.68,176.7,5.7,117.94000244140624,88.8,.,.,0.4448,0.3256,56.7367,18.437543869018555
2001-12-26,5.52,1.89,176.7,5.7,117.8499984741211,88.8,21.32,2.40,0.4568,0.3398,60.222,18.721202850341797
2001-12-27,5.49,1.85,176.7,5.7,117.56999969482422,88.8,21.07,2.40,0.4475,1.1609,61.2856,18.811038970947266
2001-12-28,5.54,1.54,176.7,5.7,117.26000213623048,88.8,20.42,2.40,0.4303,0.807,61.1929,18.806304931640625
2001-12-31,5.48,1.52,176.7,5.7,116.75,88.8,19.96,2.40,0.4279,0.8259,56.7534,18.57938575744629
2002-01-02,5.56,1.92,177.1,5.7,115.79000091552734,93.0,21.13,2.55,0.4209,1.3167,58.7669,18.721202850341797
2002-01-03,5.54,1.72,177.1,5.7,116.11000061035156,93.0,20.65,2.58,0.4101,1.0571,59.1762,18.74958038330078
2002-01-04,5.57,1.61,177.1,5.7,116.33000183105467,93.0,21.47,2.58,0.3966,1.68,61.5083,18.91031265258789
2002-01-07,5.49,1.61,177.1,5.7,116.33000183105467,93.0,21.42,2.58,0.3885,1.3167,57.845,18.744850158691406
2002-01-08,5.51,1.61,177.1,5.7,116.83000183105467,93.0,20.82,2.39,0.3773,1.0524,58.2278,18.768482208251953
2002-01-09,5.51,1.74,177.1,5.7,117.01000213623048,93.0,20.32,2.31,0.3797,0.7975,53.422,18.55101203918457
2002-01-10,5.42,1.81,177.1,5.7,116.87999725341795,93.0,20.48,2.32,0.3765,0.4908,54.734,18.621929168701172
2002-01-11,5.37,1.71,177.1,5.7,116.63999938964844,93.0,19.67,2.32,0.3884,0.0944,46.3856,18.2011775970459
2002-01-14,5.38,1.78,177.1,5.7,116.63999938964844,93.0,18.88,2.32,0.3842,0.0661,47.736,18.267358779907227
2002-01-15,5.34,1.75,177.1,5.7,117.29000091552734,93.0,18.99,2.32,0.3875,0.1416,53.6616,18.57938575744629
2002-01-16,5.36,1.69,177.1,5.7,117.58999633789062,93.0,18.96,2.38,0.3881,-0.5191,46.7436,18.2011775970459
2002-01-17,5.41,1.68,177.1,5.7,117.8499984741211,93.0,18.20,2.40,0.3782,-0.5427,48.0068,18.267358779907227
2002-01-18,5.36,1.71,177.1,5.7,117.51000213623048,93.0,18.02,2.28,0.3704,-0.6513,45.9928,18.15389060974121
2002-01-22,5.39,1.84,177.1,5.7,117.75,93.0,18.36,2.28,0.3942,-0.6041,42.9222,17.974252700805664
2002-01-23,5.48,1.81,177.1,5.7,118.47000122070312,93.0,19.10,2.28,0.4048,-0.3303,51.0691,18.390281677246094
2002-01-24,5.47,1.8,177.1,5.7,118.63999938964844,93.0,19.57,2.13,0.3921,-0.4059,50.1923,18.34300422668457
2002-01-25,5.47,1.78,177.1,5.7,119.8499984741211,93.0,19.80,2.03,0.3958,-0.3964,53.3005,18.51319122314453
2002-01-28,5.47,1.79,177.1,5.7,120.04000091552734,93.0,20.05,2.03,0.4066,-0.3256,51.3821,18.418636322021484
2002-01-29,5.40,1.78,177.1,5.7,119.62000274658205,93.0,19.30,2.03,0.4116,-0.8259,42.9711,17.941164016723633
2002-01-30,5.41,1.78,177.1,5.7,119.7300033569336,93.0,19.11,2.28,0.4135,-0.2596,49.4945,18.29099464416504
2002-01-31,5.44,1.85,177.1,5.7,120.23999786376952,93.0,19.71,2.28,0.4093,-0.1605,52.35,18.4611873626709
2002-02-01,5.40,1.77,177.8,5.7,119.79000091552734,90.7,20.40,2.28,0.3935,0.236,51.911,18.437543869018555
2002-02-04,5.35,1.74,177.8,5.7,118.9000015258789,90.7,20.02,2.28,0.3971,-0.1369,46.4569,18.130260467529297
2002-02-05,5.35,1.64,177.8,5.7,119.4000015258789,90.7,20.06,2.28,0.4041,-0.4578,46.2957,18.120811462402344
2002-02-06,5.38,1.66,177.8,5.7,119.3000030517578,90.7,19.77,2.14,0.4039,0.1982,51.6274,18.399742126464844
2002-02-07,5.42,1.74,177.8,5.7,119.06999969482422,90.7,19.75,2.17,0.4015,-0.0519,48.2196,18.214263916015625
2002-02-08,5.39,1.69,177.8,5.7,118.9800033569336,90.7,20.25,2.21,0.3854,0.0566,48.1313,18.209503173828125
2002-02-11,5.41,1.76,177.8,5.7,118.44000244140624,90.7,21.29,2.22,0.3901,0.3356,50.193,18.309377670288086
2002-02-12,5.45,1.72,177.8,5.7,118.25,90.7,20.76,2.39,0.4009,-0.1271,49.1903,18.261810302734375
2002-02-13,5.47,1.75,177.8,5.7,118.8000030517578,90.7,21.19,2.37,0.3909,0.034,51.6849,18.375951766967773
2002-02-14,5.42,1.81,177.8,5.7,118.43000030517578,90.7,21.19,2.26,0.3887,0.035,55.2351,18.547149658203125
2002-02-15,5.37,1.73,177.8,5.7,118.5999984741211,90.7,21.47,2.18,0.3779,0.0819,54.0471,18.49960708618164
2002-02-19,5.54,1.77,177.8,5.7,118.36000061035156,90.7,20.77,2.32,0.3754,0.4968,52.4672,18.437780380249023
2002-02-20,5.53,1.76,177.8,5.7,118.93000030517578,90.7,20.31,2.41,0.3669,0.2521,54.8714,18.54240608215332
2002-02-21,5.53,1.77,177.8,5.7,119.16000366210938,90.7,20.81,2.40,0.3661,0.1581,56.5911,18.618494033813477
2002-02-22,5.48,1.71,177.8,5.7,118.4800033569336,90.7,20.92,2.40,0.4047,0.9271,69.0528,19.36514663696289
2002-02-25,5.51,1.8,177.8,5.7,119.12999725341795,90.7,20.24,2.40,0.3938,1.3668,70.6699,19.498287200927734
2002-02-26,5.53,1.77,177.8,5.7,119.81999969482422,90.7,21.37,2.46,0.3829,1.2433,66.9049,19.36514663696289
2002-02-27,5.51,1.76,177.8,5.7,119.56999969482422,90.7,21.40,2.49,0.3881,1.0598,68.2078,19.46023941040039
2002-02-28,5.54,1.83,177.8,5.7,119.16000366210938,90.7,21.78,2.49,0.3903,1.4243,70.5779,19.640975952148438
2002-03-01,5.60,1.78,178.8,5.7,119.4000015258789,95.7,22.37,2.51,0.3861,1.7613,74.3686,19.973861694335938
2002-03-04,5.61,1.68,178.8,5.7,118.80999755859376,95.7,22.55,2.66,0.3823,1.9702,77.2939,20.282989501953125
2002-03-05,5.60,1.63,178.8,5.7,118.56999969482422,95.7,23.18,2.63,0.379,1.9465,75.162,20.211647033691406
2002-03-06,5.67,1.71,178.8,5.7,117.95999908447266,95.7,23.32,2.52,0.3893,2.1696,78.2237,20.549301147460938
2002-03-07,5.76,1.77,178.8,5.7,116.8000030517578,95.7,23.62,2.73,0.3869,1.8468,73.8078,20.397123336791992
2002-03-08,5.83,1.69,178.8,5.7,117.98999786376952,95.7,23.87,2.82,0.3881,1.9038,73.9069,20.40663719177246
2002-03-11,5.81,1.75,178.8,5.7,117.7300033569336,95.7,24.36,2.90,0.3899,2.2408,76.6655,20.682458877563477
2002-03-12,5.84,1.68,178.8,5.7,117.8000030517578,95.7,24.55,2.94,0.3803,2.3785,78.789,20.924997329711914
2002-03-13,5.83,1.73,178.8,5.7,117.95999908447266,95.7,24.14,2.97,0.3918,1.8848,67.3928,20.506502151489258
2002-03-14,5.90,1.79,178.8,5.7,117.29000091552734,95.7,24.48,2.78,0.3788,1.1964,68.071,20.56355857849121
2002-03-15,5.86,1.8,178.8,5.7,117.22000122070312,95.7,24.47,2.99,0.3768,1.2391,70.1337,20.73953628540039
2002-03-18,5.83,1.71,178.8,5.7,117.5,95.7,25.03,3.15,0.3719,1.4338,70.8463,20.801347732543945
2002-03-19,5.86,1.67,178.8,5.7,117.5,95.7,25.02,3.33,0.361,1.3673,71.188,20.82990264892578
2002-03-20,5.89,1.78,178.8,5.7,117.22000122070312,95.7,24.92,3.29,0.3511,1.0587,67.3618,20.701488494873047
2002-03-21,5.87,1.74,178.8,5.7,117.5199966430664,95.7,25.74,3.20,0.3427,0.7264,67.3618,20.701488494873047
2002-03-22,5.89,1.68,178.8,5.7,118.0500030517578,95.7,25.56,3.57,0.3365,0.3893,66.4414,20.672945022583008
2002-03-25,5.91,1.75,178.8,5.7,118.0999984741211,95.7,25.69,3.46,0.3338,0.1662,57.6726,20.378103256225586
2002-03-26,5.84,1.71,178.8,5.7,118.13999938964844,95.7,25.75,3.59,0.3405,0.2516,64.8451,20.801347732543945
2002-03-27,5.86,1.69,178.8,5.7,118.54000091552734,95.7,25.79,3.35,0.3355,0.5032,66.2964,20.90121841430664
2002-03-28,5.91,1.77,178.8,5.7,118.62000274658205,95.7,26.21,3.18,0.3312,0.4368,64.6539,20.844167709350586
2002-04-01,5.92,1.88,179.8,5.9,117.7699966430664,93.0,26.82,3.43,0.3252,0.1614,64.6539,20.844167709350586
2002-04-02,5.86,1.74,179.8,5.9,117.91999816894533,93.0,27.75,3.72,0.3274,0.1804,68.767,21.105716705322266
2002-04-03,5.82,1.81,179.8,5.9,117.68000030517578,93.0,27.55,3.68,0.3379,0.2706,59.4244,20.77757453918457
2002-04-04,5.82,1.74,179.8,5.9,117.94000244140624,93.0,26.64,3.56,0.3528,-0.0427,53.3193,20.520771026611328
2002-04-05,5.79,1.7,179.8,5.9,117.69000244140624,93.0,26.21,3.31,0.3859,-0.4653,48.1854,20.27348518371582
2002-04-08,5.82,1.72,179.8,5.9,118.1999969482422,93.0,26.16,3.36,0.3943,-0.2374,53.8045,20.56355857849121
2002-04-09,5.79,1.68,179.8,5.9,117.58999633789062,93.0,25.45,3.25,0.3922,-0.5127,48.9329,20.31627655029297
2002-04-10,5.78,1.73,179.8,5.9,117.51000213623048,93.0,26.15,3.25,0.3873,-0.1662,52.988,20.5350341796875
2002-04-11,5.78,1.83,179.8,5.9,117.37000274658205,93.0,24.93,3.14,0.3881,-0.5365,46.2775,20.16408920288086
2002-04-12,5.79,1.79,179.8,5.9,117.73999786376952,93.0,23.51,3.07,0.3994,-1.0302,38.8125,19.640975952148438
2002-04-15,5.76,1.84,179.8,5.9,117.63999938964844,93.0,24.53,3.27,0.4048,-0.5934,41.5803,19.78363800048828
2002-04-16,5.78,1.68,179.8,5.9,117.37000274658205,93.0,24.92,3.44,0.4064,-0.6931,47.3895,20.10702896118164
2002-04-17,5.85,1.73,179.8,5.9,116.5999984741211,93.0,25.94,3.40,0.4052,-0.8213,46.9459,20.078479766845703
2002-04-18,5.86,1.71,179.8,5.9,116.38999938964844,93.0,25.86,3.50,0.3999,-0.6504,49.0022,20.192623138427734
2002-04-19,5.80,1.67,179.8,5.9,116.29000091552734,93.0,26.43,3.40,0.3914,-0.6219,49.5289,20.221166610717773
2002-04-22,5.78,1.73,179.8,5.9,116.43000030517578,93.0,26.28,3.58,0.3933,-1.2011,44.0573,19.90252685546875
2002-04-23,5.78,1.71,179.8,5.9,116.56999969482422,93.0,26.28,3.63,0.4137,-1.1109,40.4646,19.66474151611328
2002-04-24,5.72,1.76,179.8,5.9,116.1500015258789,93.0,26.28,3.53,0.4231,-1.3531,34.1641,19.165393829345703
2002-04-25,5.72,1.82,179.8,5.9,115.4499969482422,93.0,26.36,3.46,0.418,-0.9922,36.5943,19.279537200927734
2002-04-26,5.73,1.79,179.8,5.9,115.04000091552734,93.0,27.12,3.32,0.419,-1.5382,33.59,19.022727966308594
2002-04-29,5.75,1.81,179.8,5.9,114.88999938964844,93.0,27.45,3.44,0.4148,-1.4338,32.0173,18.880054473876953
2002-04-30,5.72,1.82,179.8,5.9,115.19000244140624,93.0,27.32,3.65,0.4191,-1.429,36.9943,19.103578567504883
2002-05-01,5.69,1.88,179.8,5.8,114.54000091552734,96.9,26.58,3.79,0.4231,-0.8118,42.0492,19.35087013244629
2002-05-02,5.72,1.79,179.8,5.8,114.87000274658205,96.9,26.31,3.65,0.4112,-0.2374,43.0893,19.403181076049805
2002-05-03,5.65,1.73,179.8,5.8,113.58999633789062,96.9,26.75,3.71,0.413,-0.4795,41.5558,19.303316116333008
2002-05-06,5.66,1.75,179.8,5.8,113.66000366210938,96.9,26.11,3.61,0.4334,-1.4385,33.39,18.666046142578125
2002-05-07,5.66,1.72,179.8,5.8,113.91999816894533,96.9,26.79,3.50,0.4197,-1.4812,32.6173,18.594707489013672
2002-05-08,5.77,1.71,179.8,5.8,114.91000366210938,96.9,27.76,3.74,0.4338,-1.1632,41.4667,19.027482986450195
2002-05-09,5.78,1.74,179.8,5.8,114.5199966430664,96.9,27.78,3.72,0.4233,-1.391,38.9257,18.826587677001953
2002-05-10,5.72,1.74,179.8,5.8,113.9499969482422,96.9,27.92,3.70,0.4289,-1.264,36.6114,18.63526153564453
2002-05-13,5.79,1.75,179.8,5.8,114.1500015258789,96.9,28.62,3.62,0.4467,-0.5252,45.7325,19.137495040893555
2002-05-14,5.84,1.69,179.8,5.8,115.08999633789062,96.9,29.17,3.75,0.441,0.2455,49.9434,19.410131454467773
2002-05-15,5.82,1.84,179.8,5.8,114.12000274658205,96.9,28.17,3.60,0.446,-0.2839,44.294,18.994001388549805
2002-05-16,5.80,1.76,179.8,5.8,114.12999725341795,96.9,28.00,3.45,0.437,0.2399,48.3444,19.261857986450195
2002-05-17,5.84,1.7,179.8,5.8,113.0,96.9,28.19,3.41,0.4273,0.3489,47.8758,19.228374481201172
2002-05-20,5.78,1.72,179.8,5.8,112.81999969482422,96.9,28.24,3.44,0.4206,-0.1655,43.8838,18.936599731445312
2002-05-21,5.79,1.68,179.8,5.8,112.8000030517578,96.9,27.35,3.33,0.4121,-0.3264,45.3324,19.022703170776367
2002-05-22,5.75,1.73,179.8,5.8,112.33000183105467,96.9,27.01,3.39,0.4106,-0.0635,50.3891,19.338388442993164
2002-05-23,5.78,1.76,179.8,5.8,112.79000091552734,96.9,26.60,3.38,0.4062,0.2606,53.6753,19.563196182250977
2002-05-24,5.78,1.75,179.8,5.8,112.8000030517578,96.9,26.69,3.21,0.4144,0.5769,48.7209,19.24273109436035
2002-05-28,5.78,1.88,179.8,5.8,112.0999984741211,96.9,25.08,3.18,0.408,0.4618,46.056,19.056180953979492
2002-05-29,5.77,1.79,179.8,5.8,111.48999786376952,96.9,25.64,3.30,0.4099,0.2495,49.5604,19.276201248168945
2002-05-30,5.74,1.8,179.8,5.8,111.16999816894533,96.9,24.78,3.33,0.4208,-0.0048,43.3037,18.821815490722656
2002-05-31,5.75,1.79,179.8,5.8,111.80999755859376,96.9,25.37,3.15,0.4279,0.4632,47.649,19.099233627319336
2002-06-03,5.76,1.83,179.9,5.8,111.3000030517578,92.4,25.10,3.18,0.4376,-0.4441,42.5073,18.69266700744629
2002-06-04,5.75,1.73,179.9,5.8,111.08999633789062,92.4,25.32,3.31,0.4371,-0.6447,43.6627,18.764402389526367
2002-06-05,5.79,1.7,179.9,5.8,111.33999633789062,92.4,25.02,3.29,0.4396,-0.0716,46.223,18.922258377075195
2002-06-06,5.77,1.75,179.9,5.8,110.83000183105467,92.4,24.89,3.29,0.4512,-0.5348,43.5734,18.726144790649414
2002-06-07,5.81,1.73,179.9,5.8,110.98999786376952,92.4,24.72,3.11,0.4425,-0.3725,45.7777,18.855297088623047
2002-06-10,5.76,1.76,179.9,5.8,111.0999984741211,92.4,24.24,3.14,0.431,-0.2197,43.7986,18.716577529907227
2002-06-11,5.71,1.72,179.9,5.8,110.77999877929688,92.4,24.21,3.11,0.4279,-0.3534,43.1066,18.66874122619629
2002-06-12,5.68,1.75,179.9,5.8,111.0,92.4,24.79,3.15,0.4287,-0.3486,48.929,18.989221572875977
2002-06-13,5.65,1.76,179.9,5.8,111.1500015258789,92.4,25.54,3.04,0.4213,-0.7354,46.3375,18.826587677001953
2002-06-14,5.59,1.75,179.9,5.8,110.76000213623048,92.4,25.90,3.13,0.4205,-0.5157,44.7605,18.726144790649414
2002-06-17,5.63,1.82,179.9,5.8,110.8499984741211,92.4,25.98,3.34,0.4263,0.0907,52.1147,19.147066116333008
2002-06-18,5.62,1.71,179.9,5.8,110.1999969482422,92.4,25.36,3.23,0.4122,-0.1767,51.2793,19.099233627319336
2002-06-19,5.58,1.69,179.9,5.8,109.66999816894533,92.4,25.57,3.24,0.4196,0.0096,46.7586,18.831375122070312
2002-06-20,5.64,1.75,179.9,5.8,108.94000244140624,92.4,25.62,3.33,0.4138,-0.0907,49.9012,19.008358001708984
2002-06-21,5.56,1.74,179.9,5.8,108.19000244140624,92.4,25.51,3.18,0.4177,0.0812,46.0266,18.773971557617188
2002-06-24,5.62,1.77,179.9,5.8,108.20999908447266,92.4,26.31,3.33,0.4175,0.3677,52.1507,19.132709503173828
2002-06-25,5.64,1.75,179.9,5.8,107.56999969482422,92.4,26.06,3.49,0.43,0.0191,48.96,18.941381454467773
2002-06-26,5.60,1.78,179.9,5.8,106.55999755859376,92.4,26.67,3.92,0.43,0.1433,47.7794,18.869640350341797
2002-06-27,5.68,1.81,179.9,5.8,106.37000274658205,92.4,26.77,3.22,0.4317,0.3963,54.1318,19.252290725708008
2002-06-28,5.70,1.73,179.9,5.8,106.11000061035156,92.4,26.79,3.20,0.4333,0.8548,58.6667,19.572755813598633
2002-07-01,5.67,1.83,180.1,5.8,106.51000213623048,88.1,26.79,3.28,0.4235,0.7736,56.253,19.443620681762695
2002-07-02,5.64,1.72,180.1,5.8,106.8000030517578,88.1,26.83,3.17,0.429,0.2197,52.0665,19.209245681762695
2002-07-03,5.62,1.71,180.1,5.8,107.0500030517578,88.1,26.82,3.08,0.424,0.2626,50.021,19.089670181274414
2002-07-05,5.70,1.72,180.1,5.8,107.66999816894533,88.1,.,.,0.4186,0.6542,54.6976,19.38142967224121
2002-07-08,5.66,1.75,180.1,5.8,106.3000030517578,88.1,26.14,3.06,0.4051,0.1576,53.2891,19.304906845092773
2002-07-09,5.60,1.72,180.1,5.8,105.6500015258789,88.1,26.16,2.97,0.4044,-0.0621,48.5745,19.03704833984375
2002-07-10,5.53,1.74,180.1,5.8,106.01000213623048,88.1,26.73,3.04,0.4632,-0.5444,38.3346,18.286087036132812
2002-07-11,5.57,1.76,180.1,5.8,105.72000122070312,88.1,27.01,2.85,0.4792,-1.2607,32.9505,17.745588302612305
2002-07-12,5.55,1.71,180.1,5.8,105.88999938964844,88.1,27.48,2.87,0.4893,-1.2989,30.6147,17.47295570373535
2002-07-15,5.57,1.83,180.1,5.8,104.66999816894533,88.1,27.23,2.83,0.5451,-2.0295,27.719,17.099853515625
2002-07-16,5.63,1.72,180.1,5.8,104.48999786376952,88.1,27.68,2.89,0.5546,-2.1011,25.8615,16.836793899536133
2002-07-17,5.62,1.71,180.1,5.8,104.41999816894533,88.1,27.88,2.97,0.5556,-1.8337,29.6463,17.03289794921875
2002-07-18,5.62,1.74,180.1,5.8,104.47000122070312,88.1,27.50,2.85,0.5804,-2.6264,26.581,16.621545791625977
2002-07-19,5.55,1.72,180.1,5.8,104.05999755859376,88.1,27.83,2.95,0.643,-4.0686,20.38,15.497496604919434
2002-07-22,5.50,1.77,180.1,5.8,104.75,88.1,26.61,3.01,0.6977,-4.9568,16.6,14.478678703308105
2002-07-23,5.49,1.73,180.1,5.8,106.66000366210938,88.1,26.61,2.95,0.6908,-4.4124,21.3916,14.789591789245605
2002-07-24,5.57,1.67,180.1,5.8,105.5199966430664,88.1,26.78,2.91,0.766,-2.8556,38.8982,16.229324340820312
2002-07-25,5.54,1.75,180.1,5.8,105.12000274658205,88.1,26.67,3.05,0.7662,-3.1612,38.8054,16.214969635009766
2002-07-26,5.52,1.69,180.1,5.8,106.61000061035156,88.1,26.55,2.94,0.7609,-2.5166,44.463,16.7841739654541
2002-07-29,5.62,1.75,180.1,5.8,107.0999984741211,88.1,26.54,3.07,0.7529,-1.657,49.6832,17.377290725708008
2002-07-30,5.59,1.71,180.1,5.8,106.8000030517578,88.1,27.43,2.97,0.7391,-1.2225,47.1432,17.061595916748047
2002-07-31,5.51,1.76,180.1,5.8,107.41000366210938,88.1,27.02,3.02,0.7419,-0.1624,51.5487,17.582958221435547
2002-08-01,5.51,1.79,180.7,5.7,107.0199966430664,87.6,26.51,3.07,0.7997,-1.3753,41.0386,16.095399856567383
2002-08-02,5.44,1.72,180.7,5.7,106.66999816894533,87.6,26.87,2.90,0.7921,-1.0219,40.9231,16.076265335083008
2002-08-05,5.41,1.77,180.7,5.7,107.2699966430664,87.6,26.55,2.81,0.801,-1.2893,37.7464,15.545331001281738
2002-08-06,5.45,1.74,180.7,5.7,108.69000244140624,87.6,27.18,2.80,0.8035,-1.0553,41.6982,15.975814819335938
2002-08-07,5.44,1.71,180.7,5.7,107.8499984741211,87.6,26.58,2.73,0.7938,-0.2149,45.4287,16.406299591064453
2002-08-08,5.44,1.71,180.7,5.7,108.66000366210938,87.6,26.67,2.75,0.8023,1.7191,51.7137,17.219444274902344
2002-08-09,5.35,1.68,180.7,5.7,108.20999908447266,87.6,26.87,2.83,0.7913,2.8938,52.8489,17.37830352783203
2002-08-12,5.29,1.76,180.7,5.7,107.41000366210938,87.6,27.84,2.91,0.7691,2.4056,51.3811,17.200183868408203
2002-08-13,5.22,1.74,180.7,5.7,107.11000061035156,87.6,28.35,3.01,0.7519,0.5406,47.9323,16.771751403808594
2002-08-14,5.08,1.78,180.7,5.7,106.79000091552734,87.6,28.19,3.03,0.7552,1.2998,53.7541,17.517906188964844
2002-08-15,5.17,1.87,180.7,5.7,106.72000122070312,87.6,28.99,2.92,0.7349,1.0919,56.3002,17.878948211669922
2002-08-16,5.24,1.7,180.7,5.7,106.72000122070312,87.6,29.24,3.10,0.7071,0.3604,55.0384,17.739341735839844
2002-08-19,5.21,1.72,180.7,5.7,107.5199966430664,87.6,29.86,3.10,0.6851,0.8246,56.1693,17.88858413696289
2002-08-20,5.14,1.7,180.7,5.7,107.30999755859376,87.6,30.12,3.25,0.6894,-0.1669,51.739,17.41681480407715
2002-08-21,5.19,1.72,180.7,5.7,107.13999938964844,87.6,30.37,3.22,0.6683,1.4432,52.8026,17.54197120666504
2002-08-22,5.27,1.73,180.7,5.7,108.12999725341795,87.6,30.11,3.36,0.6514,1.7458,55.2146,17.82599639892578
2002-08-23,5.25,1.72,180.7,5.7,107.97000122070312,87.6,29.99,3.48,0.6451,1.853,51.026,17.402366638183594
2002-08-26,5.22,1.81,180.7,5.7,107.86000061035156,87.6,29.23,3.51,0.6323,1.6731,53.2813,17.652698516845703
2002-08-27,5.25,1.79,180.7,5.7,106.7699966430664,87.6,28.84,3.47,0.6338,1.3538,54.2842,17.76341438293457
2002-08-28,5.21,1.8,180.7,5.7,107.08000183105467,87.6,28.31,3.31,0.6428,-0.0731,48.0966,17.147232055664062
2002-08-29,5.18,1.82,180.7,5.7,106.6999969482422,87.6,28.83,3.25,0.6302,-0.3412,47.0586,17.036514282226562
2002-08-30,5.11,1.81,180.7,5.7,106.9800033569336,87.6,28.97,3.12,0.6349,-0.1346,47.3777,17.065391540527344
2002-09-03,5.02,1.87,181.0,5.7,105.56999969482422,86.1,27.76,3.10,0.6596,-0.5863,39.5492,16.184450149536133
2002-09-04,4.98,1.74,181.0,5.7,106.0999984741211,86.1,28.28,3.13,0.6647,-1.2351,40.7024,16.280723571777344
2002-09-05,4.98,1.75,181.0,5.7,105.9800033569336,86.1,29.06,3.20,0.6567,-1.6195,40.4944,16.25666046142578
2002-09-06,5.07,1.71,181.0,5.7,106.83999633789062,86.1,29.51,3.39,0.6489,-1.2207,43.8325,16.5166072845459
2002-09-09,5.04,1.76,181.0,5.7,107.0999984741211,86.1,29.80,3.24,0.6317,-1.5186,42.3633,16.36738395690918
2002-09-10,5.03,1.74,181.0,5.7,107.5199966430664,86.1,29.62,3.35,0.6158,-0.668,47.2186,16.747676849365234
2002-09-11,5.08,1.72,181.0,5.7,107.62000274658205,86.1,29.77,3.33,0.6174,-0.8843,46.2103,16.65620994567871
2002-09-12,5.03,1.74,181.0,5.7,107.16000366210938,86.1,28.95,3.22,0.6111,-1.6532,41.1769,16.170007705688477
2002-09-13,4.97,1.72,181.0,5.7,108.05999755859376,86.1,29.83,3.37,0.6172,-0.9948,44.3442,16.4058895111084
2002-09-16,4.95,1.83,181.0,5.7,108.23999786376952,86.1,29.14,3.45,0.5996,-1.0909,46.375,16.55992889404297
2002-09-17,4.96,1.72,181.0,5.7,108.33000183105467,86.1,29.08,3.46,0.6058,-1.8406,39.8645,15.919683456420898
2002-09-18,4.95,1.68,181.0,5.7,107.76000213623048,86.1,29.57,3.80,0.601,-1.163,40.7402,15.982264518737793
2002-09-19,4.90,1.69,181.0,5.7,107.0,86.1,29.49,3.90,0.5945,-1.4561,36.9917,15.57789421081543
2002-09-20,4.95,1.7,181.0,5.7,107.52999877929688,86.1,29.65,3.95,0.5767,-1.2399,40.5672,15.823399543762207
2002-09-23,4.88,1.74,181.0,5.7,107.86000061035156,86.1,30.85,3.87,0.5619,-0.4325,39.8509,15.751199722290039
2002-09-24,4.84,1.75,181.0,5.7,107.5199966430664,86.1,30.79,4.00,0.5534,-0.8987,36.307,15.38051700592041
2002-09-25,4.91,1.79,181.0,5.7,107.79000091552734,86.1,30.69,3.76,0.5564,-0.5575,41.1388,15.69823932647705
2002-09-26,4.93,1.8,181.0,5.7,107.68000030517578,86.1,30.31,3.61,0.5785,-0.0769,50.5628,16.439586639404297
2002-09-27,4.91,1.78,181.0,5.7,107.52999877929688,86.1,30.53,3.76,0.5876,-0.5671,44.0094,15.79932689666748
2002-09-30,4.88,1.85,181.0,5.7,106.87000274658205,86.1,30.59,4.09,0.6019,-1.3889,40.1344,15.356454849243164
2002-10-01,5.01,1.85,181.3,5.7,107.06999969482422,80.6,30.71,4.41,0.6283,-0.3268,50.4505,16.328861236572266
2002-10-02,4.98,1.75,181.3,5.7,107.16000366210938,80.6,30.59,4.27,0.6613,-0.4517,45.1792,15.71749210357666
2002-10-03,4.99,1.76,181.3,5.7,106.97000122070312,80.6,29.73,4.23,0.6532,-0.4325,47.638,15.972635269165039
2002-10-04,5.00,1.72,181.3,5.7,107.5999984741211,80.6,29.65,3.86,0.6447,-0.644,47.1227,15.914867401123047
2002-10-07,4.98,1.74,181.3,5.7,107.5500030517578,80.6,29.65,3.77,0.6467,0.0577,47.7817,15.97745132446289
2002-10-08,4.99,1.72,181.3,5.7,108.06999969482422,80.6,29.56,3.86,0.6444,-0.2403,45.4808,15.741565704345703
2002-10-09,4.95,1.73,181.3,5.7,106.94000244140624,80.6,29.31,3.91,0.6475,0.2259,46.2207,15.804143905639648
2002-10-10,4.98,1.75,181.3,5.7,107.1999969482422,80.6,28.96,3.93,0.6459,0.4421,51.4598,16.26628303527832
2002-10-11,5.06,1.73,181.3,5.7,107.25,80.6,29.36,3.80,0.6361,0.8746,55.1369,16.627328872680664
2002-10-14,.,1.73,181.3,5.7,107.1500015258789,80.6,30.06,4.19,0.6168,1.4321,56.9627,16.815065383911133
2002-10-15,5.22,1.88,181.3,5.7,107.77999877929688,80.6,29.73,4.19,0.6204,1.7733,62.7045,17.47458839416504
2002-10-16,5.23,1.73,181.3,5.7,107.62999725341795,80.6,29.28,4.10,0.6091,0.6632,58.0192,17.10390281677246
2002-10-17,5.31,1.74,181.3,5.7,108.37000274658205,80.6,29.61,4.10,0.5988,1.6724,61.1457,17.47458839416504
2002-10-18,5.32,1.71,181.3,5.7,108.5199966430664,80.6,29.56,4.11,0.587,1.9703,59.2929,17.330163955688477
2002-10-21,5.36,1.73,181.3,5.7,108.2300033569336,80.6,28.31,4.23,0.5725,0.9996,59.2929,17.330163955688477
2002-10-22,5.36,1.71,181.3,5.7,107.94000244140624,80.6,27.93,4.20,0.5848,1.2158,54.0967,16.93541717529297
2002-10-23,5.39,1.76,181.3,5.7,108.0,80.6,28.19,4.24,0.5866,0.9371,53.7872,16.91135025024414
2002-10-24,5.35,1.8,181.3,5.7,107.91000366210938,80.6,27.87,4.30,0.5873,0.7737,50.9016,16.689916610717773
2002-10-25,5.31,1.82,181.3,5.7,107.91999816894533,80.6,27.09,4.12,0.58,0.9227,53.4728,16.901721954345703
2002-10-28,5.35,1.79,181.3,5.7,107.16000366210938,80.6,27.25,4.16,0.5702,0.9323,50.4345,16.675464630126953
2002-10-29,5.28,1.75,181.3,5.7,107.06999969482422,80.6,26.81,4.20,0.6005,0.1922,42.6121,15.996702194213867
2002-10-30,5.30,1.72,181.3,5.7,107.06999969482422,80.6,26.85,4.34,0.5906,0.1394,47.862,16.4058895111084
2002-10-31,5.28,1.82,181.3,5.7,106.63999938964844,80.6,27.18,4.39,0.6215,-0.4229,45.6402,16.203702926635742
2002-11-01,5.30,1.74,181.3,5.9,106.08000183105467,84.2,27.04,4.07,0.6176,-0.1298,51.4222,16.685094833374023
2002-11-04,5.31,1.71,181.3,5.9,106.12000274658205,84.2,26.89,3.94,0.5986,-0.9804,49.1693,16.492544174194336
2002-11-05,5.33,1.64,181.3,5.9,105.87000274658205,84.2,26.06,3.90,0.6104,0.024,56.0174,17.127979278564453
2002-11-06,5.35,1.48,181.3,5.9,105.5999984741211,84.2,25.72,3.92,0.6141,-0.5719,53.2657,16.901721954345703
2002-11-07,5.17,1.27,181.3,5.9,104.97000122070312,84.2,25.36,3.90,0.6079,-0.6199,50.9709,16.707895278930664
2002-11-08,5.05,1.18,181.3,5.9,104.5,84.2,25.83,3.76,0.578,-0.557,51.704,16.77088165283203
2002-11-11,.,1.18,181.3,5.9,104.56999969482422,84.2,26.02,3.83,0.5796,-0.521,47.3627,16.41231346130371
2002-11-12,5.05,1.29,181.3,5.9,104.66000366210938,84.2,26.19,3.83,0.5662,-0.4147,48.4339,16.494688034057617
2002-11-13,5.01,1.17,181.3,5.9,105.0999984741211,84.2,25.28,3.83,0.5731,-0.5033,44.7424,16.18455696105957
2002-11-14,5.16,1.29,181.3,5.9,105.20999908447266,84.2,25.40,3.90,0.5822,-0.1826,51.5741,16.71758460998535
2002-11-15,5.12,1.35,181.3,5.9,105.04000091552734,84.2,25.50,3.92,0.5672,0.2126,53.5422,16.887187957763672
2002-11-18,5.10,1.21,181.3,5.9,105.1999969482422,84.2,26.71,4.18,0.5526,0.9483,54.2291,16.945335388183594
2002-11-19,5.06,1.2,181.3,5.9,105.66999816894533,84.2,26.41,4.25,0.5346,0.6511,55.5845,17.056787490844727
2002-11-20,5.14,1.23,181.3,5.9,105.87000274658205,84.2,27.00,4.27,0.5154,0.8723,55.8295,17.076169967651367
2002-11-21,5.20,1.27,181.3,5.9,105.80999755859376,84.2,27.07,4.24,0.5062,0.2079,52.8473,16.892024993896484
2002-11-22,5.22,1.25,181.3,5.9,106.12000274658205,84.2,27.73,4.32,0.4981,0.0905,48.1796,16.5819091796875
2002-11-25,5.23,1.32,181.3,5.9,106.54000091552734,84.2,27.01,4.34,0.4908,-0.36,50.9498,16.766056060791016
2002-11-26,5.15,1.26,181.3,5.9,106.52999877929688,84.2,26.60,4.23,0.4827,-0.4438,46.4463,16.455921173095703
2002-11-27,5.28,1.27,181.3,5.9,106.7699966430664,84.2,26.87,4.19,0.4852,0.2322,53.3803,16.94048500061035
2002-11-29,5.23,1.23,181.3,5.9,106.41000366210938,84.2,.,.,0.4627,0.0919,52.2153,16.86295509338379
2002-12-02,5.22,1.27,180.9,6.0,106.3499984741211,86.7,27.27,4.23,0.4745,0.3435,50.5808,16.756357192993164
2002-12-03,5.23,1.24,180.9,6.0,106.37000274658205,86.7,27.34,4.35,0.4672,0.416,52.8908,16.91141700744629
2002-12-04,5.19,1.23,180.9,6.0,106.13999938964844,86.7,26.80,4.24,0.4684,0.6628,51.8309,16.848426818847656
2002-12-05,5.16,1.24,180.9,6.0,106.0999984741211,86.7,27.27,4.35,0.4519,0.1306,51.8309,16.848426818847656
2002-12-06,5.15,1.21,180.9,6.0,105.36000061035156,86.7,27.03,4.39,0.4476,0.1451,54.8952,17.03255271911621
2002-12-09,5.12,1.22,180.9,6.0,105.23999786376952,86.7,27.29,4.32,0.4488,-0.2225,49.2164,16.722429275512695
2002-12-10,5.09,1.22,180.9,6.0,105.37000274658205,86.7,27.73,4.40,0.4454,-0.0774,53.5058,16.97925567626953
2002-12-11,5.04,1.29,180.9,6.0,105.3499984741211,86.7,27.49,4.63,0.4388,-0.1064,53.3228,16.969558715820312
2002-12-12,5.07,1.29,180.9,6.0,104.51000213623048,86.7,28.20,4.81,0.4217,0.0097,51.9823,16.901731491088867
2002-12-13,5.15,1.25,180.9,6.0,103.9800033569336,86.7,28.39,5.05,0.4268,0.3967,53.4234,16.97925567626953
2002-12-16,5.21,1.36,180.9,6.0,104.05999755859376,86.7,30.15,5.31,0.4316,0.6096,60.0421,17.376605987548828
2002-12-17,5.24,1.26,180.9,6.0,103.51000213623048,86.7,30.04,5.13,0.4301,0.7547,56.4596,17.21184539794922
2002-12-18,5.20,1.25,180.9,6.0,103.62999725341795,86.7,30.41,4.98,0.4212,0.2806,56.6235,17.22154426574707
2002-12-19,5.15,1.28,180.9,6.0,103.4800033569336,86.7,30.57,5.14,0.4142,0.1693,52.474,17.03255271911621
2002-12-20,5.12,1.26,180.9,6.0,103.45999908447266,86.7,30.57,5.05,0.4081,0.5418,57.2338,17.29906463623047
2002-12-23,5.13,1.28,180.9,6.0,103.63999938964844,86.7,32.09,5.03,0.3987,0.4112,57.649,17.32329750061035
2002-12-24,5.11,1.15,180.9,6.0,103.25,86.7,32.13,5.03,0.3875,0.3145,53.9273,17.163389205932617
2002-12-26,5.11,1.28,180.9,6.0,102.81999969482422,86.7,32.61,4.98,0.3857,0.2661,52.8146,17.114933013916016
2002-12-27,5.06,1.2,180.9,6.0,102.41000366210938,86.7,32.68,4.81,0.39,-0.2467,45.8819,16.78542137145996
2002-12-30,5.02,1.23,180.9,6.0,102.01000213623048,86.7,31.41,4.74,0.378,0.1161,47.0917,16.83873176574707
2002-12-31,5.03,1.16,180.9,6.0,101.8499984741211,86.7,31.21,4.59,0.3783,-0.0484,49.2041,16.930795669555664
2003-01-02,5.18,1.3,181.7,5.8,102.9800033569336,82.4,31.97,4.93,0.3724,0.2177,54.644,17.1876277923584
2003-01-03,5.18,1.12,181.7,5.8,102.47000122070312,82.4,33.26,5.13,0.3606,0.2999,54.9382,17.202152252197266
2003-01-06,5.20,1.22,181.7,5.8,101.97000122070312,82.4,32.29,4.94,0.376,0.6483,62.6008,17.62857437133789
2003-01-07,5.18,1.2,181.7,5.8,102.56999969482422,82.4,31.20,4.89,0.392,-0.3435,49.8429,17.03255271911621
2003-01-08,5.13,1.29,181.7,5.8,101.87000274658205,82.4,30.66,5.07,0.3771,-0.2516,48.5437,16.959867477416992
2003-01-09,5.27,1.29,181.7,5.8,101.94000244140624,82.4,31.95,5.05,0.3795,0.0968,54.803,17.318450927734375
2003-01-10,5.24,1.25,181.7,5.8,101.2300033569336,82.4,31.59,5.19,0.3745,0.0435,50.3466,17.076169967651367
2003-01-13,5.23,1.26,181.7,5.8,101.47000122070312,82.4,32.08,5.23,0.3644,-0.2903,49.1417,17.008331298828125
2003-01-14,5.19,1.24,181.7,5.8,101.20999908447266,82.4,32.42,5.25,0.3591,-0.1596,51.9712,17.163389205932617
2003-01-15,5.17,1.3,181.7,5.8,101.33999633789062,82.4,33.23,5.21,0.3566,-0.2371,47.6038,16.925947189331055
2003-01-16,5.16,1.24,181.7,5.8,100.79000091552734,82.4,33.58,5.50,0.3501,-0.1113,49.1077,17.003488540649414
2003-01-17,5.13,1.2,181.7,5.8,100.5500030517578,82.4,33.88,5.66,0.3386,0.0387,45.8316,16.824182510375977
2003-01-21,5.11,1.31,181.7,5.8,100.2300033569336,82.4,34.62,5.47,0.3427,-0.4015,39.6695,16.436538696289062
2003-01-22,5.07,1.26,181.7,5.8,100.2300033569336,82.4,34.32,5.72,0.3428,-0.7015,36.8051,16.228168487548828
2003-01-23,5.08,1.27,181.7,5.8,99.86000061035156,82.4,33.90,6.55,0.3328,-0.9966,36.2802,16.18940544128418
2003-01-24,5.05,1.21,181.7,5.8,99.22000122070312,82.4,34.98,5.91,0.344,-1.3594,31.8744,15.840520858764648
2003-01-27,5.06,1.3,181.7,5.8,99.26000213623048,82.4,32.43,5.91,0.3633,-2.206,27.5249,15.418956756591797
2003-01-28,5.06,1.23,181.7,5.8,99.4800033569336,82.4,32.70,5.52,0.376,-1.2046,36.5305,15.82597827911377
2003-01-29,5.11,1.26,181.7,5.8,99.27999877929688,82.4,33.54,5.61,0.3799,-1.132,36.5305,16.40261459350586
2003-01-30,5.06,1.29,181.7,5.8,99.5199966430664,82.4,33.78,5.76,0.4143,-1.2143,42.1842,16.102182388305664
2003-01-31,5.03,1.33,181.7,5.8,99.91000366210938,82.4,33.51,5.58,0.432,-0.5273,49.9359,16.547992706298828
2003-02-03,5.01,1.3,183.1,5.9,99.9000015258789,79.9,32.84,5.71,0.4233,-0.2274,53.4432,16.780590057373047
2003-02-04,4.99,1.21,183.1,5.9,99.13999938964844,79.9,33.61,6.26,0.4252,-0.3822,53.4432,16.780590057373047
2003-02-05,5.02,1.21,183.1,5.9,99.6500015258789,79.9,33.91,6.22,0.4346,-0.387,49.273,16.538297653198242
2003-02-06,4.99,1.23,183.1,5.9,99.45999908447266,79.9,34.36,6.08,0.4289,-0.6047,46.9831,16.396821975708008
2003-02-07,4.98,1.21,183.1,5.9,99.56999969482422,79.9,35.05,6.30,0.4274,-0.5524,44.9523,16.269983291625977
2003-02-10,5.04,1.25,183.1,5.9,100.2699966430664,79.9,34.46,6.35,0.4171,-0.0387,47.4008,16.396821975708008
2003-02-11,5.06,1.22,183.1,5.9,100.38999938964844,79.9,35.43,6.19,0.4169,0.0524,45.3936,16.279726028442383
2003-02-12,5.08,1.23,183.1,5.9,100.51000213623048,79.9,35.83,6.19,0.4135,-0.2352,40.2675,15.952869415283203
2003-02-13,5.04,1.28,183.1,5.9,99.58999633789062,79.9,36.63,5.81,0.4191,0.3225,44.5921,16.162649154663086
2003-02-14,5.09,1.3,183.1,5.9,100.04000091552734,79.9,36.61,5.88,0.4202,0.8944,47.5408,16.31388282775879
2003-02-18,5.10,1.35,183.1,5.9,100.52999877929688,79.9,36.88,6.09,0.4156,0.6391,50.3844,16.46511459350586
2003-02-19,5.04,1.24,183.1,5.9,100.0,79.9,37.02,6.10,0.4019,0.6537,50.6632,16.47974395751953
2003-02-20,5.04,1.25,183.1,5.9,99.5500030517578,79.9,36.45,6.38,0.3972,0.3048,49.1757,16.406579971313477
2003-02-21,5.08,1.21,183.1,5.9,100.08999633789062,79.9,36.76,6.73,0.3946,0.1277,54.4558,16.674894332885742
2003-02-24,5.05,1.25,183.1,5.9,99.66000366210938,79.9,37.29,11.98,0.3866,-0.1922,52.5323,16.587085723876953
2003-02-25,5.01,1.28,183.1,5.9,99.83000183105467,79.9,36.06,18.48,0.3816,-0.124,53.8964,16.655385971069336
2003-02-26,4.97,1.28,183.1,5.9,99.62000274658205,79.9,37.96,10.47,0.372,-0.0283,50.5445,16.509021759033203
2003-02-27,4.98,1.31,183.1,5.9,99.80999755859376,79.9,36.83,8.42,0.3625,0.1802,52.0434,16.57733154296875
2003-02-28,4.90,1.33,183.1,5.9,99.70999908447266,79.9,36.76,10.81,0.3544,0.3263,52.4865,16.596837997436523
2003-03-03,4.92,1.33,184.2,5.9,99.0999984741211,77.6,36.10,8.51,0.3538,0.414,57.1738,16.811498641967773
2003-03-04,4.91,1.2,184.2,5.9,99.12999725341795,77.6,36.95,7.71,0.3483,0.4189,54.1657,16.699281692504883
2003-03-05,4.90,1.22,184.2,5.9,98.27999877929688,77.6,36.86,7.80,0.3478,1.0813,60.8247,17.035907745361328
2003-03-06,4.93,1.23,184.2,5.9,98.30999755859376,77.6,37.21,7.57,0.3407,0.6965,56.2342,16.860286712646484
2003-03-07,4.90,1.2,184.2,5.9,98.04000091552734,77.6,37.76,7.42,0.3442,0.6576,58.3946,16.97249412536621
2003-03-10,4.90,1.23,184.2,5.9,97.8499984741211,77.6,37.18,6.78,0.338,0.2923,53.0042,16.757831573486328
2003-03-11,4.90,1.21,184.2,5.9,97.98999786376952,77.6,36.81,6.25,0.3344,0.3848,55.2296,16.865150451660156
2003-03-12,4.85,1.23,184.2,5.9,98.16000366210938,77.6,37.87,5.80,0.3572,0.2094,49.3909,16.61635971069336
2003-03-13,4.95,1.31,184.2,5.9,99.5500030517578,77.6,36.05,5.71,0.3567,0.151,53.8234,16.826128005981445
2003-03-14,4.93,1.3,184.2,5.9,99.98999786376952,77.6,35.41,5.17,0.3577,0.19,52.6681,16.777355194091797
2003-03-17,5.00,1.31,184.2,5.9,100.73999786376952,77.6,34.92,5.32,0.3645,0.4433,58.9333,17.099332809448242
2003-03-18,5.07,1.2,184.2,5.9,100.86000061035156,77.6,31.55,5.13,0.3604,0.6868,60.6337,17.196897506713867
2003-03-19,5.14,1.2,184.2,5.9,101.58000183105467,77.6,30.01,5.20,0.3527,0.7842,63.4077,17.36277198791504
2003-03-20,5.17,1.23,184.2,5.9,101.1500015258789,77.6,28.62,5.20,0.3494,0.7647,63.4077,17.36277198791504
2003-03-21,5.23,1.2,184.2,5.9,101.91999816894533,77.6,27.18,5.05,0.3398,0.7501,66.6904,17.562793731689453
2003-03-24,5.15,1.23,184.2,5.9,100.9800033569336,77.6,29.51,5.07,0.3402,0.5261,57.3638,17.226181030273438
2003-03-25,5.15,1.24,184.2,5.9,100.87000274658205,77.6,33.42,5.07,0.3451,0.3653,60.47,17.401796340942383
2003-03-26,5.17,1.26,184.2,5.9,100.61000061035156,77.6,28.71,4.90,0.3361,0.6332,62.0417,17.494503021240234
2003-03-27,5.17,1.29,184.2,5.9,100.63999938964844,77.6,30.31,4.87,0.3341,0.5504,62.5482,17.52376937866211
2003-03-28,5.16,1.26,184.2,5.9,99.95999908447266,77.6,30.21,5.06,0.3304,0.8183,63.5094,17.57742691040039
2003-03-31,5.07,1.38,184.2,5.9,99.05999755859376,77.6,31.14,5.01,0.3471,0.1851,49.9535,17.050546646118164
2003-04-01,5.06,1.29,183.8,6.0,99.1500015258789,86.0,29.48,4.90,0.3537,0.7745,56.4429,17.392044067382812
2003-04-02,5.15,1.19,183.8,6.0,100.08000183105467,86.0,28.55,4.89,0.3416,0.5894,56.8731,17.416433334350586
2003-04-03,5.16,1.24,183.8,6.0,100.33999633789062,86.0,29.05,4.91,0.3485,0.3215,49.9648,17.099332809448242
2003-04-04,5.20,1.22,183.8,6.0,100.4499969482422,86.0,28.41,4.86,0.3417,0.2289,54.2885,17.328622817993164
2003-04-07,5.24,1.25,183.8,6.0,101.04000091552734,86.0,27.76,4.98,0.3521,-0.0974,49.6665,17.099332809448242
2003-04-08,5.16,1.22,183.8,6.0,100.52999877929688,86.0,27.97,5.21,0.3489,-0.492,45.4952,16.87004852294922
2003-04-09,5.15,1.24,183.8,6.0,100.16000366210938,86.0,28.93,5.11,0.3521,-0.5455,44.5521,16.816377639770508
2003-04-10,5.17,1.27,183.8,6.0,99.81999969482422,86.0,27.20,5.18,0.3437,-0.643,46.8186,16.9188232421875
2003-04-11,5.19,1.24,183.8,6.0,100.18000030517578,86.0,28.28,5.28,0.3435,-0.4773,43.6184,16.748079299926758
2003-04-14,5.20,1.32,183.8,6.0,99.95999908447266,86.0,28.41,5.29,0.3416,-0.3897,49.3687,17.011518478393555
2003-04-15,5.19,1.34,183.8,6.0,99.76000213623048,86.0,29.46,5.53,0.3342,-0.3945,51.1569,17.099332809448242
2003-04-16,5.13,1.26,183.8,6.0,99.05999755859376,86.0,29.16,5.62,0.3344,-0.5991,47.5405,16.923702239990234
2003-04-17,5.12,1.28,183.8,6.0,99.3000030517578,86.0,30.10,5.54,0.331,-0.4871,51.0594,17.089570999145508
2003-04-21,5.13,1.29,183.8,6.0,99.58999633789062,86.0,30.76,5.55,0.3234,-0.039,49.3807,17.011518478393555
2003-04-22,5.12,1.26,183.8,6.0,98.7300033569336,86.0,29.92,5.58,0.3375,-0.112,54.873,17.27983856201172
2003-04-23,5.10,1.24,183.8,6.0,98.77999877929688,86.0,28.04,5.58,0.3346,-0.1754,53.956,17.24080467224121
2003-04-24,5.05,1.24,183.8,6.0,98.33000183105467,86.0,27.52,5.46,0.326,0.039,51.5219,17.138357162475586
2003-04-25,5.04,1.28,183.8,6.0,98.36000061035156,86.0,25.92,5.39,0.3246,-0.3556,47.7648,16.97249412536621
2003-04-28,5.04,1.29,183.8,6.0,98.66999816894533,86.0,25.25,5.30,0.3296,0.1754,54.3081,17.274959564208984
2003-04-29,5.07,1.27,183.8,6.0,98.0199966430664,86.0,25.32,5.12,0.3308,0.1218,48.2225,16.99200439453125
2003-04-30,5.00,1.31,183.8,6.0,97.19000244140624,86.0,26.09,5.25,0.3284,0.3556,51.9236,17.172513961791992
2003-05-01,5.01,1.3,183.5,6.1,96.6999969482422,92.1,26.05,5.32,0.3321,0.3897,54.5701,17.30910873413086
2003-05-02,5.05,1.24,183.5,6.1,96.76000213623048,92.1,25.74,5.24,0.3296,0.8329,59.3855,17.582307815551758
2003-05-05,5.03,1.27,183.5,6.1,96.37000274658205,92.1,26.43,5.36,0.3342,0.2825,53.0102,17.294464111328125
2003-05-06,5.02,1.28,183.5,6.1,95.33999633789062,92.1,25.65,5.64,0.3316,0.0731,50.5346,17.172513961791992
2003-05-07,4.96,1.28,183.5,6.1,95.58000183105467,92.1,26.24,5.49,0.3249,0.3507,52.5396,17.274959564208984
2003-05-08,4.96,1.27,183.5,6.1,94.93000030517578,92.1,26.94,5.65,0.3219,0.151,51.7861,17.24080467224121
2003-05-09,4.95,1.24,183.5,6.1,94.9800033569336,92.1,27.65,5.73,0.3153,0.414,55.5158,17.427520751953125
2003-05-12,4.91,1.25,183.5,6.1,94.5500030517578,92.1,27.34,5.91,0.3064,0.1854,56.2879,17.466821670532227
2003-05-13,4.92,1.23,183.5,6.1,94.72000122070312,92.1,28.51,5.98,0.2964,0.2145,56.0261,17.456993103027344
2003-05-14,4.76,1.3,183.5,6.1,94.58000183105467,92.1,29.21,6.17,0.2931,0.1598,51.8693,17.299760818481445
2003-05-15,4.69,1.36,183.5,6.1,95.22000122070312,92.1,28.57,6.24,0.2848,0.3647,52.8119,17.33907127380371
2003-05-16,4.67,1.26,183.5,6.1,94.08000183105467,92.1,29.07,5.96,0.2762,0.1412,54.7218,17.417682647705078
2003-05-19,4.67,1.26,183.5,6.1,93.77999877929688,92.1,28.84,6.08,0.2715,0.2226,49.2238,17.21624755859375
2003-05-20,4.59,1.23,183.5,6.1,93.26000213623048,92.1,29.29,5.93,0.2679,0.1797,52.7176,17.35381507873535
2003-05-21,4.54,1.23,183.5,6.1,93.54000091552734,92.1,29.51,6.08,0.275,0.2739,57.9482,17.584749221801758
2003-05-22,4.50,1.25,183.5,6.1,93.55999755859376,92.1,29.09,6.09,0.2687,0.0796,59.5872,17.663354873657227
2003-05-23,4.44,1.21,183.5,6.1,93.0500030517578,92.1,29.74,5.92,0.2702,0.3817,59.9027,17.678091049194336
2003-05-27,4.57,1.32,183.5,6.1,92.72000122070312,92.1,29.24,5.84,0.2866,0.8615,66.7139,18.03676414489746
2003-05-28,4.63,1.29,183.5,6.1,93.4499969482422,92.1,28.46,5.71,0.284,0.6317,62.6331,17.90901756286621
2003-05-29,4.56,1.29,183.5,6.1,92.70999908447266,92.1,29.15,5.76,0.2903,0.4304,55.842,17.673181533813477
2003-05-30,4.59,1.28,183.5,6.1,93.2699966430664,92.1,29.56,5.99,0.2882,0.4562,60.0237,17.88445281982422
2003-06-02,4.64,1.27,183.7,6.3,93.33999633789062,89.7,30.72,6.22,0.2813,0.5052,61.6604,17.972890853881836
2003-06-03,4.59,1.21,183.7,6.3,93.52999877929688,89.7,30.78,6.25,0.2762,0.7113,65.0818,18.169429779052734
2003-06-04,4.58,1.22,183.7,6.3,93.7300033569336,89.7,29.81,6.40,0.2772,1.0742,68.2824,18.375782012939453
2003-06-05,4.63,1.26,183.7,6.3,92.5199966430664,89.7,30.84,6.17,0.2791,0.9173,64.6365,18.25787353515625
2003-06-06,4.66,1.24,183.7,6.3,93.4800033569336,89.7,31.26,6.25,0.2788,0.9271,66.0985,18.3463077545166
2003-06-09,4.60,1.25,183.7,6.3,93.3000030517578,89.7,31.36,6.25,0.2725,1.1871,67.0758,18.4052677154541
2003-06-10,4.51,1.22,183.7,6.3,93.55999755859376,89.7,31.72,6.08,0.2674,1.089,67.7434,18.444576263427734
2003-06-11,4.49,1.25,183.7,6.3,92.97000122070312,89.7,32.17,6.06,0.2715,1.1822,72.6673,18.768848419189453
2003-06-12,4.47,1.25,183.7,6.3,92.9000015258789,89.7,31.41,5.86,0.2724,1.1037,72.6673,18.768848419189453
2003-06-13,4.42,1.24,183.7,6.3,92.22000122070312,89.7,30.63,5.44,0.281,0.9565,67.7599,18.63619041442871
2003-06-16,4.47,1.33,183.7,6.3,92.4000015258789,89.7,31.14,5.45,0.2812,0.7848,70.7535,18.822895050048828
2003-06-17,4.55,1.24,183.7,6.3,92.61000061035156,89.7,31.08,5.66,0.2874,0.5984,60.5551,18.50843620300293
2003-06-18,4.64,1.22,183.7,6.3,93.16999816894533,89.7,30.28,5.53,0.2904,0.672,56.0676,18.3463077545166
2003-06-19,4.66,1.22,183.7,6.3,93.16000366210938,89.7,29.86,5.53,0.2868,0.2355,50.4547,18.12029457092285
2003-06-20,4.70,1.23,183.7,6.3,94.04000091552734,89.7,30.63,5.68,0.2807,0.1521,50.5705,18.125211715698242
2003-06-23,4.64,1.21,183.7,6.3,94.08000183105467,89.7,30.22,5.89,0.2725,-0.0196,51.1851,18.14977264404297
2003-06-24,4.60,1.15,183.7,6.3,94.38999938964844,89.7,30.05,5.84,0.2618,-0.2453,50.6426,18.130117416381836
2003-06-25,4.69,1.18,183.7,6.3,94.12000274658205,89.7,31.65,5.64,0.2648,-0.2453,47.3967,18.0122013092041
2003-06-26,4.81,1.1,183.7,6.3,94.97000122070312,89.7,28.97,5.49,0.2631,-0.3139,47.9949,18.031856536865234
2003-06-27,4.83,1.08,183.7,6.3,95.1500015258789,89.7,29.18,5.19,0.2639,-0.5347,43.5902,17.869707107543945
2003-06-30,4.81,1.45,183.7,6.3,94.7300033569336,89.7,30.15,5.31,0.2696,-0.7996,38.312,17.64369773864746
2003-07-01,4.86,1.11,183.9,6.2,94.3000030517578,90.9,30.41,5.22,0.2766,-0.9909,42.6979,17.7763614654541
2003-07-02,4.83,1.01,183.9,6.2,94.12000274658205,90.9,30.29,5.05,0.2719,-0.9418,44.2781,17.82548713684082
2003-07-03,4.93,0.96,183.9,6.2,94.41000366210938,90.9,30.39,4.96,0.2692,-0.9173,41.5626,17.71739959716797
2003-07-07,4.98,1.0,183.9,6.2,95.51000213623048,90.9,30.08,5.20,0.264,-1.1086,41.4382,17.71248435974121
2003-07-08,4.95,0.93,183.9,6.2,95.81999969482422,90.9,30.32,5.40,0.2641,-0.9909,36.7057,17.51595115661621
2003-07-09,4.93,0.96,183.9,6.2,95.58999633789062,90.9,30.87,5.56,0.2677,-0.726,40.5448,17.619138717651367
2003-07-10,4.94,1.0,183.9,6.2,95.38999938964844,90.9,31.04,5.40,0.2615,-0.6769,36.4619,17.442258834838867
2003-07-11,4.94,0.98,183.9,6.2,95.8000030517578,90.9,31.33,5.22,0.2593,-0.6328,38.3199,17.491382598876953
2003-07-14,4.98,1.07,183.9,6.2,96.06999969482422,90.9,31.20,5.15,0.2618,-0.8045,35.0121,17.34398078918457
2003-07-15,5.12,1.13,183.9,6.2,96.06999969482422,90.9,31.60,5.17,0.2592,-0.8388,33.858,17.289947509765625
2003-07-16,5.10,1.01,183.9,6.2,96.72000122070312,90.9,31.20,5.00,0.2596,-0.8535,31.1443,17.157278060913086
2003-07-17,5.08,1.02,183.9,6.2,96.86000061035156,90.9,31.44,4.96,0.256,-0.7358,36.8013,17.294858932495117
2003-07-18,5.09,0.99,183.9,6.2,96.86000061035156,90.9,31.96,5.01,0.263,-0.2404,47.9791,17.62895393371582
2003-07-21,5.25,1.02,183.9,6.2,96.11000061035156,90.9,31.67,5.11,0.2652,-0.26,42.0849,17.383302688598633
2003-07-22,5.23,1.0,183.9,6.2,96.37999725341795,90.9,30.20,5.04,0.2687,-0.2256,46.8651,17.550355911254883
2003-07-23,5.20,1.05,183.9,6.2,95.44000244140624,90.9,30.13,4.88,0.266,-0.2992,46.2604,17.52577018737793
2003-07-24,5.25,1.04,183.9,6.2,95.33999633789062,90.9,30.72,4.86,0.2722,-0.3973,41.4252,17.319425582885742
2003-07-25,5.31,1.03,183.9,6.2,94.95999908447266,90.9,30.31,4.68,0.2745,-0.1423,48.4686,17.569992065429688
2003-07-28,5.39,1.05,183.9,6.2,95.05999755859376,90.9,29.98,4.68,0.2689,0.0491,48.3459,17.565086364746094
2003-07-29,5.46,1.04,183.9,6.2,95.33000183105467,90.9,30.21,4.72,0.2668,-0.2109,44.4649,17.407859802246094
2003-07-30,5.43,1.03,183.9,6.2,96.06999969482422,90.9,30.69,4.68,0.2625,-0.0883,43.1817,17.35381507873535
2003-07-31,5.56,1.04,183.9,6.2,96.88999938964844,90.9,30.56,4.63,0.2739,-0.0098,47.07,17.48155975341797
2003-08-01,5.47,1.0,184.6,6.1,96.66000366210938,89.3,32.23,4.71,0.2673,0.0147,43.9552,17.358728408813477
2003-08-04,5.47,1.0,184.6,6.1,96.18000030517578,89.3,31.80,4.81,0.2699,0.206,48.0978,17.496301651000977
2003-08-05,5.51,0.86,184.6,6.1,96.16000366210938,89.3,32.34,4.71,0.2692,0.2109,44.7873,17.368555068969727
2003-08-06,5.42,0.88,184.6,6.1,96.2300033569336,89.3,31.77,4.74,0.2742,0.2698,50.439,17.565086364746094
2003-08-07,5.40,0.95,184.6,6.1,95.83000183105467,89.3,32.41,4.85,0.2805,0.1815,56.4412,17.810752868652344
2003-08-08,5.40,0.96,184.6,6.1,96.36000061035156,89.3,32.23,5.02,0.2731,0.5592,59.3071,17.94340705871582
2003-08-11,5.47,1.02,184.6,6.1,95.87000274658205,89.3,31.91,5.08,0.2959,0.515,61.8125,18.067089080810547
2003-08-12,5.49,0.99,184.6,6.1,96.1500015258789,89.3,31.91,5.06,0.2889,0.6334,63.6564,18.161083221435547
2003-08-13,5.60,1.01,184.6,6.1,96.18000030517578,89.3,30.85,5.17,0.2841,0.7357,60.1967,18.057199478149414
2003-08-14,5.57,1.22,184.6,6.1,96.68000030517578,89.3,30.85,5.10,0.2797,0.7029,64.5448,18.274869918823242
2003-08-15,5.57,1.39,184.6,6.1,96.6500015258789,89.3,31.01,4.83,0.2696,0.6534,62.7007,18.2204532623291
2003-08-18,5.50,1.03,184.6,6.1,97.3499984741211,89.3,30.81,4.94,0.257,0.8549,63.6166,18.26496696472168
2003-08-19,5.41,0.93,184.6,6.1,97.30999755859376,89.3,30.76,4.99,0.2616,0.7903,59.426,18.1462459564209
2003-08-20,5.42,0.89,184.6,6.1,97.37000274658205,89.3,30.96,5.03,0.2592,0.722,60.8158,18.205608367919922
2003-08-21,5.43,1.01,184.6,6.1,98.61000061035156,89.3,31.78,5.14,0.2562,0.9681,63.6124,18.32929039001465
2003-08-22,5.40,0.99,184.6,6.1,98.83000183105467,89.3,31.64,5.24,0.2643,0.5739,54.8445,18.07204246520996
2003-08-25,5.40,1.04,184.6,6.1,98.83000183105467,89.3,31.43,5.26,0.2627,0.82,57.7397,18.190767288208008
2003-08-26,5.39,1.0,184.6,6.1,98.76000213623048,89.3,32.01,5.09,0.2634,0.6534,58.4568,18.2204532623291
2003-08-27,5.40,0.98,184.6,6.1,98.86000061035156,89.3,31.18,5.11,0.2594,0.6156,63.1684,18.428237915039062
2003-08-28,5.34,1.04,184.6,6.1,98.83000183105467,89.3,31.41,4.94,0.2613,0.6313,66.1238,18.576642990112305
2003-08-29,5.30,1.01,184.6,6.1,98.0999984741211,89.3,31.76,4.86,0.2582,0.5828,67.5269,18.650848388671875
2003-09-02,5.38,1.06,185.2,6.1,98.9499969482422,87.7,29.57,4.62,0.2567,0.6223,69.9402,18.784427642822266
2003-09-03,5.41,0.96,185.2,6.1,98.70999908447266,87.7,29.43,4.68,0.2489,0.7803,70.8894,18.838850021362305
2003-09-04,5.40,0.98,185.2,6.1,98.1999969482422,87.7,28.87,4.70,0.241,0.6025,71.592,18.878435134887695
2003-09-05,5.32,0.96,185.2,6.1,97.08999633789062,87.7,28.93,4.76,0.2372,0.563,67.4296,18.784427642822266
2003-09-08,5.36,0.99,185.2,6.1,97.16000366210938,87.7,28.85,4.82,0.2414,0.7655,72.0371,19.03179168701172
2003-09-09,5.36,0.95,185.2,6.1,96.44000244140624,87.7,29.22,4.70,0.2478,0.7062,64.9165,18.85369110107422
2003-09-10,5.30,0.95,185.2,6.1,96.5,87.7,29.41,4.78,0.2442,0.5927,62.8715,18.79928207397461
2003-09-11,5.35,1.0,185.2,6.1,96.55999755859376,87.7,28.86,4.85,0.2412,0.4692,62.8715,18.79928207397461
2003-09-12,5.33,1.02,185.2,6.1,96.01000213623048,87.7,28.26,4.66,0.2416,0.5927,57.6975,18.665700912475586
2003-09-15,5.35,1.11,185.2,6.1,95.9800033569336,87.7,28.15,4.66,0.2353,0.3655,53.8115,18.556865692138672
2003-09-16,5.34,0.97,185.2,6.1,96.66999816894533,87.7,27.60,4.67,0.234,0.4346,56.6687,18.655805587768555
2003-09-17,5.26,0.97,185.2,6.1,95.73999786376952,87.7,27.00,4.61,0.2491,-0.2025,43.9366,18.22540855407715
2003-09-18,5.23,1.0,185.2,6.1,95.9499969482422,87.7,27.26,4.52,0.245,-0.2321,47.4445,18.344144821166992
2003-09-19,5.20,0.99,185.2,6.1,94.95999908447266,87.7,26.93,4.33,0.2399,-0.3507,46.2752,18.299606323242188
2003-09-22,5.28,1.02,185.2,6.1,93.8499984741211,87.7,26.97,4.38,0.2453,-0.6173,42.8622,18.166034698486328
2003-09-23,5.24,1.01,185.2,6.1,93.98999786376952,87.7,27.00,4.51,0.2412,-0.5038,48.0575,18.334239959716797
2003-09-24,5.17,1.03,185.2,6.1,93.6999969482422,87.7,28.19,4.58,0.2473,-0.6223,45.9406,18.255083084106445
2003-09-25,5.17,1.08,185.2,6.1,93.76000213623048,87.7,28.29,4.55,0.2486,-0.405,49.6711,18.378761291503906
2003-09-26,5.11,1.03,185.2,6.1,93.87000274658205,87.7,28.21,4.42,0.2521,-0.8347,44.7492,18.19571876525879
2003-09-29,5.16,1.04,185.2,6.1,93.08000183105467,87.7,28.35,4.57,0.2503,-0.5383,48.326,18.314455032348633
2003-09-30,5.07,1.17,185.2,6.1,92.8499984741211,87.7,29.19,4.66,0.2539,-0.6914,43.0711,18.106666564941406
2003-10-01,5.05,1.11,185.0,6.0,92.38999938964844,89.6,29.43,4.47,0.2622,-0.321,52.9167,18.477706909179688
2003-10-02,5.10,1.02,185.0,6.0,92.41999816894533,89.6,29.83,4.42,0.2668,-0.084,55.2504,18.581594467163086
2003-10-03,5.23,0.99,185.0,6.0,93.2300033569336,89.6,30.37,4.34,0.2714,0.1185,57.312,18.675601959228516
2003-10-06,5.21,0.99,185.0,6.0,92.41000366210938,89.6,30.40,4.40,0.2668,0.1877,60.7929,18.843801498413086
2003-10-07,5.29,0.98,185.0,6.0,91.88999938964844,89.6,30.48,4.66,0.2707,0.7408,63.1709,18.967479705810547
2003-10-08,5.33,0.99,185.0,6.0,91.7300033569336,89.6,29.60,4.84,0.2707,0.4741,58.5793,18.819061279296875
2003-10-09,5.35,1.02,185.0,6.0,91.98999786376952,89.6,30.97,4.78,0.2712,0.4741,57.2353,18.774539947509766
2003-10-10,5.34,1.0,185.0,6.0,91.5199966430664,89.6,32.01,4.92,0.2687,0.7803,60.9843,18.947690963745117
2003-10-13,.,1.0,185.0,6.0,91.88999938964844,89.6,31.91,4.96,0.2647,0.7013,62.7909,19.0367431640625
2003-10-14,5.40,1.08,185.0,6.0,91.83000183105467,89.6,31.68,4.84,0.2652,0.9087,65.2911,19.165369033813477
2003-10-15,5.41,1.09,185.0,6.0,92.41999816894533,89.6,31.74,4.93,0.2674,0.6618,61.0438,19.041690826416016
2003-10-16,5.41,1.04,185.0,6.0,92.61000061035156,89.6,31.51,4.92,0.2638,1.052,65.1459,19.249465942382812
2003-10-17,5.37,0.98,185.0,6.0,92.29000091552734,89.6,30.61,4.53,0.2588,0.81,61.0266,19.12578010559082
2003-10-20,5.35,1.02,185.0,6.0,92.43000030517578,89.6,30.37,4.30,0.2565,0.9976,60.3689,19.105993270874023
2003-10-21,5.33,0.99,185.0,6.0,92.37000274658205,89.6,30.19,4.64,0.253,0.4939,55.9829,18.97241973876953
2003-10-22,5.30,0.99,185.0,6.0,91.2699966430664,89.6,30.00,4.89,0.2737,-0.1037,43.4047,18.477706909179688
2003-10-23,5.36,1.02,185.0,6.0,91.51000213623048,89.6,30.31,4.90,0.2771,-0.0741,46.6329,18.601388931274414
2003-10-24,5.27,1.01,185.0,6.0,91.27999877929688,89.6,29.99,4.78,0.2831,-0.1185,49.7214,18.725067138671875
2003-10-27,5.30,1.03,185.0,6.0,91.61000061035156,89.6,29.95,4.56,0.278,-0.2963,48.3943,18.67064666748047
2003-10-28,5.27,0.98,185.0,6.0,91.86000061035156,89.6,29.57,4.45,0.2769,-0.0198,51.6773,18.79928207397461
2003-10-29,5.32,0.97,185.0,6.0,91.86000061035156,89.6,28.95,4.51,0.2966,-0.0691,49.2134,18.705272674560547
2003-10-30,5.33,1.02,185.0,6.0,92.20999908447266,89.6,28.67,4.40,0.335,-0.9878,34.9509,17.9582576751709
2003-10-31,5.28,1.03,185.0,6.0,92.7300033569336,89.6,29.24,3.98,0.3294,-0.9384,38.5096,18.096778869628906
2003-11-03,5.30,1.02,184.5,5.8,93.66000366210938,93.7,28.81,4.12,0.3215,-1.0174,39.7767,18.1462459564209
2003-11-04,5.27,0.98,184.5,5.8,93.2300033569336,93.7,28.86,4.01,0.3162,-1.0717,36.8339,17.968151092529297
2003-11-05,5.32,0.98,184.5,5.8,93.62999725341795,93.7,30.29,4.46,0.3091,-1.4224,34.6124,17.824682235717773
2003-11-06,5.37,1.0,184.5,5.8,93.88999938964844,93.7,30.25,4.74,0.2976,-1.3532,33.7802,17.770267486572266
2003-11-07,5.38,0.98,184.5,5.8,93.0199966430664,93.7,30.73,4.48,0.292,-1.3878,32.9276,17.7154598236084
2003-11-10,5.39,0.99,184.5,5.8,93.0500030517578,93.7,31.01,4.42,0.2854,-1.155,36.1074,17.815099716186523
2003-11-11,.,0.99,184.5,5.8,93.0999984741211,93.7,31.21,4.52,0.2834,-0.5169,40.5114,17.959571838378906
2003-11-12,5.34,1.0,184.5,5.8,92.30999755859376,93.7,31.37,4.77,0.2749,-0.6553,40.2027,17.94463539123535
2003-11-13,5.24,0.99,184.5,5.8,91.61000061035156,93.7,31.89,4.60,0.2709,-0.6594,43.8867,18.064197540283203
2003-11-14,5.21,0.98,184.5,5.8,91.44000244140624,93.7,32.31,4.62,0.2895,-0.7344,40.9438,17.934661865234375
2003-11-17,5.17,1.04,184.5,5.8,91.52999877929688,93.7,31.75,4.49,0.2912,-1.0617,36.8498,17.735389709472656
2003-11-18,5.15,0.98,184.5,5.8,90.33000183105467,93.7,33.16,4.35,0.2903,-1.1917,32.8681,17.51120376586914
2003-11-19,5.22,0.98,184.5,5.8,90.9000015258789,93.7,32.84,4.46,0.2884,-0.3017,37.5512,17.655681610107422
2003-11-20,5.16,1.0,184.5,5.8,90.66000366210938,93.7,32.87,4.35,0.3101,-0.5046,36.3278,17.590917587280273
2003-11-21,5.13,0.98,184.5,5.8,90.5999984741211,93.7,32.26,4.15,0.3071,-0.5391,36.8391,17.605857849121094
2003-11-24,5.19,0.98,184.5,5.8,91.58999633789062,93.7,29.99,4.57,0.3001,-0.2519,40.6065,17.7154598236084
2003-11-25,5.17,1.02,184.5,5.8,91.45999908447266,93.7,30.02,4.49,0.2961,0.0207,44.7971,17.84499168395996
2003-11-26,5.20,1.01,184.5,5.8,90.5999984741211,93.7,30.33,4.86,0.2948,0.3038,51.3389,18.074159622192383
2003-11-28,5.23,1.01,184.5,5.8,90.20999908447266,93.7,.,.,0.2844,0.3183,50.2242,18.034305572509766
2003-12-01,5.28,1.03,184.3,5.7,90.3499984741211,92.6,29.89,5.02,0.2819,0.3133,52.843,18.128957748413086
2003-12-02,5.25,0.97,184.3,5.7,89.63999938964844,92.6,30.74,5.45,0.2731,0.2238,54.3408,18.183761596679688
2003-12-03,5.28,0.98,184.3,5.7,89.5,92.6,30.61,5.45,0.2621,0.2586,54.9017,18.203676223754883
2003-12-04,5.27,0.99,184.3,5.7,89.5999984741211,92.6,31.24,5.70,0.2732,0.378,61.0807,18.442819595336914
2003-12-05,5.20,0.98,184.3,5.7,89.13999938964844,92.6,30.68,6.27,0.2722,0.3879,56.8841,18.3232479095459
2003-12-08,5.26,0.99,184.3,5.7,88.75,92.6,32.08,6.06,0.2776,0.8952,63.8029,18.63212013244629
2003-12-09,5.26,0.97,184.3,5.7,88.61000061035156,92.6,31.72,6.52,0.2745,1.2384,66.0725,18.751693725585938
2003-12-10,5.28,0.99,184.3,5.7,88.8499984741211,92.6,31.92,6.67,0.2652,1.1688,67.4464,18.82640838623047
2003-12-11,5.27,0.99,184.3,5.7,88.87999725341797,92.6,32.01,6.56,0.2548,1.2931,68.5438,18.886194229125977
2003-12-12,5.23,0.99,184.3,5.7,88.48999786376953,92.6,33.06,6.73,0.249,1.3528,69.9093,18.960927963256836
2003-12-15,5.24,1.04,184.3,5.7,88.45999908447266,92.6,33.17,6.63,0.2476,1.1141,64.669,18.831398010253906
2003-12-16,5.23,0.99,184.3,5.7,88.30999755859375,92.6,32.94,6.58,0.2594,1.318,70.753,19.16518211364746
2003-12-17,5.16,0.99,184.3,5.7,87.94000244140625,92.6,33.36,6.56,0.2582,1.2931,73.7337,19.369436264038086
2003-12-18,5.10,1.01,184.3,5.7,87.8499984741211,92.6,33.72,6.98,0.2618,1.5965,76.9973,19.63347625732422
2003-12-19,5.11,0.98,184.3,5.7,88.11000061035156,92.6,32.81,6.92,0.2559,1.5965,78.0503,19.728126525878906
2003-12-22,5.13,1.02,184.3,5.7,87.98999786376953,92.6,31.71,6.32,0.2518,1.4771,75.5037,19.663366317749023
2003-12-23,5.20,1.0,184.3,5.7,87.98999786376953,92.6,32.03,5.58,0.2533,1.5965,77.2271,19.802854537963867
2003-12-24,5.15,0.97,184.3,5.7,87.54000091552734,92.6,32.99,5.50,0.2499,1.3976,77.7097,19.842710494995117
2003-12-26,5.15,0.97,184.3,5.7,87.62999725341797,92.6,.,.,0.2438,1.6263,79.0258,19.95231056213379
2003-12-29,5.18,0.98,184.3,5.7,87.3499984741211,92.6,32.51,5.46,0.2459,1.5816,81.8121,20.216344833374023
2003-12-30,5.23,0.93,184.3,5.7,87.0,92.6,33.01,5.96,0.244,1.5119,82.2901,20.266170501708984
2003-12-31,5.23,0.94,184.3,5.7,86.91999816894531,92.6,32.51,5.76,0.2426,1.5965,83.761,20.42559242248535
2004-01-02,5.30,1.01,185.2,5.7,86.91999816894531,103.8,.,.,0.2544,1.3528,75.9105,20.24127197265625
2004-01-05,5.28,0.97,185.2,5.7,86.06999969482422,103.8,33.71,6.28,0.2717,1.7507,80.8685,20.71453857421875
2004-01-06,5.26,0.92,185.2,5.7,85.62999725341797,103.8,33.54,7.04,0.2743,1.7407,75.9095,20.575042724609375
2004-01-07,5.22,0.94,185.2,5.7,86.19999694824219,103.8,33.57,6.61,0.2817,1.2583,70.8934,20.42559242248535
2004-01-08,5.20,0.99,185.2,5.7,85.56999969482422,103.8,34.27,6.41,0.2861,1.0047,69.2507,20.375764846801758
2004-01-09,5.14,0.99,185.2,5.7,85.11000061035156,103.8,34.38,6.91,0.2969,0.4377,60.102,20.071874618530273
2004-01-12,5.12,1.0,185.2,5.7,85.55000305175781,103.8,34.92,6.29,0.297,0.6267,64.7838,20.355844497680664
2004-01-13,5.11,0.99,185.2,5.7,85.51000213623047,103.8,34.26,6.26,0.2954,0.6018,62.2977,20.266170501708984
2004-01-14,5.06,1.01,185.2,5.7,86.02999877929688,103.8,34.62,5.73,0.2885,0.4625,62.2977,20.266170501708984
2004-01-15,5.03,1.04,185.2,5.7,86.55999755859375,103.8,33.61,6.02,0.2867,0.2238,56.6909,20.0668888092041
2004-01-16,5.04,0.98,185.2,5.7,87.7300033569336,103.8,35.16,5.43,0.2811,0.2238,58.8828,20.176504135131836
2004-01-20,5.09,1.02,185.2,5.7,86.70999908447266,103.8,36.21,6.15,0.2774,0.1492,62.4206,20.365798950195312
2004-01-21,5.06,1.0,185.2,5.7,86.36000061035156,103.8,35.53,6.26,0.2807,0.373,66.8645,20.639812469482422
2004-01-22,5.02,1.02,185.2,5.7,85.81999969482422,103.8,35.12,6.03,0.2802,0.1393,64.6201,20.565078735351562
2004-01-23,5.08,1.0,185.2,5.7,86.55999755859375,103.8,34.94,5.82,0.2843,0.2039,61.087,20.445514678955078
2004-01-26,5.14,1.08,185.2,5.7,87.25,103.8,34.41,5.70,0.2878,-0.0149,65.4144,20.69957733154297
2004-01-27,5.09,1.02,185.2,5.7,86.27999877929688,103.8,33.99,5.87,0.2907,-0.0547,60.3155,20.520248413085938
2004-01-28,5.14,0.99,185.2,5.7,86.97000122070312,103.8,33.63,6.04,0.3108,-0.0945,55.4061,20.330936431884766
2004-01-29,5.13,1.0,185.2,5.7,87.58000183105469,103.8,32.86,5.99,0.3163,0.2835,61.2983,20.65973472595215
2004-01-30,5.11,1.03,185.2,5.7,87.19999694824219,103.8,33.16,5.80,0.3257,0.2487,53.4607,20.320966720581055
2004-02-02,5.13,1.01,186.2,5.6,87.52999877929688,94.4,34.02,5.51,0.3333,-0.0845,52.3996,20.271156311035156
2004-02-03,5.11,0.97,186.2,5.6,86.79000091552734,94.4,34.20,5.69,0.3244,-0.1343,49.4407,20.131656646728516
2004-02-04,5.11,1.0,186.2,5.6,86.83999633789062,94.4,33.06,5.74,0.3176,-0.1641,48.8047,20.101770401000977
2004-02-05,5.13,1.01,186.2,5.6,86.9000015258789,94.4,33.26,5.54,0.3113,0.0497,49.1569,20.116710662841797
2004-02-06,5.08,0.99,186.2,5.6,86.0199966430664,94.4,32.49,5.38,0.3054,0.005,50.7383,20.181476593017578
2004-02-09,5.06,1.01,186.2,5.6,86.0,94.4,32.91,5.44,0.3082,0.0497,56.0594,20.417070388793945
2004-02-10,5.08,1.0,186.2,5.6,85.83999633789062,94.4,34.03,5.49,0.3123,-0.0437,59.6745,20.597536087036133
2004-02-11,5.06,1.0,186.2,5.6,85.19999694824219,94.4,33.93,5.34,0.3257,0.4463,66.5147,21.01359748840332
2004-02-12,5.10,1.02,186.2,5.6,85.29000091552734,94.4,34.03,5.35,0.3185,0.5606,66.3686,21.008590698242188
2004-02-13,5.08,1.01,186.2,5.6,85.55999755859375,94.4,34.51,5.62,0.3147,0.307,66.3686,21.008590698242188
2004-02-17,5.07,1.02,186.2,5.6,85.0199966430664,94.4,35.13,5.43,0.3116,0.6462,68.9031,21.16899299621582
2004-02-18,5.07,1.0,186.2,5.6,85.87999725341797,94.4,35.42,5.33,0.3065,0.62,62.1278,20.953447341918945
2004-02-19,5.04,1.0,186.2,5.6,85.94999694824219,94.4,35.81,5.28,0.3053,0.3668,63.477,21.028642654418945
2004-02-20,5.09,0.99,186.2,5.6,87.23999786376953,94.4,35.80,5.19,0.3032,0.745,64.2093,21.068750381469727
2004-02-23,5.11,1.0,186.2,5.6,87.04000091552734,94.4,35.75,5.10,0.3051,1.07,68.8357,21.344444274902344
2004-02-24,5.06,0.99,186.2,5.6,86.13999938964844,94.4,35.85,5.08,0.2972,1.0741,64.4325,21.209089279174805
2004-02-25,5.02,1.02,186.2,5.6,87.25,94.4,37.28,5.10,0.2924,1.2741,67.2716,21.379533767700195
2004-02-26,5.05,1.03,186.2,5.6,87.68000030517578,94.4,35.45,5.13,0.2876,1.089,61.9466,21.209089279174805
2004-02-27,5.01,1.04,186.2,5.6,87.30999755859375,94.4,36.08,5.27,0.2893,0.9543,59.8459,21.138919830322266
2004-03-01,4.99,1.04,187.4,5.8,87.5199966430664,95.8,36.85,5.17,0.2854,0.8957,63.2052,21.314363479614258
2004-03-02,5.06,1.0,187.4,5.8,88.83000183105469,95.8,36.60,5.37,0.2832,0.4754,56.2544,21.073749542236328
2004-03-03,5.02,1.0,187.4,5.8,89.02999877929688,95.8,35.80,5.34,0.2787,-0.01,54.3761,21.003572463989258
2004-03-04,4.99,0.99,187.4,5.8,89.13999938964844,95.8,36.81,5.17,0.2667,-0.0801,52.3589,20.92838478088379
2004-03-05,4.91,1.0,187.4,5.8,88.18000030517578,95.8,37.31,5.32,0.2802,0.2902,60.2026,21.29933738708496
2004-03-08,4.87,1.0,187.4,5.8,88.0,95.8,36.53,5.42,0.2723,0.1651,60.859,21.334421157836914
2004-03-09,4.85,0.99,187.4,5.8,88.29000091552734,95.8,36.29,5.34,0.2754,0.4904,62.9287,21.444690704345703
2004-03-10,4.83,1.0,187.4,5.8,88.94999694824219,95.8,36.21,5.33,0.2904,0.2402,57.7012,21.269254684448242
2004-03-11,4.87,1.01,187.4,5.8,88.51000213623047,95.8,36.95,5.33,0.3201,-0.3403,45.2187,20.727869033813477
2004-03-12,4.89,0.99,187.4,5.8,89.12000274658203,95.8,36.21,5.52,0.3236,-0.2752,52.2264,21.068750381469727
2004-03-15,4.88,1.05,187.4,5.8,88.80999755859375,95.8,37.44,5.59,0.3234,-0.2652,49.7088,20.943424224853516
2004-03-16,4.82,0.99,187.4,5.8,88.58999633789062,95.8,37.36,5.60,0.3203,-0.2902,52.5653,21.088790893554688
2004-03-17,4.83,1.0,187.4,5.8,88.6500015258789,95.8,38.21,5.61,0.3175,-0.035,54.2073,21.174009323120117
2004-03-18,4.87,1.0,187.4,5.8,87.69999694824219,95.8,37.81,5.63,0.3159,0.1451,56.3149,21.28429412841797
2004-03-19,4.89,0.99,187.4,5.8,88.16000366210938,95.8,38.09,5.49,0.3287,-0.5104,46.301,20.803071975708008
2004-03-22,4.84,1.01,187.4,5.8,87.80999755859375,95.8,37.12,5.46,0.3292,-0.5504,41.6485,20.5223445892334
2004-03-23,4.83,0.99,187.4,5.8,87.8499984741211,95.8,37.81,5.36,0.3321,-0.5705,40.2486,20.432109832763672
2004-03-24,4.83,0.99,187.4,5.8,88.93000030517578,95.8,37.06,5.35,0.3452,-0.8257,35.5324,20.10126304626465
2004-03-25,4.86,1.02,187.4,5.8,88.9000015258789,95.8,35.67,5.22,0.333,-1.1209,37.3297,20.17646598815918
2004-03-26,4.91,1.0,187.4,5.8,88.88999938964844,95.8,35.61,5.16,0.3411,-0.9107,42.9275,20.422096252441406
2004-03-29,4.96,1.0,187.4,5.8,88.62999725341797,95.8,35.41,5.25,0.3407,-0.8457,46.5967,20.597536087036133
2004-03-30,4.96,0.98,187.4,5.8,88.43000030517578,95.8,36.15,5.40,0.3367,-0.4404,51.0508,20.828128814697266
2004-03-31,4.93,1.05,187.4,5.8,87.61000061035156,95.8,35.75,5.63,0.3319,0.1201,51.4302,20.848175048828125
2004-04-01,5.01,1.03,188.0,5.6,87.20999908447266,94.2,34.47,5.82,0.3283,-0.2552,50.6898,20.813095092773438
2004-04-02,5.13,1.0,188.0,5.6,88.51000213623047,94.2,34.39,5.69,0.3216,0.0651,54.6103,21.008590698242188
2004-04-05,5.18,1.01,188.0,5.6,89.22000122070312,94.2,34.29,5.81,0.3136,0.0901,57.7631,21.17902183532715
2004-04-06,5.17,1.0,188.0,5.6,88.75,94.2,35.09,5.70,0.3055,-0.025,57.0105,21.148950576782227
2004-04-07,5.18,1.0,188.0,5.6,88.2699966430664,94.2,36.28,5.76,0.298,-0.2802,53.3898,21.003572463989258
2004-04-08,5.17,1.02,188.0,5.6,89.0199966430664,94.2,37.14,5.84,0.3135,0.4754,58.7416,21.279279708862305
2004-04-12,5.19,1.0,188.0,5.6,88.94999694824219,94.2,37.79,5.85,0.324,1.0859,64.0726,21.610118865966797
2004-04-13,5.25,1.0,188.0,5.6,89.83000183105469,94.2,37.09,5.92,0.3238,1.0308,60.3808,21.464757919311523
2004-04-14,5.26,1.01,188.0,5.6,90.23999786376952,94.2,36.62,5.73,0.3289,1.6013,64.0709,21.705364227294922
2004-04-15,5.33,1.03,188.0,5.6,90.05999755859375,94.2,37.74,5.68,0.3529,1.7164,66.714,21.895849227905273
2004-04-16,5.31,0.99,188.0,5.6,89.94000244140625,94.2,37.70,5.62,0.3402,1.5613,67.918,21.98607635498047
2004-04-19,5.33,1.0,188.0,5.6,89.80000305175781,94.2,37.46,5.57,0.3299,1.3211,66.0596,21.920913696289062
2004-04-20,5.35,0.99,188.0,5.6,90.48999786376952,94.2,37.61,5.46,0.3431,0.5905,53.8528,21.705364227294922
2004-04-21,5.36,0.99,188.0,5.6,91.12000274658205,94.2,36.61,5.52,0.3397,0.6805,55.7884,21.5299129486084
2004-04-22,5.33,1.0,188.0,5.6,90.81999969482422,94.2,37.70,5.59,0.3494,0.8907,58.7525,21.705364227294922
2004-04-23,5.38,0.99,188.0,5.6,91.08000183105467,94.2,37.22,5.53,0.3434,0.5304,55.0078,21.539939880371094
2004-04-26,5.36,1.01,188.0,5.6,90.62000274658205,94.2,37.02,5.60,0.3356,0.3803,55.379,21.55999755859375
2004-04-27,5.35,0.99,188.0,5.6,90.41000366210938,94.2,37.49,5.81,0.346,0.7806,61.6787,21.930936813354492
2004-04-28,5.39,1.01,188.0,5.6,91.16999816894533,94.2,37.23,5.80,0.3456,0.6105,54.6099,21.615137100219727
2004-04-29,5.41,1.03,188.0,5.6,90.56999969482422,94.2,37.50,5.78,0.3645,0.045,49.038,21.324398040771484
2004-04-30,5.39,1.03,188.0,5.6,90.4800033569336,94.2,37.31,5.81,0.3713,-0.2802,49.1343,21.329402923583984
2004-05-03,5.41,1.03,189.1,5.6,90.76000213623048,90.2,38.26,5.80,0.3859,0.4303,58.6495,21.895849227905273
2004-05-04,5.45,1.0,189.1,5.6,89.80999755859375,90.2,38.86,6.21,0.3812,0.1101,57.023,21.815643310546875
2004-05-05,5.46,0.99,189.1,5.6,89.30999755859375,90.2,39.69,6.09,0.3822,0.1551,60.4894,22.051258087158203
2004-05-06,5.46,1.0,189.1,5.6,89.87999725341797,90.2,39.41,6.22,0.381,-0.015,58.7521,21.97104263305664
2004-05-07,5.53,0.99,189.1,5.6,91.12999725341795,90.2,39.98,6.18,0.3817,-0.2402,52.8288,21.680301666259766
2004-05-10,5.54,1.0,189.1,5.6,91.55999755859376,90.2,38.90,6.14,0.4138,-0.3403,43.1385,21.078760147094727
2004-05-11,5.53,0.96,189.1,5.6,91.66000366210938,90.2,40.30,6.24,0.415,-0.04,49.9011,21.492473602294922
2004-05-12,5.57,0.98,189.1,5.6,91.29000091552734,90.2,40.30,6.41,0.413,-0.0137,52.8647,21.69428825378418
2004-05-13,5.61,1.0,189.1,5.6,91.95999908447266,90.2,40.94,6.42,0.4076,0.0154,50.6852,21.558053970336914
2004-05-14,5.59,1.02,189.1,5.6,91.66000366210938,90.2,41.42,6.43,0.4084,0.2673,54.7071,21.830501556396484
2004-05-17,5.52,1.05,189.1,5.6,91.0,90.2,41.53,6.41,0.3982,-0.2137,52.8172,21.71950912475586
2004-05-18,5.56,1.0,189.1,5.6,91.25,90.2,40.32,6.28,0.3881,-0.0798,49.7862,21.537879943847656
2004-05-19,5.57,1.0,189.1,5.6,90.52999877929688,90.2,41.61,6.18,0.3849,0.1651,49.0288,21.492473602294922
2004-05-20,5.52,1.0,189.1,5.6,91.02999877929688,90.2,40.92,6.44,0.3772,0.2256,50.2072,21.558053970336914
2004-05-21,5.53,0.99,189.1,5.6,90.48999786376952,90.2,39.83,6.35,0.3801,-0.4053,48.9875,21.492473602294922
2004-05-24,5.53,1.0,189.1,5.6,90.4800033569336,90.2,42.03,6.48,0.3727,-0.2245,50.9613,21.593368530273438
2004-05-25,5.50,1.0,189.1,5.6,89.83999633789062,90.2,41.45,6.73,0.3828,0.0539,59.5562,22.107990264892578
2004-05-26,5.46,0.99,189.1,5.6,89.72000122070312,90.2,40.60,6.70,0.3749,-0.002,56.7222,21.971752166748047
2004-05-27,5.45,1.0,189.1,5.6,88.66999816894531,90.2,39.25,6.51,0.3729,0.1976,54.8483,21.88094711303711
2004-05-28,5.42,1.02,189.1,5.6,88.94999694824219,90.2,39.90,6.45,0.3628,0.7377,53.5776,21.82040786743164
2004-06-01,5.48,1.02,189.7,5.6,88.87999725341797,95.6,42.33,6.45,0.3585,0.5539,57.5494,22.04743766784668
2004-06-02,5.50,0.98,189.7,5.6,88.83999633789062,95.6,39.96,6.51,0.3433,0.3928,58.2336,22.087793350219727
2004-06-03,5.49,0.99,189.7,5.6,88.94999694824219,95.6,39.29,6.44,0.3332,0.4129,55.4659,21.971752166748047
2004-06-04,5.54,0.99,189.7,5.6,88.54000091552734,95.6,38.44,6.15,0.323,0.0504,53.3297,21.88094711303711
2004-06-07,5.50,0.99,189.7,5.6,88.25,95.6,38.72,6.09,0.3226,0.4784,59.2459,22.19879722595215
2004-06-08,5.53,0.97,189.7,5.6,88.51000213623047,95.6,37.18,6.19,0.3183,0.6043,57.8665,22.14330291748047
2004-06-09,5.53,0.99,189.7,5.6,89.7300033569336,95.6,37.60,6.04,0.324,0.428,52.5922,21.921314239501953
2004-06-10,5.51,1.0,189.7,5.6,89.25,95.6,38.45,6.00,0.3257,0.6295,57.6048,22.18870735168457
2004-06-14,5.58,1.02,189.7,5.6,89.94000244140625,95.6,37.58,6.15,0.3153,0.6295,56.0396,22.12311363220215
2004-06-15,5.45,1.03,189.7,5.6,89.08999633789062,95.6,37.18,6.35,0.314,0.6446,58.2034,22.239152908325195
2004-06-16,5.45,1.0,189.7,5.6,90.04000091552734,95.6,37.33,6.38,0.3197,0.4583,63.649,22.567100524902344
2004-06-17,5.41,1.01,189.7,5.6,89.5999984741211,95.6,38.51,6.57,0.3058,0.6144,63.9602,22.58727264404297
2004-06-18,5.46,1.0,189.7,5.6,89.08000183105469,95.6,38.68,6.48,0.2958,0.8108,65.624,22.693218231201172
2004-06-21,5.45,1.0,189.7,5.6,89.29000091552734,95.6,37.69,6.42,0.2873,0.7453,61.957,22.567100524902344
2004-06-22,5.47,1.0,189.7,5.6,89.43000030517578,95.6,38.11,6.29,0.288,0.6043,63.4525,22.65285873413086
2004-06-23,5.45,1.02,189.7,5.6,89.41999816894531,95.6,37.56,6.30,0.2905,0.846,67.9256,22.93539810180664
2004-06-24,5.44,1.03,189.7,5.6,88.75,95.6,37.81,6.41,0.2794,0.8662,65.018,22.839540481567383
2004-06-25,5.41,1.05,189.7,5.6,88.87999725341797,95.6,37.34,6.28,0.2965,0.4431,52.1197,22.324928283691406
2004-06-28,5.49,1.09,189.7,5.6,88.72000122070312,95.6,36.25,6.13,0.2976,0.1914,53.3888,22.390506744384766
2004-06-29,5.44,1.13,189.7,5.6,89.41000366210938,95.6,35.60,6.02,0.2951,0.3424,55.2556,22.48638153076172
2004-06-30,5.41,1.38,189.7,5.6,88.80000305175781,95.6,36.92,6.03,0.2906,0.4834,53.319,22.40565299987793
2004-07-01,5.35,1.4,189.4,5.5,88.79000091552734,96.7,38.56,5.95,0.2853,0.3072,55.2205,22.496458053588867
2004-07-02,5.30,1.25,189.4,5.5,87.97000122070312,96.7,38.37,5.88,0.2851,0.4381,56.5955,22.562057495117188
2004-07-06,5.32,1.3,189.4,5.5,88.12000274658203,96.7,39.56,6.16,0.2784,0.5136,60.4214,22.753768920898438
2004-07-07,5.32,1.26,189.4,5.5,87.6500015258789,96.7,39.18,6.27,0.2754,0.3223,62.9222,22.88997459411621
2004-07-08,5.32,1.26,189.4,5.5,87.54000091552734,96.7,40.27,6.19,0.2672,0.277,62.1392,22.864757537841797
2004-07-09,5.31,1.24,189.4,5.5,87.41999816894531,96.7,39.90,5.89,0.26,0.2367,63.414,22.93034553527832
2004-07-12,5.26,1.26,189.4,5.5,87.38999938964844,96.7,39.30,5.95,0.2537,0.3575,63.2376,22.925310134887695
2004-07-13,5.29,1.24,189.4,5.5,87.81999969482422,96.7,39.55,5.85,0.2568,0.1561,59.1616,22.809261322021484
2004-07-14,5.32,1.24,189.4,5.5,87.58000183105469,96.7,40.98,5.91,0.2579,0.0,62.0267,22.93539810180664
2004-07-15,5.28,1.3,189.4,5.5,87.98999786376953,96.7,40.70,5.92,0.2535,0.0252,59.5089,22.864757537841797
2004-07-16,5.22,1.24,189.4,5.5,87.13999938964844,96.7,41.10,5.77,0.258,0.7956,65.0712,23.122066497802734
2004-07-19,5.22,1.25,189.4,5.5,87.18000030517578,96.7,41.55,5.75,0.3004,0.7654,65.7663,23.15738296508789
2004-07-20,5.25,1.25,189.4,5.5,87.83000183105469,96.7,40.86,5.80,0.293,0.6698,65.7663,23.15738296508789
2004-07-21,5.31,1.25,189.4,5.5,88.55999755859375,96.7,40.63,5.90,0.3314,0.3827,53.0075,22.789085388183594
2004-07-22,5.30,1.26,189.4,5.5,88.44999694824219,96.7,41.51,5.85,0.3282,0.4029,55.7911,22.90007781982422
2004-07-23,5.27,1.25,189.4,5.5,89.26000213623047,96.7,41.82,5.98,0.3192,0.3021,54.6812,22.864757537841797
2004-07-26,5.27,1.27,189.4,5.5,89.02999877929688,96.7,41.45,5.94,0.3126,0.1158,54.8195,22.86980438232422
2004-07-27,5.42,1.27,189.4,5.5,89.79000091552734,96.7,41.83,5.87,0.301,0.0201,55.9767,22.910171508789062
2004-07-28,5.42,1.29,189.4,5.5,89.75,96.7,42.81,5.77,0.3277,0.2468,61.3125,23.111970901489258
2004-07-29,5.37,1.3,189.4,5.5,89.94999694824219,96.7,42.69,5.93,0.3205,0.2921,63.9038,23.22296714782715
2004-07-30,5.31,1.29,189.4,5.5,89.95999908447266,96.7,43.72,6.03,0.3106,0.4331,66.8394,23.35917854309082
2004-08-02,5.26,1.28,189.5,5.4,89.75,95.9,43.83,5.86,0.3085,0.5237,65.7726,23.333965301513672
2004-08-03,5.24,1.24,189.5,5.4,89.56999969482422,95.9,44.13,5.77,0.3113,0.7201,71.945,23.6568546295166
2004-08-04,5.24,1.22,189.5,5.4,89.68000030517578,95.9,42.73,5.70,0.316,0.4633,60.0924,23.32892608642578
2004-08-05,5.22,1.3,189.5,5.4,89.63999938964844,95.9,44.39,5.54,0.3204,0.0,54.0443,23.122066497802734
2004-08-06,5.13,1.32,189.5,5.4,88.36000061035156,95.9,43.95,5.42,0.3281,-0.3928,45.5035,22.763853073120117
2004-08-09,5.15,1.35,189.5,5.4,88.38999938964844,95.9,44.86,5.58,0.3378,-0.1712,50.7029,22.98585319519043
2004-08-10,5.17,1.43,189.5,5.4,88.79000091552734,95.9,44.51,5.78,0.3327,0.0604,47.6957,22.849626541137695
2004-08-11,5.16,1.5,189.5,5.4,88.8499984741211,95.9,44.72,5.64,0.3404,0.005,49.0222,22.905447006225586
2004-08-12,5.17,1.51,189.5,5.4,88.69000244140625,95.9,45.52,5.46,0.3487,-0.2485,42.9125,22.616161346435547
2004-08-13,5.11,1.48,189.5,5.4,87.9000015258789,95.9,46.61,5.27,0.344,-0.0711,47.3736,22.798871994018555
2004-08-16,5.13,1.43,189.5,5.4,87.95999908447266,95.9,46.02,5.34,0.3347,-0.0253,49.3851,22.885150909423828
2004-08-17,5.13,1.2,189.5,5.4,88.05999755859375,95.9,46.75,5.27,0.343,-0.5965,41.9672,22.5146427154541
2004-08-18,5.11,1.39,189.5,5.4,88.08000183105469,95.9,47.36,5.36,0.3416,-0.4794,47.2292,22.743043899536133
2004-08-19,5.14,1.5,189.5,5.4,87.79000091552734,95.9,48.66,5.34,0.3325,-0.4735,50.2519,22.885150909423828
2004-08-20,5.14,1.5,189.5,5.4,88.12000274658203,95.9,47.60,5.39,0.329,-0.3672,51.9457,22.96636199951172
2004-08-23,5.15,1.51,189.5,5.4,89.05999755859375,95.9,46.00,5.34,0.3308,-0.8213,49.0246,22.83440399169922
2004-08-24,5.15,1.51,189.5,5.4,89.45999908447266,95.9,45.68,5.23,0.3246,-0.5648,47.4764,22.763343811035156
2004-08-25,5.13,1.55,189.5,5.4,89.41999816894531,95.9,43.83,5.32,0.3137,-0.1861,51.4835,22.935909271240234
2004-08-26,5.10,1.55,189.5,5.4,89.30000305175781,95.9,43.06,5.19,0.3079,0.2018,52.1769,22.96636199951172
2004-08-27,5.10,1.52,189.5,5.4,89.7699966430664,95.9,43.11,5.05,0.2979,0.0765,54.3993,23.062801361083984
2004-08-30,5.07,1.54,189.5,5.4,89.69000244140625,95.9,42.32,5.05,0.2983,0.0554,50.2926,22.905447006225586
2004-08-31,5.01,1.55,189.5,5.4,88.94000244140625,95.9,42.23,5.04,0.3132,0.4914,60.3732,23.397764205932617
2004-09-01,5.01,1.53,189.9,5.4,88.87000274658203,94.2,43.89,5.02,0.3096,0.9524,63.191,23.570341110229492
2004-09-02,5.07,1.51,189.9,5.4,88.9800033569336,94.2,44.04,4.75,0.3074,1.0436,67.1824,23.844411849975586
2004-09-03,5.14,1.48,189.9,5.4,89.62999725341797,94.2,43.94,4.32,0.2985,0.998,67.7405,23.885007858276367
2004-09-07,5.10,1.54,189.9,5.4,89.2300033569336,94.2,43.18,4.41,0.2989,1.4134,68.3917,23.93069076538086
2004-09-08,5.04,1.51,189.9,5.4,88.7699966430664,94.2,42.77,4.69,0.2877,1.1449,67.0951,23.890092849731445
2004-09-09,5.07,1.49,189.9,5.4,88.83000183105469,94.2,44.53,4.57,0.2845,1.2107,70.212,24.098182678222656
2004-09-10,5.05,1.48,189.9,5.4,88.38999938964844,94.2,42.84,4.57,0.283,1.074,68.3416,24.04235076904297
2004-09-13,5.02,1.51,189.9,5.4,88.55000305175781,94.2,43.86,5.12,0.274,1.2715,69.3798,24.108333587646484
2004-09-14,5.01,1.4,189.9,5.4,88.45999908447266,94.2,44.62,5.15,0.2689,1.3273,68.8189,24.093103408813477
2004-09-15,5.04,1.57,189.9,5.4,89.1500015258789,94.2,43.83,5.17,0.2642,1.1348,68.0293,24.07281494140625
2004-09-16,4.95,1.61,189.9,5.4,88.79000091552734,94.2,44.03,4.82,0.2558,1.1652,69.1721,24.13371467590332
2004-09-17,4.99,1.58,189.9,5.4,88.91000366210938,94.2,45.63,4.95,0.2741,1.4843,75.5926,24.54989242553711
2004-09-20,4.94,1.64,189.9,5.4,88.98999786376953,94.2,46.33,5.22,0.2726,1.5603,72.4231,24.46869468688965
2004-09-21,4.94,1.7,189.9,5.4,88.12999725341797,94.2,47.11,5.43,0.3041,1.7173,79.7412,25.118343353271484
2004-09-22,4.88,1.78,189.9,5.4,88.51000213623047,94.2,48.41,5.58,0.3106,1.2259,69.908,24.7985897064209
2004-09-23,4.86,1.8,189.9,5.4,88.44000244140625,94.2,48.37,5.58,0.3311,0.3951,56.7493,24.24029541015625
2004-09-24,4.87,1.76,189.9,5.4,88.4000015258789,94.2,48.86,5.41,0.323,0.3901,57.3001,24.275819778442383
2004-09-27,4.84,1.76,189.9,5.4,88.29000091552734,94.2,49.56,5.22,0.3224,0.4103,58.3607,24.3418025970459
2004-09-28,4.90,1.72,189.9,5.4,88.11000061035156,94.2,49.76,5.45,0.3287,0.7396,62.7316,24.631107330322266
2004-09-29,4.97,1.76,189.9,5.4,88.0999984741211,94.2,49.53,6.26,0.3841,0.3394,58.3352,24.43824005126953
2004-09-30,4.97,1.94,189.9,5.4,87.36000061035156,94.2,49.56,6.36,0.3708,0.4863,59.7734,24.529592514038086
2004-10-01,5.06,1.86,190.9,5.5,87.62999725341797,91.7,50.16,5.38,0.3671,0.7042,63.9431,24.813817977905273
2004-10-04,5.04,1.77,190.9,5.5,88.37999725341797,91.7,49.85,5.72,0.3745,0.7346,64.1575,24.82904624938965
2004-10-05,5.04,1.73,190.9,5.5,88.16999816894531,91.7,51.08,6.07,0.3695,0.9575,66.9764,25.032060623168945
2004-10-06,5.04,1.74,190.9,5.5,88.4800033569336,91.7,51.98,6.00,0.4021,1.2563,71.2922,25.39241600036621
2004-10-07,5.08,1.76,190.9,5.5,88.33999633789062,91.7,52.56,6.24,0.4142,0.694,67.4167,25.24523162841797
2004-10-08,4.98,1.71,190.9,5.5,87.44999694824219,91.7,53.40,5.59,0.4027,0.8257,68.0614,25.295988082885742
2004-10-11,.,1.71,190.9,5.5,87.54000091552734,91.7,53.65,5.63,0.3968,0.152,67.3439,25.270612716674805
2004-10-12,4.95,1.78,190.9,5.5,88.0199966430664,91.7,53.49,5.63,0.3883,0.2584,61.4805,25.05743408203125
2004-10-13,4.98,1.73,190.9,5.5,87.87999725341797,91.7,53.86,5.38,0.4037,0.3647,51.2898,24.605730056762695
2004-10-14,4.93,1.77,190.9,5.5,87.55000305175781,91.7,54.69,5.76,0.3983,0.4458,53.4377,24.722461700439453
2004-10-15,4.92,1.79,190.9,5.5,87.08999633789062,91.7,54.89,5.64,0.3898,0.537,56.2387,24.87980079650879
2004-10-18,4.92,1.73,190.9,5.5,87.0199966430664,91.7,53.59,5.64,0.3786,0.1114,53.235,24.742761611938477
2004-10-19,4.91,1.72,190.9,5.5,86.83999633789062,91.7,53.28,6.13,0.3736,0.0811,48.6727,24.519441604614258
2004-10-20,4.85,1.74,190.9,5.5,86.3499984741211,91.7,54.93,7.27,0.3733,0.2736,54.0681,24.803672790527344
2004-10-21,4.84,1.76,190.9,5.5,86.0199966430664,91.7,54.51,7.35,0.368,-0.0405,53.4201,24.77321434020996
2004-10-22,4.87,1.72,190.9,5.5,85.87000274658203,91.7,55.83,7.11,0.366,-0.1114,52.1854,24.71739387512207
2004-10-25,4.86,1.76,190.9,5.5,84.97000122070312,91.7,55.52,7.75,0.3601,-0.2584,53.3467,24.77321434020996
2004-10-26,4.87,1.72,190.9,5.5,85.20999908447266,91.7,56.37,7.78,0.3594,-0.3242,59.0007,25.067583084106445
2004-10-27,4.96,1.77,190.9,5.5,85.44000244140625,91.7,52.52,8.12,0.3659,-0.4002,53.6853,24.844282150268555
2004-10-28,4.91,1.79,190.9,5.5,85.27999877929688,91.7,50.95,6.80,0.3705,-0.6231,49.9411,24.671703338623047
2004-10-29,4.87,1.79,190.9,5.5,84.91000366210938,91.7,51.78,6.43,0.3777,-0.2888,55.8856,24.981306076049805
2004-11-01,4.92,1.83,191.0,5.4,85.19999694824219,92.8,50.10,6.98,0.3865,-0.2786,51.5617,24.778287887573242
2004-11-02,4.91,1.74,191.0,5.4,85.47000122070312,92.8,49.60,6.88,0.3835,-0.0253,47.6876,24.58036231994629
2004-11-03,4.90,1.73,191.0,5.4,84.69999694824219,92.8,50.90,7.25,0.3912,0.2837,55.4514,25.006689071655273
2004-11-04,4.89,1.77,191.0,5.4,84.54000091552734,92.8,48.80,7.40,0.3969,0.5927,62.088,25.4736328125
2004-11-05,4.99,1.76,191.0,5.4,84.01000213623047,92.8,49.65,6.08,0.3928,0.8308,63.3657,25.575130462646484
2004-11-08,4.98,1.8,191.0,5.4,84.08999633789062,92.8,49.10,6.62,0.3825,0.9423,60.933,25.463464736938477
2004-11-09,5.02,1.79,191.0,5.4,84.29000091552734,92.8,47.40,5.79,0.3803,0.3597,54.8513,25.16240882873535
2004-11-10,5.05,1.92,191.0,5.4,84.43000030517578,92.8,48.70,6.12,0.3837,0.5734,57.6445,25.346101760864258
2004-11-11,.,1.92,191.0,5.4,84.37000274658203,92.8,47.50,6.19,0.373,0.6241,57.538,25.341007232666016
2004-11-12,4.96,2.02,191.0,5.4,83.69000244140625,92.8,47.30,5.90,0.3853,0.9555,63.1146,25.72883415222168
2004-11-15,4.98,2.06,191.0,5.4,84.0,92.8,46.95,6.02,0.4036,0.2338,54.5822,25.3001766204834
2004-11-16,4.96,1.98,191.0,5.4,83.80000305175781,92.8,46.10,6.57,0.4232,0.3701,53.02,25.21343994140625
2004-11-17,4.89,1.99,191.0,5.4,83.29000091552734,92.8,46.85,6.06,0.4199,0.8429,57.5599,25.514503479003906
2004-11-18,4.86,1.99,191.0,5.4,83.69000244140625,92.8,46.30,5.59,0.4034,0.5593,57.9309,25.540023803710938
2004-11-19,4.93,1.99,191.0,5.4,83.30999755859375,92.8,48.90,4.81,0.3895,0.93,60.3921,25.708417892456055
2004-11-22,4.89,2.01,191.0,5.4,83.19000244140625,92.8,48.48,5.24,0.386,1.3976,64.0316,25.9788761138916
2004-11-23,4.89,2.0,191.0,5.4,82.97000122070312,92.8,48.74,5.24,0.373,1.1197,65.8791,26.126853942871094
2004-11-24,4.89,2.02,191.0,5.4,82.41000366210938,92.8,49.14,5.01,0.3624,0.8014,67.6676,26.274843215942383
2004-11-26,4.94,2.01,191.0,5.4,81.77999877929688,92.8,.,.,0.355,0.7816,68.6442,26.356487274169922
2004-11-29,5.03,2.03,191.0,5.4,81.93000030517578,92.8,49.71,6.76,0.3646,0.7504,64.9473,26.21360206604004
2004-11-30,5.07,2.02,191.0,5.4,81.81999969482422,92.8,49.16,6.79,0.3571,0.9882,63.372,26.152366638183594
2004-12-01,5.08,2.04,190.3,5.4,81.55999755859375,97.1,45.56,6.78,0.3629,0.7539,62.022,26.101346969604492
2004-12-02,5.11,2.0,190.3,5.4,81.94999694824219,97.1,43.31,6.69,0.381,0.2598,50.6375,25.601242065429688
2004-12-03,4.99,1.98,190.3,5.4,80.9800033569336,97.1,42.56,6.04,0.3843,-0.0764,51.6135,25.65228271484375
2004-12-06,4.96,2.04,190.3,5.4,81.27999877929688,97.1,42.96,6.05,0.3769,0.2852,50.2233,25.58595085144043
2004-12-07,4.95,1.99,190.3,5.4,81.23999786376953,97.1,41.51,6.03,0.3791,0.1477,45.7332,25.361406326293945
2004-12-08,4.84,2.01,190.3,5.4,81.9000015258789,97.1,41.96,5.98,0.3949,0.0102,49.2844,25.524703979492188
2004-12-09,4.88,2.05,190.3,5.4,82.02999877929688,97.1,42.41,6.04,0.402,0.1375,52.4274,25.677797317504883
2004-12-10,4.87,2.09,190.3,5.4,82.55000305175781,97.1,40.71,6.29,0.3937,-0.1172,50.5169,25.59105110168457
2004-12-13,4.85,2.18,190.3,5.4,82.0999984741211,97.1,41.06,6.89,0.3848,-0.1222,55.8203,25.856403350830078
2004-12-14,4.83,2.24,190.3,5.4,82.31999969482422,97.1,41.76,7.10,0.3726,-0.2751,55.6967,25.851293563842773
2004-12-15,4.76,2.31,190.3,5.4,81.62999725341797,97.1,44.21,7.04,0.3591,-0.4992,53.7729,25.774757385253906
2004-12-16,4.88,2.26,190.3,5.4,82.5,97.1,44.16,6.88,0.3648,-0.7895,48.8102,25.56552505493164
2004-12-17,4.89,2.23,190.3,5.4,82.16000366210938,97.1,46.31,7.26,0.3642,-0.7997,45.5012,25.412445068359375
2004-12-20,4.88,2.26,190.3,5.4,81.66999816894531,97.1,45.57,7.14,0.3876,-0.0968,58.2907,26.055410385131836
2004-12-21,4.83,2.24,190.3,5.4,81.94000244140625,97.1,45.76,6.83,0.392,0.2751,62.97,26.376895904541016
2004-12-22,4.86,2.25,190.3,5.4,81.93000030517578,97.1,44.05,7.05,0.3985,0.5705,58.4837,26.172779083251953
2004-12-23,4.90,2.34,190.3,5.4,81.33999633789062,97.1,42.19,6.98,0.4021,0.8659,63.274,26.519779205322266
2004-12-27,4.97,2.24,190.3,5.4,80.72000122070312,97.1,41.26,6.57,0.4137,0.3769,52.7645,25.963565826416016
2004-12-28,4.95,2.24,190.3,5.4,80.72000122070312,97.1,41.78,6.27,0.4031,0.6876,54.0464,26.050312042236328
2004-12-29,4.97,2.23,190.3,5.4,80.97000122070312,97.1,43.69,6.18,0.3881,0.5654,54.6699,26.091129302978516
2004-12-30,4.94,2.24,190.3,5.4,80.52999877929688,97.1,43.36,6.02,0.3742,0.3616,53.6893,26.040090560913086
2004-12-31,4.86,1.97,190.3,5.4,80.8499984741211,97.1,.,.,0.3621,0.5654,55.6593,26.157468795776367
2005-01-03,4.85,2.31,190.7,5.3,81.30000305175781,95.5,42.16,5.53,0.3868,-0.2954,45.1401,25.560428619384766
2005-01-04,4.91,2.25,190.7,5.3,82.56999969482422,95.5,43.96,5.71,0.3926,-0.4635,42.6194,25.386932373046875
2005-01-05,4.88,2.25,190.7,5.3,82.54000091552734,95.5,43.41,5.84,0.3886,-0.5195,40.7456,25.254255294799805
2005-01-06,4.89,2.25,190.7,5.3,83.1500015258789,95.5,45.51,5.79,0.395,0.0102,46.8441,25.57573699951172
2005-01-07,4.88,2.24,190.7,5.3,83.61000061035156,95.5,45.32,5.82,0.3937,-0.0051,44.2736,25.407346725463867
2005-01-10,4.86,2.26,190.7,5.3,83.29000091552734,95.5,45.31,6.21,0.3914,-0.5501,46.1072,25.504304885864258
2005-01-11,4.84,2.24,190.7,5.3,83.0199966430664,95.5,45.66,5.96,0.3824,-0.9372,45.0158,25.437955856323242
2005-01-12,4.80,2.25,190.7,5.3,82.13999938964844,95.5,46.46,5.89,0.3846,-0.3566,51.9834,25.815587997436523
2005-01-13,4.77,2.29,190.7,5.3,82.51000213623047,95.5,48.11,6.06,0.3789,-0.7233,51.6027,25.795167922973633
2005-01-14,4.78,2.29,190.7,5.3,83.05999755859375,95.5,48.41,6.45,0.377,0.0968,56.1029,26.060514450073242
2005-01-18,4.72,2.31,190.7,5.3,83.36000061035156,95.5,48.46,6.69,0.3719,0.2292,59.4598,26.279930114746094
2005-01-19,4.70,2.19,190.7,5.3,83.5999984741211,95.5,47.61,6.19,0.3635,-0.0407,54.7418,26.050312042236328
2005-01-20,4.71,2.25,190.7,5.3,83.83999633789062,95.5,47.01,6.27,0.363,-0.1579,51.5138,25.881900787353516
2005-01-21,4.70,2.26,190.7,5.3,83.26000213623047,95.5,48.31,6.43,0.3775,-0.4177,48.88,25.739032745361328
2005-01-24,4.63,2.26,190.7,5.3,83.23999786376953,95.5,48.61,6.41,0.3858,0.5297,54.9875,26.091129302978516
2005-01-25,4.71,2.29,190.7,5.3,83.98999786376953,95.5,49.43,6.44,0.3699,0.8048,56.6059,26.19318962097168
2005-01-26,4.70,2.33,190.7,5.3,83.30000305175781,95.5,48.80,6.44,0.3664,1.1257,59.5064,26.381996154785156
2005-01-27,4.71,2.39,190.7,5.3,83.43000030517578,95.5,48.80,6.50,0.3664,0.8303,59.8965,26.40751838684082
2005-01-28,4.64,2.48,190.7,5.3,83.4800033569336,95.5,47.15,6.23,0.3635,0.7539,54.4713,26.162567138671875
2005-01-31,4.62,2.5,190.7,5.3,83.5999984741211,95.5,48.25,6.14,0.363,0.8252,57.3326,26.33096694946289
2005-02-01,4.63,2.4,191.8,5.4,83.44999694824219,94.1,47.10,6.28,0.3982,1.742,68.2183,27.183155059814453
2005-02-02,4.61,2.29,191.8,5.4,83.5199966430664,94.1,46.65,6.38,0.3967,1.7013,71.3312,27.519948959350586
2005-02-03,4.58,2.49,191.8,5.4,83.97000122070312,94.1,46.40,6.32,0.4084,2.0222,73.8016,27.821025848388672
2005-02-04,4.48,2.51,191.8,5.4,84.38999938964844,94.1,46.45,6.12,0.417,2.1495,76.6318,28.213932037353516
2005-02-07,4.43,2.5,191.8,5.4,85.04000091552734,94.1,45.35,6.02,0.4167,1.9865,77.0138,28.27007484436035
2005-02-08,4.39,2.48,191.8,5.4,85.0999984741211,94.1,45.40,5.95,0.4257,2.5468,79.1798,28.603382110595703
2005-02-09,4.40,2.5,191.8,5.4,85.0199966430664,94.1,45.45,6.20,0.4224,2.5921,76.3068,28.480310440063477
2005-02-10,4.50,2.51,191.8,5.4,84.54000091552734,94.1,47.05,6.21,0.4317,3.1441,79.0372,28.89055633544922
2005-02-11,4.52,2.5,191.8,5.4,84.56999969482422,94.1,47.15,6.02,0.4341,2.675,76.3143,28.772607803344727
2005-02-14,4.45,2.51,191.8,5.4,83.95999908447266,94.1,47.50,5.95,0.4316,2.9416,78.779,29.14181900024414
2005-02-15,4.48,2.53,191.8,5.4,83.58999633789062,94.1,47.30,6.01,0.4161,2.7992,79.0721,29.187965393066406
2005-02-16,4.53,2.48,191.8,5.4,83.66999816894531,94.1,48.35,6.10,0.4544,3.5722,83.3624,29.987918853759766
2005-02-17,4.58,2.5,191.8,5.4,83.47000122070312,94.1,47.50,6.05,0.4556,3.6375,79.4281,29.80844497680664
2005-02-18,4.65,2.51,191.8,5.4,83.48999786376953,94.1,48.45,5.88,0.4899,4.1246,82.6526,30.464815139770508
2005-02-22,4.71,2.57,191.8,5.4,82.41000366210938,94.1,51.00,5.92,0.5218,2.6802,71.6866,29.869962692260742
2005-02-23,4.69,2.53,191.8,5.4,82.68000030517578,94.1,51.73,6.02,0.5317,2.9429,75.2529,30.46992301940918
2005-02-24,4.67,2.55,191.8,5.4,82.87999725341797,94.1,52.05,6.33,0.5588,3.5176,79.3475,31.34680938720703
2005-02-25,4.61,2.54,191.8,5.4,82.66000366210938,94.1,52.20,6.24,0.6125,4.2156,83.0987,32.43905258178711
2005-02-28,4.71,2.52,191.8,5.4,82.51000213623047,94.1,51.75,6.62,0.6397,4.1852,83.1759,32.46468734741211
2005-03-01,4.69,2.39,193.3,5.2,82.7699966430664,92.6,51.67,6.63,0.6422,3.2348,74.3227,31.844196319580078
2005-03-02,4.71,2.48,193.3,5.2,83.08000183105469,92.6,53.00,6.61,0.638,3.6545,75.66,32.141624450683594
2005-03-03,4.71,2.51,193.3,5.2,83.27999877929688,92.6,53.60,6.71,0.6228,3.4344,76.5009,32.33135223388672
2005-03-04,4.66,2.5,193.3,5.2,82.54000091552734,92.6,53.70,6.51,0.6244,3.8182,77.6685,32.59801483154297
2005-03-07,4.63,2.51,193.3,5.2,82.79000091552734,92.6,53.90,6.66,0.6171,3.158,73.3653,32.30571365356445
2005-03-08,4.67,2.49,193.3,5.2,81.9800033569336,92.6,54.55,6.81,0.6022,3.1631,73.6412,32.356998443603516
2005-03-09,4.84,2.5,193.3,5.2,81.62999725341797,92.6,54.75,6.99,0.6934,1.1823,58.5518,31.17245864868164
2005-03-10,4.74,2.52,193.3,5.2,81.56999969482422,92.6,53.52,6.91,0.7002,1.1465,56.2933,30.957082748413086
2005-03-11,4.80,2.51,193.3,5.2,81.41999816894531,92.6,54.40,6.73,0.7021,0.8394,59.0476,31.3057804107666
2005-03-14,4.77,2.59,193.3,5.2,81.97000122070312,92.6,54.90,6.86,0.7053,1.5508,59.9665,31.42372703552246
2005-03-15,4.80,2.61,193.3,5.2,82.12000274658203,92.6,55.05,7.16,0.7131,0.476,54.6286,30.94683074951172
2005-03-16,4.78,2.57,193.3,5.2,81.62000274658203,92.6,56.50,7.08,0.7126,-0.4299,54.2928,30.91606330871582
2005-03-17,4.75,2.68,193.3,5.2,81.83999633789062,92.6,56.40,7.25,0.711,-0.9059,59.6365,31.531421661376953
2005-03-18,4.80,2.7,193.3,5.2,82.12999725341797,92.6,56.80,7.12,0.71,-0.3378,64.016,32.126251220703125
2005-03-21,4.85,2.71,193.3,5.2,82.87999725341797,92.6,56.70,7.16,0.7024,0.0256,60.9464,31.86985969543457
2005-03-22,4.88,2.72,193.3,5.2,83.36000061035156,92.6,55.95,7.24,0.7264,-0.9111,53.978,31.228866577148438
2005-03-23,4.86,2.73,193.3,5.2,84.0,92.6,49.43,7.11,0.7217,-1.515,49.9893,30.813493728637695
2005-03-24,4.84,2.75,193.3,5.2,84.12999725341797,92.6,49.70,7.07,0.7488,-2.3391,45.154,30.254566192626953
2005-03-28,4.88,2.79,193.3,5.2,84.62000274658203,92.6,54.06,6.94,0.7348,-2.1036,44.6842,30.198144912719727
2005-03-29,4.85,2.72,193.3,5.2,84.31999969482422,92.6,54.26,6.93,0.7448,-2.4721,42.0302,29.880226135253906
2005-03-30,4.77,2.74,193.3,5.2,84.29000091552734,92.6,53.96,7.18,0.7626,-0.7933,47.3037,30.377639770507812
2005-03-31,4.76,2.96,193.3,5.2,84.05999755859375,92.6,55.31,7.46,0.7476,-0.3941,49.1524,30.56223487854004
2005-04-01,4.72,2.83,194.6,5.2,84.43000030517578,87.7,57.26,7.57,0.7344,-0.2559,53.7624,31.049396514892578
2005-04-04,4.73,2.78,194.6,5.2,84.77999877929688,87.7,56.86,7.80,0.7412,-0.3225,54.2328,31.100685119628906
2005-04-05,4.75,2.72,194.6,5.2,84.66000366210938,87.7,55.83,7.44,0.7318,-0.1484,50.9401,30.798118591308594
2005-04-06,4.73,2.73,194.6,5.2,84.68000030517578,87.7,55.88,7.46,0.719,0.3122,55.1182,31.228866577148438
2005-04-07,4.78,2.76,194.6,5.2,84.87000274658203,87.7,54.16,7.50,0.7115,-0.3276,54.8189,31.203229904174805
2005-04-08,4.77,2.75,194.6,5.2,84.47000122070312,87.7,53.46,7.26,0.6925,-1.3512,49.9156,30.77248764038086
2005-04-11,4.73,2.78,194.6,5.2,84.16000366210938,87.7,53.71,7.17,0.6821,-0.952,51.4737,30.91606330871582
2005-04-12,4.66,2.77,194.6,5.2,84.41999816894531,87.7,51.54,7.34,0.6616,-0.2406,52.2732,30.987850189208984
2005-04-13,4.68,2.76,194.6,5.2,84.41999816894531,87.7,50.21,7.07,0.6805,-0.4811,44.9771,30.33148765563965
2005-04-14,4.73,2.79,194.6,5.2,85.0,87.7,51.11,7.02,0.6717,-0.128,42.9592,30.126359939575195
2005-04-15,4.66,2.82,194.6,5.2,84.55999755859375,87.7,50.61,6.95,0.7444,-1.3819,32.8127,28.81363296508789
2005-04-18,4.62,2.75,194.6,5.2,84.0,87.7,50.52,6.95,0.7625,-0.5221,39.2146,29.357181549072266
2005-04-19,4.53,2.74,194.6,5.2,83.76000213623047,87.7,52.33,6.95,0.7808,-0.3122,46.3781,30.064836502075195
2005-04-20,4.59,2.74,194.6,5.2,83.5199966430664,87.7,52.45,7.10,0.7945,-1.2591,40.7888,29.300777435302734
2005-04-21,4.62,2.75,194.6,5.2,83.69999694824219,87.7,52.49,6.93,0.8025,-0.8445,48.6595,30.398141860961914
2005-04-22,4.60,2.74,194.6,5.2,83.5,87.7,54.16,7.06,0.8,-0.6295,50.7428,30.46992301940918
2005-04-25,4.54,2.82,194.6,5.2,83.81999969482422,87.7,53.16,7.27,0.7812,-0.0512,52.8811,30.746828079223633
2005-04-26,4.59,2.78,194.6,5.2,83.95999908447266,87.7,54.33,7.08,0.758,-0.8343,49.9003,30.393022537231445
2005-04-27,4.57,2.63,194.6,5.2,84.12000274658203,87.7,51.37,7.10,0.7532,-1.2642,46.2768,29.936641693115234
2005-04-28,4.52,2.89,194.6,5.2,84.3499984741211,87.7,51.92,6.67,0.7864,-2.0524,38.2731,28.716188430786133
2005-04-29,4.53,2.97,194.6,5.2,84.43000030517578,87.7,49.20,6.64,0.7755,-1.6686,42.8776,29.244369506835938
2005-05-02,4.53,2.98,194.4,5.1,84.48999786376953,86.9,50.94,6.50,0.7669,-1.3768,45.8747,29.608449935913086
2005-05-03,4.49,2.95,194.4,5.1,84.51000213623047,86.9,49.60,6.61,0.7703,-1.3563,41.7542,28.972593307495117
2005-05-04,4.60,2.99,194.4,5.1,84.0,86.9,50.22,6.49,0.7602,-0.778,44.8924,29.346914291381836
2005-05-05,4.60,2.99,194.4,5.1,83.94000244140625,86.9,51.12,6.65,0.7374,0.824,47.2808,29.639209747314453
2005-05-06,4.62,2.98,194.4,5.1,84.61000061035156,86.9,51.30,6.67,0.7268,0.1791,46.519,29.53666877746582
2005-05-09,4.64,2.99,194.4,5.1,84.63999938964844,86.9,52.04,6.56,0.6913,-0.3173,48.3561,29.746896743774414
2005-05-10,4.60,2.99,194.4,5.1,84.44999694824219,86.9,51.76,6.67,0.6788,0.0461,45.1766,29.346914291381836
2005-05-11,4.54,2.99,194.4,5.1,84.94000244140625,86.9,50.39,6.63,0.6619,-0.6756,46.8649,29.527315139770508
2005-05-12,4.54,3.01,194.4,5.1,85.48999786376953,86.9,48.83,6.62,0.7356,-2.2124,37.9404,28.2542724609375
2005-05-13,4.48,3.01,194.4,5.1,86.0999984741211,86.9,48.65,6.47,0.7352,-3.0649,34.7124,27.677032470703125
2005-05-16,4.49,3.06,194.4,5.1,86.12000274658203,86.9,48.64,6.45,0.7165,-2.8918,33.7461,27.496639251708984
2005-05-17,4.47,2.99,194.4,5.1,86.20999908447266,86.9,48.97,6.41,0.7032,-2.1739,36.519,27.759483337402344
2005-05-18,4.42,3.0,194.4,5.1,85.81999969482422,86.9,46.99,6.50,0.6944,-1.0638,35.8536,27.651254653930664
2005-05-19,4.44,3.02,194.4,5.1,86.08999633789062,86.9,47.00,6.39,0.6948,-0.984,42.224,28.259435653686523
2005-05-20,4.44,3.01,194.4,5.1,86.62999725341797,86.9,47.25,6.36,0.6823,-1.7692,39.303,27.836807250976562
2005-05-23,4.38,3.01,194.4,5.1,86.4000015258789,86.9,48.68,6.33,0.6791,-0.7538,43.1267,28.218196868896484
2005-05-24,4.35,2.99,194.4,5.1,86.37000274658203,86.9,49.14,6.45,0.6519,-0.9783,44.5996,28.36766242980957
2005-05-25,4.40,3.01,194.4,5.1,86.3499984741211,86.9,50.37,6.33,0.6484,-0.9408,47.8119,28.697513580322266
2005-05-26,4.45,3.01,194.4,5.1,86.8499984741211,86.9,50.89,6.30,0.6289,-0.5607,50.4239,28.97584342956543
2005-05-27,4.45,3.01,194.4,5.1,86.41999816894531,86.9,51.65,6.22,0.6089,-0.4722,53.1369,29.274768829345703
2005-05-31,4.36,3.09,194.4,5.1,87.76000213623047,86.9,52.08,6.31,0.6022,-0.3816,50.0835,28.96552848815918
2005-06-01,4.27,3.02,194.5,5.0,88.11000061035156,96.0,54.40,6.36,0.6036,-0.072,54.5379,29.455156326293945
2005-06-02,4.20,3.0,194.5,5.0,87.75,96.0,53.46,6.63,0.5903,1.286,55.3065,29.542781829833984
2005-06-03,4.26,2.99,194.5,5.0,88.04000091552734,96.0,55.08,6.65,0.5768,1.7747,54.3175,29.455156326293945
2005-06-06,4.23,3.0,194.5,5.0,87.5999984741211,96.0,54.46,7.05,0.5606,2.1863,56.5332,29.687101364135742
2005-06-07,4.18,2.96,194.5,5.0,87.48999786376953,96.0,53.84,7.13,0.5473,1.8468,55.5658,29.609792709350586
2005-06-08,4.24,2.96,194.5,5.0,87.87999725341797,96.0,52.51,7.22,0.5556,1.5844,51.0499,29.238693237304688
2005-06-09,4.23,3.01,194.5,5.0,88.06999969482422,96.0,54.36,7.05,0.5861,1.8571,59.4739,30.12002182006836
2005-06-10,4.30,3.01,194.5,5.0,88.69000244140625,96.0,53.55,7.09,0.5799,2.248,59.0896,30.0891056060791
2005-06-13,4.39,3.04,194.5,5.0,88.94999694824219,96.0,55.47,7.08,0.5785,1.9033,59.4191,30.125181198120117
2005-06-14,4.41,3.01,194.5,5.0,89.26000213623047,96.0,55.03,7.32,0.5629,1.8056,59.9156,30.17673110961914
2005-06-15,4.44,3.05,194.5,5.0,88.6500015258789,96.0,55.53,7.39,0.5499,1.8365,63.3008,30.53751564025879
2005-06-16,4.36,3.0,194.5,5.0,88.72000122070312,96.0,56.48,7.41,0.5503,2.0062,67.0279,30.98588752746582
2005-06-17,4.35,2.99,194.5,5.0,87.7300033569336,96.0,58.40,7.61,0.5441,2.104,69.9379,31.382761001586914
2005-06-20,4.34,3.01,194.5,5.0,88.48999786376953,96.0,59.19,7.80,0.535,2.392,69.5942,31.362146377563477
2005-06-21,4.32,2.96,194.5,5.0,88.18000030517578,96.0,58.90,7.46,0.5464,1.214,59.116,30.671506881713867
2005-06-22,4.23,2.93,194.5,5.0,88.55999755859375,96.0,58.27,7.39,0.5573,1.2089,59.8925,30.753965377807617
2005-06-23,4.27,3.05,194.5,5.0,89.12000274658203,96.0,59.23,7.51,0.5638,0.962,55.2976,30.418964385986328
2005-06-24,4.23,3.07,194.5,5.0,88.77999877929688,96.0,59.63,7.45,0.5654,0.2829,49.7915,29.97055435180664
2005-06-27,4.25,3.17,194.5,5.0,88.44999694824219,96.0,59.78,7.29,0.571,0.9517,56.0247,30.563276290893555
2005-06-28,4.22,3.17,194.5,5.0,88.98999786376953,96.0,58.32,7.04,0.5653,1.214,54.6895,30.455036163330078
2005-06-29,4.24,3.2,194.5,5.0,89.11000061035156,96.0,57.23,7.08,0.5676,0.0,50.6647,30.12002182006836
2005-06-30,4.19,3.35,194.5,5.0,89.11000061035156,96.0,56.63,7.01,0.5777,-0.4681,45.3062,29.620107650756836
2005-07-01,4.28,3.36,195.4,5.0,90.12999725341795,96.5,59.11,7.01,0.5721,-0.072,50.2166,30.05302619934082
2005-07-05,4.34,3.27,195.4,5.0,90.44000244140624,96.5,59.71,7.38,0.6018,0.8179,58.8783,30.99622344970703
2005-07-06,4.31,2.99,195.4,5.0,90.37999725341795,96.5,61.24,7.69,0.6213,-0.072,53.2613,30.46535301208496
2005-07-07,4.28,3.18,195.4,5.0,90.27999877929688,96.5,60.76,7.62,0.6228,-0.3087,55.0976,30.676664352416992
2005-07-08,4.33,3.22,195.4,5.0,90.25,96.5,59.71,7.87,0.6206,-0.7665,54.4237,30.614818572998047
2005-07-11,4.30,3.23,195.4,5.0,89.45999908447266,96.5,59.23,7.35,0.6233,-0.4527,57.1076,30.908605575561523
2005-07-12,4.36,3.23,195.4,5.0,88.41000366210938,96.5,60.49,7.79,0.6096,0.1955,56.6038,30.86736488342285
2005-07-13,4.38,3.27,195.4,5.0,89.30999755859375,96.5,60.00,7.78,0.5911,0.0463,55.7431,30.800363540649414
2005-07-14,4.40,3.32,195.4,5.0,89.4000015258789,96.5,57.83,7.99,0.6165,-0.2212,48.5837,30.19734001159668
2005-07-15,4.39,3.32,195.4,5.0,89.72000122070312,96.5,58.36,8.02,0.6114,0.0051,46.2334,29.975711822509766
2005-07-18,4.44,3.19,195.4,5.0,89.63999938964844,96.5,57.12,7.77,0.5964,-0.5916,46.1775,29.97055435180664
2005-07-19,4.41,3.13,195.4,5.0,89.8499984741211,96.5,57.61,7.70,0.5865,-0.1595,50.261,30.295263290405273
2005-07-20,4.37,3.25,195.4,5.0,89.33999633789062,96.5,56.73,7.75,0.5824,0.2881,51.6408,30.40866470336914
2005-07-21,4.48,3.27,195.4,5.0,88.93000030517578,96.5,57.31,7.64,0.5849,0.2161,44.8765,29.8365478515625
2005-07-22,4.39,3.25,195.4,5.0,89.63999938964844,96.5,57.75,7.41,0.6097,0.6122,54.2394,30.66635513305664
2005-07-25,4.44,3.28,195.4,5.0,89.5999984741211,96.5,58.16,7.38,0.6036,-0.1029,56.4181,30.893146514892578
2005-07-26,4.44,3.25,195.4,5.0,90.0,96.5,59.05,7.45,0.5777,0.2521,54.268,30.7178955078125
2005-07-27,4.42,3.27,195.4,5.0,89.7300033569336,96.5,59.12,7.52,0.5751,0.0412,54.268,30.7178955078125
2005-07-28,4.38,3.27,195.4,5.0,89.33999633789062,96.5,59.91,7.69,0.5759,0.3087,56.5284,30.924055099487305
2005-07-29,4.42,3.31,195.4,5.0,89.3499984741211,96.5,60.71,7.76,0.5869,-0.6276,48.4663,30.27979850769043
2005-08-01,4.46,3.3,196.4,4.9,88.80000305175781,89.1,61.51,8.03,0.5814,-0.3395,51.3365,30.527202606201172
2005-08-02,4.52,3.2,196.4,4.9,88.76000213623047,89.1,61.87,8.38,0.5612,0.0257,54.625,30.826128005981445
2005-08-03,4.48,3.35,196.4,4.9,87.98999786376953,89.1,60.76,8.75,0.5659,0.2109,49.5854,30.40866470336914
2005-08-04,4.50,3.44,196.4,4.9,87.80000305175781,89.1,61.60,8.55,0.5574,0.1852,46.8284,30.161270141601562
2005-08-05,4.56,3.49,196.4,4.9,88.05999755859375,89.1,62.44,8.60,0.5522,-0.0309,44.4443,29.939638137817383
2005-08-08,4.58,3.5,196.4,4.9,87.91999816894531,89.1,63.92,8.93,0.5627,0.036,49.3523,30.33134651184082
2005-08-09,4.56,3.47,196.4,4.9,87.88999938964844,89.1,63.13,8.70,0.5556,0.2366,52.9454,30.645734786987305
2005-08-10,4.56,3.48,196.4,4.9,87.61000061035156,89.1,64.80,8.82,0.5553,1.1832,56.8873,31.023826599121094
2005-08-11,4.51,3.51,196.4,4.9,87.0999984741211,89.1,65.67,9.29,0.5555,0.8977,61.8603,31.56764793395996
2005-08-12,4.42,3.55,196.4,4.9,86.9800033569336,89.1,66.71,9.59,0.542,0.7231,62.3063,31.61944007873535
2005-08-15,4.45,3.61,196.4,4.9,87.31999969482422,89.1,66.21,9.53,0.528,0.5723,57.7269,31.293148040771484
2005-08-16,4.41,3.46,196.4,4.9,87.43000030517578,89.1,66.11,9.66,0.5424,-0.1255,49.3556,30.59393882751465
2005-08-17,4.49,3.57,196.4,4.9,88.0,89.1,63.29,9.99,0.5646,-0.7913,44.7484,30.13298988342285
2005-08-18,4.40,3.5,196.4,4.9,88.58999633789062,89.1,63.47,9.38,0.5523,-0.1845,44.3974,30.096736907958984
2005-08-19,4.40,3.54,196.4,4.9,88.58000183105469,89.1,65.51,9.09,0.5453,-0.0644,48.7858,30.464475631713867
2005-08-22,4.40,3.51,196.4,4.9,88.13999938964844,89.1,65.46,9.44,0.5522,-0.2336,50.274,30.59393882751465
2005-08-23,4.39,3.49,196.4,4.9,88.08000183105469,89.1,65.81,9.96,0.5471,0.1469,49.8373,30.557697296142578
2005-08-24,4.38,3.5,196.4,4.9,87.91000366210938,89.1,67.10,10.02,0.5401,0.3318,49.0507,30.49554443359375
2005-08-25,4.37,3.55,196.4,4.9,87.63999938964844,89.1,67.29,9.77,0.5275,0.7081,51.1274,30.650917053222656
2005-08-26,4.38,3.54,196.4,4.9,87.86000061035156,89.1,66.05,9.86,0.5182,-0.0809,45.9504,30.252117156982422
2005-08-29,4.37,3.54,196.4,4.9,88.25,89.1,67.41,9.86,0.5225,-0.3895,46.0269,30.25728988647461
2005-08-30,4.34,3.52,196.4,4.9,88.3499984741211,89.1,69.91,12.36,0.5196,-0.6668,47.5447,30.3557071685791
2005-08-31,4.23,3.63,196.4,4.9,87.58000183105469,89.1,68.63,12.69,0.5338,-0.5428,56.4912,31.023826599121094
2005-09-01,4.28,3.57,198.8,5.0,86.55000305175781,76.9,69.50,11.36,0.5747,0.3257,65.2885,31.945735931396484
2005-09-02,4.26,3.49,198.8,5.0,86.30000305175781,76.9,66.91,11.75,0.5787,0.1344,58.1722,31.427814483642578
2005-09-06,4.36,3.57,198.8,5.0,86.56999969482422,76.9,65.83,11.56,0.5691,1.0286,59.9583,31.624614715576172
2005-09-07,4.43,3.48,198.8,5.0,86.97000122070312,76.9,64.38,11.03,0.5653,1.6955,61.807,31.831783294677734
2005-09-08,4.43,3.49,198.8,5.0,87.04000091552734,76.9,64.80,10.92,0.5482,1.6489,60.6017,31.748916625976562
2005-09-09,4.36,3.49,198.8,5.0,86.88999938964844,76.9,64.21,11.03,0.5792,2.2641,68.4659,32.73298645019531
2005-09-12,4.45,3.5,198.8,5.0,87.70999908447266,76.9,63.29,10.68,0.5692,1.7833,63.5749,32.38081359863281
2005-09-13,4.38,3.45,198.8,5.0,87.75,76.9,63.18,10.71,0.5718,1.4835,59.2199,32.04414749145508
2005-09-14,4.41,3.54,198.8,5.0,87.66999816894531,76.9,65.20,10.80,0.5634,1.8557,61.8198,32.35491180419922
2005-09-15,4.51,3.67,198.8,5.0,88.12999725341797,76.9,64.64,11.24,0.5741,1.6955,61.7492,32.34971618652344
2005-09-16,4.56,3.62,198.8,5.0,88.05000305175781,76.9,62.91,11.25,0.5859,2.7345,66.8144,32.991947174072266
2005-09-19,4.55,3.62,198.8,5.0,88.44000244140625,76.9,67.21,11.99,0.5902,3.21,70.0209,33.4736213684082
2005-09-20,4.49,3.67,198.8,5.0,88.5999984741211,76.9,66.24,12.76,0.5769,3.0601,69.2461,33.421810150146484
2005-09-21,4.47,3.72,198.8,5.0,88.13999938964844,76.9,66.96,14.26,0.5637,2.6207,70.7783,33.649723052978516
2005-09-22,4.47,3.77,198.8,5.0,88.55999755859375,76.9,67.07,14.84,0.5929,1.7058,70.8138,33.65489959716797
2005-09-23,4.47,3.76,198.8,5.0,89.20999908447266,76.9,64.67,.,0.6015,1.6283,61.533,33.05928039550781
2005-09-26,4.56,3.83,198.8,5.0,89.11000061035156,76.9,65.98,.,0.6143,1.8299,64.8544,33.45808029174805
2005-09-27,4.56,3.73,198.8,5.0,89.5999984741211,76.9,64.94,.,0.6044,1.6334,64.9391,33.46843338012695
2005-09-28,4.46,3.76,198.8,5.0,89.47000122070312,76.9,66.36,.,0.5974,1.7575,65.2992,33.509864807128906
2005-09-29,4.50,3.82,198.8,5.0,89.4000015258789,76.9,66.83,.,0.5842,0.8271,65.7725,33.56168746948242
2005-09-30,4.53,3.93,198.8,5.0,89.5199966430664,76.9,66.21,.,0.5979,0.5272,55.5007,32.909080505371094
2005-10-03,4.58,3.87,199.2,5.0,90.12999725341795,74.2,65.36,.,0.6102,0.3205,48.6782,32.365264892578125
2005-10-04,4.61,3.75,199.2,5.0,90.0999984741211,74.2,63.74,.,0.6434,-0.9925,39.1118,31.3604736328125
2005-10-05,4.54,3.75,199.2,5.0,89.9800033569336,74.2,62.56,.,0.6768,-1.8144,33.2994,30.531801223754883
2005-10-06,4.55,3.76,199.2,5.0,88.66000366210938,74.2,61.81,.,0.6824,-2.6517,32.0801,30.33498191833496
2005-10-07,4.53,3.73,199.2,5.0,89.16999816894531,74.2,61.81,13.67,0.6879,-2.6001,38.6389,30.868452072143555
2005-10-10,.,3.73,199.2,5.0,89.45999908447266,74.2,60.71,13.29,0.6872,-3.117,34.7765,30.298730850219727
2005-10-11,4.56,3.72,199.2,5.0,89.97000122070312,74.2,63.84,13.67,0.6831,-2.8792,40.0562,30.76487159729004
2005-10-12,4.62,3.36,199.2,5.0,89.62999725341797,74.2,64.13,13.77,0.6816,-3.1221,38.3476,30.526630401611328
2005-10-13,4.66,3.75,199.2,5.0,89.80999755859375,74.2,63.05,13.48,0.6927,-2.9309,35.5765,30.12262725830078
2005-10-14,4.67,3.77,199.2,5.0,89.3499984741211,74.2,62.61,12.80,0.7016,-3.0808,38.5207,30.371234893798828
2005-10-17,4.68,3.82,199.2,5.0,89.80000305175781,74.2,64.26,13.89,0.6814,-2.9774,39.877,30.485193252563477
2005-10-18,4.64,3.71,199.2,5.0,90.29000091552734,74.2,62.94,13.41,0.7272,-4.342,31.2406,29.15928077697754
2005-10-19,4.66,3.71,199.2,5.0,89.98999786376953,74.2,62.11,13.52,0.738,-3.944,36.2904,29.60987663269043
2005-10-20,4.62,3.77,199.2,5.0,89.91000366210938,74.2,61.04,13.24,0.7843,-4.311,30.7783,28.589574813842773
2005-10-21,4.58,3.76,199.2,5.0,90.30999755859376,74.2,61.05,12.73,0.7729,-3.6804,31.7418,28.677614212036133
2005-10-24,4.63,3.76,199.2,5.0,90.11000061035156,74.2,60.63,12.95,0.7779,-1.9126,39.6212,29.44415855407715
2005-10-25,4.70,3.74,199.2,5.0,89.23999786376953,74.2,62.83,13.90,0.7659,-0.9046,41.3455,29.625415802001953
2005-10-26,4.77,3.75,199.2,5.0,89.48999786376953,74.2,60.85,14.68,0.7736,-1.2251,38.0058,29.107494354248047
2005-10-27,4.74,3.85,199.2,5.0,89.0999984741211,74.2,61.03,13.90,0.7818,-2.0676,36.1205,28.79674530029297
2005-10-28,4.74,3.9,199.2,5.0,89.58999633789062,74.2,61.30,13.10,0.7932,-1.132,39.9185,29.164459228515625
2005-10-31,4.73,4.02,199.2,5.0,90.06999969482422,74.2,59.80,12.18,0.7849,-1.6851,39.3158,29.076417922973633
2005-11-01,4.74,3.99,197.6,5.0,90.08000183105467,81.6,59.85,10.80,0.7606,-1.3129,40.7884,29.211088180541992
2005-11-02,4.74,3.99,197.6,5.0,89.72000122070312,81.6,59.75,10.85,0.7554,-0.4032,46.0978,29.718647003173828
2005-11-03,4.79,4.01,197.6,5.0,90.44000244140624,81.6,61.70,10.79,0.7546,-0.0362,51.7549,30.33498191833496
2005-11-04,4.84,4.0,197.6,5.0,91.26000213623048,81.6,60.60,9.67,0.7542,-0.4962,48.6585,29.987979888916016
2005-11-07,4.82,3.99,197.6,5.0,91.29000091552734,81.6,59.40,8.77,0.7694,0.4135,45.1825,29.57364273071289
2005-11-08,4.75,3.95,197.6,5.0,91.37000274658205,81.6,59.70,9.15,0.7452,0.2533,47.9837,29.86514663696289
2005-11-09,4.78,4.02,197.6,5.0,91.5,81.6,59.65,9.31,0.7469,1.3391,48.6431,29.932830810546875
2005-11-10,4.74,3.98,197.6,5.0,92.08000183105467,81.6,57.80,9.66,0.7552,0.7058,43.8121,29.3862247467041
2005-11-11,.,3.98,197.6,5.0,91.9800033569336,81.6,57.45,9.20,0.7228,-0.0229,44.2099,29.42266273498535
2005-11-14,4.75,4.03,197.6,5.0,92.12999725341795,81.6,57.60,9.15,0.7019,-0.1363,44.9888,29.490333557128906
2005-11-15,4.70,3.97,197.6,5.0,92.08999633789062,81.6,57.05,9.21,0.6871,0.2663,43.8725,29.375808715820312
2005-11-16,4.63,3.96,197.6,5.0,92.33000183105467,81.6,57.85,11.03,0.6814,0.9661,48.5588,29.766244888305664
2005-11-17,4.60,3.98,197.6,5.0,91.87999725341795,81.6,56.20,11.92,0.6602,0.703,49.7634,29.870346069335938
2005-11-18,4.68,4.0,197.6,5.0,91.93000030517578,81.6,56.30,10.01,0.659,1.2429,54.7294,30.3232421875
2005-11-21,4.62,4.03,197.6,5.0,92.02999877929688,81.6,57.75,10.48,0.6539,1.6904,60.1859,30.906295776367188
2005-11-22,4.65,3.99,197.6,5.0,91.5,81.6,58.30,11.15,0.6295,1.3344,61.4805,31.057249069213867
2005-11-23,4.70,4.01,197.6,5.0,91.51000213623048,81.6,58.35,11.02,0.6227,0.8284,62.4331,31.166576385498047
2005-11-25,4.66,4.03,197.6,5.0,92.04000091552734,81.6,.,.,0.5927,1.2994,63.5428,31.291519165039062
2005-11-28,4.58,4.01,197.6,5.0,90.9800033569336,81.6,57.36,11.01,0.6049,1.0012,53.7775,30.578323364257812
2005-11-29,4.65,3.99,197.6,5.0,91.62000274658205,81.6,56.46,11.17,0.6051,0.5039,51.2987,30.37010383605957
2005-11-30,4.66,4.03,197.6,5.0,91.56999969482422,81.6,57.33,11.73,0.5942,0.2753,49.3983,30.208721160888672
2005-12-01,4.68,4.03,196.8,4.9,91.81999969482422,91.5,58.46,12.58,0.6026,1.5066,56.7461,30.8958740234375
2005-12-02,4.68,4.0,196.8,4.9,91.9499969482422,91.5,59.31,12.95,0.5878,1.3248,54.9242,30.7501163482666
2005-12-05,4.72,4.02,196.8,4.9,91.4800033569336,91.5,59.91,14.27,0.5844,1.4858,57.2472,30.979169845581055
2005-12-06,4.68,3.97,196.8,4.9,91.44000244140624,91.5,59.96,13.57,0.5749,1.6936,58.1963,31.07286834716797
2005-12-07,4.67,3.98,196.8,4.9,91.88999938964844,91.5,59.21,13.95,0.5854,0.9559,53.4406,30.724090576171875
2005-12-08,4.62,4.09,196.8,4.9,91.26000213623048,91.5,60.66,14.25,0.5703,1.0598,55.7647,30.93231964111328
2005-12-09,4.72,4.16,196.8,4.9,91.25,91.5,59.41,15.02,0.5804,0.1299,49.6287,30.453397750854492
2005-12-12,4.69,4.24,196.8,4.9,90.3499984741211,91.5,61.36,14.82,0.5623,-0.265,51.8608,30.64080810546875
2005-12-13,4.68,4.23,196.8,4.9,90.37999725341795,91.5,61.36,15.39,0.5585,-0.3117,53.1042,30.74491310119629
2005-12-14,4.63,4.26,196.8,4.9,89.83000183105469,91.5,60.86,14.81,0.5513,-0.0052,57.7994,31.161357879638672
2005-12-15,4.62,4.29,196.8,4.9,90.0199966430664,91.5,60.01,14.07,0.5372,-0.3221,55.054,30.96875
2005-12-16,4.63,4.25,196.8,4.9,89.69999694824219,91.5,58.01,13.36,0.5582,-0.3533,45.9665,30.22434425354004
2005-12-19,4.62,4.25,196.8,4.9,89.87000274658203,91.5,57.31,13.73,0.5538,-0.3325,43.9976,30.036945343017578
2005-12-20,4.63,4.3,196.8,4.9,90.77999877929688,91.5,57.81,13.79,0.5377,-0.052,45.6008,30.15667724609375
2005-12-21,4.65,4.08,196.8,4.9,90.94000244140624,91.5,58.56,13.56,0.5345,-0.9092,43.6691,29.984891891479492
2005-12-22,4.59,4.25,196.8,4.9,90.72000122070312,91.5,58.08,13.03,0.5364,-1.0235,40.8459,29.72460174560547
2005-12-23,4.52,4.21,196.8,4.9,90.83999633789062,91.5,58.08,11.17,0.5285,-1.252,40.8459,29.72460174560547
2005-12-27,4.48,4.26,196.8,4.9,91.19000244140624,91.5,58.16,10.22,0.5464,-1.9846,34.4851,29.084293365478516
2005-12-28,4.51,4.19,196.8,4.9,91.26000213623048,91.5,59.81,9.90,0.5356,-1.4391,37.7123,29.282114028930664
2005-12-29,4.49,4.18,196.8,4.9,91.0999984741211,91.5,60.26,10.07,0.5218,-1.6521,37.6597,29.27690887451172
2005-12-30,4.51,4.09,196.8,4.9,91.16999816894533,91.5,61.06,9.52,0.5183,-1.2105,37.2681,29.240463256835938
2006-01-03,4.52,4.34,198.3,4.7,89.83999633789062,91.2,63.11,9.90,0.5667,-0.2026,54.1431,30.437786102294922
2006-01-04,4.55,4.22,198.3,4.7,89.13999938964844,91.2,63.41,9.25,0.5551,-0.2546,54.7135,30.489835739135742
2006-01-05,4.51,4.24,198.3,4.7,89.33000183105469,91.2,62.81,9.24,0.5507,-0.8208,52.6675,30.33887481689453
2006-01-06,4.53,4.22,198.3,4.7,88.8499984741211,91.2,64.21,9.30,0.5589,-0.0312,59.1854,30.937528610229492
2006-01-09,4.53,4.25,198.3,4.7,89.25,91.2,63.56,8.79,0.5412,0.6962,58.9574,30.921903610229492
2006-01-10,4.62,4.24,198.3,4.7,89.33000183105469,91.2,63.41,8.60,0.5397,1.1222,61.4129,31.161357879638672
2006-01-11,4.61,4.24,198.3,4.7,88.98999786376953,91.2,63.91,8.55,0.5446,1.2157,63.5085,31.37480926513672
2006-01-12,4.56,4.28,198.3,4.7,89.44000244140625,91.2,63.96,8.70,0.5576,1.0598,58.2717,31.046850204467773
2006-01-13,4.49,4.3,198.3,4.7,88.88999938964844,91.2,63.86,8.50,0.5727,2.0106,64.8595,31.73919677734375
2006-01-17,4.52,4.32,198.3,4.7,89.30000305175781,91.2,66.36,8.82,0.5604,2.3067,67.2461,32.03593063354492
2006-01-18,4.53,4.24,198.3,4.7,89.26000213623047,91.2,65.76,8.86,0.5808,2.7119,63.5751,31.588245391845703
2006-01-19,4.51,4.23,198.3,4.7,89.38999938964844,91.2,66.86,8.21,0.5868,2.7275,65.4269,32.01511001586914
2006-01-20,4.54,4.24,198.3,4.7,88.94999694824219,91.2,68.16,8.80,0.6084,2.2288,57.9239,31.510156631469727
2006-01-23,4.54,4.26,198.3,4.7,87.94999694824219,91.2,68.06,8.29,0.6213,2.6132,61.231,31.858945846557617
2006-01-24,4.53,4.28,198.3,4.7,88.05999755859375,91.2,66.83,8.27,0.6059,1.2936,59.4291,31.73400115966797
2006-01-25,4.62,4.36,198.3,4.7,88.33000183105469,91.2,65.60,8.50,0.6405,0.852,54.0737,31.34355926513672
2006-01-26,4.66,4.37,198.3,4.7,88.62000274658203,91.2,65.80,7.86,0.6486,0.8676,52.3138,31.208215713500977
2006-01-27,4.70,4.42,198.3,4.7,89.31999969482422,91.2,67.81,8.19,0.6609,0.9663,59.6101,31.905786514282227
2006-01-30,4.67,4.48,198.3,4.7,89.41999816894531,91.2,68.36,8.36,0.7128,1.9274,66.9964,32.85322189331055
2006-01-31,4.69,4.47,198.3,4.7,88.95999908447266,91.2,67.86,8.73,0.7045,1.5014,64.4844,32.66582107543945
2006-02-01,4.69,4.47,198.7,4.8,89.51000213623047,86.7,66.61,8.71,0.6976,0.8728,59.1746,32.24937057495117
2006-02-02,4.68,4.48,198.7,4.8,89.37000274658203,86.7,64.71,8.01,0.6879,1.2001,59.1746,32.24937057495117
2006-02-03,4.64,4.51,198.7,4.8,89.88999938964844,86.7,65.41,8.01,0.6729,0.2182,55.4667,31.957855224609375
2006-02-06,4.61,4.51,198.7,4.8,90.29000091552734,86.7,65.11,8.24,0.6701,0.2234,58.3758,32.25977325439453
2006-02-07,4.64,4.47,198.7,4.8,90.23999786376952,86.7,63.01,7.74,0.6805,-0.2805,49.7988,31.52056312561035
2006-02-08,4.67,4.48,198.7,4.8,90.43000030517578,86.7,62.51,7.88,0.6677,-0.4104,50.6781,31.60429573059082
2006-02-09,4.51,4.52,198.7,4.8,90.29000091552734,86.7,62.66,7.55,0.6816,-0.152,48.004,31.358333587646484
2006-02-10,4.55,4.51,198.7,4.8,90.5500030517578,86.7,62.01,7.57,0.7034,-0.756,45.3191,31.10189437866211
2006-02-13,4.56,4.44,198.7,4.8,90.54000091552734,86.7,61.26,7.36,0.6994,-0.5425,46.4384,31.190858840942383
2006-02-14,4.60,4.45,198.7,4.8,90.54000091552734,86.7,59.61,7.03,0.6905,-0.179,46.1392,31.164688110351562
2006-02-15,4.58,4.5,198.7,4.8,90.72000122070312,86.7,57.61,7.31,0.6747,0.0658,47.6641,31.27459716796875
2006-02-16,4.57,4.48,198.7,4.8,90.7300033569336,86.7,58.61,7.16,0.6541,-0.3744,51.1401,31.53104019165039
2006-02-17,4.51,4.48,198.7,4.8,90.63999938964844,86.7,59.76,7.39,0.625,-1.1633,53.19,31.68802261352539
2006-02-21,4.53,4.54,198.7,4.8,90.5500030517578,86.7,61.21,7.40,0.6083,-0.8666,54.625,31.79793357849121
2006-02-22,4.48,4.49,198.7,4.8,90.66999816894533,86.7,59.03,7.55,0.5947,-0.7121,50.644,31.536264419555664
2006-02-23,4.51,4.47,198.7,4.8,90.38999938964844,86.7,58.03,7.23,0.5862,-0.9367,47.4418,31.311237335205078
2006-02-24,4.52,4.48,198.7,4.8,90.61000061035156,86.7,61.46,7.39,0.5779,-0.3376,51.9327,31.6199951171875
2006-02-27,4.55,4.52,198.7,4.8,90.62999725341795,86.7,61.01,6.97,0.5597,-0.9001,48.1758,31.358333587646484
2006-02-28,4.51,4.52,198.7,4.8,90.11000061035156,86.7,61.37,6.69,0.5503,-0.4496,44.3732,31.070507049560547
2006-03-01,4.56,4.52,199.8,4.7,90.22000122070312,88.9,62.01,6.62,0.5547,-0.0261,51.6254,31.57813835144043
2006-03-02,4.62,4.5,199.8,4.7,89.55999755859375,88.9,63.36,6.69,0.5524,0.4857,54.9509,31.84503173828125
2006-03-03,4.66,4.51,199.8,4.7,89.66000366210938,88.9,63.61,6.59,0.5386,0.8095,55.7852,31.91307258605957
2006-03-06,4.72,4.51,199.8,4.7,89.88999938964844,88.9,62.46,6.50,0.5433,0.1985,48.3645,31.389745712280273
2006-03-07,4.72,4.51,199.8,4.7,90.7699966430664,88.9,61.51,6.53,0.5257,0.1567,47.4803,31.321699142456055
2006-03-08,4.72,4.51,199.8,4.7,90.62000274658205,88.9,60.06,6.47,0.5352,-0.0261,46.4945,31.248428344726562
2006-03-09,4.72,4.51,199.8,4.7,90.75,88.9,60.51,6.31,0.5398,-0.6946,41.2852,30.835010528564453
2006-03-10,4.74,4.51,199.8,4.7,90.8499984741211,88.9,59.91,6.40,0.53,-0.7155,43.5278,30.9710636138916
2006-03-13,4.77,4.52,199.8,4.7,90.54000091552734,88.9,61.81,6.77,0.5212,-0.5849,47.3585,31.2117977142334
2006-03-14,4.71,4.51,199.8,4.7,90.0,88.9,63.01,7.15,0.5374,0.2873,55.6071,31.824100494384766
2006-03-15,4.75,4.47,199.8,4.7,89.69999694824219,88.9,62.11,7.10,0.5285,0.6215,56.9122,31.934005737304688
2006-03-16,4.70,4.55,199.8,4.7,89.06999969482422,88.9,63.46,7.12,0.5306,0.6372,60.5953,32.25846862792969
2006-03-17,4.72,4.6,199.8,4.7,88.91999816894531,88.9,62.81,7.17,0.5229,0.5902,55.7147,31.949695587158203
2006-03-20,4.70,4.55,199.8,4.7,89.12999725341797,88.9,60.31,7.00,0.5236,0.6737,52.6934,31.745586395263672
2006-03-21,4.74,4.54,199.8,4.7,89.62000274658203,88.9,60.41,6.83,0.5183,0.1985,53.1146,31.77699851989746
2006-03-22,4.73,4.58,199.8,4.7,89.72000122070312,88.9,60.03,7.06,0.5137,0.1045,55.4636,31.949695587158203
2006-03-23,4.75,4.64,199.8,4.7,90.45999908447266,88.9,62.13,7.16,0.4931,0.141,56.8738,32.05438232421875
2006-03-24,4.70,4.69,199.8,4.7,90.06999969482422,88.9,63.90,7.43,0.4872,0.6215,56.1085,32.012489318847656
2006-03-27,4.73,4.77,199.8,4.7,90.06999969482422,88.9,63.75,7.05,0.4725,0.7521,57.0422,32.075313568115234
2006-03-28,4.80,4.7,199.8,4.7,90.25,88.9,65.65,7.15,0.4772,0.6476,53.5651,31.897371292114258
2006-03-29,4.84,4.69,199.8,4.7,90.25,88.9,66.00,7.16,0.4636,1.2326,56.3465,32.070064544677734
2006-03-30,4.89,4.76,199.8,4.7,89.38999938964844,88.9,66.70,7.19,0.4577,1.0132,54.6376,31.986330032348633
2006-03-31,4.90,5.0,199.8,4.7,89.7300033569336,88.9,66.25,6.98,0.4385,0.6372,51.884,31.850261688232422
2006-04-03,4.90,4.87,201.5,4.7,89.62999725341797,87.4,66.07,7.08,0.4489,0.1149,53.533,31.939228057861328
2006-04-04,4.91,4.76,201.5,4.7,88.83000183105469,87.4,65.75,7.04,0.4758,0.3813,59.8146,32.316036224365234
2006-04-05,4.90,4.76,201.5,4.7,88.62999725341797,87.4,66.76,6.89,0.4653,0.2716,62.8909,32.53061294555664
2006-04-06,4.96,4.76,201.5,4.7,88.95999908447266,87.4,67.22,7.06,0.4731,0.5432,62.018,32.49396514892578
2006-04-07,5.04,4.76,201.5,4.7,89.62999725341797,87.4,67.02,6.81,0.4901,0.3499,53.3583,32.096229553222656
2006-04-10,5.04,4.78,201.5,4.7,89.72000122070312,87.4,68.29,6.83,0.4838,0.6372,58.3814,32.415470123291016
2006-04-11,5.00,4.74,201.5,4.7,89.44000244140625,87.4,69.03,6.99,0.4839,0.4962,58.8508,32.446876525878906
2006-04-12,5.05,4.78,201.5,4.7,89.62000274658203,87.4,68.53,6.78,0.4889,0.1097,53.0512,32.16425323486328
2006-04-13,5.11,4.82,201.5,4.7,89.62000274658203,87.4,69.53,6.64,0.4831,0.2037,53.9561,32.21660614013672
2006-04-17,5.08,4.78,201.5,4.7,88.63999938964844,87.4,70.30,7.22,0.4721,0.3969,58.2069,32.47304916381836
2006-04-18,5.07,4.72,201.5,4.7,88.23999786376953,87.4,71.28,7.60,0.5036,1.3527,67.9089,33.2528190612793
2006-04-19,5.13,4.7,201.5,4.7,87.79000091552734,87.4,72.07,7.72,0.5255,1.5773,71.5382,33.65056228637695
2006-04-20,5.14,4.73,201.5,4.7,88.25,87.4,71.96,7.95,0.542,1.4624,67.4318,33.45167541503906
2006-04-21,5.10,4.74,201.5,4.7,88.05000305175781,87.4,73.73,7.65,0.5436,2.1622,72.2987,34.016876220703125
2006-04-24,5.07,4.77,201.5,4.7,87.44999694824219,87.4,70.19,7.73,0.5331,1.7653,66.4561,33.70811462402344
2006-04-25,5.16,4.74,201.5,4.7,87.31999969482422,87.4,67.43,7.37,0.5641,1.149,62.2334,33.46738052368164
2006-04-26,5.18,4.73,201.5,4.7,87.22000122070312,87.4,71.71,7.17,0.5906,0.4909,55.2477,33.02254104614258
2006-04-27,5.18,4.79,201.5,4.7,86.62999725341797,87.4,70.76,6.94,0.6379,0.1724,50.3759,32.66666030883789
2006-04-28,5.17,4.86,201.5,4.7,86.11000061035156,87.4,71.80,6.64,0.6326,0.914,54.5638,33.0120735168457
2006-05-01,5.23,4.84,202.5,4.6,85.97000122070312,79.1,73.75,6.53,0.6341,0.773,56.5959,33.19001007080078
2006-05-02,5.20,4.79,202.5,4.6,85.79000091552734,79.1,74.62,6.68,0.6391,1.3945,63.1256,33.84416961669922
2006-05-03,5.24,4.81,202.5,4.6,85.83999633789062,79.1,72.26,6.56,0.6521,1.2065,56.5313,33.3731689453125
2006-05-04,5.23,4.83,202.5,4.6,85.83999633789062,79.1,69.98,6.47,0.6622,0.914,53.4576,33.132442474365234
2006-05-05,5.20,4.83,202.5,4.6,85.12000274658203,79.1,70.09,6.80,0.6466,1.0184,57.2154,33.4935417175293
2006-05-08,5.19,4.88,202.5,4.6,85.2300033569336,79.1,69.75,6.54,0.6347,0.0888,55.1982,33.34177780151367
2006-05-09,5.20,4.78,202.5,4.6,84.83000183105469,79.1,70.71,6.55,0.617,-0.3551,54.5554,33.4621467590332
2006-05-10,5.19,4.88,202.5,4.6,84.5,79.1,72.15,6.50,0.6086,0.1462,57.9538,33.598899841308594
2006-05-11,5.23,4.99,202.5,4.6,84.2699966430664,79.1,73.00,6.80,0.603,-0.6383,54.7452,33.37798309326172
2006-05-12,5.29,5.01,202.5,4.6,83.95999908447266,79.1,71.87,6.35,0.6139,-0.9705,46.6634,32.73630905151367
2006-05-15,5.26,5.01,202.5,4.6,84.54000091552734,79.1,69.25,5.92,0.6124,-0.8562,45.2483,32.61008071899414
2006-05-16,5.22,4.98,202.5,4.6,84.16999816894531,79.1,69.40,5.99,0.6125,-0.4333,45.0033,32.58903121948242
2006-05-17,5.28,4.96,202.5,4.6,84.8499984741211,79.1,68.65,6.15,0.6446,-1.0124,35.7327,31.652822494506836
2006-05-18,5.18,5.0,202.5,4.6,84.51000213623047,79.1,69.63,5.79,0.6413,-1.5094,34.4862,31.500280380249023
2006-05-19,5.14,5.0,202.5,4.6,84.87999725341797,79.1,68.44,5.77,0.6533,-1.393,38.9172,31.794824600219727
2006-05-22,5.13,5.0,202.5,4.6,84.3499984741211,79.1,69.23,5.91,0.676,-1.8726,41.4311,31.968381881713867
2006-05-23,5.16,4.94,202.5,4.6,84.3499984741211,79.1,70.78,6.27,0.685,-1.6073,39.369,31.763269424438477
2006-05-24,5.13,4.9,202.5,4.6,84.94999694824219,79.1,69.47,6.01,0.7017,-1.5193,37.86,31.610736846923828
2006-05-25,5.17,5.01,202.5,4.6,84.6500015258789,79.1,70.92,5.85,0.7202,-1.1343,48.308,32.357608795166016
2006-05-26,5.16,4.99,202.5,4.6,85.26000213623047,79.1,71.35,5.78,0.7066,-0.9513,48.7005,32.389163970947266
2006-05-30,5.19,5.02,202.5,4.6,84.27999877929688,79.1,71.85,6.20,0.7195,-1.6287,40.9913,31.663333892822266
2006-05-31,5.21,5.05,202.5,4.6,84.72000122070312,79.1,71.42,5.97,0.7169,-1.5589,45.7495,32.03675842285156
2006-06-01,5.20,5.02,202.9,4.6,84.79000091552734,84.9,70.11,6.25,0.7272,-1.2335,47.0449,32.1419677734375
2006-06-02,5.10,4.97,202.9,4.6,84.05000305175781,84.9,72.73,6.23,0.7367,-0.3097,50.4827,32.425987243652344
2006-06-05,5.10,5.01,202.9,4.6,84.13999938964844,84.9,72.50,6.40,0.7666,-1.0235,41.8196,31.584430694580078
2006-06-06,5.08,4.99,202.9,4.6,84.7300033569336,84.9,72.43,6.16,0.7647,-0.8188,44.0803,31.76853370666504
2006-06-07,5.09,4.99,202.9,4.6,84.98999786376953,84.9,70.90,5.82,0.77,-0.6981,37.1888,30.937496185302734
2006-06-08,5.06,5.02,202.9,4.6,85.91000366210938,84.9,70.25,5.84,0.7855,-0.168,41.7448,31.331972122192383
2006-06-09,5.03,5.0,202.9,4.6,85.72000122070312,84.9,71.62,6.10,0.7819,-0.8083,38.9554,30.926971435546875
2006-06-12,5.03,5.01,202.9,4.6,85.8499984741211,84.9,70.28,6.02,0.7718,-1.3332,36.3034,30.6324405670166
2006-06-13,5.01,5.0,202.9,4.6,86.43000030517578,84.9,68.48,5.95,0.7785,-1.9631,30.9232,29.79613494873047
2006-06-14,5.09,5.0,202.9,4.6,86.13999938964844,84.9,69.12,6.08,0.7735,-1.2073,38.0719,30.400991439819336
2006-06-15,5.13,5.02,202.9,4.6,86.0199966430664,84.9,69.78,6.43,0.7839,-1.2597,45.0955,31.095285415649414
2006-06-16,5.17,4.94,202.9,4.6,85.91999816894531,84.9,69.75,7.03,0.7774,-1.4592,43.7986,30.926971435546875
2006-06-19,5.18,4.95,202.9,4.6,86.30999755859375,84.9,69.21,6.71,0.7818,-1.4749,38.5394,30.185352325439453
2006-06-20,5.19,4.92,202.9,4.6,86.18000030517578,84.9,69.30,6.62,0.7665,-1.8476,38.5394,30.185352325439453
2006-06-21,5.19,4.91,202.9,4.6,85.77999877929688,84.9,70.07,6.50,0.7725,-1.6009,42.3541,30.53775405883789
2006-06-22,5.23,4.98,202.9,4.6,86.38999938964844,84.9,70.62,6.51,0.7454,-1.9316,41.9772,30.49040985107422
2006-06-23,5.26,4.98,202.9,4.6,86.81999969482422,84.9,70.50,6.14,0.7252,-1.0235,42.7694,30.558799743652344
2006-06-26,5.28,5.03,202.9,4.6,86.48999786376953,84.9,71.63,5.89,0.715,-0.8293,47.079,30.937496185302734
2006-06-27,5.24,5.02,202.9,4.6,86.47000122070312,84.9,72.05,5.97,0.7048,0.4199,51.6034,31.374046325683594
2006-06-28,5.28,5.06,202.9,4.6,86.62999725341797,84.9,72.15,6.04,0.7133,0.8136,58.3887,32.147212982177734
2006-06-29,5.26,5.08,202.9,4.6,85.87000274658203,84.9,73.50,6.09,0.7156,1.8161,63.1233,32.804683685302734
2006-06-30,5.19,5.05,202.9,4.6,85.22000122070312,84.9,73.94,5.84,0.7132,1.6324,57.3855,32.26818084716797
2006-07-03,5.20,5.25,203.5,4.7,85.18000030517578,84.7,.,.,0.7043,2.8869,60.424,32.68896484375
2006-07-05,5.27,5.25,203.5,4.7,85.5999984741211,84.7,75.20,5.70,0.7023,2.4932,61.8873,32.89935302734375
2006-07-06,5.23,5.24,203.5,4.7,85.3499984741211,84.7,75.00,5.28,0.6934,2.2833,65.0849,33.38325500488281
2006-07-07,5.18,5.22,203.5,4.7,84.9800033569336,84.7,73.76,5.18,0.6964,2.1206,61.2926,33.051883697509766
2006-07-10,5.17,5.24,203.5,4.7,85.5,84.7,73.50,5.32,0.677,2.9656,62.0486,33.157073974609375
2006-07-11,5.14,5.25,203.5,4.7,85.36000061035156,84.7,74.05,5.51,0.6748,3.459,65.4629,33.65149688720703
2006-07-12,5.14,5.27,203.5,4.7,85.91000366210938,84.7,74.99,5.66,0.661,3.1021,65.3955,33.646240234375
2006-07-13,5.12,5.26,203.5,4.7,85.79000091552734,84.7,76.70,5.92,0.6517,3.2018,65.775,33.69881820678711
2006-07-14,5.11,5.26,203.5,4.7,86.08999633789062,84.7,76.80,6.28,0.6438,3.5693,68.8304,34.135379791259766
2006-07-17,5.10,5.28,203.5,4.7,86.95999908447266,84.7,75.70,6.27,0.6476,2.7189,62.3323,33.662017822265625
2006-07-18,5.16,5.22,203.5,4.7,87.01000213623047,84.7,73.87,6.02,0.6385,2.6035,64.7606,33.98286819458008
2006-07-19,5.10,5.23,203.5,4.7,86.45999908447266,84.7,72.79,5.89,0.6394,1.8581,64.96,34.0091667175293
2006-07-20,5.08,5.24,203.5,4.7,86.22000122070312,84.7,74.00,6.14,0.6215,0.9868,61.8685,33.793514251708984
2006-07-21,5.10,5.23,203.5,4.7,85.93000030517578,84.7,73.52,5.90,0.6097,1.3542,59.4889,33.625186920166016
2006-07-24,5.11,5.24,203.5,4.7,86.33999633789062,84.7,74.29,6.33,0.6261,1.6849,65.8163,34.377323150634766
2006-07-25,5.13,5.24,203.5,4.7,86.63999938964844,84.7,73.46,6.78,0.6219,1.6744,67.2789,34.57720184326172
2006-07-26,5.10,5.24,203.5,4.7,85.93000030517578,84.7,73.82,6.71,0.6416,1.6429,70.3688,35.0295295715332
2006-07-27,5.11,5.27,203.5,4.7,85.87000274658203,84.7,74.50,7.03,0.6407,1.9054,69.3034,34.96116256713867
2006-07-28,5.07,5.26,203.5,4.7,85.44000244140625,84.7,73.30,7.24,0.6346,2.0786,71.2167,35.23992919921875
2006-07-31,5.07,5.31,203.5,4.7,85.30000305175781,84.7,74.56,8.04,0.6335,1.9736,73.6831,35.62913131713867
2006-08-01,5.07,5.27,203.9,4.7,85.05000305175781,82.0,74.93,8.66,0.6273,2.2098,75.052,35.86056900024414
2006-08-02,5.05,5.25,203.9,4.7,85.05000305175781,82.0,76.16,8.65,0.6241,2.3148,75.9698,36.018341064453125
2006-08-03,5.04,5.27,203.9,4.7,85.0199966430664,82.0,75.59,7.61,0.626,1.8214,74.882,35.960506439208984
2006-08-04,5.00,5.25,203.9,4.7,84.56999969482422,82.0,74.78,7.44,0.6143,2.4617,75.9603,36.12881088256836
2006-08-07,5.00,5.24,203.9,4.7,84.75,82.0,77.05,6.97,0.6131,2.425,77.7002,36.41282653808594
2006-08-08,5.02,5.26,203.9,4.7,84.66000366210938,82.0,76.29,7.06,0.5999,2.4197,77.8282,36.43385696411133
2006-08-09,5.05,5.25,203.9,4.7,84.70999908447266,82.0,76.28,7.60,0.6036,2.6455,77.8965,36.44438934326172
2006-08-10,5.06,5.24,203.9,4.7,85.08000183105469,82.0,74.17,7.95,0.6011,3.0076,79.175,36.6399040222168
2006-08-11,5.09,5.24,203.9,4.7,85.5199966430664,82.0,74.38,7.56,0.6,2.4627,80.4636,36.845977783203125
2006-08-14,5.12,5.26,203.9,4.7,85.63999938964844,82.0,73.33,6.89,0.5926,2.0101,74.3645,36.59233856201172
2006-08-15,5.05,5.24,203.9,4.7,85.22000122070312,82.0,72.95,6.90,0.6161,1.2634,67.8983,36.29643249511719
2006-08-16,5.00,5.17,203.9,4.7,84.87999725341797,82.0,71.64,7.01,0.6335,0.7411,57.1878,35.704627990722656
2006-08-17,5.00,5.2,203.9,4.7,85.04000091552734,82.0,70.12,6.73,0.6316,0.7318,60.2618,35.97410583496094
2006-08-18,4.97,5.25,203.9,4.7,85.08999633789062,82.0,70.93,6.66,0.6385,0.8812,65.5841,36.51307678222656
2006-08-21,4.96,5.24,203.9,4.7,84.62999725341797,82.0,72.45,6.72,0.6279,1.0352,68.8044,36.898826599121094
2006-08-22,4.95,5.24,203.9,4.7,85.18000030517578,82.0,72.55,6.86,0.6166,1.0781,70.3591,37.09961700439453
2006-08-23,4.95,5.25,203.9,4.7,85.12999725341797,82.0,71.45,7.19,0.6173,0.83,65.0316,36.79313278198242
2006-08-24,4.94,5.25,203.9,4.7,85.27999877929688,82.0,72.02,7.22,0.6192,1.2368,69.6783,37.369102478027344
2006-08-25,4.93,5.25,203.9,4.7,85.37999725341797,82.0,72.13,7.48,0.6081,0.8005,67.1227,37.21585464477539
2006-08-28,4.94,5.25,203.9,4.7,85.2300033569336,82.0,70.47,6.51,0.5903,0.6055,64.2355,37.04148864746094
2006-08-29,4.93,5.23,203.9,4.7,84.91000366210938,82.0,69.74,6.24,0.5956,0.2311,58.5633,36.67689514160156
2006-08-30,4.91,5.25,203.9,4.7,84.97000122070312,82.0,70.20,6.40,0.619,-0.5484,50.793,36.09036636352539
2006-08-31,4.88,5.31,203.9,4.7,85.05000305175781,82.0,70.38,5.80,0.6011,-1.0863,46.9828,35.75747299194336
2006-09-01,4.87,5.25,202.9,4.5,84.94000244140625,85.4,69.24,5.24,0.5985,-0.6064,49.7534,35.98466873168945
2006-09-05,4.93,5.26,202.9,4.5,85.0,85.4,68.70,5.45,0.599,-0.1107,52.1339,36.185462951660156
2006-09-06,4.95,5.21,202.9,4.5,85.0999984741211,85.4,67.75,5.70,0.6094,-0.2057,44.3863,35.4985466003418
2006-09-07,4.94,5.23,202.9,4.5,85.52999877929688,85.4,67.37,5.64,0.6107,-0.2057,47.6718,35.76802062988281
2006-09-08,4.92,5.23,202.9,4.5,85.94999694824219,85.4,66.30,5.31,0.6107,-1.2075,42.9562,35.30303192138672
2006-09-11,4.95,5.24,202.9,4.5,85.91999816894531,85.4,65.42,5.29,0.6496,-2.5786,35.0271,34.31489944458008
2006-09-12,4.91,5.21,202.9,4.5,85.91999816894531,85.4,63.81,5.57,0.6537,-2.9055,34.1558,34.18807601928711
2006-09-13,4.90,5.26,202.9,4.5,85.87000274658203,85.4,64.09,5.40,0.6465,-2.2516,38.674,34.536827087402344
2006-09-14,4.92,5.26,202.9,4.5,85.66000366210938,85.4,63.27,5.09,0.6418,-3.1692,36.0503,34.193359375
2006-09-15,4.92,5.25,202.9,4.5,85.98999786376953,85.4,63.30,4.40,0.6279,-3.0479,35.8088,34.161651611328125
2006-09-18,4.93,5.23,202.9,4.5,85.80999755859375,85.4,63.84,5.02,0.6528,-2.0038,46.4354,35.033538818359375
2006-09-19,4.86,5.21,202.9,4.5,85.94000244140625,85.4,61.77,4.99,0.6608,-2.0618,42.7409,34.61080551147461
2006-09-20,4.85,5.23,202.9,4.5,85.80999755859375,85.4,60.00,4.87,0.6942,-2.2094,37.2025,33.8763313293457
2006-09-21,4.78,5.24,202.9,4.5,85.18000030517578,85.4,61.62,4.65,0.6913,-1.5239,41.1603,34.23036193847656
2006-09-22,4.74,5.27,202.9,4.5,85.19999694824219,85.4,59.79,4.47,0.6811,-1.6821,41.9252,34.29905319213867
2006-09-25,4.70,5.3,202.9,4.5,85.29000091552734,85.4,60.74,4.31,0.6919,-1.8034,42.8483,34.37831497192383
2006-09-26,4.71,5.25,202.9,4.5,85.62999725341797,85.4,60.63,4.36,0.7224,-0.3955,50.5754,35.10222625732422
2006-09-27,4.73,5.3,202.9,4.5,85.66000366210938,85.4,62.96,4.35,0.7194,-0.2953,53.9978,35.472103118896484
2006-09-28,4.76,5.28,202.9,4.5,85.72000122070312,85.4,62.46,4.15,0.7015,0.3428,55.5601,35.646484375
2006-09-29,4.77,5.34,202.9,4.5,85.97000122070312,85.4,62.90,3.66,0.6845,1.139,53.4284,35.45626449584961
2006-10-02,4.76,5.33,201.8,4.4,85.58999633789062,93.6,60.96,4.11,0.668,1.2128,52.8221,35.40342712402344
2006-10-03,4.76,5.25,201.8,4.4,85.70999908447266,93.6,58.64,4.01,0.6862,0.0264,44.2285,34.563236236572266
2006-10-04,4.72,5.23,201.8,4.4,85.83999633789062,93.6,59.53,4.38,0.7095,1.0019,50.7419,35.19733810424805
2006-10-05,4.76,5.23,201.8,4.4,85.91999816894531,93.6,60.02,4.69,0.7007,1.4079,54.1535,35.5724983215332
2006-10-06,4.84,5.22,201.8,4.4,86.44000244140625,93.6,59.68,4.41,0.6928,0.6433,55.0969,35.678199768066406
2006-10-09,.,5.22,201.8,4.4,86.5199966430664,93.6,59.93,5.06,0.6957,0.5537,49.7497,35.1656379699707
2006-10-10,4.88,5.28,201.8,4.4,87.0199966430664,93.6,58.50,5.16,0.7029,1.6294,53.0387,35.50910949707031
2006-10-11,4.91,5.25,201.8,4.4,87.12000274658203,93.6,57.56,5.66,0.6884,0.9228,49.4462,35.15507888793945
2006-10-12,4.91,5.25,201.8,4.4,86.91999816894531,93.6,58.23,5.17,0.6852,1.4448,54.9406,35.746891021728516
2006-10-13,4.94,5.21,201.8,4.4,87.12000274658203,93.6,58.69,4.30,0.6769,1.7612,58.2156,36.143192291259766
2006-10-16,4.92,5.28,201.8,4.4,87.0,93.6,59.91,5.13,0.6843,1.7929,63.6418,36.898826599121094
2006-10-17,4.91,5.21,201.8,4.4,86.87000274658203,93.6,58.91,6.26,0.6682,1.2023,61.1308,36.67689514160156
2006-10-18,4.89,5.23,201.8,4.4,86.87999725341797,93.6,57.66,6.07,0.6664,0.9017,59.6818,36.5500602722168
2006-10-19,4.91,5.22,201.8,4.4,86.23999786376953,93.6,58.55,6.77,0.6565,1.3868,61.9483,36.845977783203125
2006-10-20,4.91,5.25,201.8,4.4,86.2699966430664,93.6,57.35,6.88,0.6356,1.3447,60.7658,36.75088119506836
2006-10-23,4.95,5.24,201.8,4.4,86.70999908447266,93.6,56.74,7.29,0.6354,2.3782,62.3564,36.94638442993164
2006-10-24,4.95,5.24,201.8,4.4,86.62999725341797,93.6,57.55,7.13,0.6145,1.7296,62.1365,36.930538177490234
2006-10-25,4.89,5.26,201.8,4.4,86.37999725341797,93.6,59.09,7.20,0.6474,1.9458,66.8394,37.5223503112793
2006-10-26,4.84,5.23,201.8,4.4,85.88999938964844,93.6,60.27,7.91,0.6641,2.162,69.0912,37.84467697143555
2006-10-27,4.80,5.23,201.8,4.4,85.55999755859375,93.6,60.75,7.41,0.6487,2.5891,67.7909,37.760128021240234
2006-10-30,4.78,5.27,201.8,4.4,85.58999633789062,93.6,58.41,6.99,0.6426,1.9194,62.8544,37.43251419067383
2006-10-31,4.72,5.31,201.8,4.4,85.31999969482422,93.6,58.72,6.64,0.6521,2.5786,65.3932,37.73899841308594
2006-11-01,4.68,5.23,201.5,4.5,85.31999969482422,92.1,58.64,7.15,0.6613,1.7981,62.5362,37.54876708984375
2006-11-02,4.72,5.22,201.5,4.5,85.33999633789062,92.1,57.87,7.32,0.6491,1.4712,63.1621,37.61746597290039
2006-11-03,4.81,5.25,201.5,4.5,85.70999908447266,92.1,59.13,7.43,0.6479,1.2234,67.4824,38.124717712402344
2006-11-06,4.79,5.24,201.5,4.5,85.75,92.1,60.11,6.72,0.6449,1.8456,70.4383,38.526329040527344
2006-11-07,4.76,5.22,201.5,4.5,85.43000030517578,92.1,58.94,6.59,0.6369,1.7718,67.1515,38.32552719116211
2006-11-08,4.73,5.22,201.5,4.5,85.41000366210938,92.1,59.93,7.39,0.6656,2.1514,71.9068,39.17098617553711
2006-11-09,4.73,5.23,201.5,4.5,85.18000030517578,92.1,61.18,7.35,0.6674,2.8369,75.279,39.595550537109375
2006-11-10,4.69,5.23,201.5,4.5,85.05000305175781,92.1,59.66,7.16,0.6481,2.5412,73.6568,39.494693756103516
2006-11-13,4.71,5.27,201.5,4.5,85.36000061035156,92.1,58.59,7.26,0.6389,2.5623,73.6889,39.50003433227539
2006-11-14,4.66,5.25,201.5,4.5,85.23999786376953,92.1,58.28,7.42,0.6277,1.9823,73.7579,39.510623931884766
2006-11-15,4.69,5.29,201.5,4.5,85.33999633789062,92.1,58.79,7.45,0.618,1.846,74.993,39.69636535644531
2006-11-16,4.74,5.25,201.5,4.5,85.5,92.1,56.23,7.59,0.6632,0.8024,57.3141,38.56597900390625
2006-11-17,4.69,5.2,201.5,4.5,85.37000274658203,92.1,55.90,7.23,0.6695,1.3465,59.3028,38.78356170654297
2006-11-20,4.68,5.25,201.5,4.5,85.41999816894531,92.1,56.42,7.79,0.658,0.6964,54.9331,38.4386100769043
2006-11-21,4.66,5.29,201.5,4.5,85.23999786376953,92.1,58.01,7.57,0.6526,1.3946,59.6608,38.94808578491211
2006-11-22,4.65,5.26,201.5,4.5,84.6500015258789,92.1,57.28,7.42,0.6593,1.0719,56.471,38.693363189697266
2006-11-24,4.63,5.24,201.5,4.5,83.70999908447266,92.1,.,.,0.6523,0.285,53.0953,38.41208267211914
2006-11-27,4.62,5.32,201.5,4.5,83.51000213623047,92.1,60.30,7.58,0.6451,-0.0681,53.6025,38.45984649658203
2006-11-28,4.59,5.24,201.5,4.5,83.20999908447266,92.1,60.97,7.61,0.6663,1.0272,61.9278,39.356719970703125
2006-11-29,4.61,5.26,201.5,4.5,83.44000244140625,92.1,62.45,7.74,0.705,1.3426,68.6343,40.3491325378418
2006-11-30,4.56,5.31,201.5,4.5,82.91999816894531,92.1,62.97,8.32,0.7053,1.1651,70.9342,40.76307678222656
2006-12-01,4.54,5.27,201.8,4.4,82.4800033569336,91.7,63.43,8.42,0.7189,1.4722,72.0382,40.970054626464844
2006-12-04,4.55,5.22,201.8,4.4,82.48999786376953,91.7,62.39,7.84,0.7163,1.7688,73.6156,41.272544860839844
2006-12-05,4.57,5.21,201.8,4.4,82.44999694824219,91.7,62.40,7.32,0.7049,1.9118,74.4066,41.42645263671875
2006-12-06,4.60,5.22,201.8,4.4,82.7699966430664,91.7,62.20,7.32,0.7283,0.7997,62.2732,40.49772644042969
2006-12-07,4.60,5.25,201.8,4.4,82.80000305175781,91.7,62.54,7.61,0.73,1.6099,58.7367,40.179317474365234
2006-12-08,4.66,5.25,201.8,4.4,83.33000183105469,91.7,62.06,7.45,0.7149,1.2816,57.5057,40.06786346435547
2006-12-11,4.63,5.25,201.8,4.4,83.12000274658203,91.7,61.26,6.81,0.7024,1.5517,56.6533,39.99356460571289
2006-12-12,4.60,5.23,201.8,4.4,82.97000122070312,91.7,61.06,6.93,0.6935,1.5146,60.6469,40.46589279174805
2006-12-13,4.69,5.23,201.8,4.4,82.97000122070312,91.7,61.34,7.21,0.6996,2.3566,64.9804,41.05496597290039
2006-12-14,4.72,5.29,201.8,4.4,83.6500015258789,91.7,62.48,7.26,0.7158,3.3628,69.4516,41.78202438354492
2006-12-15,4.72,5.27,201.8,4.4,84.05999755859375,91.7,63.40,6.82,0.7354,2.5578,60.7349,41.023136138916016
2006-12-18,4.72,5.21,201.8,4.4,83.9800033569336,91.7,62.19,6.62,0.7562,0.7149,51.9461,40.07316589355469
2006-12-19,4.73,5.21,201.8,4.4,83.45999908447266,91.7,62.87,6.27,0.7934,0.5084,57.4311,40.85860824584961
2006-12-20,4.73,5.26,201.8,4.4,83.5199966430664,91.7,63.08,6.43,0.784,-0.3866,53.3954,40.37568283081055
2006-12-21,4.70,5.25,201.8,4.4,83.56999969482422,91.7,62.05,6.09,0.7806,-0.7043,52.479,40.26420593261719
2006-12-22,4.76,5.24,201.8,4.4,83.94000244140625,91.7,61.81,5.88,0.7608,-1.2498,50.4368,40.020111083984375
2006-12-26,4.73,5.29,201.8,4.4,84.06999969482422,91.7,61.07,5.72,0.7386,-1.0644,53.1674,40.35976028442383
2006-12-27,4.78,5.17,201.8,4.4,83.94000244140625,91.7,60.31,5.54,0.7233,0.3442,56.8109,40.84268569946289
2006-12-28,4.81,5.25,201.8,4.4,83.81999969482422,91.7,60.39,5.63,0.7015,0.8579,58.2336,41.03904724121094
2006-12-29,4.81,5.17,201.8,4.4,83.72000122070312,91.7,60.85,5.50,0.6941,0.5984,54.5709,40.66756057739258
2007-01-03,4.77,5.28,202.416,4.6,83.91999816894531,96.9,58.31,5.47,0.7626,-0.662,43.8727,39.3302116394043
2007-01-04,4.72,5.24,202.416,4.6,84.31999969482422,96.9,55.65,5.60,0.78,-1.8694,39.2965,38.592529296875
2007-01-05,4.74,5.21,202.416,4.6,84.62999725341797,96.9,56.29,5.52,0.7681,-2.1819,41.7445,38.86848831176758
2007-01-08,4.74,5.23,202.416,4.6,84.5999984741211,96.9,56.08,6.02,0.8041,-3.2198,39.7841,38.55537796020508
2007-01-09,4.74,5.25,202.416,4.6,84.73999786376953,96.9,55.65,6.15,0.7996,-2.7591,37.9618,38.2581672668457
2007-01-10,4.77,5.26,202.416,4.6,85.08000183105469,96.9,53.95,6.42,0.8359,-2.3937,34.6085,37.674415588378906
2007-01-11,4.82,5.27,202.416,4.6,85.30999755859375,96.9,51.91,6.09,0.8549,-3.1827,34.5786,37.66910171508789
2007-01-12,4.86,5.22,202.416,4.6,85.02999877929688,96.9,52.96,5.97,0.8592,-1.8111,43.4232,38.5606803894043
2007-01-16,4.85,5.28,202.416,4.6,85.05000305175781,96.9,51.23,6.82,0.8512,-2.2454,39.8647,38.01404571533203
2007-01-17,4.88,5.25,202.416,4.6,84.9800033569336,96.9,52.30,6.57,0.8362,-1.5622,43.8574,38.45454025268555
2007-01-18,4.85,5.23,202.416,4.6,84.91000366210938,96.9,50.51,6.29,0.8498,-2.166,42.0463,38.18917465209961
2007-01-19,4.87,5.25,202.416,4.6,84.86000061035156,96.9,51.98,6.40,0.8523,-1.8164,49.1473,39.022396087646484
2007-01-22,4.84,5.24,202.416,4.6,85.0199966430664,96.9,51.11,7.20,0.8387,-2.346,46.6758,38.68804168701172
2007-01-23,4.90,5.26,202.416,4.6,84.66999816894531,96.9,53.61,7.53,0.8548,-1.1333,53.0877,39.53184127807617
2007-01-24,4.91,5.27,202.416,4.6,84.94000244140625,96.9,54.24,7.58,0.8407,0.4184,54.6036,39.74943923950195
2007-01-25,4.96,5.31,202.416,4.6,85.11000061035156,96.9,53.49,7.18,0.8404,0.4237,48.8787,39.017066955566406
2007-01-26,4.98,5.26,202.416,4.6,85.27999877929688,96.9,55.38,6.95,0.8197,0.1959,49.2524,39.06485366821289
2007-01-29,4.99,5.26,202.416,4.6,85.0999984741211,96.9,54.01,7.35,0.81,0.2913,47.5472,38.84725570678711
2007-01-30,4.98,5.23,202.416,4.6,85.02999877929688,96.9,57.03,7.32,0.8047,1.218,52.669,39.478790283203125
2007-01-31,4.93,5.33,202.416,4.6,84.61000061035156,96.9,58.17,7.76,0.7941,1.647,51.353,39.32488250732422
2007-02-01,4.93,5.29,203.499,4.5,84.62999725341797,91.3,57.35,7.93,0.793,2.1713,55.4079,39.84497833251953
2007-02-02,4.93,5.24,203.499,4.5,84.95999908447266,91.3,59.01,8.17,0.787,1.5252,57.2108,40.08909606933594
2007-02-05,4.91,5.25,203.499,4.5,85.08000183105469,91.3,58.69,9.14,0.7618,2.1395,57.7309,40.1580810546875
2007-02-06,4.87,5.24,203.499,4.5,84.77999877929688,91.3,58.91,8.29,0.7426,1.4193,54.806,40.04664611816406
2007-02-07,4.86,5.23,203.499,4.5,84.75,91.3,57.75,7.90,0.7408,1.6682,54.6372,39.86009979248047
2007-02-08,4.81,5.25,203.499,4.5,84.69999694824219,91.3,59.76,8.06,0.7407,1.1931,57.7773,40.217193603515625
2007-02-09,4.87,5.25,203.499,4.5,84.87000274658203,91.3,59.86,8.16,0.719,1.3991,56.2746,40.089271545410156
2007-02-12,4.88,5.28,203.499,4.5,85.1500015258789,91.3,57.76,7.78,0.7014,0.2273,52.4775,39.758846282958984
2007-02-13,4.90,5.26,203.499,4.5,84.7300033569336,91.3,58.98,8.09,0.6859,0.4622,56.7828,40.211849212646484
2007-02-14,4.83,5.27,203.499,4.5,84.19999694824219,91.3,58.00,8.90,0.6753,1.2728,57.5143,40.29180908203125
2007-02-15,4.81,5.29,203.499,4.5,84.01000213623047,91.3,57.92,8.91,0.6605,1.0869,55.7528,40.15322494506836
2007-02-16,4.79,5.24,203.499,4.5,84.08999633789062,91.3,59.38,8.45,0.6338,1.2774,55.4014,40.12656021118164
2007-02-20,4.78,5.27,203.499,4.5,84.19000244140625,91.3,58.32,7.34,0.6265,0.4238,52.4129,39.90272903442383
2007-02-21,4.79,5.23,203.499,4.5,84.20999908447266,91.3,59.40,7.51,0.6205,0.5296,51.7685,39.854766845703125
2007-02-22,4.83,5.26,203.499,4.5,84.31999969482422,91.3,60.28,7.47,0.6146,0.1701,53.8073,40.01466751098633
2007-02-23,4.79,5.24,203.499,4.5,84.06999969482422,91.3,60.28,7.53,0.59,0.001,54.7682,40.089271545410156
2007-02-26,4.73,5.3,203.499,4.5,83.93000030517578,91.3,61.41,7.73,0.5813,0.0279,56.0345,40.18522644042969
2007-02-27,4.62,5.27,203.499,4.5,83.4800033569336,91.3,61.46,7.44,0.6925,-1.5901,35.0661,38.282527923583984
2007-02-28,4.68,5.41,203.499,4.5,83.56999969482422,91.3,61.78,7.23,0.735,-1.654,34.4823,38.20259475708008
2007-03-01,4.68,5.31,205.352,4.4,83.68000030517578,88.4,61.97,7.07,0.7596,-2.3773,31.8548,37.83485794067383
2007-03-02,4.65,5.23,205.352,4.4,83.73999786376953,88.4,61.58,7.22,0.779,-2.7709,28.5297,37.31254577636719
2007-03-05,4.64,5.27,205.352,4.4,84.1500015258789,88.4,60.05,7.36,0.7925,-2.4571,28.4318,37.29656219482422
2007-03-06,4.66,5.22,205.352,4.4,84.06999969482422,88.4,60.66,7.55,0.7754,-2.3667,36.416,37.840187072753906
2007-03-07,4.64,5.24,205.352,4.4,83.77999877929688,88.4,61.85,7.50,0.8074,-2.1061,40.8732,38.1812744140625
2007-03-08,4.65,5.24,205.352,4.4,84.0999984741211,88.4,61.63,7.14,0.787,-1.8561,42.3024,38.29320526123047
2007-03-09,4.72,5.24,205.352,4.4,84.23999786376953,88.4,60.06,7.05,0.787,-2.2178,38.7921,37.90412521362305
2007-03-12,4.69,5.25,205.352,4.4,83.86000061035156,88.4,58.94,6.81,0.7574,-2.1274,37.6402,37.770896911621094
2007-03-13,4.66,5.25,205.352,4.4,83.7300033569336,88.4,58.03,6.78,0.7728,-2.5901,33.5235,37.25925827026367
2007-03-14,4.69,5.27,205.352,4.4,83.61000061035156,88.4,58.15,6.86,0.77,-2.1593,41.4915,37.850833892822266
2007-03-15,4.69,5.29,205.352,4.4,83.68000030517578,88.4,57.52,7.02,0.7469,-2.4092,39.9581,37.674957275390625
2007-03-16,4.70,5.25,205.352,4.4,83.2300033569336,88.4,57.06,6.84,0.7449,-2.9464,36.3221,37.23260498046875
2007-03-19,4.72,5.26,205.352,4.4,83.38999938964844,88.4,56.65,6.70,0.7418,-0.3882,44.4541,37.893470764160156
2007-03-20,4.71,5.26,205.352,4.4,83.11000061035156,88.4,56.41,6.81,0.726,0.1702,49.4955,38.373138427734375
2007-03-21,4.70,5.26,205.352,4.4,82.7699966430664,88.4,56.98,6.82,0.7296,1.1913,55.4469,39.028682708740234
2007-03-22,4.78,5.27,205.352,4.4,83.08999633789062,88.4,60.21,7.07,0.7417,2.3135,60.0989,39.63092041015625
2007-03-23,4.80,5.24,205.352,4.4,83.27999877929688,88.4,61.07,7.16,0.729,2.6827,62.5726,39.982669830322266
2007-03-26,4.79,5.28,205.352,4.4,83.08000183105469,88.4,61.77,7.15,0.7218,2.3773,64.1778,40.22251510620117
2007-03-27,4.81,5.25,205.352,4.4,83.01000213623047,88.4,62.98,7.15,0.7071,2.1646,65.047,40.35042953491211
2007-03-28,4.83,5.27,205.352,4.4,83.02999877929688,88.4,64.11,7.47,0.6961,1.9731,64.0018,40.27049255371094
2007-03-29,4.83,5.29,205.352,4.4,83.08999633789062,88.4,66.10,7.34,0.6741,2.723,66.6203,40.632904052734375
2007-03-30,4.84,5.3,205.352,4.4,82.93000030517578,88.4,65.94,7.50,0.6795,2.4358,61.0631,40.211849212646484
2007-04-02,4.84,5.25,206.686,4.5,82.87000274658203,87.1,66.03,7.62,0.6735,3.324,63.9719,40.59025573730469
2007-04-03,4.85,5.2,206.686,4.5,83.1500015258789,87.1,64.59,7.57,0.6763,3.074,66.4079,40.93135070800781
2007-04-04,4.85,5.21,206.686,4.5,82.95999908447266,87.1,64.40,7.46,0.6732,3.4144,67.5524,41.096561431884766
2007-04-05,4.87,5.3,206.686,4.5,82.68000030517578,87.1,64.26,7.53,0.6415,3.9144,67.9694,41.15519332885742
2007-04-09,4.92,5.28,206.686,4.5,83.0999984741211,87.1,61.51,7.65,0.6351,3.0315,64.5579,40.93135070800781
2007-04-10,4.91,5.26,206.686,4.5,82.69999694824219,87.1,61.92,7.65,0.6316,2.9624,67.7534,41.34172821044922
2007-04-11,4.92,5.24,206.686,4.5,82.66999816894531,87.1,61.98,7.97,0.6241,1.8827,61.5447,40.91536331176758
2007-04-12,4.91,5.27,206.686,4.5,82.37000274658203,87.1,63.87,7.95,0.6186,1.6115,64.2769,41.24580383300781
2007-04-13,4.93,5.25,206.686,4.5,82.12999725341797,87.1,63.63,7.93,0.5968,1.2689,64.3648,41.256465911865234
2007-04-16,4.89,5.29,206.686,4.5,82.06999969482422,87.1,63.63,7.66,0.599,1.436,67.6266,41.66151428222656
2007-04-17,4.85,5.2,206.686,4.5,81.83000183105469,87.1,63.14,7.50,0.5863,1.4307,68.5644,41.78410339355469
2007-04-18,4.81,5.19,206.686,4.5,81.73999786376953,87.1,63.14,7.54,0.5687,1.4041,66.7536,41.6774787902832
2007-04-19,4.84,5.23,206.686,4.5,81.63999938964844,87.1,61.81,7.54,0.568,0.6488,60.3976,41.28310775756836
2007-04-20,4.85,5.25,206.686,4.5,81.63999938964844,87.1,63.56,7.32,0.6163,2.2922,69.9687,42.50891876220703
2007-04-23,4.83,5.23,206.686,4.5,81.73999786376953,87.1,65.33,7.24,0.6057,1.6168,65.799,42.210453033447266
2007-04-24,4.80,5.2,206.686,4.5,81.55000305175781,87.1,64.10,7.57,0.5947,0.9573,61.5656,41.89067459106445
2007-04-25,4.83,5.19,206.686,4.5,81.43000030517578,87.1,65.33,7.60,0.613,1.4945,66.6493,42.59418487548828
2007-04-26,4.87,5.24,206.686,4.5,81.75,87.1,65.08,7.56,0.6182,1.771,68.7723,42.92995834350586
2007-04-27,4.89,5.24,206.686,4.5,81.52999877929688,87.1,66.45,7.44,0.6071,1.8934,67.3793,42.82868576049805
2007-04-30,4.81,5.29,206.686,4.5,81.44999694824219,87.1,65.78,7.71,0.6207,0.9626,60.5648,42.30638122558594
2007-05-01,4.81,5.26,207.949,4.4,81.5999984741211,88.3,64.43,7.64,0.6121,1.537,61.7549,42.455623626708984
2007-05-02,4.82,5.21,207.949,4.4,81.73999786376953,88.3,63.78,7.64,0.5995,1.2924,62.4523,42.540889739990234
2007-05-03,4.84,5.24,207.949,4.4,81.94999694824219,88.3,63.23,7.58,0.5993,1.7391,66.0369,42.99924850463867
2007-05-04,4.80,5.24,207.949,4.4,81.73999786376953,88.3,61.89,7.82,0.615,1.2658,65.0263,42.92995834350586
2007-05-07,4.79,5.24,207.949,4.4,81.68000030517578,88.3,61.48,7.69,0.6056,1.2924,66.2252,43.07918167114258
2007-05-08,4.80,5.21,207.949,4.4,81.94000244140625,88.3,62.26,7.50,0.606,1.6913,68.5088,43.37230682373047
2007-05-09,4.83,5.21,207.949,4.4,82.0199966430664,88.3,61.54,7.46,0.6026,1.9199,65.808,43.39362335205078
2007-05-10,4.83,5.25,207.949,4.4,82.29000091552734,88.3,61.85,7.63,0.6264,-0.0106,55.6683,42.49439239501953
2007-05-11,4.85,5.27,207.949,4.4,82.12000274658203,88.3,62.35,7.53,0.6518,1.2701,63.9747,43.47926712036133
2007-05-14,4.86,5.26,207.949,4.4,82.06999969482422,88.3,62.55,7.85,0.6392,1.5999,64.0536,43.489967346191406
2007-05-15,4.88,5.29,207.949,4.4,81.75,88.3,63.16,7.68,0.6252,0.8338,63.1604,43.42573547363281
2007-05-16,4.88,5.25,207.949,4.4,82.16000366210938,88.3,62.57,7.62,0.6256,0.6696,64.5788,43.59701156616211
2007-05-17,4.91,5.25,207.949,4.4,82.31999969482422,88.3,64.83,7.69,0.6355,0.9576,66.1155,43.78436279296875
2007-05-18,4.96,5.24,207.949,4.4,82.19999694824219,88.3,64.93,7.87,0.6485,2.2588,71.6422,44.56585693359375
2007-05-21,4.94,5.24,207.949,4.4,82.36000061035156,88.3,66.25,7.66,0.6426,2.2861,72.7251,44.742488861083984
2007-05-22,4.98,5.23,207.949,4.4,82.38999938964844,88.3,64.91,7.60,0.6505,1.763,65.9827,44.303558349609375
2007-05-23,5.01,5.25,207.949,4.4,82.30999755859375,88.3,65.10,7.51,0.6395,1.4231,66.8701,44.42132568359375
2007-05-24,5.00,5.24,207.949,4.4,82.41000366210938,88.3,63.62,7.56,0.6682,1.113,61.311,44.041290283203125
2007-05-25,5.01,5.29,207.949,4.4,82.33000183105469,88.3,64.59,7.47,0.6739,1.6211,66.5059,44.69967269897461
2007-05-29,5.01,5.29,207.949,4.4,82.30999755859375,88.3,63.19,7.51,0.6868,0.8532,60.2065,44.223289489746094
2007-05-30,5.01,5.25,207.949,4.4,82.43000030517578,88.3,63.47,7.71,0.7194,1.7552,65.6409,44.961936950683594
2007-05-31,5.01,5.28,207.949,4.4,82.30000305175781,88.3,64.02,7.80,0.7112,2.0192,60.3065,44.5176887512207
2007-06-01,5.06,5.23,208.352,4.6,82.31999969482422,85.3,65.09,7.57,0.7012,1.5972,64.2631,45.07969284057617
2007-06-04,5.02,5.24,208.352,4.6,82.05999755859375,85.3,66.17,7.73,0.6755,1.5865,64.2631,45.07969284057617
2007-06-05,5.07,5.19,208.352,4.6,81.88999938964844,85.3,65.63,7.83,0.6635,1.672,64.4198,45.101112365722656
2007-06-06,5.08,5.25,208.352,4.6,81.9000015258789,85.3,65.97,7.83,0.6657,1.1592,59.8947,44.75852966308594
2007-06-07,5.20,5.25,208.352,4.6,82.29000091552734,85.3,66.93,7.89,0.7216,0.0855,50.0703,43.8700065612793
2007-06-08,5.22,5.26,208.352,4.6,82.69000244140625,85.3,64.78,7.52,0.7265,-0.3098,53.6235,44.255393981933594
2007-06-11,5.24,5.27,208.352,4.6,82.70999908447266,85.3,65.93,7.42,0.7322,-0.2831,55.4264,44.45878219604492
2007-06-12,5.35,5.26,208.352,4.6,82.88999938964844,85.3,65.36,7.45,0.7318,-0.4113,49.6304,43.891422271728516
2007-06-13,5.28,5.26,208.352,4.6,83.04000091552734,85.3,66.17,7.60,0.7368,0.1923,55.9485,44.61404037475586
2007-06-14,5.30,5.28,208.352,4.6,83.12999725341797,85.3,67.62,7.48,0.746,1.3301,61.429,45.37409591674805
2007-06-15,5.26,5.26,208.352,4.6,82.8499984741211,85.3,68.04,7.58,0.7568,1.2981,65.2637,46.0003547668457
2007-06-18,5.26,5.23,208.352,4.6,82.70999908447266,85.3,69.06,7.69,0.7302,1.9979,66.5493,46.22515106201172
2007-06-19,5.20,5.21,208.352,4.6,82.54000091552734,85.3,69.15,7.46,0.7055,0.9829,63.4197,45.94681930541992
2007-06-20,5.24,5.27,208.352,4.6,82.5199966430664,85.3,68.50,7.39,0.7761,-0.187,49.0055,44.330322265625
2007-06-21,5.28,5.26,208.352,4.6,82.7300033569336,85.3,68.35,7.24,0.7916,0.0427,54.4672,45.122501373291016
2007-06-22,5.25,5.24,208.352,4.6,82.33999633789062,85.3,68.85,7.04,0.8186,-0.9081,47.8319,44.169776916503906
2007-06-25,5.20,5.29,208.352,4.6,82.31999969482422,85.3,68.83,6.77,0.8231,-1.0096,47.3088,44.089481353759766
2007-06-26,5.22,5.25,208.352,4.6,82.29000091552734,85.3,67.78,6.85,0.8227,-0.9615,45.3507,43.795082092285156
2007-06-27,5.20,5.26,208.352,4.6,82.31999969482422,85.3,68.98,6.74,0.8658,0.812,51.8311,44.68360137939453
2007-06-28,5.22,5.26,208.352,4.6,82.33000183105469,85.3,69.61,6.79,0.8501,0.4915,52.2717,44.74781036376953
2007-06-29,5.12,5.31,208.352,4.6,81.91999816894531,85.3,70.47,6.40,0.8631,0.438,53.3441,44.8977165222168
2007-07-02,5.09,5.31,208.299,4.7,81.38999938964844,90.4,71.11,6.24,0.8441,1.5064,56.8494,45.400856018066406
2007-07-03,5.14,5.24,208.299,4.7,81.43000030517578,90.4,71.41,6.37,0.8224,1.0737,58.7659,45.68990707397461
2007-07-05,5.24,5.25,208.299,4.7,81.54000091552734,90.4,71.81,6.30,0.8293,0.2083,57.743,45.58283996582031
2007-07-06,5.28,5.22,208.299,4.7,81.45999908447266,90.4,72.80,6.15,0.8383,0.2778,62.3328,46.2786750793457
2007-07-09,5.25,5.22,208.299,4.7,81.43000030517578,90.4,72.14,6.39,0.841,0.5769,65.385,46.80324172973633
2007-07-10,5.14,5.24,208.299,4.7,80.86000061035156,90.4,72.80,6.44,0.8439,0.3526,60.3348,46.30009078979492
2007-07-11,5.18,5.24,208.299,4.7,80.7300033569336,90.4,72.58,6.66,0.8401,2.3878,62.9265,46.72295379638672
2007-07-12,5.22,5.26,208.299,4.7,80.63999938964844,90.4,72.55,6.26,0.8732,2.8419,69.2981,47.97010803222656
2007-07-13,5.19,5.25,208.299,4.7,80.58000183105469,90.4,73.89,6.27,0.8646,4.172,70.9372,48.35017395019531
2007-07-16,5.14,5.32,208.299,4.7,80.5199966430664,90.4,74.11,6.32,0.8639,3.9156,67.4939,48.01291275024414
2007-07-17,5.16,5.28,208.299,4.7,80.54000091552734,90.4,74.03,6.34,0.8614,3.8835,64.2423,47.6864128112793
2007-07-18,5.10,5.26,208.299,4.7,80.41999816894531,90.4,75.03,6.23,0.9009,4.0972,69.5733,48.78905487060547
2007-07-19,5.12,5.25,208.299,4.7,80.41999816894531,90.4,75.90,6.50,0.8973,4.6421,72.0562,49.399261474609375
2007-07-20,5.07,5.25,208.299,4.7,80.29000091552734,90.4,75.53,6.46,0.9026,4.3055,70.1632,49.2119255065918
2007-07-23,5.07,5.26,208.299,4.7,80.3499984741211,90.4,74.65,6.00,0.9267,4.6047,73.3897,50.01481246948242
2007-07-24,5.05,5.25,208.299,4.7,80.08000183105469,90.4,73.38,5.66,0.9597,2.9273,61.0634,48.62312316894531
2007-07-25,5.04,5.32,208.299,4.7,80.6500015258789,90.4,75.74,5.56,1.0373,4.0758,65.7145,49.666873931884766
2007-07-26,4.95,5.28,208.299,4.7,80.44999694824219,90.4,74.96,5.83,1.202,0.9455,50.5176,47.22609329223633
2007-07-27,4.95,5.25,208.299,4.7,80.94999694824219,90.4,77.03,5.77,1.231,-0.9882,44.1516,45.812984466552734
2007-07-30,4.97,5.29,208.299,4.7,80.8499984741211,90.4,76.82,6.31,1.227,-0.2618,45.3319,46.03782272338867
2007-07-31,4.92,5.28,208.299,4.7,80.7699966430664,90.4,78.20,6.53,1.231,-1.1538,43.2686,45.5667724609375
2007-08-01,4.90,5.3,207.917,4.6,80.87000274658203,83.4,76.49,6.19,1.2838,-2.0192,45.4269,45.94681930541992
2007-08-02,4.91,5.24,207.917,4.6,80.70999908447266,83.4,76.84,6.34,1.2887,-2.7511,43.7603,45.59355926513672
2007-08-03,4.87,5.24,207.917,4.6,80.18000030517578,83.4,75.41,6.11,1.3626,-4.0705,36.9106,43.93425750732422
2007-08-06,4.89,5.26,207.917,4.6,80.25,83.4,72.03,6.10,1.3942,-2.9647,41.5509,44.715721130371094
2007-08-07,4.92,5.26,207.917,4.6,80.4800033569336,83.4,72.25,6.38,1.4458,-2.9113,47.6818,45.871864318847656
2007-08-08,5.01,5.27,207.917,4.6,80.33999633789062,83.4,72.23,6.24,1.4398,-2.3451,53.0801,47.049461364746094
2007-08-09,5.02,5.41,207.917,4.6,80.73999786376953,83.4,71.62,6.45,1.4877,-4.2681,44.2515,44.926734924316406
2007-08-10,5.03,4.68,207.917,4.6,80.68000030517578,83.4,71.49,6.57,1.4983,-4.5813,46.4697,45.41575241088867
2007-08-13,5.01,4.81,207.917,4.6,81.05000305175781,83.4,71.60,7.15,1.4958,-4.0453,43.2328,44.561279296875
2007-08-14,4.99,4.54,207.917,4.6,81.48999786376953,83.4,72.40,6.86,1.4622,-4.9743,43.7897,44.67416000366211
2007-08-15,5.00,4.71,207.917,4.6,81.81999969482422,83.4,73.36,7.30,1.4742,-3.3109,40.8317,43.900291442871094
2007-08-16,4.92,4.97,207.917,4.6,81.7300033569336,83.4,70.99,6.96,1.4904,-2.4478,38.8308,43.35214614868164
2007-08-17,5.00,4.91,207.917,4.6,81.43000030517578,83.4,71.90,7.14,1.5414,-0.8108,48.1412,45.2169075012207
2007-08-20,4.98,5.03,207.917,4.6,81.4000015258789,83.4,71.12,6.47,1.5148,-0.1315,49.0793,45.426483154296875
2007-08-21,4.95,4.89,207.917,4.6,81.48999786376953,83.4,69.49,5.92,1.4894,-1.251,45.9143,44.68487548828125
2007-08-22,4.96,4.77,207.917,4.6,81.25,83.4,69.30,5.84,1.4294,-0.6678,47.0599,44.91597366333008
2007-08-23,4.93,4.88,207.917,4.6,81.13999938964844,83.4,69.86,5.73,1.3851,1.0794,47.5331,45.007328033447266
2007-08-24,4.88,5.11,207.917,4.6,80.66999816894531,83.4,71.17,5.69,1.367,1.3401,52.7256,46.049896240234375
2007-08-27,4.87,5.27,207.917,4.6,80.73999786376953,83.4,71.98,5.34,1.3066,-0.1195,51.1247,45.74356460571289
2007-08-28,4.86,5.3,207.917,4.6,80.76000213623047,83.4,71.79,5.56,1.2945,-2.4319,45.581,44.60429000854492
2007-08-29,4.88,5.0,207.917,4.6,80.69999694824219,83.4,73.52,5.64,1.3016,0.8744,51.5343,45.802703857421875
2007-08-30,4.83,5.0,207.917,4.6,80.79000091552734,83.4,73.37,5.54,1.2811,0.4774,51.9657,45.894046783447266
2007-08-31,4.83,4.96,207.917,4.6,80.79000091552734,83.4,73.98,5.49,1.2505,1.5073,52.8431,46.07139205932617
2007-09-04,4.84,5.22,208.49,4.7,80.87999725341797,83.4,75.07,5.30,1.255,2.1993,56.7139,46.87748336791992
2007-09-05,4.78,5.18,208.49,4.7,80.62000274658203,83.4,75.74,5.80,1.2079,2.9664,56.6805,46.87211608886719
2007-09-06,4.79,4.98,208.49,4.7,80.47000122070312,83.4,76.34,6.02,1.1684,3.6584,57.4099,47.01720428466797
2007-09-07,4.70,4.86,208.49,4.7,79.95999908447266,83.4,76.70,5.53,1.1723,0.8636,51.4033,46.082149505615234
2007-09-10,4.65,5.07,208.49,4.7,79.81999969482422,83.4,77.53,5.56,1.179,0.177,48.6023,45.60383224487305
2007-09-11,4.65,5.06,208.49,4.7,79.69999694824219,83.4,78.16,5.98,1.1967,2.033,54.8012,46.72163009643555
2007-09-12,4.68,5.18,208.49,4.7,79.36000061035156,83.4,79.85,6.13,1.174,2.1832,56.72,47.10319900512695
2007-09-13,4.75,5.09,208.49,4.7,79.51000213623047,83.4,80.05,6.27,1.1477,2.6124,59.2644,47.62446975708008
2007-09-14,4.72,5.25,208.49,4.7,79.62000274658203,83.4,79.14,6.23,1.135,1.5985,59.3969,47.6513557434082
2007-09-17,4.72,5.33,208.49,4.7,79.72000122070312,83.4,80.55,6.38,1.1091,2.2208,61.0087,47.96840286254883
2007-09-18,4.77,4.92,208.49,4.7,79.20999908447266,83.4,81.51,6.42,1.136,4.6991,66.9884,49.31193161010742
2007-09-19,4.83,4.74,208.49,4.7,79.30000305175781,83.4,81.99,6.25,1.1062,3.696,67.7553,49.505393981933594
2007-09-20,4.96,4.77,208.49,4.7,78.58000183105469,83.4,83.85,6.02,1.0575,3.5887,67.6143,49.48927307128906
2007-09-21,4.89,4.76,208.49,4.7,78.5999984741211,83.4,83.38,5.96,1.0322,3.5297,68.1378,49.60749816894531
2007-09-24,4.88,4.74,208.49,4.7,78.52999877929688,83.4,82.51,6.12,1.0052,2.4139,65.1479,49.2957763671875
2007-09-25,4.89,4.82,208.49,4.7,78.30999755859375,83.4,81.20,6.54,1.0004,2.5426,65.789,49.41939926147461
2007-09-26,4.90,4.88,208.49,4.7,78.48999786376953,83.4,80.31,6.47,0.9765,2.6177,66.9559,49.63972854614258
2007-09-27,4.84,4.93,208.49,4.7,78.33999633789062,83.4,82.86,6.38,0.9688,3.873,68.6415,49.96216583251953
2007-09-28,4.83,4.58,208.49,4.7,77.72000122070312,83.4,81.64,6.15,0.9578,4.1305,66.158,49.74184036254883
2007-10-01,4.79,4.92,208.936,4.7,77.9000015258789,80.9,80.31,6.07,0.9576,3.7603,70.1068,50.48882293701172
2007-10-02,4.77,4.78,208.936,4.7,78.30000305175781,80.9,80.00,6.55,0.9908,2.4622,60.7202,49.569889068603516
2007-10-03,4.79,4.68,208.936,4.7,78.56999969482422,80.9,79.97,6.96,0.9782,1.4537,56.393,49.08083724975586
2007-10-04,4.77,4.74,208.936,4.7,78.4800033569336,80.9,81.48,6.91,0.9589,1.207,54.5082,48.86050796508789
2007-10-05,4.87,4.77,208.936,4.7,78.30999755859375,80.9,81.20,6.77,0.9291,1.1265,56.2001,49.09697341918945
2007-10-08,.,4.77,208.936,4.7,78.66999816894531,80.9,78.97,6.69,0.9088,-0.5793,52.9242,48.731529235839844
2007-10-09,4.87,4.91,208.936,4.7,78.52999877929688,80.9,80.23,6.63,0.9243,0.295,60.2301,49.80095672607422
2007-10-10,4.86,4.52,208.936,4.7,78.37999725341797,80.9,81.30,6.79,0.9399,0.5579,61.7094,50.04816436767578
2007-10-11,4.87,4.75,208.936,4.7,78.08000183105469,80.9,83.05,6.85,0.9954,0.1877,59.283,49.79557418823242
2007-10-12,4.91,4.75,208.936,4.7,78.22000122070312,80.9,83.73,6.46,0.9695,0.9387,62.0841,50.236244201660156
2007-10-15,4.91,4.81,208.936,4.7,78.08999633789062,80.9,86.19,7.09,0.9642,1.5342,66.1788,50.956356048583984
2007-10-16,4.90,4.68,208.936,4.7,78.25,80.9,87.58,7.29,0.9245,1.2713,65.7224,50.913360595703125
2007-10-17,4.82,4.7,208.936,4.7,78.12000274658203,80.9,87.19,7.12,0.9328,0.9817,65.9123,50.94560623168945
2007-10-18,4.78,4.69,208.936,4.7,77.58999633789062,80.9,89.48,7.11,0.9079,1.3357,66.7389,51.07999038696289
2007-10-19,4.68,4.77,208.936,4.7,77.41000366210938,80.9,88.58,6.91,0.9599,-0.9709,51.1809,49.516136169433594
2007-10-22,4.68,4.71,208.936,4.7,78.05999755859375,80.9,87.60,6.63,0.986,-0.7134,46.271,48.85512924194336
2007-10-23,4.69,4.67,208.936,4.7,77.58999633789062,80.9,86.45,6.30,1.0074,0.0107,48.1859,49.09159469604492
2007-10-24,4.64,4.74,208.936,4.7,77.55000305175781,80.9,88.30,6.11,1.006,0.6491,51.4868,49.5107536315918
2007-10-25,4.66,4.86,208.936,4.7,77.27999877929688,80.9,92.09,6.49,1.0058,0.1126,49.0698,49.20979690551758
2007-10-26,4.68,4.8,208.936,4.7,77.02999877929688,80.9,91.73,6.43,0.9879,0.8207,51.8516,49.55376052856445
2007-10-29,4.66,4.84,208.936,4.7,76.83999633789062,80.9,93.45,6.66,0.9963,0.5042,57.3408,50.30611038208008
2007-10-30,4.68,4.78,208.936,4.7,76.7699966430664,80.9,90.33,6.99,1.0343,-1.0675,47.1316,48.97874069213867
2007-10-31,4.74,4.6,208.936,4.7,76.4800033569336,80.9,94.16,7.28,1.0248,-0.3594,50.4041,49.435523986816406
2007-11-01,4.64,4.59,210.177,4.7,76.58999633789062,76.1,93.53,7.09,1.1045,-2.6714,39.573,47.55997848510742
2007-11-02,4.61,4.28,210.177,4.7,76.33999633789062,76.1,95.81,6.63,1.116,-3.696,38.1318,47.25367736816406
2007-11-05,4.63,4.29,210.177,4.7,76.43000030517578,76.1,94.06,6.71,1.1038,-3.7979,37.4363,47.10857391357422
2007-11-06,4.66,4.22,210.177,4.7,76.04000091552734,76.1,96.65,7.20,1.1337,-2.371,47.7712,48.57029724121094
2007-11-07,4.67,4.39,210.177,4.7,75.41000366210938,76.1,96.46,7.42,1.1659,-4.0232,40.3102,47.04354476928711
2007-11-08,4.67,4.58,210.177,4.7,75.45999908447266,76.1,95.51,6.81,1.1918,-1.2665,47.2925,48.24121856689453
2007-11-09,4.61,4.49,210.177,4.7,75.4000015258789,76.1,96.36,6.59,1.2183,-1.9909,41.2733,46.85472106933594
2007-11-12,.,4.49,210.177,4.7,75.9000015258789,76.1,94.40,6.83,1.2509,-3.471,36.7463,45.60849380493164
2007-11-13,4.61,4.61,210.177,4.7,75.87999725341797,76.1,91.18,7.22,1.3012,-2.6292,43.5061,46.870914459228516
2007-11-14,4.61,4.6,210.177,4.7,75.80999755859375,76.1,94.02,7.28,1.3198,-2.6358,42.3197,46.56340408325195
2007-11-15,4.54,4.54,210.177,4.7,76.06999969482422,76.1,93.37,7.35,1.334,-3.9593,38.6916,45.58153533935547
2007-11-16,4.52,4.51,210.177,4.7,75.83000183105469,76.1,94.81,7.29,1.3068,-4.3817,40.5318,45.910606384277344
2007-11-19,4.47,4.51,210.177,4.7,75.77999877929688,76.1,95.75,7.38,1.2685,-3.59,38.5114,45.37651443481445
2007-11-20,4.49,4.51,210.177,4.7,75.20999908447266,76.1,99.16,6.81,1.3552,-2.0478,48.8093,47.378028869628906
2007-11-21,4.46,4.5,210.177,4.7,75.06999969482422,76.1,98.57,6.67,1.3311,-0.5958,47.0261,46.95722579956055
2007-11-23,4.43,4.56,210.177,4.7,75.05000305175781,76.1,98.24,6.67,1.2945,0.3832,50.1681,47.631591796875
2007-11-26,4.26,4.62,210.177,4.7,74.86000061035156,76.1,97.66,7.53,1.3294,-0.8776,44.2646,46.2235221862793
2007-11-27,4.36,4.39,210.177,4.7,75.0999984741211,76.1,94.39,7.42,1.3337,-1.9597,46.0966,46.601173400878906
2007-11-28,4.41,4.53,210.177,4.7,75.08000183105469,76.1,90.71,7.51,1.3254,0.3878,49.9913,47.431983947753906
2007-11-29,4.35,4.55,210.177,4.7,75.58999633789062,76.1,90.98,7.45,1.3061,-0.447,51.6287,47.793426513671875
2007-11-30,4.40,4.66,210.177,4.7,76.1500015258789,76.1,88.60,7.29,1.2767,1.2441,53.0376,48.10094451904297
2007-12-03,4.34,4.52,210.036,5.0,75.93000030517578,75.5,89.29,6.97,1.2255,2.3213,52.148,47.93370056152344
2007-12-04,4.34,4.5,210.036,5.0,75.69000244140625,75.5,88.31,7.27,1.1818,0.6678,50.0204,47.53986740112305
2007-12-05,4.39,4.31,210.036,5.0,76.41000366210938,75.5,87.45,7.04,1.1909,1.9443,54.9059,48.51094436645508
2007-12-06,4.49,4.49,210.036,5.0,76.37999725341797,75.5,90.25,7.29,1.1889,3.7431,58.5873,49.33100128173828
2007-12-07,4.58,4.41,210.036,5.0,76.29000091552734,75.5,88.23,7.04,1.1513,3.4469,58.7305,49.363365173339844
2007-12-10,4.60,4.46,210.036,5.0,76.05999755859375,75.5,87.72,6.98,1.1098,4.2655,60.045,49.64927673339844
2007-12-11,4.47,4.29,210.036,5.0,76.22000122070312,75.5,90.12,7.12,1.1441,1.3249,53.9362,48.70518112182617
2007-12-12,4.51,4.28,210.036,5.0,76.13999938964844,75.5,94.41,7.22,1.1704,2.6282,58.2254,49.589942932128906
2007-12-13,4.61,4.3,210.036,5.0,76.55999755859375,75.5,92.35,7.46,1.1634,2.3859,60.1736,50.02153778076172
2007-12-14,4.66,4.24,210.036,5.0,77.44000244140625,75.5,91.31,7.09,1.1461,2.9622,54.869,49.19071578979492
2007-12-17,4.62,4.31,210.036,5.0,77.4000015258789,75.5,90.69,7.06,1.1327,1.8904,50.827,48.4947624206543
2007-12-18,4.55,4.16,210.036,5.0,77.41000366210938,75.5,89.93,7.16,1.148,1.885,55.0559,49.3202018737793
2007-12-19,4.47,3.98,210.036,5.0,77.58999633789062,75.5,91.11,7.18,1.126,1.5296,55.0831,49.32556915283203
2007-12-20,4.46,4.37,210.036,5.0,77.79000091552734,75.5,90.88,7.19,1.0952,1.5996,57.0422,49.703224182128906
2007-12-21,4.58,4.28,210.036,5.0,77.72000122070312,75.5,93.19,7.03,1.087,2.4667,60.4888,50.40458297729492
2007-12-24,4.62,4.0,210.036,5.0,77.56999969482422,75.5,94.00,7.03,1.0351,2.9837,61.0837,50.52865219116211
2007-12-26,4.68,4.26,210.036,5.0,77.1500015258789,75.5,95.89,6.94,1.0135,2.6336,64.0023,51.14907455444336
2007-12-27,4.61,4.15,210.036,5.0,76.61000061035156,75.5,96.63,6.80,0.9915,1.201,59.258,50.5340576171875
2007-12-28,4.51,4.01,210.036,5.0,76.22000122070312,75.5,96.03,7.11,0.9814,1.885,62.7292,51.25156021118164
2007-12-31,4.45,3.06,210.036,5.0,76.69999694824219,75.5,95.95,7.11,0.9687,0.894,57.53,50.54481887817383
2008-01-02,4.35,4.11,211.08,5.0,75.97000122070312,78.4,99.64,7.83,0.9676,1.7396,56.833,50.44774627685547
2008-01-03,4.37,4.25,211.08,5.0,75.88999938964844,78.4,99.17,7.84,0.9458,1.0287,57.8116,50.62036895751953
2008-01-04,4.36,4.18,211.08,5.0,75.79000091552734,78.4,97.90,7.51,0.9736,-0.3447,51.002,49.676239013671875
2008-01-07,4.34,4.27,211.08,5.0,76.16999816894531,78.4,95.08,7.61,1.0156,0.0215,48.0092,49.212303161621094
2008-01-08,4.35,4.27,211.08,5.0,76.11000061035156,78.4,96.43,7.59,1.0343,0.0862,44.2085,48.581092834472656
2008-01-09,4.32,4.26,211.08,5.0,76.41999816894531,78.4,95.64,7.89,1.0462,0.0754,49.7388,49.395729064941406
2008-01-10,4.44,4.26,211.08,5.0,75.93000030517578,78.4,93.92,7.96,1.0518,0.1239,50.0917,49.44968032836914
2008-01-11,4.39,4.23,211.08,5.0,75.9800033569336,78.4,92.74,8.13,1.0483,-0.9856,45.4217,48.71597671508789
2008-01-14,4.37,4.24,211.08,5.0,75.61000061035156,78.4,94.23,8.45,1.0184,-1.4003,47.4767,49.00189971923828
2008-01-15,4.28,4.24,211.08,5.0,75.56999969482422,78.4,91.87,8.43,1.0357,-2.499,41.7018,48.025421142578125
2008-01-16,4.32,4.22,211.08,5.0,76.26000213623047,78.4,90.80,8.23,1.094,-4.4594,35.3343,46.68207550048828
2008-01-17,4.25,4.23,211.08,5.0,76.16999816894531,78.4,90.11,8.10,1.1859,-5.2565,30.1225,45.26862335205078
2008-01-18,4.28,4.17,211.08,5.0,76.37999725341797,78.4,90.55,8.42,1.2424,-5.3427,34.751,45.899845123291016
2008-01-22,4.23,3.68,211.08,5.0,76.3499984741211,78.4,89.64,7.97,1.3683,-6.0536,29.9488,44.48097229003906
2008-01-23,4.23,3.43,211.08,5.0,76.4000015258789,78.4,87.65,7.84,1.4991,-5.4181,33.7004,45.02044677734375
2008-01-24,4.36,3.47,211.08,5.0,75.69000244140625,78.4,89.98,7.85,1.5089,-4.217,42.2007,46.396156311035156
2008-01-25,4.28,3.6,211.08,5.0,75.97000122070312,78.4,90.37,7.80,1.5315,-4.384,37.9659,45.28481674194336
2008-01-28,4.29,3.5,211.08,5.0,75.58000183105469,78.4,90.99,7.87,1.5299,-3.2799,41.611,45.92680740356445
2008-01-29,4.34,3.47,211.08,5.0,75.54000091552734,78.4,91.66,8.10,1.4941,-2.6767,41.5007,45.899845123291016
2008-01-30,4.44,3.26,211.08,5.0,75.02999877929688,78.4,92.34,8.17,1.5074,-3.3823,42.1614,46.00772476196289
2008-01-31,4.35,3.22,211.08,5.0,75.18000030517578,78.4,91.67,8.10,1.5267,-2.8329,45.8496,46.234317779541016
2008-02-01,4.32,3.12,211.693,4.9,75.44999694824219,70.8,89.03,7.88,1.5334,-2.3428,44.6185,46.36917495727539
2008-02-04,4.37,2.82,211.693,4.9,75.37000274658203,70.8,90.07,7.56,1.4793,-2.9029,43.2027,46.09402847290039
2008-02-05,4.33,2.71,211.693,4.9,76.12000274658203,70.8,88.32,7.80,1.5021,-3.7216,35.3214,44.297542572021484
2008-02-06,4.37,2.94,211.693,4.9,76.13999938964844,70.8,87.16,7.94,1.471,-2.7413,33.9784,43.93608856201172
2008-02-07,4.51,3.03,211.693,4.9,76.94000244140625,70.8,88.07,7.99,1.449,-0.8994,37.056,44.36953353881836
2008-02-08,4.43,3.05,211.693,4.9,76.66999816894531,70.8,91.77,8.06,1.4011,-1.6269,36.6404,44.27200698852539
2008-02-11,4.41,2.88,211.693,4.9,76.58000183105469,70.8,93.56,8.38,1.3883,0.6063,42.4699,45.090145111083984
2008-02-12,4.46,2.91,211.693,4.9,76.31999969482422,70.8,92.82,8.37,1.361,0.6951,46.5393,45.718658447265625
2008-02-13,4.52,3.02,211.693,4.9,76.4000015258789,70.8,93.28,8.35,1.3148,-0.0779,50.1714,46.320091247558594
2008-02-14,4.67,3.03,211.693,4.9,76.1500015258789,70.8,95.42,8.50,1.2742,1.064,50.3677,46.35258483886719
2008-02-15,4.58,2.97,211.693,4.9,76.0999984741211,70.8,95.57,8.73,1.2299,0.3258,49.7347,46.25504684448242
2008-02-19,4.66,2.94,211.693,4.9,76.0,70.8,99.99,8.91,1.2425,1.2397,55.2524,47.1436653137207
2008-02-20,4.65,3.0,211.693,4.9,76.12000274658203,70.8,100.86,9.08,1.2477,1.7216,58.5121,47.73423385620117
2008-02-21,4.54,3.01,211.693,4.9,75.5999984741211,70.8,98.57,8.90,1.2327,0.4801,53.9318,47.09487533569336
2008-02-22,4.58,2.97,211.693,4.9,75.5199966430664,70.8,99.03,8.65,1.2127,0.8577,54.7402,47.23033905029297
2008-02-25,4.67,3.0,211.693,4.9,75.52999877929688,70.8,99.40,9.15,1.2149,2.1925,60.5803,48.29230499267578
2008-02-26,4.66,2.85,211.693,4.9,74.76000213623047,70.8,100.83,9.21,1.1899,4.397,62.5957,48.704071044921875
2008-02-27,4.65,2.93,211.693,4.9,74.20999908447266,70.8,99.59,9.21,1.1455,4.4874,60.4075,48.43317413330078
2008-02-28,4.55,3.06,211.693,4.9,73.72000122070312,70.8,102.60,9.11,1.1081,4.0512,60.362,48.427772521972656
2008-02-29,4.41,3.01,211.693,4.9,73.70999908447266,70.8,101.78,9.10,1.1499,2.8667,50.6381,47.1436653137207
2008-03-03,4.42,3.1,213.528,5.1,73.69999694824219,69.5,102.42,9.07,1.1384,2.4502,53.1746,47.544593811035156
2008-03-04,4.52,2.9,213.528,5.1,73.66000366210938,69.5,99.72,9.21,1.1533,1.2494,49.2691,46.97026062011719
2008-03-05,4.60,2.93,213.528,5.1,73.4800033569336,69.5,104.45,9.37,1.1316,0.9195,51.0938,47.24116897583008
2008-03-06,4.57,2.99,213.528,5.1,73.0,69.5,105.51,9.70,1.157,-0.5625,42.3097,45.78910446166992
2008-03-07,4.55,2.96,213.528,5.1,73.02999877929688,69.5,105.12,9.82,1.1725,-1.5577,37.1284,44.69462585449219
2008-03-10,4.45,2.99,213.528,5.1,72.98999786376953,69.5,107.90,9.59,1.1467,-2.461,37.0559,44.67837142944336
2008-03-11,4.53,2.95,213.528,5.1,73.27999877929688,69.5,108.73,9.85,1.2278,-0.768,51.4367,46.96485137939453
2008-03-12,4.40,2.97,213.528,5.1,72.4000015258789,69.5,109.86,9.69,1.2,-0.5138,49.3921,46.58015060424805
2008-03-13,4.47,2.98,213.528,5.1,72.06999969482422,69.5,110.21,9.74,1.2147,-0.0649,52.486,47.16532897949219
2008-03-14,4.35,2.99,213.528,5.1,71.66000366210938,69.5,110.03,9.84,1.2466,-1.7416,49.0755,46.54766082763672
2008-03-17,4.29,2.69,213.528,5.1,71.45999908447266,69.5,105.74,9.59,1.2816,-2.2176,48.7166,46.482635498046875
2008-03-18,4.35,2.16,213.528,5.1,71.56999969482422,69.5,109.57,9.10,1.2936,-0.4976,56.3869,47.934688568115234
2008-03-19,4.22,2.08,213.528,5.1,72.13999938964844,69.5,103.25,9.11,1.3615,-2.6773,45.3705,45.74573516845703
2008-03-20,4.17,2.22,213.528,5.1,72.75,69.5,102.57,8.54,1.367,-1.0872,46.9454,46.054588317871094
2008-03-24,4.33,2.08,213.528,5.1,72.94999694824219,69.5,101.70,8.99,1.3447,-0.9736,49.5557,46.56929016113281
2008-03-25,4.30,2.42,213.528,5.1,72.27999877929688,69.5,101.78,9.28,1.3278,-0.8059,47.566,46.1629753112793
2008-03-26,4.33,2.3,213.528,5.1,71.51000213623047,69.5,105.83,9.25,1.3137,-0.503,50.5857,46.737281799316406
2008-03-27,4.38,2.27,213.528,5.1,71.66000366210938,69.5,107.56,9.30,1.2752,0.9141,50.4088,46.70477294921875
2008-03-28,4.33,2.09,213.528,5.1,71.68000030517578,69.5,105.59,9.36,1.2644,1.4766,47.4867,46.173805236816406
2008-03-31,4.30,2.51,213.528,5.1,71.80000305175781,69.5,101.54,9.86,1.2437,1.1467,45.6266,45.82703399658203
2008-04-01,4.40,2.38,214.823,5.0,72.55999755859375,62.6,100.92,9.92,1.2622,0.1839,53.1598,47.14905548095703
2008-04-02,4.38,2.18,214.823,5.0,72.26000213623047,62.6,104.83,9.60,1.2659,1.3792,57.0952,47.9617919921875
2008-04-03,4.40,2.19,214.823,5.0,72.22000122070312,62.6,103.92,9.68,1.2327,0.6382,56.1136,47.80466842651367
2008-04-04,4.32,2.26,214.823,5.0,72.0199966430664,62.6,106.09,9.36,1.1937,1.5307,57.4975,48.080997467041016
2008-04-07,4.36,2.24,214.823,5.0,72.19999694824219,62.6,108.91,9.48,1.1571,1.6929,58.0009,48.17850112915039
2008-04-08,4.37,2.23,214.823,5.0,72.2300033569336,62.6,108.54,9.78,1.1328,0.6166,59.9587,48.5523796081543
2008-04-09,4.31,2.2,214.823,5.0,71.83000183105469,62.6,110.89,9.88,1.0921,2.8504,60.2191,48.60113525390625
2008-04-10,4.34,2.3,214.823,5.0,72.12000274658203,62.6,110.07,10.18,1.0655,2.461,59.5241,48.51987075805664
2008-04-11,4.30,2.37,214.823,5.0,71.80999755859375,62.6,110.14,10.07,1.038,1.4441,55.2654,48.015968322753906
2008-04-14,4.35,2.32,214.823,5.0,71.87999725341797,62.6,111.71,10.03,1.0199,2.4339,58.9394,48.60113525390625
2008-04-15,4.42,2.32,214.823,5.0,72.0199966430664,62.6,113.77,10.16,0.995,2.4556,62.3326,49.19712448120117
2008-04-16,4.54,2.35,214.823,5.0,71.41000366210938,62.6,114.80,10.11,1.0104,3.6185,67.7807,50.329532623291016
2008-04-17,4.54,2.37,214.823,5.0,71.68000030517578,62.6,114.80,10.27,0.9997,4.4136,68.9158,50.595027923583984
2008-04-18,4.51,2.32,214.823,5.0,72.01000213623047,62.6,116.56,10.08,0.987,5.0951,70.3398,50.93095779418945
2008-04-21,4.48,2.28,214.823,5.0,71.6500015258789,62.6,117.48,10.50,0.9586,3.916,70.9409,51.07183837890625
2008-04-22,4.46,1.99,214.823,5.0,71.33000183105469,62.6,119.17,10.56,0.9334,3.175,71.2547,51.14226150512695
2008-04-23,4.49,2.18,214.823,5.0,71.81999969482422,62.6,119.28,10.33,0.9432,3.2399,70.1875,51.050167083740234
2008-04-24,4.56,2.26,214.823,5.0,72.54000091552734,62.6,117.10,10.58,0.9562,2.0878,60.8373,50.17240905761719
2008-04-25,4.61,2.28,214.823,5.0,72.79000091552734,62.6,119.64,10.72,0.9532,1.9147,60.0923,50.096561431884766
2008-04-28,4.57,2.29,214.823,5.0,72.79000091552734,62.6,118.78,10.95,0.9388,1.5361,60.0357,50.091148376464844
2008-04-29,4.55,2.21,214.823,5.0,72.88999938964844,62.6,115.67,10.94,0.9432,1.1304,56.2715,49.733543395996094
2008-04-30,4.49,2.37,214.823,5.0,72.51000213623047,62.6,113.70,10.81,0.981,1.9039,61.3348,50.427066802978516
2008-05-01,4.49,2.16,216.632,5.4,73.27999877929688,59.8,112.60,10.66,1.0952,0.5841,46.1753,48.60113525390625
2008-05-02,4.57,1.88,216.632,5.4,73.5,59.8,116.36,10.37,1.0722,-0.0487,45.8494,48.5523796081543
2008-05-05,4.58,1.85,216.632,5.4,73.19000244140625,59.8,119.94,10.77,1.0454,-0.6977,45.4654,48.4981803894043
2008-05-06,4.64,1.91,216.632,5.4,73.0,59.8,121.82,11.09,1.0245,-1.5253,48.0874,48.8016357421875
2008-05-07,4.61,2.01,216.632,5.4,73.51000213623047,59.8,123.56,11.08,1.0096,-2.4664,43.1055,48.12434005737305
2008-05-08,4.50,1.99,216.632,5.4,73.4800033569336,59.8,123.77,11.33,0.9928,-2.2014,48.2342,48.725765228271484
2008-05-09,4.53,1.97,216.632,5.4,73.05000305175781,59.8,125.94,11.29,0.9847,-2.726,45.4142,48.33934783935547
2008-05-12,4.53,1.88,216.632,5.4,72.94999694824219,59.8,124.02,11.38,0.987,-2.5953,47.1559,48.54072189331055
2008-05-13,4.62,1.93,216.632,5.4,73.2699966430664,59.8,125.83,11.18,0.9716,-2.2371,49.4559,48.80738830566406
2008-05-14,4.63,2.03,216.632,5.4,73.4000015258789,59.8,124.21,11.52,0.9565,-1.236,50.5441,48.93257522583008
2008-05-15,4.56,2.03,216.632,5.4,73.3499984741211,59.8,124.25,11.41,0.9421,-0.405,56.6219,49.689064025878906
2008-05-16,4.58,1.91,216.632,5.4,72.83999633789062,59.8,126.50,11.31,0.9389,0.3447,61.6274,50.43467712402344
2008-05-19,4.56,1.95,216.632,5.4,73.04000091552734,59.8,127.15,11.10,0.9529,1.6199,66.7278,51.354434967041016
2008-05-20,4.53,1.99,216.632,5.4,72.4000015258789,59.8,128.93,10.94,0.9217,1.0362,67.2821,51.4632568359375
2008-05-21,4.55,2.03,216.632,5.4,71.94000244140625,59.8,132.99,11.40,0.9591,2.3754,62.3081,50.978919982910156
2008-05-22,4.63,2.05,216.632,5.4,72.27999877929688,59.8,130.04,11.57,0.9636,1.7939,56.4504,50.34758758544922
2008-05-23,4.57,1.99,216.632,5.4,71.88999938964844,59.8,131.58,11.56,0.984,0.8646,48.7492,49.36250305175781
2008-05-27,4.65,2.23,216.632,5.4,72.33999633789062,59.8,128.81,11.85,0.9785,0.0727,45.4304,48.87269592285156
2008-05-28,4.71,2.08,216.632,5.4,72.55000305175781,59.8,131.00,11.60,0.9746,1.0911,48.0943,49.21556091308594
2008-05-29,4.76,2.01,216.632,5.4,73.0199966430664,59.8,126.70,11.81,0.9547,-0.0961,44.1182,48.62778854370117
2008-05-30,4.72,1.98,216.632,5.4,72.87999725341797,59.8,127.35,11.43,0.9423,-0.0326,42.072,48.30670928955078
2008-06-02,4.68,2.06,218.815,5.6,72.93000030517578,56.4,127.75,11.80,0.927,-0.7498,38.9402,47.7896614074707
2008-06-03,4.63,1.95,218.815,5.6,73.23999786376953,56.4,124.33,12.27,0.9637,-2.157,33.0784,46.64675521850586
2008-06-04,4.71,1.98,218.815,5.6,73.41999816894531,56.4,122.30,12.17,0.962,-2.2602,33.2844,46.668548583984375
2008-06-05,4.75,1.98,218.815,5.6,73.04000091552734,56.4,127.93,12.49,1.0314,-1.0812,48.4841,48.606014251708984
2008-06-06,4.65,2.01,218.815,5.6,72.38999938964844,56.4,138.51,12.71,1.1064,-3.1947,41.3095,47.23455047607422
2008-06-09,4.64,2.02,218.815,5.6,72.8499984741211,56.4,134.44,12.71,1.1182,-2.8741,48.7053,48.475406646728516
2008-06-10,4.70,1.96,218.815,5.6,73.69999694824219,56.4,131.38,12.72,1.1256,-3.6239,45.509,47.833221435546875
2008-06-11,4.72,1.95,218.815,5.6,73.20999908447266,56.4,136.43,12.49,1.1085,-2.7492,47.7617,48.22505187988281
2008-06-12,4.77,2.01,218.815,5.6,73.86000061035156,56.4,136.91,12.51,1.0988,-2.9611,43.5845,47.381500244140625
2008-06-13,4.79,2.02,218.815,5.6,74.1500015258789,56.4,134.84,12.51,1.101,-1.2714,47.7148,48.088993072509766
2008-06-16,4.77,2.06,218.815,5.6,73.61000061035156,56.4,134.52,12.73,1.0581,-0.9834,46.6676,47.887638092041016
2008-06-17,4.78,1.87,218.815,5.6,73.51000213623047,56.4,133.99,12.87,1.0411,-0.9834,48.7309,48.230491638183594
2008-06-18,4.72,1.84,218.815,5.6,73.44000244140625,56.4,136.54,12.93,1.0234,-0.8258,46.3113,47.8005485534668
2008-06-19,4.76,1.94,218.815,5.6,73.4800033569336,56.4,131.88,13.09,1.0551,-1.6136,40.6927,46.6903076171875
2008-06-20,4.71,1.99,218.815,5.6,73.02999877929688,56.4,134.78,12.76,1.044,-1.5756,38.5215,46.21137237548828
2008-06-23,4.71,1.98,218.815,5.6,73.43000030517578,56.4,135.98,12.92,1.0777,1.0812,47.9952,47.72980499267578
2008-06-24,4.65,1.93,218.815,5.6,73.23999786376953,56.4,136.49,12.96,1.0651,0.6357,45.8672,47.30528259277344
2008-06-25,4.65,1.97,218.815,5.6,72.93000030517578,56.4,133.92,12.76,1.088,-0.9291,48.0306,47.67538070678711
2008-06-26,4.62,2.05,218.815,5.6,72.48999786376953,56.4,138.91,12.70,1.0937,-0.2065,44.6665,47.02772521972656
2008-06-27,4.53,1.99,218.815,5.6,72.36000061035156,56.4,139.69,13.10,1.0699,-1.3691,45.1532,47.10393524169922
2008-06-30,4.53,2.47,218.815,5.6,72.45999908447266,56.4,139.96,13.19,1.0575,0.1304,50.4502,47.963809967041016
2008-07-01,4.55,2.11,219.964,5.8,72.37000274658203,61.2,141.06,13.28,1.0441,-0.1413,51.1576,48.08357238769531
2008-07-02,4.51,1.95,219.964,5.8,72.02999877929688,61.2,143.74,13.31,1.0623,0.1902,48.0043,47.571983337402344
2008-07-03,4.53,1.92,219.964,5.8,72.73999786376953,61.2,145.31,13.00,1.0885,-0.0489,50.9812,48.04000473022461
2008-07-07,4.51,1.99,219.964,5.8,72.66999816894531,61.2,141.38,12.96,1.1077,-0.565,46.5737,47.32162094116211
2008-07-08,4.46,1.97,219.964,5.8,73.01000213623047,61.2,136.06,12.47,1.1097,-1.4561,43.4764,46.77194595336914
2008-07-09,4.42,1.99,219.964,5.8,72.58000183105469,61.2,135.88,12.10,1.1499,-1.9125,38.972,45.88481521606445
2008-07-10,4.42,2.01,219.964,5.8,72.48999786376953,61.2,141.47,11.83,1.1571,0.1467,45.5005,46.83726501464844
2008-07-11,4.52,1.97,219.964,5.8,72.0999984741211,61.2,144.96,12.15,1.1648,0.3097,43.8271,46.521602630615234
2008-07-14,4.47,2.06,219.964,5.8,71.91999816894531,61.2,145.16,11.58,1.1589,-1.2388,43.6482,46.488922119140625
2008-07-15,4.48,2.16,219.964,5.8,71.87000274658203,61.2,138.68,11.79,1.2236,-2.5699,35.2979,44.731056213378906
2008-07-16,4.59,1.95,219.964,5.8,72.05999755859375,61.2,134.63,11.15,1.244,-3.6891,32.4423,43.97998809814453
2008-07-17,4.65,2.03,219.964,5.8,72.23999786376953,61.2,129.43,11.43,1.2596,-3.3033,31.488,43.71875762939453
2008-07-18,4.66,1.96,219.964,5.8,72.19000244140625,61.2,128.94,10.54,1.2321,-2.722,36.5541,44.377288818359375
2008-07-21,4.64,1.98,219.964,5.8,71.98999786376953,61.2,131.43,10.58,1.2167,-2.7981,42.0464,45.16099548339844
2008-07-22,4.67,1.97,219.964,5.8,72.44999694824219,61.2,127.25,10.16,1.1942,-2.9828,41.7222,45.09567642211914
2008-07-23,4.69,2.04,219.964,5.8,72.80999755859375,61.2,123.73,9.88,1.202,-3.4881,36.9429,44.07794952392578
2008-07-24,4.60,2.06,219.964,5.8,72.93000030517578,61.2,124.62,9.70,1.2023,-4.0586,36.4856,43.97456741333008
2008-07-25,4.69,2.13,219.964,5.8,72.86000061035156,61.2,122.59,9.34,1.1805,-2.8524,40.2582,44.46435546875
2008-07-28,4.63,2.0,219.964,5.8,72.6500015258789,61.2,124.72,9.26,1.1575,-2.8578,37.5369,43.90924835205078
2008-07-29,4.64,2.05,219.964,5.8,73.30999755859375,61.2,122.21,9.17,1.1311,-1.8527,38.5025,44.02898025512695
2008-07-30,4.64,2.03,219.964,5.8,73.31999969482422,61.2,126.74,9.01,1.2144,-0.9128,51.3209,45.922916412353516
2008-07-31,4.59,2.09,219.964,5.8,73.2300033569336,61.2,124.17,9.26,1.2903,-2.7437,40.9001,43.773189544677734
2008-08-01,4.57,2.04,219.086,6.1,73.41999816894531,63.0,125.03,9.05,1.2622,-3.0969,39.3533,43.38676452636719
2008-08-04,4.58,1.97,219.086,6.1,73.45999908447266,63.0,121.45,9.20,1.3268,-3.0371,33.3792,41.688751220703125
2008-08-05,4.63,1.97,219.086,6.1,73.87999725341797,63.0,118.71,8.66,1.3151,-1.3366,38.975,42.64116287231445
2008-08-06,4.68,2.01,219.086,6.1,74.23999786376953,63.0,118.57,8.70,1.2759,-1.0866,38.9348,42.630279541015625
2008-08-07,4.56,1.96,219.086,6.1,74.55000305175781,63.0,119.84,8.77,1.2546,-2.2276,37.0987,42.145904541015625
2008-08-08,4.55,2.01,219.086,6.1,75.8499984741211,63.0,115.42,8.22,1.2636,-2.3145,41.3802,42.84252166748047
2008-08-11,4.61,1.99,219.086,6.1,76.12999725341797,63.0,114.44,8.18,1.2478,-2.3362,41.0045,42.7550163269043
2008-08-12,4.55,1.95,219.086,6.1,76.1500015258789,63.0,113.10,8.23,1.2422,-2.0193,38.0155,42.05482482910156
2008-08-13,4.57,1.98,219.086,6.1,76.20999908447266,63.0,115.96,8.11,1.2248,-1.2116,42.5599,42.76048278808594
2008-08-14,4.52,2.09,219.086,6.1,76.66999816894531,63.0,115.05,8.15,1.1865,-2.0937,40.7635,42.36662292480469
2008-08-15,4.47,2.08,219.086,6.1,77.18000030517578,63.0,113.46,7.82,1.1509,-1.7471,39.8085,42.15876007080078
2008-08-18,4.44,1.91,219.086,6.1,77.12000274658203,63.0,112.92,7.74,1.1369,-2.1615,38.4307,41.863365173339844
2008-08-19,4.47,1.94,219.086,6.1,76.83999633789062,63.0,114.39,7.73,1.1298,-3.2768,43.9269,42.64011001586914
2008-08-20,4.43,1.98,219.086,6.1,76.95999908447266,63.0,115.48,8.02,1.1381,-0.661,47.0119,43.11056900024414
2008-08-21,4.46,2.01,219.086,6.1,76.19999694824219,63.0,121.23,8.04,1.1403,0.5657,52.0947,43.95298385620117
2008-08-22,4.46,2.02,219.086,6.1,76.80999755859375,63.0,114.48,7.98,1.1193,2.2335,51.9206,43.925636291503906
2008-08-25,4.40,2.01,219.086,6.1,76.79000091552734,63.0,114.85,7.63,1.1142,0.4144,46.5874,43.05586242675781
2008-08-26,4.40,1.88,219.086,6.1,77.25,63.0,116.31,8.02,1.0849,1.1025,50.8293,43.73414993286133
2008-08-27,4.38,1.98,219.086,6.1,77.05000305175781,63.0,118.17,8.54,1.0593,1.87,52.5318,44.01862716674805
2008-08-28,4.38,1.99,219.086,6.1,77.1500015258789,63.0,115.58,8.36,1.0344,1.5623,54.8315,44.407005310058594
2008-08-29,4.43,1.94,219.086,6.1,77.37999725341797,63.0,115.55,8.24,1.0186,1.0103,50.4906,43.766990661621094
2008-09-02,4.36,1.96,218.783,6.1,78.05999755859375,70.3,109.63,8.24,1.0523,0.2403,42.2156,42.29550552368164
2008-09-03,4.32,2.01,218.783,6.1,78.08999633789062,70.3,109.38,7.26,1.0392,-0.0819,44.753,42.678409576416016
2008-09-04,4.27,1.99,218.783,6.1,78.61000061035156,70.3,107.99,7.24,1.0679,-0.7154,39.7096,41.650001525878906
2008-09-05,4.27,1.97,218.783,6.1,78.93000030517578,70.3,106.47,7.40,1.058,-0.7918,38.4199,41.36557388305664
2008-09-08,4.26,1.92,218.783,6.1,79.58999633789062,70.3,106.35,7.68,1.0577,0.1311,42.8412,41.99464416503906
2008-09-09,4.20,1.96,218.783,6.1,79.25,70.3,103.23,7.28,1.1276,-2.5612,34.6612,40.074615478515625
2008-09-10,4.23,2.12,218.783,6.1,79.8499984741211,70.3,102.66,7.65,1.1462,-1.9441,41.4831,41.16320037841797
2008-09-11,4.20,2.0,218.783,6.1,80.1500015258789,70.3,100.95,7.83,1.1474,-2.6158,42.4904,41.3327522277832
2008-09-12,4.32,2.1,218.783,6.1,78.97000122070312,70.3,101.19,8.02,1.1508,-1.5291,48.4688,42.39396667480469
2008-09-15,4.12,2.64,218.783,6.1,78.91000366210938,70.3,95.52,8.02,1.25,-2.9817,38.9229,40.06913375854492
2008-09-16,4.08,1.98,218.783,6.1,79.06999969482422,70.3,91.49,7.76,1.3651,-1.9223,47.2882,41.80867004394531
2008-09-17,4.08,2.8,218.783,6.1,78.0999984741211,70.3,97.39,7.72,1.4354,-2.8342,44.8936,41.17957305908203
2008-09-18,4.14,2.16,218.783,6.1,78.0199966430664,70.3,97.50,8.26,1.4576,-1.8731,50.6715,42.530731201171875
2008-09-19,4.36,1.48,218.783,6.1,77.68000030517578,70.3,104.05,7.79,1.5193,-0.2184,54.5372,43.54817199707031
2008-09-22,4.41,1.51,218.783,6.1,76.1500015258789,70.3,122.61,7.66,1.5383,0.8519,52.7887,43.14885330200195
2008-09-23,4.43,1.46,218.783,6.1,76.47000122070312,70.3,107.85,7.84,1.5424,-0.1802,49.9759,42.49789810180664
2008-09-24,4.40,1.19,218.783,6.1,76.79000091552734,70.3,106.84,8.15,1.5289,1.0321,50.7828,42.68389129638672
2008-09-25,4.40,1.23,218.783,6.1,76.98999786376953,70.3,111.54,7.63,1.5473,2.7578,56.6325,44.128028869628906
2008-09-26,4.36,1.08,218.783,6.1,76.94999694824219,70.3,106.77,7.42,1.5311,2.1188,56.5776,44.117088317871094
2008-09-29,4.13,1.56,218.783,6.1,77.47000122070312,70.3,96.29,7.13,1.6788,0.4369,42.1043,40.51221466064453
2008-09-30,4.31,2.03,218.783,6.1,79.44999694824219,70.3,100.70,7.17,1.7364,1.3161,49.6776,42.48149490356445
2008-10-01,4.22,1.15,216.573,6.5,79.45999908447266,57.6,98.23,7.41,1.7801,1.6492,51.4263,42.98476028442383
2008-10-02,4.16,0.67,216.573,6.5,80.44000244140625,57.6,93.84,7.64,1.7688,0.0,49.2622,42.39396667480469
2008-10-03,4.11,1.1,216.573,6.5,80.30999755859375,57.6,93.91,7.16,1.8082,2.5612,50.182,42.63465881347656
2008-10-06,3.99,1.96,216.573,6.5,81.68000030517578,57.6,88.15,6.87,1.8433,0.486,48.8384,42.29550552368164
2008-10-07,4.01,2.97,216.573,6.5,80.97000122070312,57.6,90.18,6.74,1.9035,0.4314,46.1554,41.61174011230469
2008-10-08,4.09,2.24,216.573,6.5,80.91000366210938,57.6,88.94,6.58,1.9778,-0.4096,48.4255,42.12045669555664
2008-10-09,4.14,1.4,216.573,6.5,81.16000366210938,57.6,86.50,6.69,2.2648,-6.3401,33.6428,37.19728469848633
2008-10-10,4.15,0.79,216.573,6.5,83.0,57.6,77.44,6.52,2.5513,-9.0215,27.8958,34.11209487915039
2008-10-13,.,0.79,216.573,6.5,81.87999725341797,57.6,81.17,6.62,2.8129,-2.5175,46.5761,39.97616195678711
2008-10-14,4.27,1.1,216.573,6.5,81.36000061035156,57.6,78.69,6.74,2.8831,-3.0417,45.8365,39.637001037597656
2008-10-15,4.25,1.04,216.573,6.5,82.05000305175781,57.6,74.38,6.64,3.1113,-10.0044,35.8415,34.10664749145508
2008-10-16,4.25,0.83,216.573,6.5,82.45999908447266,57.6,69.81,6.65,3.299,-6.1163,44.9244,37.99046325683594
2008-10-17,4.32,0.6,216.573,6.5,82.41000366210938,57.6,71.90,6.76,3.3302,-3.2875,43.6041,37.219173431396484
2008-10-20,4.26,0.7,216.573,6.5,83.0999984741211,57.6,74.08,6.98,3.3638,-1.4581,51.2145,41.02095413208008
2008-10-21,4.20,0.67,216.573,6.5,83.98999786376953,57.6,71.29,6.76,3.3488,-3.8663,47.7312,39.11186981201172
2008-10-22,4.07,0.81,216.573,6.5,85.37000274658203,57.6,66.92,6.94,3.4061,-7.061,41.6707,35.32101058959961
2008-10-23,3.99,0.93,216.573,6.5,85.36000061035156,57.6,67.17,6.77,3.3968,-4.123,47.6791,38.50467300415039
2008-10-24,4.11,0.95,216.573,6.5,86.44000244140625,57.6,63.34,6.29,3.4265,-4.5217,46.483,37.76618576049805
2008-10-27,4.12,0.92,216.573,6.5,86.93000030517578,57.6,61.92,6.27,3.415,-5.45,43.8918,36.152496337890625
2008-10-28,4.19,0.67,216.573,6.5,87.02999877929688,57.6,62.80,6.40,3.5362,-1.1686,52.3889,40.949832916259766
2008-10-29,4.26,0.36,216.573,6.5,85.06999969482422,57.6,67.45,6.58,3.4759,3.6315,52.1851,40.8349723815918
2008-10-30,4.30,0.3,216.573,6.5,84.55999755859375,57.6,65.79,6.75,3.3957,6.9299,52.5636,41.05378341674805
2008-10-31,4.35,0.22,216.573,6.5,85.62999725341797,57.6,68.10,6.18,3.3135,0.5679,51.542,40.54505157470703
2008-11-03,4.33,0.23,212.425,6.8,86.3499984741211,55.3,63.93,6.45,3.1813,0.9994,51.7267,40.63804244995117
2008-11-04,4.20,0.23,212.425,6.8,84.77999877929688,55.3,70.41,6.79,3.0973,8.2679,55.1891,42.38850784301758
2008-11-05,4.13,0.23,212.425,6.8,84.61000061035156,55.3,65.41,6.94,3.0574,2.3154,50.5522,40.30984115600586
2008-11-06,4.19,0.23,212.425,6.8,85.88999938964844,55.3,60.72,7.04,3.0138,1.0485,46.4287,38.26945495605469
2008-11-07,4.25,0.27,212.425,6.8,85.91000366210938,55.3,61.06,6.60,3.0341,-0.3495,51.4483,40.68466567993164
2008-11-10,4.21,0.29,212.425,6.8,85.91000366210938,55.3,62.19,7.07,2.9366,1.5948,51.5267,40.723167419433594
2008-11-11,.,0.29,212.425,6.8,87.06999969482422,55.3,59.38,7.02,2.8276,4.627,49.8304,39.96946334838867
2008-11-12,4.17,0.35,212.425,6.8,87.47000122070312,55.3,55.95,6.65,2.7805,-0.5937,45.4547,37.922855377197266
2008-11-13,4.34,0.35,212.425,6.8,86.94000244140625,55.3,58.31,6.31,2.9333,3.7014,53.1692,41.4879150390625
2008-11-14,4.22,0.34,212.425,6.8,86.36000061035156,55.3,57.18,6.33,2.9532,4.3625,51.0916,40.5361213684082
2008-11-17,4.20,0.37,212.425,6.8,86.80999755859375,55.3,55.14,6.55,2.878,-0.5915,50.7215,40.37107849121094
2008-11-18,4.14,0.38,212.425,6.8,87.37000274658203,55.3,54.42,6.74,2.8277,1.1429,54.2326,41.99406814575195
2008-11-19,3.96,0.38,212.425,6.8,87.30999755859375,55.3,53.64,6.76,2.7857,-0.6733,50.4165,40.39310073852539
2008-11-20,3.64,0.49,212.425,6.8,87.97000122070312,55.3,48.86,6.76,2.866,-2.8612,44.7012,37.6917839050293
2008-11-21,3.70,0.57,212.425,6.8,88.19000244140625,55.3,49.22,6.56,2.9628,1.054,53.1964,41.707969665527344
2008-11-24,3.78,0.62,212.425,6.8,86.08000183105469,55.3,53.63,6.85,2.9442,0.9481,56.1667,43.35297393798828
2008-11-25,3.63,0.59,212.425,6.8,85.0,55.3,50.02,6.71,2.8974,2.6445,55.2946,42.97336196899414
2008-11-26,3.54,0.53,212.425,6.8,85.66999816894531,55.3,54.20,6.43,2.865,6.2077,58.1163,44.50282287597656
2008-11-28,3.45,0.52,212.425,6.8,86.5199966430664,55.3,55.21,6.43,2.7266,3.4041,57.0834,44.095699310302734
2008-12-01,3.22,0.52,210.228,7.3,86.72000122070312,60.1,49.34,6.48,2.7609,0.1592,49.5928,40.882747650146484
2008-12-02,3.18,0.47,210.228,7.3,86.69999694824219,60.1,47.05,6.68,2.7084,2.7233,53.3204,42.69827651977539
2008-12-03,3.17,0.36,210.228,7.3,87.02999877929688,60.1,46.79,6.48,2.6604,5.4905,54.7614,43.42449188232422
2008-12-04,3.06,0.2,210.228,7.3,86.44000244140625,60.1,43.80,6.55,2.6265,0.4722,51.323,41.96105194091797
2008-12-05,3.11,0.12,210.228,7.3,87.12000274658203,60.1,41.01,5.99,2.6467,1.6032,51.7279,42.14262008666992
2008-12-08,3.16,0.12,210.228,7.3,85.55999755859375,60.1,43.69,5.73,2.5934,3.4151,55.3634,43.793113708496094
2008-12-09,3.06,0.13,210.228,7.3,85.83999633789062,60.1,42.00,5.57,2.4913,1.0267,53.3444,43.02287673950195
2008-12-10,3.09,0.11,210.228,7.3,85.4800033569336,60.1,43.10,5.67,2.4511,3.6512,55.6699,44.05168533325195
2008-12-11,3.07,0.14,210.228,7.3,83.83000183105469,60.1,47.77,5.86,2.3745,6.3195,55.5901,44.024166107177734
2008-12-12,3.07,0.15,210.228,7.3,83.63999938964844,60.1,46.27,5.56,2.3288,2.5476,56.1718,44.2607307434082
2008-12-15,2.98,0.18,210.228,7.3,82.2699966430664,60.1,44.61,5.75,2.266,0.6314,55.2653,43.98563766479492
2008-12-16,2.86,0.17,210.228,7.3,80.68000030517578,60.1,43.84,5.75,2.2489,2.7617,59.7306,45.74070358276367
2008-12-17,2.66,0.12,210.228,7.3,78.91000366210938,60.1,40.17,5.79,2.1737,0.0933,55.8182,44.59636688232422
2008-12-18,2.53,0.11,210.228,7.3,79.47000122070312,60.1,36.73,5.63,2.2091,-1.7295,49.0628,42.362674713134766
2008-12-19,2.55,0.11,210.228,7.3,81.30000305175781,60.1,33.17,5.66,2.1811,0.3898,46.1307,41.27334976196289
2008-12-22,2.60,0.11,210.228,7.3,81.08999633789062,60.1,31.10,5.39,2.1273,-1.4824,45.9663,41.212833404541016
2008-12-23,2.63,0.11,210.228,7.3,81.23999786376953,60.1,30.28,5.37,2.0475,-2.1029,46.3221,41.31734085083008
2008-12-24,2.63,0.11,210.228,7.3,81.20999908447266,60.1,32.94,5.44,1.9659,-0.269,47.6505,41.691471099853516
2008-12-26,2.61,0.09,210.228,7.3,80.88999938964844,60.1,37.58,5.44,1.889,0.3239,50.3919,42.46719741821289
2008-12-29,2.63,0.1,210.228,7.3,80.68000030517578,60.1,39.89,5.81,1.8114,-0.8675,51.9859,42.92383575439453
2008-12-30,2.58,0.09,210.228,7.3,80.9000015258789,60.1,38.95,5.71,1.7455,0.2141,53.1003,43.237430572509766
2008-12-31,2.69,0.14,210.228,7.3,81.30999755859375,60.1,44.60,5.63,1.711,-0.1318,55.5192,43.919647216796875
2009-01-02,2.83,0.08,211.143,7.8,81.83999633789062,61.2,46.17,5.41,1.7147,0.8895,58.855,44.915443420410156
2009-01-05,3.00,0.11,211.143,7.8,82.63999938964844,61.2,48.61,5.83,1.6605,0.6479,58.8288,44.90993881225586
2009-01-06,3.04,0.09,211.143,7.8,82.8499984741211,61.2,48.56,6.10,1.6634,0.1922,55.2963,44.178218841552734
2009-01-07,3.05,0.11,211.143,7.8,82.27999877929688,61.2,42.75,5.89,1.6521,-2.6848,50.2844,43.05036163330078
2009-01-08,3.04,0.1,211.143,7.8,81.54000091552734,61.2,41.68,5.96,1.5996,-1.0816,52.1964,43.51251220703125
2009-01-09,3.04,0.09,211.143,7.8,82.66000366210938,61.2,40.69,5.60,1.5586,0.313,48.5573,42.67627716064453
2009-01-12,2.99,0.1,211.143,7.8,83.0199966430664,61.2,37.65,5.59,1.5085,0.8346,46.2064,42.109596252441406
2009-01-13,3.00,0.1,211.143,7.8,84.2699966430664,61.2,37.77,5.70,1.4745,1.6526,49.7189,42.86882400512695
2009-01-14,2.89,0.15,211.143,7.8,84.41999816894531,61.2,37.43,5.47,1.5103,0.0,43.4723,41.31734085083008
2009-01-15,2.86,0.18,211.143,7.8,84.44000244140625,61.2,35.41,5.27,1.508,0.4832,47.4086,42.17562484741211
2009-01-16,2.89,0.19,211.143,7.8,84.20999908447266,61.2,35.38,5.09,1.4759,0.4996,50.8135,42.96784591674805
2009-01-20,2.97,0.2,211.143,7.8,86.22000122070312,61.2,38.57,4.86,1.4737,-0.9499,46.7192,41.972049713134766
2009-01-21,3.15,0.23,211.143,7.8,85.81999969482422,61.2,42.56,4.87,1.5009,0.3679,53.3601,43.60603332519531
2009-01-22,3.25,0.21,211.143,7.8,85.5199966430664,61.2,42.33,4.72,1.4984,-0.8785,50.9866,43.039390563964844
2009-01-23,3.32,0.18,211.143,7.8,85.61000061035156,61.2,45.12,4.75,1.5099,-1.9766,50.5401,42.93484115600586
2009-01-26,3.39,0.19,211.143,7.8,84.7300033569336,61.2,46.50,4.62,1.4922,-1.6636,51.8779,43.242942810058594
2009-01-27,3.26,0.18,211.143,7.8,84.43000030517578,61.2,41.67,4.76,1.4566,-0.7577,52.6658,43.41899871826172
2009-01-28,3.44,0.19,211.143,7.8,84.66999816894531,61.2,42.04,4.84,1.449,0.549,53.5111,43.60054016113281
2009-01-29,3.57,0.23,211.143,7.8,85.27999877929688,61.2,41.58,4.71,1.4478,-1.1475,47.3077,42.362674713134766
2009-01-30,3.58,0.23,211.143,7.8,86.0,61.2,41.73,4.77,1.4578,-0.5985,45.9809,42.076602935791016
2009-02-02,3.47,0.24,212.193,8.3,86.06999969482422,56.3,41.35,4.48,1.4109,0.0824,46.6319,42.1921272277832
2009-02-03,3.64,0.24,212.193,8.3,85.05000305175781,56.3,40.87,5.04,1.3874,0.1098,50.9649,42.97886657714844
2009-02-04,3.65,0.24,212.193,8.3,85.69999694824219,56.3,40.27,5.01,1.3604,1.4056,49.5706,42.72578048706055
2009-02-05,3.63,0.23,212.193,8.3,86.05999755859375,56.3,41.15,4.84,1.4001,1.713,55.5993,43.89213943481445
2009-02-06,3.70,0.23,212.193,8.3,85.3499984741211,56.3,40.24,4.67,1.3707,1.4495,58.0451,44.42295837402344
2009-02-09,3.69,0.22,212.193,8.3,84.79000091552734,56.3,39.58,4.76,1.3437,1.9687,55.1022,43.94743347167969
2009-02-10,3.54,0.24,212.193,8.3,85.80999755859375,56.3,37.54,4.84,1.4018,-1.5049,45.4617,42.100616455078125
2009-02-11,3.45,0.22,212.193,8.3,85.77999877929688,56.3,35.93,4.68,1.4263,-1.8002,41.7846,41.238040924072266
2009-02-12,3.47,0.23,212.193,8.3,86.55000305175781,56.3,34.03,4.73,1.4249,-1.3427,43.7932,41.591922760009766
2009-02-13,3.68,0.22,212.193,8.3,86.04000091552734,56.3,37.63,4.60,1.368,-1.9978,42.2479,41.243553161621094
2009-02-17,3.47,0.25,212.193,8.3,87.58000183105469,56.3,34.96,4.35,1.4055,-3.9999,35.2169,39.413333892822266
2009-02-18,3.54,0.23,212.193,8.3,88.01000213623047,56.3,34.67,4.35,1.3567,-3.8169,37.4521,39.778289794921875
2009-02-19,3.68,0.21,212.193,8.3,87.44000244140625,56.3,39.60,4.46,1.3067,-2.4601,38.2174,39.899925231933594
2009-02-20,3.56,0.2,212.193,8.3,86.48999786376953,56.3,39.35,4.21,1.2926,-2.6878,36.2011,39.38568115234375
2009-02-23,3.53,0.19,212.193,8.3,87.23999786376953,56.3,37.66,4.23,1.3477,-3.868,32.3829,38.31851577758789
2009-02-24,3.49,0.21,212.193,8.3,86.88999938964844,56.3,38.86,4.21,1.3693,-3.1137,41.9197,39.86123275756836
2009-02-25,3.59,0.21,212.193,8.3,87.91000366210938,56.3,41.64,4.20,1.3893,-2.8832,41.8286,39.83909225463867
2009-02-26,3.66,0.22,212.193,8.3,87.7300033569336,56.3,43.18,4.08,1.3929,-4.6541,39.2996,39.230873107910156
2009-02-27,3.71,0.22,212.193,8.3,88.01000213623047,56.3,44.15,4.04,1.4137,-6.8642,33.2896,37.54441452026367
2009-03-02,3.64,0.22,212.709,8.7,88.94000244140625,57.3,40.07,4.36,1.4333,-8.0395,28.6621,35.8911247253418
2009-03-03,3.67,0.2,212.709,8.7,88.91000366210938,57.3,41.57,4.43,1.4113,-6.5,27.8939,35.587013244628906
2009-03-04,3.69,0.21,212.709,8.7,88.58000183105469,57.3,45.28,4.23,1.3964,-4.9109,32.5649,36.3169059753418
2009-03-05,3.51,0.2,212.709,8.7,89.11000061035156,57.3,43.54,4.22,1.4366,-7.1732,27.5306,34.403724670410156
2009-03-06,3.50,0.2,212.709,8.7,88.51000213623047,57.3,45.43,3.93,1.4416,-5.8268,33.3364,35.404541015625
2009-03-09,3.59,0.2,212.709,8.7,89.01000213623047,57.3,47.01,3.86,1.4612,-3.7025,35.0092,35.70313262939453
2009-03-10,3.70,0.2,212.709,8.7,88.93000030517578,57.3,45.68,3.88,1.4715,-2.5106,43.0468,37.26241683959961
2009-03-11,3.67,0.19,212.709,8.7,87.87000274658203,57.3,42.46,3.92,1.4693,-3.5259,39.9874,36.36665725708008
2009-03-12,3.63,0.18,212.709,8.7,87.66000366210938,57.3,46.91,3.87,1.4341,-2.2513,43.6607,37.12971496582031
2009-03-13,3.66,0.15,212.709,8.7,87.43000030517578,57.3,46.22,3.90,1.3814,-1.1587,43.795,37.1573486328125
2009-03-16,3.76,0.2,212.709,8.7,86.94999694824219,57.3,47.33,3.78,1.3481,-2.8251,43.2841,37.03017807006836
2009-03-17,3.83,0.2,212.709,8.7,86.93000030517578,57.3,48.97,3.78,1.3653,-1.6333,49.1701,38.202396392822266
2009-03-18,3.57,0.18,212.709,8.7,84.5999984741211,57.3,48.12,3.75,1.3916,-0.9822,49.3836,38.24663543701172
2009-03-19,3.62,0.17,212.709,8.7,83.12999725341797,57.3,51.46,3.68,1.3903,0.2373,47.1447,37.78217697143555
2009-03-20,3.65,0.18,212.709,8.7,83.83999633789062,57.3,51.55,3.99,1.4396,0.6511,41.7136,36.54360580444336
2009-03-23,3.69,0.17,212.709,8.7,83.43000030517578,57.3,53.05,4.17,1.5232,3.4045,53.2177,38.99863815307617
2009-03-24,3.60,0.17,212.709,8.7,83.86000061035156,57.3,53.36,4.13,1.4751,2.0857,50.6245,38.362762451171875
2009-03-25,3.73,0.17,212.709,8.7,83.80999755859375,57.3,52.24,4.13,1.4647,4.3811,52.2633,38.79405212402344
2009-03-26,3.66,0.16,212.709,8.7,84.16999816894531,57.3,53.87,4.16,1.4259,3.9728,54.7364,39.38568115234375
2009-03-27,3.62,0.15,212.709,8.7,85.11000061035156,57.3,52.41,3.73,1.4005,2.9851,51.3871,38.69451904296875
2009-03-30,3.60,0.16,212.709,8.7,85.87000274658203,57.3,48.49,3.63,1.3951,0.6842,47.973,37.94806671142578
2009-03-31,3.56,0.16,212.709,8.7,85.43000030517578,57.3,49.64,3.58,1.3585,1.2857,46.6623,37.654998779296875
2009-04-01,3.51,0.16,213.24,9.0,85.5,65.1,48.46,3.56,1.3789,1.1477,49.8109,38.279815673828125
2009-04-02,3.57,0.16,213.24,9.0,84.44999694824219,65.1,52.61,3.69,1.3561,1.6829,52.5346,38.84381866455078
2009-04-03,3.70,0.13,213.24,9.0,84.16999816894531,65.1,52.52,3.66,1.314,1.9147,53.0458,38.9488639831543
2009-04-06,3.73,0.14,213.24,9.0,84.56999969482422,65.1,51.10,3.74,1.2765,0.5297,51.8123,38.73322677612305
2009-04-07,3.72,0.14,213.24,9.0,85.29000091552734,65.1,49.13,3.60,1.2649,-0.2538,47.7076,37.99229431152344
2009-04-08,3.66,0.14,213.24,9.0,85.36000061035156,65.1,49.37,3.50,1.2416,0.3476,48.527,38.13051223754883
2009-04-09,3.76,0.14,213.24,9.0,85.79000091552734,65.1,52.24,3.59,1.21,2.0692,51.4127,38.61710739135742
2009-04-13,3.69,0.13,213.24,9.0,84.63999938964844,65.1,50.22,3.46,1.2056,-1.385,45.7055,37.61076354980469
2009-04-14,3.64,0.16,213.24,9.0,84.63999938964844,65.1,49.51,3.59,1.1853,-0.9711,44.7646,37.43382263183594
2009-04-15,3.66,0.16,213.24,9.0,85.08000183105469,65.1,49.26,3.60,1.1507,-1.1146,46.3986,37.67711639404297
2009-04-16,3.72,0.15,213.24,9.0,85.2300033569336,65.1,49.97,3.54,1.139,-2.1078,44.0693,37.27347946166992
2009-04-17,3.79,0.13,213.24,9.0,85.9800033569336,65.1,50.36,3.47,1.116,-1.7823,42.0157,36.90853500366211
2009-04-20,3.69,0.14,213.24,9.0,86.63999938964844,65.1,45.82,3.55,1.0982,-1.8429,37.8173,36.10124969482422
2009-04-21,3.74,0.15,213.24,9.0,86.58000183105469,65.1,46.65,3.43,1.0753,-1.0318,41.8464,36.62101364135742
2009-04-22,3.82,0.15,213.24,9.0,86.19000244140625,65.1,47.41,3.48,1.0643,-2.472,37.7041,35.80267333984375
2009-04-23,3.80,0.17,213.24,9.0,85.5199966430664,65.1,48.46,3.46,1.038,-2.5051,41.7331,36.33348846435547
2009-04-24,3.89,0.16,213.24,9.0,84.70999908447266,65.1,50.65,3.31,1.0147,-2.1354,45.1551,36.80900573730469
2009-04-27,3.84,0.17,213.24,9.0,85.69999694824219,65.1,49.29,3.19,1.0052,-2.163,43.7397,36.56572341918945
2009-04-28,3.97,0.16,213.24,9.0,85.16000366210938,65.1,49.01,3.29,1.0269,-0.8994,47.5616,37.09101104736328
2009-04-29,4.01,0.18,213.24,9.0,84.47000122070312,65.1,50.19,3.43,1.0146,-0.2869,52.5329,37.84299850463867
2009-04-30,4.05,0.2,213.24,9.0,84.61000061035156,65.1,50.35,3.25,1.0414,-1.7491,46.3714,36.86430358886719
2009-05-01,4.09,0.22,213.856,9.4,84.55000305175781,68.7,52.18,3.30,1.0451,-0.0055,51.0521,37.60523223876953
2009-05-04,4.06,0.22,213.856,9.4,83.97000122070312,68.7,54.45,3.47,1.0193,0.2759,51.6958,37.71029281616211
2009-05-05,4.06,0.2,213.856,9.4,84.16000366210938,68.7,53.81,3.62,0.9922,-0.2704,49.6598,37.406185150146484
2009-05-06,4.09,0.18,213.856,9.4,83.80000305175781,68.7,56.29,3.67,0.9671,0.6456,53.0286,37.9204216003418
2009-05-07,4.25,0.18,213.856,9.4,83.94000244140625,68.7,56.67,3.96,0.954,1.2029,54.2689,38.11394119262695
2009-05-08,4.28,0.17,213.856,9.4,82.52999877929688,68.7,58.58,4.16,0.9765,3.0403,60.3007,39.14793014526367
2009-05-11,4.18,0.17,213.856,9.4,82.68000030517578,68.7,57.79,4.24,0.9675,1.9092,55.6118,38.5305061340332
2009-05-12,4.16,0.16,213.856,9.4,82.30999755859375,68.7,58.81,4.41,0.9749,3.5862,60.2841,39.392677307128906
2009-05-13,4.09,0.16,213.856,9.4,82.5,68.7,58.00,4.42,0.9604,2.4737,55.985,38.80862808227539
2009-05-14,4.06,0.16,213.856,9.4,82.27999877929688,68.7,58.58,4.10,1.0695,1.9936,55.9441,38.803062438964844
2009-05-15,4.09,0.17,213.856,9.4,83.0199966430664,68.7,56.52,4.05,1.0395,1.8755,53.2212,38.44151306152344
2009-05-18,4.18,0.16,213.856,9.4,82.66999816894531,68.7,58.99,4.02,1.0306,2.123,57.9361,39.21468734741211
2009-05-19,4.21,0.15,213.856,9.4,81.9800033569336,68.7,59.52,3.99,0.9991,1.3836,58.0017,39.225791931152344
2009-05-20,4.14,0.14,213.856,9.4,80.98999786376953,68.7,61.45,3.75,1.0086,1.8551,53.8845,38.71965789794922
2009-05-21,4.30,0.17,213.856,9.4,80.55999755859375,68.7,60.49,3.77,1.0008,0.4385,48.8753,38.041011810302734
2009-05-22,4.38,0.17,213.856,9.4,79.95999908447266,68.7,61.15,3.41,0.9804,0.5779,50.6569,38.2857666015625
2009-05-26,4.45,0.18,213.856,9.4,80.12999725341797,68.7,62.48,3.35,0.9913,1.4254,54.4631,38.83086013793945
2009-05-27,4.59,0.17,213.856,9.4,80.33000183105469,68.7,63.41,3.49,1.0176,0.074,48.283,37.990970611572266
2009-05-28,4.54,0.17,213.856,9.4,80.43000030517578,68.7,65.09,3.55,1.0112,0.3971,51.903,38.50825119018555
2009-05-29,4.34,0.19,213.856,9.4,80.43000030517578,68.7,66.31,3.92,0.9905,-0.5681,52.3663,38.57500457763672
2009-06-01,4.55,0.21,215.693,9.5,79.16999816894531,70.8,68.59,3.86,1.0264,1.3823,60.5791,39.9155387878418
2009-06-02,4.50,0.2,215.693,9.5,78.4000015258789,70.8,68.58,4.05,1.0233,1.1658,63.8133,40.5607795715332
2009-06-03,4.45,0.21,215.693,9.5,79.5,70.8,66.14,3.81,1.0132,1.2823,59.9761,40.09353256225586
2009-06-04,4.58,0.2,215.693,9.5,79.41000366210938,70.8,68.80,3.58,0.9797,1.7875,62.5729,40.594139099121094
2009-06-05,4.63,0.21,215.693,9.5,80.66999816894531,70.8,68.43,3.51,0.968,2.1428,62.5243,40.58858871459961
2009-06-08,4.65,0.21,215.693,9.5,80.91000366210938,70.8,68.05,3.53,0.9659,1.4822,63.1402,40.699832916259766
2009-06-09,4.64,0.18,215.693,9.5,79.79000091552734,70.8,70.02,3.53,0.9544,1.4433,62.8621,40.67201614379883
2009-06-10,4.76,0.18,215.693,9.5,80.33000183105469,70.8,71.38,3.56,0.937,2.3482,65.2368,41.072513580322266
2009-06-11,4.69,0.17,215.693,9.5,79.41000366210938,70.8,72.69,3.51,0.9379,3.142,65.9213,41.1893196105957
2009-06-12,4.65,0.17,215.693,9.5,80.13999938964844,70.8,72.13,3.54,0.9129,2.7479,64.1718,41.03911590576172
2009-06-15,4.61,0.22,215.693,9.5,81.13999938964844,70.8,70.54,3.80,0.9084,1.6654,58.1964,40.49959182739258
2009-06-16,4.48,0.22,215.693,9.5,80.70999908447266,70.8,70.47,4.16,0.9168,1.8486,51.8689,39.843231201171875
2009-06-17,4.50,0.24,215.693,9.5,80.16999816894531,70.8,71.07,3.99,0.8886,1.2157,50.8102,39.726409912109375
2009-06-18,4.63,0.25,215.693,9.5,80.61000061035156,70.8,71.42,4.19,0.862,1.1602,50.9129,39.73753356933594
2009-06-19,4.52,0.25,215.693,9.5,80.26000213623047,70.8,69.60,4.04,0.8631,-0.3941,48.7731,39.52061462402344
2009-06-22,4.45,0.24,215.693,9.5,80.77999877929688,70.8,67.09,4.01,0.895,-2.2649,38.817,38.29133987426758
2009-06-23,4.37,0.24,215.693,9.5,79.83999633789062,70.8,68.81,3.91,0.8759,-1.7375,39.4792,38.35251998901367
2009-06-24,4.44,0.21,215.693,9.5,80.55999755859375,70.8,68.14,3.80,0.8704,-2.5147,37.4928,38.074398040771484
2009-06-25,4.33,0.19,215.693,9.5,80.4000015258789,70.8,69.70,3.82,0.8856,-1.7153,45.88,38.86981964111328
2009-06-26,4.30,0.18,215.693,9.5,79.87999725341797,70.8,69.16,3.81,0.8628,-2.2871,42.3297,38.40813064575195
2009-06-29,4.31,0.17,215.693,9.5,79.83999633789062,70.8,71.47,3.88,0.8697,-1.41,50.0091,39.25917053222656
2009-06-30,4.32,0.22,215.693,9.5,80.12999725341797,70.8,69.82,3.72,0.8814,-2.1816,47.0542,38.886505126953125
2009-07-01,4.34,0.2,215.351,9.5,79.62999725341797,66.0,69.32,3.63,0.8819,-1.9374,50.1326,39.2480583190918
2009-07-02,4.32,0.17,215.351,9.5,80.1500015258789,66.0,66.68,3.49,0.9204,-2.9477,41.7308,38.096656799316406
2009-07-06,4.35,0.18,215.351,9.5,80.44999694824219,66.0,64.06,3.24,0.9383,-2.6146,40.4387,37.87971115112305
2009-07-07,4.31,0.18,215.351,9.5,80.62000274658203,66.0,62.88,3.30,0.9399,-2.8145,35.5105,37.02310562133789
2009-07-08,4.17,0.16,215.351,9.5,80.7699966430664,66.0,60.15,3.22,0.9374,-2.8645,34.6252,36.856239318847656
2009-07-09,4.31,0.15,215.351,9.5,79.86000061035156,66.0,60.36,3.36,0.9204,-3.0365,33.7493,36.69493103027344
2009-07-10,4.20,0.15,215.351,9.5,80.2300033569336,66.0,59.93,3.24,0.903,-3.2919,31.2538,36.222145080566406
2009-07-13,4.25,0.13,215.351,9.5,80.12999725341797,66.0,59.69,3.17,0.8889,-1.7431,34.7967,36.54473876953125
2009-07-14,4.38,0.13,215.351,9.5,80.18000030517578,66.0,59.62,3.29,0.8607,-1.5155,37.8874,36.83399963378906
2009-07-15,4.48,0.14,215.351,9.5,79.31999969482422,66.0,61.49,3.37,0.89,-0.0056,49.0014,38.06882858276367
2009-07-16,4.45,0.15,215.351,9.5,79.22000122070312,66.0,62.07,3.21,0.8788,-0.7883,49.0898,38.07996368408203
2009-07-17,4.53,0.15,215.351,9.5,79.3499984741211,66.0,63.56,3.39,0.8517,-0.2942,49.3733,38.11333084106445
2009-07-20,4.47,0.15,215.351,9.5,78.91000366210938,66.0,63.93,3.49,0.8404,-0.9104,51.4126,38.346954345703125
2009-07-21,4.38,0.14,215.351,9.5,78.93000030517578,66.0,64.81,3.48,0.8426,0.3109,58.043,39.19797897338867
2009-07-22,4.45,0.14,215.351,9.5,78.70999908447266,66.0,64.58,3.49,0.83,-0.3164,55.4848,38.930999755859375
2009-07-23,4.58,0.15,215.351,9.5,78.80000305175781,66.0,66.10,3.66,0.8504,1.7431,61.6311,39.83209991455078
2009-07-24,4.55,0.15,215.351,9.5,78.75,66.0,66.96,3.37,0.8341,2.326,63.8852,40.21033477783203
2009-07-27,4.62,0.16,215.351,9.5,78.62999725341797,66.0,68.34,3.46,0.8158,3.4362,65.3674,40.466217041015625
2009-07-28,4.56,0.15,215.351,9.5,78.8499984741211,66.0,67.24,3.49,0.8225,3.1254,60.3782,39.98784637451172
2009-07-29,4.50,0.17,215.351,9.5,79.62999725341797,66.0,63.42,3.41,0.8268,3.031,57.8355,39.731971740722656
2009-07-30,4.44,0.17,215.351,9.5,79.29000091552734,66.0,66.90,3.34,0.8316,3.1087,54.0517,39.33704376220703
2009-07-31,4.31,0.18,215.351,9.5,78.3499984741211,66.0,69.26,3.34,0.8234,2.6035,52.3379,39.15349578857422
2009-08-03,4.42,0.18,215.834,9.6,77.63999938964844,65.7,71.59,3.43,0.8082,2.4592,53.5866,39.29812240600586
2009-08-04,4.45,0.17,215.834,9.6,77.7699966430664,65.7,71.40,3.53,0.7762,1.1991,53.2974,39.27030563354492
2009-08-05,4.57,0.17,215.834,9.6,77.5199966430664,65.7,71.97,3.61,0.76,0.8715,49.9857,38.95326232910156
2009-08-06,4.53,0.17,215.834,9.6,78.06999969482422,65.7,71.96,3.78,0.7303,0.6717,48.2851,38.786376953125
2009-08-07,4.61,0.17,215.834,9.6,78.97000122070312,65.7,70.97,3.57,0.7194,0.2942,46.7991,38.64176940917969
2009-08-10,4.52,0.17,215.834,9.6,79.26000213623047,65.7,70.59,3.55,0.695,-0.7161,45.1307,38.480445861816406
2009-08-11,4.44,0.16,215.834,9.6,79.18000030517578,65.7,69.46,3.54,0.6788,-0.7994,41.6565,38.12788772583008
2009-08-12,4.53,0.15,215.834,9.6,78.79000091552734,65.7,70.08,3.36,0.687,-1.1513,48.3574,38.676307678222656
2009-08-13,4.44,0.15,215.834,9.6,78.48999786376953,65.7,70.57,3.34,0.6798,-1.7299,46.2557,38.474849700927734
2009-08-14,4.41,0.15,215.834,9.6,78.88999938964844,65.7,67.51,3.18,0.6751,-2.2868,43.2213,38.172645568847656
2009-08-17,4.33,0.17,215.834,9.6,79.29000091552734,65.7,66.72,3.11,0.6947,-2.7366,35.5094,37.24365997314453
2009-08-18,4.35,0.17,215.834,9.6,78.94000244140625,65.7,69.22,3.12,0.6671,-2.5148,35.2645,37.2100715637207
2009-08-19,4.28,0.17,215.834,9.6,78.47000122070312,65.7,72.54,3.03,0.7032,-1.2772,45.46,38.05512619018555
2009-08-20,4.24,0.17,215.834,9.6,78.37999725341797,65.7,72.40,3.03,0.6893,-0.7645,48.8498,38.38532257080078
2009-08-21,4.36,0.16,215.834,9.6,78.04000091552734,65.7,73.12,2.78,0.6963,-0.166,55.5557,39.1296272277832
2009-08-24,4.27,0.16,215.834,9.6,78.2699966430664,65.7,73.68,2.69,0.7156,0.6326,61.2346,39.90191650390625
2009-08-25,4.22,0.15,215.834,9.6,78.23999786376953,65.7,71.60,2.85,0.7179,0.6027,57.6694,39.55493927001953
2009-08-26,4.20,0.15,215.834,9.6,78.66000366210938,65.7,71.38,2.76,0.7293,1.1546,60.4306,39.94109344482422
2009-08-27,4.23,0.14,215.834,9.6,78.01000213623047,65.7,72.49,2.76,0.7323,1.0141,57.4478,39.65567398071289
2009-08-28,4.21,0.14,215.834,9.6,78.37000274658203,65.7,72.72,2.52,0.7298,0.7618,53.3342,39.241546630859375
2009-08-31,4.18,0.15,215.834,9.6,78.16999816894531,65.7,69.97,2.42,0.7244,0.5697,48.4381,38.698707580566406
2009-09-01,4.19,0.15,215.969,9.8,78.76000213623047,73.5,68.11,2.36,0.7281,-0.391,45.041,38.28457260131836
2009-09-02,4.09,0.16,215.969,9.8,78.37999725341797,73.5,68.03,2.25,0.7072,-0.3184,44.0079,38.155853271484375
2009-09-03,4.15,0.15,215.969,9.8,78.45999908447266,73.5,67.90,2.06,0.6896,0.0279,44.4849,38.20062255859375
2009-09-04,4.27,0.15,215.969,9.8,78.13999938964844,73.5,67.95,1.83,0.687,1.469,49.7826,38.715484619140625
2009-09-08,4.31,0.15,215.969,9.8,77.31999969482422,73.5,71.08,2.43,0.7094,2.3236,56.8656,39.53814697265625
2009-09-09,4.33,0.15,215.969,9.8,77.08999633789062,73.5,71.27,2.72,0.697,1.3964,55.9976,39.45420455932617
2009-09-10,4.19,0.16,215.969,9.8,76.81999969482422,73.5,71.95,2.68,0.6727,1.1506,56.7092,39.53814697265625
2009-09-11,4.18,0.15,215.969,9.8,76.61000061035156,73.5,69.34,2.94,0.6778,0.0335,52.6163,39.1632080078125
2009-09-14,4.22,0.16,215.969,9.8,76.69999694824219,73.5,68.86,2.84,0.6792,-0.7261,52.726,39.17438888549805
2009-09-15,4.27,0.17,215.969,9.8,76.54000091552734,73.5,70.81,3.21,0.6598,-0.6647,49.5746,38.88897705078125
2009-09-16,4.26,0.17,215.969,9.8,76.23999786376953,73.5,72.50,3.28,0.6606,-0.5753,54.46,39.36467361450195
2009-09-17,4.19,0.16,215.969,9.8,76.19000244140625,73.5,72.48,3.50,0.6393,-0.5697,51.3108,39.08485794067383
2009-09-18,4.24,0.16,215.969,9.8,76.43000030517578,73.5,71.95,3.21,0.6256,-0.0726,52.2038,39.168785095214844
2009-09-21,4.23,0.15,215.969,9.8,76.77999877929688,73.5,69.74,3.35,0.6204,0.2346,49.4682,38.93376541137695
2009-09-22,4.20,0.15,215.969,9.8,76.12000274658203,73.5,71.50,3.37,0.5988,0.7931,51.1739,39.07925796508789
2009-09-23,4.21,0.15,215.969,9.8,76.05000305175781,73.5,68.74,3.43,0.6155,0.458,45.8528,38.6147575378418
2009-09-24,4.17,0.14,215.969,9.8,76.9000015258789,73.5,65.74,3.56,0.6118,0.3742,45.4238,38.57558822631836
2009-09-25,4.10,0.13,215.969,9.8,76.80999755859375,73.5,65.91,3.61,0.6132,-0.2681,43.9683,38.44686508178711
2009-09-28,4.04,0.13,215.969,9.8,77.05000305175781,73.5,66.69,3.54,0.6177,-0.5921,50.569,38.94493865966797
2009-09-29,4.03,0.11,215.969,9.8,77.12000274658203,73.5,66.56,3.30,0.6039,-0.7987,47.0793,38.65393829345703
2009-09-30,4.03,0.07,215.969,9.8,76.6500015258789,73.5,70.46,3.25,0.6086,-1.1394,44.1752,38.39651870727539
2009-10-01,3.97,0.11,216.177,10.0,77.19000244140625,70.6,70.67,2.91,0.6258,-1.5137,37.0126,37.646583557128906
2009-10-02,4.01,0.13,216.177,10.0,77.0,70.6,69.80,2.32,0.6118,-1.9102,33.9592,37.26044845581055
2009-10-05,4.01,0.13,216.177,10.0,76.63999938964844,70.6,70.26,2.89,0.6347,-1.0668,41.4924,37.82008743286133
2009-10-06,4.07,0.12,216.177,10.0,76.33999633789062,70.6,70.71,3.23,0.65,-0.9384,48.3454,38.424476623535156
2009-10-07,3.99,0.13,216.177,10.0,76.48999786376953,70.6,69.60,3.70,0.6423,-0.6535,48.4057,38.43008804321289
2009-10-08,4.09,0.12,216.177,10.0,75.97000122070312,70.6,71.69,4.24,0.6216,-0.525,50.7566,38.64274597167969
2009-10-09,4.22,0.12,216.177,10.0,76.43000030517578,70.6,71.75,3.92,0.6027,-0.1676,52.1169,38.76586151123047
2009-10-12,.,0.12,216.177,10.0,76.12999725341797,70.6,73.24,3.96,0.6087,0.1676,57.1053,39.24714660644531
2009-10-13,4.16,0.12,216.177,10.0,75.9800033569336,70.6,74.10,4.03,0.5999,0.7038,57.8206,39.31989669799805
2009-10-14,4.28,0.12,216.177,10.0,75.55000305175781,70.6,75.20,3.82,0.6217,1.6254,65.3778,40.20411682128906
2009-10-15,4.31,0.13,216.177,10.0,75.4800033569336,70.6,77.55,3.88,0.6368,2.3682,69.4779,40.81971740722656
2009-10-16,4.24,0.12,216.177,10.0,75.5999984741211,70.6,78.54,3.94,0.6328,1.9717,70.1018,40.92045593261719
2009-10-19,4.21,0.12,216.177,10.0,75.51000213623047,70.6,79.47,4.22,0.6263,2.5414,71.8248,41.20027542114258
2009-10-20,4.16,0.12,216.177,10.0,75.56999969482422,70.6,78.87,4.60,0.6318,2.4632,66.8465,40.864479064941406
2009-10-21,4.22,0.11,216.177,10.0,74.97000122070312,70.6,81.03,4.80,0.6581,3.3736,68.0009,41.02679443359375
2009-10-22,4.24,0.11,216.177,10.0,75.08999633789062,70.6,80.82,4.98,0.6765,4.3902,72.0805,41.65917205810547
2009-10-23,4.29,0.11,216.177,10.0,75.47000122070312,70.6,80.11,4.88,0.6868,3.3457,65.1895,41.17229080200195
2009-10-26,4.37,0.11,216.177,10.0,76.05999755859375,70.6,78.61,4.52,0.7092,2.5526,62.668,40.98201370239258
2009-10-27,4.29,0.11,216.177,10.0,76.13999938964844,70.6,79.45,4.52,0.7292,3.4853,69.0403,41.92220687866211
2009-10-28,4.25,0.11,216.177,10.0,76.43000030517578,70.6,77.39,4.59,0.7218,2.6754,61.8044,41.323394775390625
2009-10-29,4.35,0.11,216.177,10.0,75.91999816894531,70.6,79.84,4.11,0.746,2.6196,62.2819,41.39054489135742
2009-10-30,4.23,0.11,216.177,10.0,76.30000305175781,70.6,77.04,4.11,0.8088,0.8602,49.5524,40.108985900878906
2009-11-02,4.26,0.12,216.33,9.9,76.29000091552734,67.4,78.08,4.32,0.8185,1.0557,51.7772,40.37761306762695
2009-11-03,4.34,0.12,216.33,9.9,76.38999938964844,67.4,79.58,4.33,0.8055,-0.0559,49.7586,40.148155212402344
2009-11-04,4.41,0.13,216.33,9.9,75.63999938964844,67.4,80.30,4.49,0.8074,-0.916,47.6133,39.90191650390625
2009-11-05,4.41,0.13,216.33,9.9,75.73999786376953,67.4,79.64,4.30,0.8076,-0.3463,53.5014,40.573482513427734
2009-11-06,4.40,0.12,216.33,9.9,75.81999969482422,67.4,77.40,3.95,0.7974,-0.8155,51.7274,40.618255615234375
2009-11-09,4.40,0.12,216.33,9.9,75.02999877929688,67.4,79.44,3.78,0.7975,0.1396,56.7674,41.00664138793945
2009-11-10,4.41,0.13,216.33,9.9,75.0199966430664,67.4,79.01,3.76,0.7719,-0.1572,55.4125,40.87155532836914
2009-11-11,.,0.13,216.33,9.9,75.16000366210938,67.4,79.16,3.59,0.7529,-0.6198,56.8005,41.0404167175293
2009-11-12,4.41,0.12,216.33,9.9,75.5999984741211,67.4,77.25,3.24,0.7528,-0.7012,51.0399,40.471900939941406
2009-11-13,4.36,0.12,216.33,9.9,75.33000183105469,67.4,76.34,2.51,0.7565,-0.1911,53.8825,40.79274368286133
2009-11-16,4.26,0.12,216.33,9.9,74.91000366210938,67.4,78.91,2.65,0.7907,-0.0284,62.0432,41.89601516723633
2009-11-17,4.26,0.12,216.33,9.9,75.37000274658203,67.4,79.08,3.47,0.7635,0.9063,64.1355,42.23374938964844
2009-11-18,4.29,0.11,216.33,9.9,75.18000030517578,67.4,79.55,3.74,0.7367,0.9741,64.9673,42.36885070800781
2009-11-19,4.29,0.11,216.33,9.9,75.29000091552734,67.4,77.47,3.57,0.733,1.9049,61.0293,42.01985168457031
2009-11-20,4.30,0.11,216.33,9.9,75.66000366210938,67.4,76.83,3.09,0.7119,1.4851,59.3424,41.86788558959961
2009-11-23,4.29,0.12,216.33,9.9,75.08999633789062,67.4,76.49,3.79,0.7247,2.4556,64.5076,42.61088943481445
2009-11-24,4.25,0.12,216.33,9.9,75.06999969482422,67.4,74.88,3.63,0.7206,2.8531,65.4738,42.76287078857422
2009-11-25,4.23,0.11,216.33,9.9,74.2699966430664,67.4,77.25,3.32,0.7045,2.4637,67.2518,43.04430389404297
2009-11-27,4.21,0.12,216.33,9.9,75.0,67.4,75.95,3.32,0.7392,1.7548,57.1159,42.1436653137207
2009-11-30,4.20,0.13,216.33,9.9,74.87999725341797,67.4,77.19,4.41,0.7266,1.2471,57.9687,42.25625991821289
2009-12-01,4.26,0.13,215.949,9.9,74.36000061035156,72.5,78.39,4.30,0.7216,1.9269,61.9234,42.80229187011719
2009-12-02,4.26,0.13,215.949,9.9,74.66999816894531,72.5,76.62,4.67,0.7082,1.6179,60.3474,42.66154479980469
2009-12-03,4.33,0.13,215.949,9.9,74.62999725341797,72.5,76.42,4.57,0.6929,1.7359,55.4813,42.211246490478516
2009-12-04,4.40,0.12,215.949,9.9,75.91000366210938,72.5,75.41,4.53,0.7261,0.9999,51.3562,41.79469299316406
2009-12-07,4.40,0.12,215.949,9.9,75.7699966430664,72.5,73.89,4.78,0.7196,-0.3708,48.8205,41.52450942993164
2009-12-08,4.39,0.12,215.949,9.9,76.30999755859375,72.5,72.59,5.10,0.7227,-1.1685,44.7552,41.06293487548828
2009-12-09,4.41,0.12,215.949,9.9,76.04000091552734,72.5,70.67,5.27,0.7293,-1.3932,43.9855,40.97288513183594
2009-12-10,4.50,0.12,215.949,9.9,76.04000091552734,72.5,70.54,5.02,0.7314,-1.264,42.0857,40.75334930419922
2009-12-11,4.49,0.12,215.949,9.9,76.56999969482422,72.5,69.86,5.21,0.7124,-0.8707,44.911,40.99539566040039
2009-12-14,4.49,0.12,215.949,9.9,76.3499984741211,72.5,69.48,5.41,0.804,-3.3762,32.4586,39.22792053222656
2009-12-15,4.52,0.13,215.949,9.9,76.95999908447266,72.5,70.62,5.53,0.7983,-3.82,30.9292,38.93519973754883
2009-12-16,4.52,0.14,215.949,9.9,77.0,72.5,72.64,5.57,0.7887,-4.5166,28.8462,38.5186653137207
2009-12-17,4.42,0.13,215.949,9.9,77.69000244140625,72.5,72.58,5.65,0.7618,-3.7358,28.2644,38.40046310424805
2009-12-18,4.46,0.12,215.949,9.9,77.81999969482422,72.5,73.30,5.87,0.7539,-3.8537,28.2352,38.39482498168945
2009-12-21,4.56,0.12,215.949,9.9,78.04000091552734,72.5,72.71,5.79,0.7216,-4.2301,30.5533,38.56369400024414
2009-12-22,4.60,0.12,215.949,9.9,78.25,72.5,73.48,5.56,0.6986,-4.056,31.0331,38.59748077392578
2009-12-23,4.61,0.11,215.949,9.9,77.9000015258789,72.5,76.03,5.55,0.672,-3.7807,29.8843,38.42295837402344
2009-12-24,4.68,0.11,215.949,9.9,77.83999633789062,72.5,76.83,5.75,0.6476,-3.1403,33.3147,38.64812469482422
2009-12-28,4.69,0.12,215.949,9.9,77.62999725341797,72.5,78.67,5.91,0.6198,-2.6347,36.8105,38.88454818725586
2009-12-29,4.64,0.12,215.949,9.9,77.83000183105469,72.5,78.87,6.01,0.5996,-2.3089,35.6601,38.749454498291016
2009-12-30,4.61,0.11,215.949,9.9,77.91000366210938,72.5,79.35,5.78,0.5797,-2.2583,35.3134,38.71004104614258
2009-12-31,4.63,0.05,215.949,9.9,77.86000061035156,72.5,79.39,5.82,0.5684,-2.365,32.4948,38.38357162475586
2010-01-04,4.65,0.12,216.687,9.8,77.52999877929688,74.4,81.52,6.09,0.5707,-2.0673,40.9028,38.92394256591797
2010-01-05,4.59,0.12,216.687,9.8,77.62000274658203,74.4,81.74,6.19,0.556,-0.1517,43.0511,39.075931549072266
2010-01-06,4.70,0.12,216.687,9.8,77.48999786376953,74.4,83.12,6.47,0.5669,0.4775,47.6091,39.41366195678711
2010-01-07,4.69,0.1,216.687,9.8,77.91000366210938,74.4,82.60,7.51,0.5523,0.7696,46.1506,39.289833068847656
2010-01-08,4.70,0.11,216.687,9.8,77.47000122070312,74.4,82.74,6.56,0.5361,0.7303,44.2908,39.13220977783203
2010-01-11,4.74,0.11,216.687,9.8,77.0,74.4,82.54,5.77,0.5379,1.1741,50.2994,39.5712776184082
2010-01-12,4.62,0.11,216.687,9.8,76.94999694824219,74.4,80.79,5.57,0.5308,0.8089,47.8076,39.374267578125
2010-01-13,4.71,0.11,216.687,9.8,76.8499984741211,74.4,79.66,5.61,0.5242,0.6179,45.8508,39.21664810180664
2010-01-14,4.63,0.11,216.687,9.8,76.7300033569336,74.4,79.35,5.77,0.5024,0.7977,45.9359,39.222293853759766
2010-01-15,4.58,0.12,216.687,9.8,77.31999969482422,74.4,77.96,5.66,0.5082,0.2528,41.8937,38.901424407958984
2010-01-19,4.60,0.13,216.687,9.8,77.5,74.4,78.98,5.51,0.5093,0.1067,43.3993,38.99148941040039
2010-01-20,4.54,0.13,216.687,9.8,78.33999633789062,74.4,77.42,5.54,0.5265,-0.455,35.6826,38.293514251708984
2010-01-21,4.50,0.12,216.687,9.8,78.31999969482422,74.4,75.84,5.52,0.5551,-1.1629,29.6027,37.54486083984375
2010-01-22,4.50,0.11,216.687,9.8,78.27999877929688,74.4,74.25,5.67,0.5612,-1.1741,27.3396,37.20713424682617
2010-01-25,4.55,0.12,216.687,9.8,78.19000244140625,74.4,74.90,5.76,0.5641,-1.8538,26.4328,37.06640625
2010-01-26,4.56,0.12,216.687,9.8,78.43000030517578,74.4,74.67,5.61,0.5735,-1.9662,27.1613,37.105796813964844
2010-01-27,4.55,0.12,216.687,9.8,78.68000030517578,74.4,73.64,5.42,0.5751,-2.5167,25.675,36.891910552978516
2010-01-28,4.57,0.12,216.687,9.8,78.9000015258789,74.4,73.62,5.32,0.5854,-2.719,23.5561,36.565433502197266
2010-01-29,4.51,0.12,216.687,9.8,79.45999908447266,74.4,72.85,5.26,0.6158,-2.8594,21.7868,36.267093658447266
2010-02-01,4.56,0.14,216.741,9.8,79.23999786376953,73.6,74.41,5.30,0.6513,-2.3145,38.2732,37.25216293334961
2010-02-02,4.55,0.14,216.741,9.8,79.01000213623047,73.6,77.21,5.47,0.6425,-1.6797,43.9448,37.69122314453125
2010-02-03,4.62,0.13,216.741,9.8,79.37000274658203,73.6,76.96,5.51,0.6235,-1.7246,42.0255,37.48857498168945
2010-02-04,4.53,0.14,216.741,9.8,79.91999816894531,73.6,73.13,5.47,0.656,-2.7864,33.7386,36.430335998535156
2010-02-05,4.51,0.13,216.741,9.8,80.44000244140625,73.6,71.15,5.61,0.6629,-2.6572,32.4908,36.47537612915039
2010-02-08,4.52,0.13,216.741,9.8,80.30000305175781,73.6,71.87,5.73,0.6772,-2.528,35.4403,36.458377838134766
2010-02-09,4.58,0.13,216.741,9.8,79.86000061035156,73.6,73.71,5.54,0.6838,-1.3507,41.4805,36.9399528503418
2010-02-10,4.65,0.12,216.741,9.8,80.02999877929688,73.6,74.48,5.48,0.6778,-0.8015,39.8281,36.741661071777344
2010-02-11,4.69,0.12,216.741,9.8,79.98999786376953,73.6,75.23,5.53,0.6726,-0.2439,42.5733,36.962623596191406
2010-02-12,4.66,0.12,216.741,9.8,80.31999969482422,73.6,74.11,5.48,0.6633,-0.3523,40.3374,36.713321685791016
2010-02-16,4.63,0.13,216.741,9.8,79.69999694824219,73.6,76.98,5.65,0.6797,0.4453,49.8736,37.55184555053711
2010-02-17,4.70,0.12,216.741,9.8,80.37999725341797,73.6,77.27,5.47,0.6667,0.3647,47.0293,37.25723648071289
2010-02-18,4.74,0.12,216.741,9.8,80.4000015258789,73.6,78.97,5.40,0.649,0.8036,48.2517,37.370540618896484
2010-02-19,4.71,0.13,216.741,9.8,80.63999938964844,73.6,79.77,5.10,0.6353,1.0505,47.7181,37.319549560546875
2010-02-22,4.73,0.12,216.741,9.8,80.51000213623047,73.6,80.04,4.92,0.6251,-0.1984,44.9239,37.05325698852539
2010-02-23,4.63,0.12,216.741,9.8,80.8499984741211,73.6,78.61,4.91,0.6374,-0.8967,42.3124,36.79264450073242
2010-02-24,4.63,0.11,216.741,9.8,80.8499984741211,73.6,79.75,4.91,0.6362,-0.3495,46.7343,37.138248443603516
2010-02-25,4.58,0.12,216.741,9.8,80.79000091552734,73.6,77.99,4.84,0.6384,0.4748,44.2776,36.90596389770508
2010-02-26,4.55,0.13,216.741,9.8,80.36000061035156,73.6,79.72,4.76,0.6122,0.5866,43.438,36.826629638671875
2010-03-01,4.56,0.14,217.631,9.9,80.66000366210938,73.6,78.71,4.83,0.5903,0.5937,46.5564,37.05325698852539
2010-03-02,4.57,0.14,217.631,9.9,80.5199966430664,73.6,79.62,4.78,0.5739,0.164,47.261,37.104248046875
2010-03-03,4.58,0.15,217.631,9.9,79.9800033569336,73.6,80.91,4.76,0.5568,0.328,46.8179,37.07025909423828
2010-03-04,4.56,0.16,217.631,9.9,80.55999755859375,73.6,80.21,4.78,0.5392,0.0905,46.5827,37.05325698852539
2010-03-05,4.64,0.17,217.631,9.9,80.43000030517578,73.6,81.50,4.56,0.5459,0.9443,55.2224,37.65949249267578
2010-03-08,4.68,0.15,217.631,9.9,80.43000030517578,73.6,81.85,4.47,0.5296,0.1131,55.2952,37.66514587402344
2010-03-09,4.68,0.14,217.631,9.9,80.58999633789062,73.6,81.50,4.51,0.5309,0.5767,57.5254,37.83512878417969
2010-03-10,4.69,0.14,217.631,9.9,80.44999694824219,73.6,82.07,4.44,0.5186,0.7124,60.6278,38.08442306518555
2010-03-11,4.66,0.15,217.631,9.9,80.31999969482422,73.6,82.10,4.47,0.505,0.7633,60.6278,38.08442306518555
2010-03-12,4.62,0.17,217.631,9.9,79.83000183105469,73.6,81.26,4.35,0.5126,0.7916,56.0922,37.8464469909668
2010-03-15,4.63,0.2,217.631,9.9,80.25,73.6,79.79,4.29,0.5123,0.769,51.1831,37.56318664550781
2010-03-16,4.59,0.2,217.631,9.9,79.75,73.6,81.75,4.38,0.5032,0.5767,53.5473,37.71614456176758
2010-03-17,4.56,0.18,217.631,9.9,79.63999938964844,73.6,82.93,4.27,0.5165,1.2553,59.6976,38.16373825073242
2010-03-18,4.59,0.18,217.631,9.9,80.22000122070312,73.6,82.16,4.19,0.5091,1.3514,59.9146,38.18073272705078
2010-03-19,4.58,0.18,217.631,9.9,80.72000122070312,73.6,80.58,4.01,0.5317,0.9273,56.1176,37.982425689697266
2010-03-22,4.57,0.18,217.631,9.9,80.6500015258789,73.6,81.26,4.02,0.5293,0.8368,55.3619,37.942779541015625
2010-03-23,4.60,0.17,217.631,9.9,80.9000015258789,73.6,81.68,4.08,0.5129,0.8595,55.1334,37.931434631347656
2010-03-24,4.72,0.17,217.631,9.9,81.83999633789062,73.6,80.29,4.02,0.5053,0.622,50.1221,37.676483154296875
2010-03-25,4.77,0.17,217.631,9.9,82.12000274658203,73.6,80.25,4.01,0.4967,-0.0961,48.0324,37.56318664550781
2010-03-26,4.75,0.17,217.631,9.9,81.68000030517578,73.6,79.75,3.92,0.4899,0.0339,50.6892,37.69913101196289
2010-03-29,4.76,0.16,217.631,9.9,81.36000061035156,73.6,81.92,3.83,0.4929,0.294,58.01,38.12972640991211
2010-03-30,4.75,0.16,217.631,9.9,81.47000122070312,73.6,82.14,3.79,0.4782,-0.0961,55.1115,37.988094329833984
2010-03-31,4.72,0.09,217.631,9.9,81.06999969482422,73.6,83.45,3.93,0.4679,-0.1357,54.2935,37.94844436645508
2010-04-01,4.74,0.17,218.009,9.9,80.77999877929688,72.2,84.53,3.72,0.4676,0.458,60.0419,38.30537033081055
2010-04-05,4.85,0.2,218.009,9.9,81.08999633789062,72.2,86.36,3.93,0.4645,1.0687,64.472,38.63397979736328
2010-04-06,4.84,0.2,218.009,9.9,81.38999938964844,72.2,86.54,4.16,0.4535,0.752,60.8399,38.46967697143555
2010-04-07,4.74,0.19,218.009,9.9,81.44000244140625,72.2,85.64,4.08,0.4587,-0.0113,54.4598,38.152381896972656
2010-04-08,4.75,0.19,218.009,9.9,81.52999877929688,72.2,85.17,3.92,0.4815,0.2658,58.7822,38.447025299072266
2010-04-09,4.74,0.19,218.009,9.9,81.08999633789062,72.2,84.60,3.90,0.4923,0.9725,64.978,38.95693588256836
2010-04-12,4.70,0.19,218.009,9.9,80.55999755859375,72.2,84.07,4.04,0.4761,0.9839,64.3988,38.9286003112793
2010-04-13,4.68,0.2,218.009,9.9,80.51000213623047,72.2,83.80,3.97,0.47,0.9669,63.7866,38.90025329589844
2010-04-14,4.72,0.2,218.009,9.9,80.19000244140625,72.2,85.62,4.15,0.455,1.1931,63.1401,38.87194061279297
2010-04-15,4.72,0.22,218.009,9.9,80.4800033569336,72.2,85.25,4.16,0.4455,1.1083,58.6583,38.673622131347656
2010-04-16,4.67,0.21,218.009,9.9,80.81999969482422,72.2,82.97,3.97,0.4537,0.786,54.7149,38.4866828918457
2010-04-19,4.70,0.2,218.009,9.9,81.0,72.2,81.52,4.02,0.4564,0.5259,57.5114,38.65664291381836
2010-04-20,4.67,0.2,218.009,9.9,81.05000305175781,72.2,82.98,3.93,0.4638,1.0856,63.499,39.07590866088867
2010-04-21,4.61,0.2,218.009,9.9,81.16000366210938,72.2,82.78,3.96,0.4654,1.0969,62.8545,39.04756546020508
2010-04-22,4.65,0.2,218.009,9.9,81.56999969482422,72.2,82.89,3.95,0.4604,0.5372,58.2686,38.843605041503906
2010-04-23,4.67,0.2,218.009,9.9,81.3499984741211,72.2,84.34,4.07,0.4716,0.5937,63.6617,39.22886276245117
2010-04-26,4.67,0.2,218.009,9.9,81.4800033569336,72.2,84.20,4.23,0.4621,0.786,64.0298,39.25719451904297
2010-04-27,4.56,0.2,218.009,9.9,82.1500015258789,72.2,82.43,4.18,0.5018,0.5259,52.3742,38.67930221557617
2010-04-28,4.63,0.2,218.009,9.9,82.37999725341797,72.2,83.22,4.19,0.5173,0.752,59.53,39.20054626464844
2010-04-29,4.60,0.19,218.009,9.9,82.0,72.2,85.17,4.24,0.5377,-0.0565,54.454,38.90025329589844
2010-04-30,4.53,0.2,218.009,9.9,81.87000274658203,72.2,86.07,3.94,0.5631,-0.5315,47.179,38.39601516723633
2010-05-03,4.53,0.2,218.178,9.6,82.2699966430664,73.6,86.19,3.86,0.5649,-0.4637,47.7701,38.4356803894043
2010-05-04,4.43,0.21,218.178,9.6,83.30000305175781,73.6,82.73,3.96,0.5988,-1.21,38.654,37.65949249267578
2010-05-05,4.39,0.21,218.178,9.6,84.08000183105469,73.6,80.00,4.00,0.6009,-1.1818,36.9893,37.4895133972168
2010-05-06,4.19,0.2,218.178,9.6,84.88999938964844,73.6,77.18,3.97,0.8718,-2.2844,27.3495,36.19775390625
2010-05-07,4.28,0.2,218.178,9.6,84.44999694824219,73.6,75.10,3.91,0.8778,-2.5614,26.7245,36.0900993347168
2010-05-10,4.41,0.2,218.178,9.6,84.16000366210938,73.6,76.89,4.08,0.8979,-2.3635,35.7904,36.95695877075195
2010-05-11,4.42,0.2,218.178,9.6,84.47000122070312,73.6,76.37,4.15,0.865,-2.2731,36.6423,36.76870346069336
2010-05-12,4.47,0.2,218.178,9.6,84.83000183105469,73.6,75.65,4.18,0.839,-1.8133,40.1638,37.0253791809082
2010-05-13,4.47,0.2,218.178,9.6,85.20999908447266,73.6,74.38,4.26,0.8177,-2.2946,39.2757,36.928428649902344
2010-05-14,4.32,0.2,218.178,9.6,86.0999984741211,73.6,71.61,4.27,0.8337,-2.9719,33.8674,36.27815628051758
2010-05-17,4.35,0.21,218.178,9.6,86.20999908447266,73.6,70.08,4.34,0.8401,-2.583,32.4734,36.089908599853516
2010-05-18,4.26,0.21,218.178,9.6,87.16000366210938,73.6,69.38,4.42,0.8553,-3.3764,30.5065,35.81614685058594
2010-05-19,4.24,0.2,218.178,9.6,86.38999938964844,73.6,69.91,4.28,0.8324,-3.2703,29.1593,35.6221809387207
2010-05-20,4.13,0.2,218.178,9.6,85.56999969482422,73.6,68.28,4.12,0.864,-3.974,22.4899,34.41291046142578
2010-05-21,4.07,0.2,218.178,9.6,85.37000274658203,73.6,68.03,4.12,0.8751,-3.7005,27.1455,34.72663497924805
2010-05-24,4.12,0.21,218.178,9.6,86.20999908447266,73.6,68.23,4.08,0.848,-3.3186,25.108,34.33305740356445
2010-05-25,4.07,0.21,218.178,9.6,86.77999877929688,73.6,64.78,4.08,0.8578,-3.4223,23.7713,34.059261322021484
2010-05-26,4.11,0.2,218.178,9.6,87.12000274658203,73.6,71.52,4.19,0.851,-2.3608,22.6873,33.831085205078125
2010-05-27,4.24,0.2,218.178,9.6,86.18000030517578,73.6,74.56,4.22,0.8813,-1.0294,38.8324,35.05747604370117
2010-05-28,4.22,0.19,218.178,9.6,86.4800033569336,73.6,74.00,4.31,0.8749,-2.215,35.1552,34.48706817626953
2010-06-01,4.19,0.2,217.965,9.4,86.63999938964844,76.0,72.70,4.39,0.8823,-2.966,31.2937,33.79686737060547
2010-06-02,4.24,0.2,217.965,9.4,86.79000091552734,76.0,72.88,4.32,0.883,-2.3569,40.1824,34.66388702392578
2010-06-03,4.29,0.19,217.965,9.4,87.13999938964844,76.0,74.62,4.46,0.8773,-1.8104,44.2214,35.11452102661133
2010-06-04,4.13,0.19,217.965,9.4,88.2300033569336,76.0,71.43,4.60,0.9069,-2.3199,37.2449,33.95656967163086
2010-06-07,4.11,0.19,217.965,9.4,88.4000015258789,76.0,71.55,4.67,0.8914,-2.2601,36.5582,33.82538604736328
2010-06-08,4.10,0.19,217.965,9.4,88.38999938964844,76.0,71.88,4.89,0.9147,-0.8824,45.8323,34.93197250366211
2010-06-09,4.12,0.18,217.965,9.4,87.9000015258789,76.0,74.38,4.75,0.9218,-1.3777,41.7344,34.241783142089844
2010-06-10,4.25,0.18,217.965,9.4,87.16999816894531,76.0,75.48,4.68,0.936,0.8881,49.2465,35.30275344848633
2010-06-11,4.15,0.18,217.965,9.4,87.51000213623047,76.0,73.89,4.68,0.8993,0.5579,49.1365,35.28565216064453
2010-06-14,4.20,0.18,217.965,9.4,86.51000213623047,76.0,74.99,4.94,0.8814,0.6718,47.2783,35.006141662597656
2010-06-15,4.23,0.19,217.965,9.4,85.9800033569336,76.0,76.84,5.11,0.8672,1.594,51.8414,35.656410217285156
2010-06-16,4.18,0.19,217.965,9.4,86.08000183105469,76.0,77.67,5.13,0.8346,1.8217,51.8414,35.656410217285156
2010-06-17,4.13,0.19,217.965,9.4,85.69000244140625,76.0,76.82,5.14,0.8054,0.649,52.22,35.707740783691406
2010-06-18,4.15,0.18,217.965,9.4,85.69999694824219,76.0,77.18,5.17,0.7874,1.5029,54.3666,35.99293899536133
2010-06-21,4.17,0.17,217.965,9.4,85.93000030517578,76.0,77.84,5.15,0.7982,2.2089,54.4987,36.010066986083984
2010-06-22,4.10,0.18,217.965,9.4,86.11000061035156,76.0,77.15,4.87,0.7985,0.6661,48.5016,35.33127212524414
2010-06-23,4.05,0.17,217.965,9.4,85.73999786376953,76.0,75.90,4.90,0.7968,-0.2619,44.7576,34.852142333984375
2010-06-24,4.09,0.16,217.965,9.4,85.7300033569336,76.0,75.96,4.88,0.794,0.3103,40.6172,34.26460647583008
2010-06-25,4.07,0.16,217.965,9.4,85.30999755859375,76.0,78.45,4.84,0.7836,-0.1139,37.1334,33.71129608154297
2010-06-28,4.01,0.17,217.965,9.4,85.6500015258789,76.0,78.26,4.85,0.7651,-1.5769,35.0318,33.35194778442383
2010-06-29,3.94,0.15,217.965,9.4,86.02999877929688,76.0,75.93,4.68,0.7702,-1.5599,31.4423,32.67886734008789
2010-06-30,3.91,0.09,217.965,9.4,86.0199966430664,76.0,75.59,4.53,0.7481,-2.744,30.8085,32.55337142944336
2010-07-01,3.88,0.17,218.011,9.4,84.72000122070312,67.8,72.95,4.54,0.7394,-2.9888,29.4708,32.29098129272461
2010-07-02,3.94,0.18,218.011,9.4,84.43000030517578,67.8,72.06,4.72,0.7293,-2.7326,29.3514,32.268165588378906
2010-07-06,3.89,0.18,218.011,9.4,84.08000183105469,67.8,71.96,4.85,0.7187,-2.8749,35.6005,32.775840759277344
2010-07-07,3.96,0.18,218.011,9.4,83.81999969482422,67.8,74.05,4.76,0.7157,-2.3227,41.6576,33.32912826538086
2010-07-08,4.00,0.17,218.011,9.4,83.81999969482422,67.8,75.46,4.61,0.7081,-2.1576,43.8843,33.54589080810547
2010-07-09,4.04,0.18,218.011,9.4,83.94999694824219,67.8,76.08,4.36,0.6864,-2.4594,43.7423,33.52878189086914
2010-07-12,4.05,0.17,218.011,9.4,84.19999694824219,67.8,74.93,4.42,0.6675,-2.3853,44.7684,33.62004089355469
2010-07-13,4.10,0.17,218.011,9.4,83.63999938964844,67.8,77.16,4.46,0.6515,-1.4346,47.8417,33.893836975097656
2010-07-14,4.03,0.17,218.011,9.4,83.43000030517578,67.8,77.02,4.39,0.6375,-1.0475,46.9048,33.80257034301758
2010-07-15,3.97,0.19,218.011,9.4,82.55999755859375,67.8,76.67,4.43,0.6286,-0.4554,46.9747,33.80828094482422
2010-07-16,3.95,0.19,218.011,9.4,82.48999786376953,67.8,75.96,4.68,0.643,-0.649,39.6172,33.06104278564453
2010-07-19,3.99,0.19,218.011,9.4,82.51000213623047,67.8,76.53,4.56,0.6288,-0.0228,43.0628,33.32912826538086
2010-07-20,3.99,0.18,218.011,9.4,82.75,67.8,77.32,4.59,0.6376,0.945,46.6876,33.6257438659668
2010-07-21,3.89,0.18,218.011,9.4,83.38999938964844,67.8,76.27,4.70,0.6543,0.6262,42.334,33.18083953857422
2010-07-22,3.95,0.18,218.011,9.4,82.5999984741211,67.8,79.01,4.67,0.6734,1.5769,50.1066,33.87101745605469
2010-07-23,4.01,0.19,218.011,9.4,82.45999908447266,67.8,78.68,4.69,0.6664,1.7933,52.0618,34.064964294433594
2010-07-26,4.03,0.19,218.011,9.4,82.08999633789062,67.8,78.93,4.65,0.6517,1.668,55.7425,34.4471435546875
2010-07-27,4.08,0.19,218.011,9.4,82.18000030517578,67.8,77.46,4.72,0.6259,1.3549,57.9235,34.68671417236328
2010-07-28,4.07,0.2,218.011,9.4,82.18000030517578,67.8,77.06,4.75,0.6032,1.1955,58.4485,34.743743896484375
2010-07-29,4.08,0.19,218.011,9.4,81.63999938964844,67.8,78.30,4.80,0.6247,0.8881,54.2901,34.418609619140625
2010-07-30,3.98,0.18,218.011,9.4,81.54000091552734,67.8,78.85,4.81,0.6172,0.4213,49.8662,34.042144775390625
2010-08-02,4.06,0.19,218.312,9.5,80.94000244140625,68.9,81.25,4.94,0.6691,1.4346,61.4502,35.33127212524414
2010-08-03,4.04,0.19,218.312,9.5,80.5999984741211,68.9,82.52,4.78,0.6664,1.9698,64.4991,35.77618408203125
2010-08-04,4.07,0.19,218.312,9.5,80.88999938964844,68.9,82.49,4.77,0.644,1.9641,64.4991,35.77618408203125
2010-08-05,4.05,0.19,218.312,9.5,80.81999969482422,68.9,82.00,4.84,0.6334,2.7042,64.4233,35.770484924316406
2010-08-06,4.00,0.18,218.312,9.5,80.41000366210938,68.9,80.67,4.67,0.6475,2.0153,58.9092,35.34838104248047
2010-08-09,4.01,0.18,218.312,9.5,80.70999908447266,68.9,81.46,4.52,0.6297,1.9925,61.2274,35.6221809387207
2010-08-10,4.00,0.18,218.312,9.5,80.80000305175781,68.9,80.24,4.43,0.6254,2.1406,57.4463,35.325565338134766
2010-08-11,3.93,0.17,218.312,9.5,82.29000091552734,68.9,78.09,4.38,0.6333,0.8255,50.3612,34.693626403808594
2010-08-12,3.94,0.18,218.312,9.5,82.63999938964844,68.9,75.68,4.42,0.629,0.5402,49.3999,34.60170364379883
2010-08-13,3.87,0.19,218.312,9.5,82.94999694824219,68.9,75.39,4.35,0.6107,-0.0248,47.449,34.41788864135742
2010-08-16,3.72,0.2,218.312,9.5,82.52999877929688,68.9,75.17,4.37,0.608,-0.2811,47.2606,34.400638580322266
2010-08-17,3.77,0.2,218.312,9.5,82.2300033569336,68.9,75.76,4.28,0.617,0.201,53.4927,34.9406623840332
2010-08-18,3.73,0.19,218.312,9.5,82.22000122070312,68.9,75.39,4.35,0.6217,0.1413,49.0442,34.55575180053711
2010-08-19,3.66,0.19,218.312,9.5,82.44999694824219,68.9,74.45,4.29,0.6285,0.0239,43.9875,34.06167984008789
2010-08-20,3.67,0.2,218.312,9.5,83.05999755859375,68.9,73.45,4.19,0.6139,-1.4921,41.8274,33.831878662109375
2010-08-23,3.65,0.19,218.312,9.5,83.12000274658203,68.9,72.71,4.12,0.6176,-1.5863,46.1689,34.182308197021484
2010-08-24,3.57,0.19,218.312,9.5,83.1500015258789,68.9,71.24,4.07,0.6025,-1.9075,42.9964,33.860626220703125
2010-08-25,3.59,0.19,218.312,9.5,83.26000213623047,68.9,72.07,3.99,0.5996,-1.919,42.8267,33.843379974365234
2010-08-26,3.53,0.19,218.312,9.5,82.93000030517578,68.9,73.36,3.85,0.6047,-1.7443,40.3663,33.596336364746094
2010-08-27,3.69,0.19,218.312,9.5,82.91999816894531,68.9,75.17,3.75,0.6398,-1.2606,49.8843,34.35467529296875
2010-08-30,3.60,0.19,218.312,9.5,83.16000366210938,68.9,74.69,3.77,0.6326,-1.4233,45.178,33.895084381103516
2010-08-31,3.52,0.21,218.312,9.5,83.19999694824219,68.9,71.93,3.80,0.63,-0.734,45.9333,33.958282470703125
2010-09-01,3.65,0.19,218.439,9.5,82.5199966430664,68.2,73.97,3.73,0.6608,0.3899,56.496,34.99236297607422
2010-09-02,3.72,0.19,218.439,9.5,82.45999908447266,68.2,74.99,3.74,0.6419,0.6595,57.2456,35.078548431396484
2010-09-03,3.79,0.19,218.439,9.5,83.0999984741211,68.2,74.52,3.74,0.6309,0.8258,58.5779,35.2279167175293
2010-09-07,3.67,0.2,218.439,9.5,82.81999969482422,68.2,73.98,3.82,0.6215,-0.1548,53.2824,34.78553771972656
2010-09-08,3.72,0.19,218.439,9.5,82.58999633789062,68.2,74.65,3.81,0.6062,0.3441,54.4346,34.90044021606445
2010-09-09,3.84,0.18,218.439,9.5,82.66999816894531,68.2,74.25,3.79,0.5973,1.0093,56.1804,35.072784423828125
2010-09-10,3.88,0.18,218.439,9.5,82.69999694824219,68.2,76.40,3.79,0.5763,1.3247,57.0662,35.158958435058594
2010-09-13,3.83,0.18,218.439,9.5,81.91000366210938,68.2,77.17,3.83,0.5753,0.8602,55.4566,35.0440788269043
2010-09-14,3.79,0.19,218.439,9.5,81.08000183105469,68.2,76.78,3.98,0.5584,1.187,55.5241,35.0498161315918
2010-09-15,3.87,0.21,218.439,9.5,81.48999786376953,68.2,75.92,4.06,0.5459,1.1985,55.4336,35.0440788269043
2010-09-16,3.92,0.21,218.439,9.5,81.23999786376953,68.2,74.58,4.09,0.5295,1.4279,55.1431,35.02684783935547
2010-09-17,3.90,0.21,218.439,9.5,81.4000015258789,68.2,73.63,4.11,0.5191,0.562,53.2403,34.91767120361328
2010-09-20,3.87,0.21,218.439,9.5,81.33999633789062,68.2,74.81,4.01,0.5246,1.4623,59.3606,35.360042572021484
2010-09-21,3.79,0.2,218.439,9.5,80.44000244140625,68.2,72.96,3.95,0.5138,1.3935,59.2521,35.35429763793945
2010-09-22,3.74,0.21,218.439,9.5,79.83000183105469,68.2,72.98,4.02,0.5012,0.3097,58.221,35.30260467529297
2010-09-23,3.73,0.2,218.439,9.5,80.01000213623047,68.2,73.40,4.08,0.4929,0.0516,54.7978,35.130245208740234
2010-09-24,3.79,0.21,218.439,9.5,79.38999938964844,68.2,74.63,3.97,0.4978,0.2466,59.8787,35.47494125366211
2010-09-27,3.70,0.19,218.439,9.5,79.33999633789062,68.2,76.51,3.80,0.4785,0.6652,59.3994,35.451942443847656
2010-09-28,3.66,0.19,218.439,9.5,79.01000213623047,68.2,76.15,3.80,0.4849,0.7512,62.2473,35.65302658081055
2010-09-29,3.69,0.19,218.439,9.5,78.69000244140625,68.2,77.85,3.81,0.4826,0.3097,56.5145,35.38302230834961
2010-09-30,3.69,0.15,218.439,9.5,78.72000122070312,68.2,79.95,3.85,0.4879,0.3383,58.2755,35.497920989990234
2010-10-01,3.71,0.2,218.711,9.4,78.08999633789062,67.7,81.57,3.67,0.4854,0.8831,64.14,35.92879867553711
2010-10-04,3.71,0.2,218.711,9.4,78.44999694824219,67.7,81.43,3.56,0.4872,0.6767,59.9082,35.727725982666016
2010-10-05,3.74,0.2,218.711,9.4,77.75,67.7,82.83,3.51,0.5019,1.296,67.0628,36.34241485595703
2010-10-06,3.67,0.19,218.711,9.4,77.38999938964844,67.7,83.21,3.56,0.4972,1.7031,70.6477,36.73307800292969
2010-10-07,3.72,0.18,218.711,9.4,77.38999938964844,67.7,81.34,3.62,0.4875,1.7605,69.5684,36.68138122558594
2010-10-08,3.75,0.18,218.711,9.4,77.31999969482422,67.7,82.66,3.36,0.4895,1.6228,72.2563,36.98585510253906
2010-10-11,.,0.18,218.711,9.4,77.44000244140625,67.7,82.18,3.43,0.475,1.7261,73.0777,37.08353042602539
2010-10-12,3.80,0.18,218.711,9.4,77.36000061035156,67.7,81.67,3.40,0.4802,1.8637,73.8144,37.169700622558594
2010-10-13,3.84,0.18,218.711,9.4,77.06999969482422,67.7,83.03,3.58,0.4755,2.2307,75.4539,37.36502456665039
2010-10-14,3.91,0.19,218.711,9.4,76.6500015258789,67.7,82.71,3.58,0.4653,2.0357,76.6575,37.5143928527832
2010-10-15,3.98,0.2,218.711,9.4,77.04000091552734,67.7,81.23,3.47,0.466,1.9956,74.9823,37.45119857788086
2010-10-18,3.93,0.19,218.711,9.4,76.93000030517578,67.7,83.06,3.36,0.4946,2.4199,79.7132,38.077388763427734
2010-10-19,3.90,0.19,218.711,9.4,78.18000030517578,67.7,79.57,3.36,0.5285,2.0243,65.5145,37.410987854003906
2010-10-20,3.89,0.19,218.711,9.4,77.16999816894531,67.7,81.93,3.46,0.543,2.4199,69.9388,37.92228317260742
2010-10-21,3.95,0.19,218.711,9.4,77.41999816894531,67.7,80.03,3.46,0.5513,2.1676,71.319,38.100379943847656
2010-10-22,3.94,0.19,218.711,9.4,77.47000122070312,67.7,81.15,3.19,0.5291,2.3798,71.4102,38.111854553222656
2010-10-25,3.91,0.19,218.711,9.4,77.0999984741211,67.7,82.00,3.18,0.5179,1.6859,69.7385,38.031429290771484
2010-10-26,4.00,0.19,218.711,9.4,77.70999908447266,67.7,82.60,3.28,0.5121,1.4852,71.4359,38.22100830078125
2010-10-27,4.06,0.19,218.711,9.4,78.1500015258789,67.7,81.90,3.37,0.5347,1.0437,61.7196,37.726959228515625
2010-10-28,4.05,0.19,218.711,9.4,77.30999755859375,67.7,82.20,3.36,0.5387,1.0551,64.9984,38.04293441772461
2010-10-29,3.99,0.2,218.711,9.4,77.2699966430664,67.7,81.45,3.36,0.5236,1.1125,66.5147,38.198028564453125
2010-11-01,4.01,0.2,218.803,9.8,77.30000305175781,71.6,82.94,3.42,0.5157,1.2902,68.9803,38.462303161621094
2010-11-02,3.93,0.2,218.803,9.8,76.72000122070312,71.6,83.91,3.20,0.5321,1.6056,73.1063,38.973594665527344
2010-11-03,4.09,0.2,218.803,9.8,76.4800033569336,71.6,84.45,3.35,0.533,1.5311,73.6575,39.04828643798828
2010-11-04,4.04,0.19,218.803,9.8,75.87999725341797,71.6,86.49,3.53,0.5617,2.4027,78.7455,39.85832595825195
2010-11-05,4.12,0.18,218.803,9.8,76.55000305175781,71.6,86.85,3.47,0.547,2.1332,80.5266,40.21449279785156
2010-11-08,4.12,0.18,218.803,9.8,77.02999877929688,71.6,87.07,3.49,0.5472,2.9819,81.3933,40.398345947265625
2010-11-09,4.25,0.17,218.803,9.8,77.44000244140625,71.6,87.04,3.76,0.5586,2.9016,83.2723,40.83191680908203
2010-11-10,4.25,0.17,218.803,9.8,77.62999725341797,71.6,87.77,4.00,0.5604,3.0124,84.4097,41.12099075317383
2010-11-11,.,0.17,218.803,9.8,78.22000122070312,71.6,87.77,3.73,0.5686,3.4048,85.8594,41.525657653808594
2010-11-12,4.26,0.19,218.803,9.8,78.08000183105469,71.6,84.89,3.50,0.5857,3.0004,76.6489,41.040042877197266
2010-11-15,4.38,0.21,218.803,9.8,78.5199966430664,71.6,84.88,3.56,0.576,2.5169,71.6251,40.74522018432617
2010-11-16,4.26,0.21,218.803,9.8,79.20999908447266,71.6,82.33,3.66,0.614,2.1214,59.0412,39.85491943359375
2010-11-17,4.31,0.2,218.803,9.8,79.08000183105469,71.6,80.43,3.77,0.6039,1.8464,59.3904,39.895389556884766
2010-11-18,4.29,0.2,218.803,9.8,78.62000274658203,71.6,81.88,3.89,0.6176,2.4417,65.307,40.646942138671875
2010-11-19,4.25,0.21,218.803,9.8,78.5,71.6,81.65,3.79,0.6242,2.3107,66.244,40.779903411865234
2010-11-22,4.20,0.19,218.803,9.8,78.68000030517578,71.6,81.24,4.02,0.6518,1.5983,63.4361,40.57756042480469
2010-11-23,4.18,0.2,218.803,9.8,79.68000030517578,71.6,80.79,3.93,0.6823,0.8256,54.7898,39.8780403137207
2010-11-24,4.29,0.2,218.803,9.8,79.87000274658203,71.6,83.21,3.82,0.6756,0.5364,59.2399,40.39834213256836
2010-11-26,4.21,0.2,218.803,9.8,80.36000061035156,71.6,83.87,3.82,0.6677,-0.1942,55.0271,40.02256393432617
2010-11-29,4.16,0.2,218.803,9.8,80.83999633789062,71.6,85.73,4.12,0.6753,-0.2508,56.1634,40.149749755859375
2010-11-30,4.12,0.2,218.803,9.8,81.19999694824219,71.6,84.12,4.16,0.686,-0.6174,56.7518,40.213348388671875
2010-12-01,4.24,0.2,219.179,9.3,80.70999908447266,74.5,86.75,4.21,0.719,0.1154,64.9127,41.23659896850586
2010-12-02,4.27,0.19,219.179,9.3,80.30000305175781,74.5,87.98,4.28,0.6968,-0.202,65.5067,41.32331848144531
2010-12-03,4.32,0.18,219.179,9.3,79.37999725341797,74.5,89.18,4.23,0.6714,0.1154,63.2763,41.15568542480469
2010-12-06,4.25,0.18,219.179,9.3,79.56999969482422,74.5,89.33,4.47,0.6457,0.4789,63.8251,41.22504425048828
2010-12-07,4.39,0.17,219.179,9.3,79.86000061035156,74.5,88.69,4.48,0.6354,1.4541,64.5386,41.31175994873047
2010-12-08,4.45,0.17,219.179,9.3,80.0,74.5,88.30,4.47,0.6214,1.6387,66.3945,41.53721237182617
2010-12-09,4.41,0.16,219.179,9.3,80.06999969482422,74.5,88.35,4.52,0.6105,0.9752,67.1075,41.623939514160156
2010-12-10,4.43,0.16,219.179,9.3,80.06999969482422,74.5,87.81,4.37,0.59,0.9463,67.9853,41.72799301147461
2010-12-13,4.39,0.17,219.179,9.3,79.27999877929688,74.5,88.62,4.55,0.5761,1.2521,68.8797,41.83204650878906
2010-12-14,4.54,0.19,219.179,9.3,79.37000274658203,74.5,88.33,4.35,0.5584,1.8464,66.8679,41.72799301147461
2010-12-15,4.59,0.2,219.179,9.3,80.26000213623047,74.5,88.66,4.22,0.54,1.1367,63.2221,41.53721237182617
2010-12-16,4.57,0.2,219.179,9.3,80.18000030517578,74.5,87.71,4.19,0.5327,1.7253,65.4938,41.75111389160156
2010-12-17,4.41,0.2,219.179,9.3,80.37000274658203,74.5,88.02,3.99,0.5198,1.5695,64.9103,41.72222137451172
2010-12-20,4.44,0.21,219.179,9.3,80.62999725341797,74.5,88.68,4.10,0.5082,1.5349,65.2438,41.75111389160156
2010-12-21,4.44,0.2,219.179,9.3,80.72000122070312,74.5,89.30,4.17,0.5028,0.8021,68.4705,42.04018783569336
2010-12-22,4.45,0.19,219.179,9.3,80.7300033569336,74.5,89.83,4.01,0.4814,0.7617,68.9669,42.08642578125
2010-12-23,4.47,0.19,219.179,9.3,80.5,74.5,90.84,4.08,0.4635,1.1598,71.3923,42.31767272949219
2010-12-27,4.42,0.19,219.179,9.3,80.37000274658203,74.5,90.99,4.05,0.4506,0.9809,68.6478,42.207828521728516
2010-12-28,4.53,0.18,219.179,9.3,80.36000061035156,74.5,91.48,4.10,0.4431,1.131,71.219,42.444862365722656
2010-12-29,4.41,0.18,219.179,9.3,79.80000305175781,74.5,91.13,4.19,0.4259,0.8771,70.4601,42.415958404541016
2010-12-30,4.43,0.19,219.179,9.3,79.5199966430664,74.5,89.85,4.22,0.4144,0.7847,70.2987,42.4101676940918
2010-12-31,4.34,0.13,219.179,9.3,79.02999877929688,74.5,91.38,4.22,0.405,0.5424,66.3707,42.27141571044922
2011-01-03,4.39,0.19,220.223,9.1,79.12999725341797,74.2,91.59,4.54,0.4449,1.2637,75.246,43.098121643066406
2011-01-04,4.44,0.18,220.223,9.1,79.44000244140625,74.2,89.39,4.61,0.435,1.5695,76.8559,43.30045700073242
2011-01-05,4.55,0.18,220.223,9.1,80.26000213623047,74.2,90.30,4.52,0.4352,1.6445,73.8982,43.18482971191406
2011-01-06,4.53,0.17,220.223,9.1,80.79000091552734,74.2,88.37,4.49,0.4355,1.708,76.2596,43.46234130859375
2011-01-07,4.48,0.17,220.223,9.1,81.01000213623047,74.2,88.07,4.42,0.4377,1.9734,78.0834,43.6993408203125
2011-01-10,4.47,0.17,220.223,9.1,80.87999725341797,74.2,89.24,4.49,0.4481,1.6791,71.4511,43.43342590332031
2011-01-11,4.49,0.17,220.223,9.1,80.8499984741211,74.2,91.11,4.42,0.4507,1.7137,74.3117,43.75716781616211
2011-01-12,4.52,0.16,220.223,9.1,80.02999877929688,74.2,91.85,4.55,0.4577,2.1811,78.0722,44.27168655395508
2011-01-13,4.50,0.16,220.223,9.1,79.19000244140625,74.2,91.39,4.48,0.4596,2.0253,78.5658,44.346832275390625
2011-01-14,4.53,0.16,220.223,9.1,79.16000366210938,74.2,91.53,4.38,0.4886,2.787,82.2962,45.000091552734375
2011-01-18,4.56,0.19,220.223,9.1,78.95999908447266,74.2,91.38,4.52,0.5003,3.0524,84.5287,45.50304412841797
2011-01-19,4.53,0.18,220.223,9.1,78.63999938964844,74.2,90.85,4.48,0.4975,2.8101,78.7511,45.231346130371094
2011-01-20,4.60,0.18,220.223,9.1,78.81999969482422,74.2,88.56,4.57,0.5226,2.5331,73.1384,44.94807815551758
2011-01-21,4.57,0.17,220.223,9.1,78.20999908447266,74.2,88.22,4.72,0.5409,3.3813,77.4777,45.65916061401367
2011-01-24,4.55,0.18,220.223,9.1,78.05000305175781,74.2,86.74,4.72,0.5472,2.3311,73.4273,45.433677673339844
2011-01-25,4.48,0.17,220.223,9.1,78.0,74.2,85.08,4.46,0.5518,2.1811,73.7681,45.48570251464844
2011-01-26,4.59,0.17,220.223,9.1,77.9000015258789,74.2,86.15,4.40,0.5688,2.862,77.1976,46.05227279663086
2011-01-27,4.57,0.17,220.223,9.1,77.7300033569336,74.2,84.45,4.41,0.5546,2.712,77.8962,46.179447174072266
2011-01-28,4.53,0.17,220.223,9.1,78.12999725341797,74.2,88.15,4.27,0.557,1.9619,68.7231,45.66492462158203
2011-01-31,4.58,0.17,220.223,9.1,77.73999786376953,74.2,90.99,4.42,0.5926,3.2024,74.7932,46.64194107055664
2011-02-01,4.62,0.18,221.309,9.0,77.06999969482422,77.5,89.54,4.42,0.6855,4.7431,81.9882,48.50923538208008
2011-02-02,4.64,0.18,221.309,9.0,77.16000366210938,77.5,89.78,4.55,0.6662,3.941,78.2641,48.22016525268555
2011-02-03,4.67,0.17,221.309,9.0,77.75,77.5,89.42,4.69,0.6635,3.8833,78.3277,48.237510681152344
2011-02-04,4.73,0.17,221.309,9.0,78.04000091552734,77.5,87.87,4.48,0.6438,3.139,77.0329,48.145023345947266
2011-02-07,4.71,0.17,221.309,9.0,78.02999877929688,77.5,86.30,4.32,0.6275,3.012,78.5819,48.52079391479492
2011-02-08,4.76,0.16,221.309,9.0,78.0,77.5,85.85,4.24,0.6245,2.9889,74.3451,48.224395751953125
2011-02-09,4.71,0.15,221.309,9.0,77.63999938964844,77.5,85.59,4.22,0.63,3.0222,70.8579,47.97451400756836
2011-02-10,4.75,0.15,221.309,9.0,78.25,77.5,85.44,4.11,0.6555,2.6896,72.9253,48.35226821899414
2011-02-11,4.71,0.15,221.309,9.0,78.45999908447266,77.5,84.39,3.96,0.6575,2.6942,69.8075,48.13141632080078
2011-02-14,4.67,0.15,221.309,9.0,78.61000061035156,77.5,83.66,3.89,0.744,3.8546,75.9083,49.34603500366211
2011-02-15,4.66,0.16,221.309,9.0,78.56999969482422,77.5,83.13,3.92,0.7836,2.1638,63.1522,48.218589782714844
2011-02-16,4.67,0.15,221.309,9.0,78.22000122070312,77.5,83.80,3.93,0.7691,2.4545,65.4713,48.637020111083984
2011-02-17,4.66,0.15,221.309,9.0,78.0,77.5,85.05,3.90,0.7523,3.0782,66.078,48.74745559692383
2011-02-18,4.70,0.15,221.309,9.0,77.66000366210938,77.5,85.03,3.84,0.74,2.4627,68.0509,49.107765197753906
2011-02-22,4.60,0.15,221.309,9.0,77.7699966430664,77.5,92.65,3.89,0.7783,1.1442,70.8217,49.654052734375
2011-02-23,4.59,0.15,221.309,9.0,77.41000366210938,77.5,96.04,3.83,0.8383,2.3783,74.8886,50.60133743286133
2011-02-24,4.54,0.15,221.309,9.0,77.05999755859375,77.5,95.83,3.83,0.8642,1.7229,68.0004,49.96207809448242
2011-02-25,4.51,0.15,221.309,9.0,77.27999877929688,77.5,96.52,3.81,0.8418,1.4498,64.3498,49.595943450927734
2011-02-28,4.49,0.16,221.309,9.0,76.88999938964844,77.5,97.10,3.93,0.8322,1.1849,64.9608,49.70634460449219
2011-03-01,4.48,0.15,223.467,9.0,77.05000305175781,67.5,99.63,3.93,0.8474,1.0557,60.6595,49.282108306884766
2011-03-02,4.54,0.16,223.467,9.0,76.66999816894531,67.5,102.27,3.79,0.8602,1.4676,61.7068,49.44484329223633
2011-03-03,4.64,0.15,223.467,9.0,76.4800033569336,67.5,101.92,3.75,0.836,1.5198,64.404,49.87489318847656
2011-03-04,4.60,0.15,223.467,9.0,76.4000015258789,67.5,104.34,3.70,0.8302,1.311,59.8632,49.44484329223633
2011-03-07,4.61,0.14,223.467,9.0,76.5,67.5,105.37,3.73,0.8285,-0.1102,57.7308,49.23563766479492
2011-03-08,4.66,0.14,223.467,9.0,76.80000305175781,67.5,105.06,3.83,0.8256,0.9455,57.0019,49.165863037109375
2011-03-09,4.60,0.14,223.467,9.0,76.72000122070312,67.5,104.39,3.81,0.8098,0.4003,55.6155,49.03801345825195
2011-03-10,4.53,0.14,223.467,9.0,77.27999877929688,67.5,102.73,3.87,0.8837,-1.4502,40.9789,47.294559478759766
2011-03-11,4.54,0.13,223.467,9.0,76.77999877929688,67.5,101.14,3.78,0.937,-1.3806,44.8354,47.724605560302734
2011-03-14,4.52,0.14,223.467,9.0,76.3499984741211,67.5,101.20,3.90,0.919,-1.775,46.1664,47.875709533691406
2011-03-15,4.47,0.14,223.467,9.0,76.33000183105469,67.5,97.23,3.81,0.9623,-3.2948,42.0101,47.30036163330078
2011-03-16,4.38,0.14,223.467,9.0,76.68000030517578,67.5,97.99,3.86,1.0183,-3.8633,34.9007,46.0915641784668
2011-03-17,4.42,0.14,223.467,9.0,76.04000091552734,67.5,101.47,3.85,1.0363,-2.4247,43.9811,47.166690826416016
2011-03-18,4.43,0.15,223.467,9.0,75.72000122070312,67.5,101.06,3.98,1.0236,-2.7148,42.9012,46.986549377441406
2011-03-21,4.45,0.14,223.467,9.0,75.4000015258789,67.5,102.36,3.99,1.0532,-1.1369,51.1868,48.143043518066406
2011-03-22,4.44,0.14,223.467,9.0,75.43000030517578,67.5,104.53,4.05,1.0153,-1.4618,50.0855,47.98030471801758
2011-03-23,4.44,0.14,223.467,9.0,75.79000091552734,67.5,105.21,4.18,0.9842,-1.8678,50.2502,48.003562927246094
2011-03-24,4.48,0.13,223.467,9.0,75.66000366210938,67.5,105.04,4.27,0.952,-1.3632,50.8181,48.07911682128906
2011-03-25,4.51,0.13,223.467,9.0,76.22000122070312,67.5,104.89,4.13,0.9337,-0.6381,54.6359,48.596343994140625
2011-03-28,4.51,0.13,223.467,9.0,76.12999725341797,67.5,103.54,4.35,0.8902,-0.6555,53.8768,48.50917434692383
2011-03-29,4.54,0.13,223.467,9.0,76.25,67.5,104.34,4.27,0.8797,-0.6555,52.7199,48.381309509277344
2011-03-30,4.52,0.13,223.467,9.0,76.12000274658203,67.5,103.80,4.25,0.8836,1.804,58.1719,49.10195541381836
2011-03-31,4.51,0.1,223.467,9.0,75.86000061035156,67.5,106.19,4.32,0.8548,1.166,56.1476,48.89273452758789
2011-04-01,4.48,0.11,224.906,9.1,75.83000183105469,69.8,107.55,4.32,0.8232,1.3342,58.5224,49.212379455566406
2011-04-04,4.49,0.09,224.906,9.1,75.91000366210938,69.8,108.14,4.21,0.8,2.0187,59.3415,49.322776794433594
2011-04-05,4.51,0.09,224.906,9.1,75.87999725341797,69.8,107.82,4.22,0.8001,3.5443,61.6995,49.642425537109375
2011-04-06,4.58,0.1,224.906,9.1,75.51000213623047,69.8,108.38,4.17,0.7812,2.3319,60.0626,49.50294494628906
2011-04-07,4.63,0.1,224.906,9.1,75.58999633789062,69.8,109.82,4.12,0.7619,2.8482,62.6421,49.84001159667969
2011-04-08,4.63,0.09,224.906,9.1,75.06999969482422,69.8,112.27,4.05,0.7431,1.804,63.4743,49.950435638427734
2011-04-11,4.64,0.09,224.906,9.1,75.05999755859375,69.8,109.50,4.05,0.7468,1.5082,57.7168,49.4913330078125
2011-04-12,4.58,0.08,224.906,9.1,74.8499984741211,69.8,105.75,4.08,0.7966,0.3364,46.3653,48.34062576293945
2011-04-13,4.55,0.08,224.906,9.1,74.9800033569336,69.8,106.60,4.14,0.7973,0.2494,46.2663,48.32902145385742
2011-04-14,4.53,0.09,224.906,9.1,74.68000030517578,69.8,107.73,4.12,0.801,-0.1044,47.9419,48.491722106933594
2011-04-15,4.47,0.12,224.906,9.1,74.83000183105469,69.8,109.17,4.21,0.7898,0.4757,52.7581,48.9857177734375
2011-04-18,4.45,0.1,224.906,9.1,75.5,69.8,106.70,4.23,0.8101,-0.087,46.2999,48.294132232666016
2011-04-19,4.43,0.11,224.906,9.1,75.02999877929688,69.8,107.18,4.19,0.7945,-0.4003,50.1644,48.700950622558594
2011-04-20,4.47,0.1,224.906,9.1,74.37000274658203,69.8,110.84,4.33,0.8156,0.8817,58.6366,49.77608871459961
2011-04-21,4.47,0.1,224.906,9.1,74.0,69.8,111.72,4.33,0.7934,0.9745,61.3521,50.18871307373047
2011-04-25,4.46,0.1,224.906,9.1,73.98999786376953,69.8,111.68,4.37,0.762,0.7831,60.5085,50.10734176635742
2011-04-26,4.39,0.09,224.906,9.1,73.83999633789062,69.8,111.72,4.32,0.7598,1.1602,64.9561,50.80473327636719
2011-04-27,4.45,0.09,224.906,9.1,73.5199966430664,69.8,112.31,4.35,0.7722,1.5082,66.1864,51.01396560668945
2011-04-28,4.42,0.09,224.906,9.1,73.12000274658203,69.8,112.38,4.38,0.7689,0.9165,63.263,50.75823211669922
2011-04-29,4.40,0.09,224.906,9.1,72.93000030517578,69.8,113.39,4.51,0.7541,1.1776,65.6403,51.13018035888672
2011-05-02,4.38,0.09,225.964,9.0,72.94999694824219,74.3,113.03,4.60,0.7691,1.0499,59.1366,50.543216705322266
2011-05-03,4.36,0.09,225.964,9.0,73.13999938964844,74.3,110.60,4.60,0.7941,1.4154,51.7551,49.758644104003906
2011-05-04,4.33,0.09,225.964,9.0,73.02999877929688,74.3,108.79,4.59,0.8082,0.9571,47.8924,49.28791046142578
2011-05-05,4.26,0.09,225.964,9.0,74.19000244140625,74.3,99.89,4.49,0.8839,-0.4757,39.3429,48.015193939208984
2011-05-06,4.29,0.09,225.964,9.0,74.83999633789062,74.3,96.87,4.24,0.914,-0.9281,39.7133,48.05587387084961
2011-05-09,4.30,0.09,225.964,9.0,74.73999786376953,74.3,100.32,4.28,0.9133,0.0464,42.3668,48.34062576293945
2011-05-10,4.34,0.09,225.964,9.0,74.61000061035156,74.3,103.39,4.19,0.9003,-0.2668,43.2452,48.43362045288086
2011-05-11,4.31,0.09,225.964,9.0,75.33000183105469,74.3,97.88,4.23,0.9369,-2.3551,36.6631,47.410823822021484
2011-05-12,4.37,0.09,225.964,9.0,75.23999786376953,74.3,98.53,4.10,0.9604,-2.8078,36.4229,47.369911193847656
2011-05-13,4.32,0.09,225.964,9.0,75.76000213623047,74.3,99.21,4.09,0.9564,-2.8316,35.7739,47.26472091674805
2011-05-16,4.28,0.1,225.964,9.0,75.47000122070312,74.3,96.91,4.21,0.936,-3.8953,33.5225,46.89650344848633
2011-05-17,4.23,0.09,225.964,9.0,75.4000015258789,74.3,96.40,4.25,0.9187,-4.0049,34.7165,46.99586868286133
2011-05-18,4.29,0.1,225.964,9.0,75.47000122070312,74.3,99.52,4.15,0.9306,-2.9737,43.2969,47.773193359375
2011-05-19,4.30,0.09,225.964,9.0,75.12000274658203,74.3,97.99,4.10,0.9158,-3.0007,46.647,48.118019104003906
2011-05-20,4.30,0.1,225.964,9.0,75.43000030517578,74.3,99.15,4.05,0.91,-2.8583,43.1135,47.67383575439453
2011-05-23,4.27,0.1,225.964,9.0,76.0999984741211,74.3,97.06,4.27,0.9075,-2.6002,39.3155,47.1478271484375
2011-05-24,4.26,0.1,225.964,9.0,75.87999725341797,74.3,99.13,4.37,0.9031,-1.7687,43.0382,47.510169982910156
2011-05-25,4.28,0.09,225.964,9.0,75.93000030517578,74.3,100.78,4.36,0.909,-0.1074,46.8339,47.90176773071289
2011-05-26,4.23,0.09,225.964,9.0,75.55000305175781,74.3,100.18,4.37,0.9016,0.1029,49.1747,48.1530876159668
2011-05-27,4.24,0.1,225.964,9.0,74.94999694824219,74.3,100.58,4.36,0.878,-0.0413,50.485,48.293357849121094
2011-05-31,4.22,0.1,225.964,9.0,74.63999938964844,74.3,102.70,4.63,0.862,0.3559,54.8706,48.784305572509766
2011-06-01,4.15,0.1,225.722,9.1,74.68000030517578,71.5,100.30,4.62,0.8792,0.5309,47.1593,47.94266128540039
2011-06-02,4.25,0.1,225.722,9.1,74.33000183105469,71.5,100.41,4.64,0.886,0.1634,43.9276,47.53356170654297
2011-06-03,4.22,0.11,225.722,9.1,73.77999877929688,71.5,100.28,4.72,0.8898,0.1809,43.2437,47.44590377807617
2011-06-06,4.25,0.1,225.722,9.1,73.94999694824219,71.5,99.07,4.83,0.8725,0.0292,39.3312,46.925724029541016
2011-06-07,4.27,0.09,225.722,9.1,73.5199966430664,71.5,99.18,4.83,0.8569,-0.2392,38.1209,46.75624084472656
2011-06-08,4.20,0.09,225.722,9.1,73.93000030517578,71.5,100.77,4.83,0.8736,-0.5718,43.0655,47.200435638427734
2011-06-09,4.22,0.09,225.722,9.1,74.19000244140625,71.5,101.95,4.92,0.8495,-0.671,45.6501,47.44590377807617
2011-06-10,4.18,0.09,225.722,9.1,74.79000091552734,71.5,99.30,4.72,0.8497,-1.0444,39.2533,46.62767791748047
2011-06-13,4.20,0.1,225.722,9.1,74.51000213623047,71.5,97.20,4.75,0.8623,-0.8401,37.0564,46.30621337890625
2011-06-14,4.30,0.1,225.722,9.1,74.33000183105469,71.5,99.37,4.59,0.867,-0.5309,44.101,46.978336334228516
2011-06-15,4.19,0.1,225.722,9.1,75.5999984741211,71.5,94.83,4.53,0.8888,-1.9253,37.3652,45.973079681396484
2011-06-16,4.16,0.1,225.722,9.1,75.75,71.5,94.95,4.54,0.8745,-1.8495,40.549,46.30036544799805
2011-06-17,4.19,0.1,225.722,9.1,74.98999786376953,71.5,93.02,4.39,0.8646,-2.1062,39.7714,46.183475494384766
2011-06-20,4.19,0.09,225.722,9.1,75.02999877929688,71.5,93.23,4.33,0.8582,-2.1937,43.777,46.586753845214844
2011-06-21,4.21,0.09,225.722,9.1,74.54000091552734,71.5,93.70,4.37,0.8557,-0.8518,48.3846,47.08936309814453
2011-06-22,4.22,0.09,225.722,9.1,74.77999877929688,71.5,94.96,4.42,0.8404,-0.881,44.9267,46.651023864746094
2011-06-23,4.17,0.08,225.722,9.1,75.44999694824219,71.5,90.70,4.31,0.8883,-1.5986,39.3536,45.84449768066406
2011-06-24,4.17,0.08,225.722,9.1,75.66999816894531,71.5,90.89,4.20,0.902,-2.0479,33.9053,44.874298095703125
2011-06-27,4.28,0.08,225.722,9.1,75.38999938964844,71.5,90.65,4.25,0.9109,-1.2135,40.0442,45.54056930541992
2011-06-28,4.33,0.08,225.722,9.1,75.05999755859375,71.5,92.90,4.34,0.9183,-0.6593,47.8663,46.53998947143555
2011-06-29,4.39,0.07,225.722,9.1,74.69000244140625,71.5,94.85,4.40,0.9061,-0.5426,50.3934,46.902347564697266
2011-06-30,4.38,0.07,225.722,9.1,74.30000305175781,71.5,95.30,4.28,0.8897,0.9335,54.7029,47.562774658203125
2011-07-01,4.40,0.08,225.922,9.0,74.3499984741211,63.7,94.81,4.33,0.8887,1.622,56.9485,47.93098449707031
2011-07-05,4.39,0.08,225.922,9.0,74.69000244140625,63.7,96.92,4.40,0.8611,0.7118,55.0363,47.69136428833008
2011-07-06,4.35,0.07,225.922,9.0,75.12000274658203,63.7,96.67,4.34,0.8334,1.6978,54.8911,47.67383575439453
2011-07-07,4.37,0.07,225.922,9.0,74.95999908447266,63.7,98.70,4.25,0.8168,1.832,58.0319,48.135555267333984
2011-07-08,4.27,0.07,225.922,9.0,75.18000030517578,63.7,96.20,4.19,0.8028,1.9837,58.2695,48.170616149902344
2011-07-11,4.20,0.07,225.922,9.0,75.98999786376953,63.7,95.16,4.35,0.7996,1.2777,55.3445,47.86671447753906
2011-07-12,4.19,0.06,225.922,9.0,75.80999755859375,63.7,97.41,4.38,0.8054,0.7701,55.287,47.86086654663086
2011-07-13,4.17,0.06,225.922,9.0,75.20999908447266,63.7,98.04,4.43,0.8133,1.5519,58.0548,48.20567321777344
2011-07-14,4.25,0.06,225.922,9.0,75.25,63.7,95.75,4.42,0.7978,2.2171,56.5221,48.06541442871094
2011-07-15,4.26,0.06,225.922,9.0,75.12999725341797,63.7,97.24,4.49,0.7762,3.629,60.1133,48.50959396362305
2011-07-18,4.29,0.06,225.922,9.0,75.4800033569336,63.7,95.94,4.60,0.7591,2.7597,57.7477,48.3050422668457
2011-07-19,4.19,0.06,225.922,9.0,75.22000122070312,63.7,97.49,4.60,0.7511,2.3337,62.2297,48.87778091430664
2011-07-20,4.25,0.06,225.922,9.0,74.79000091552734,63.7,98.11,4.64,0.7275,1.7795,59.9245,48.6849479675293
2011-07-21,4.31,0.06,225.922,9.0,74.0199966430664,63.7,98.96,4.58,0.7564,2.1237,66.8228,49.69020462036133
2011-07-22,4.26,0.06,225.922,9.0,74.19999694824219,63.7,99.53,4.46,0.7386,1.8728,67.5228,49.807098388671875
2011-07-25,4.31,0.06,225.922,9.0,74.05999755859375,63.7,98.97,4.45,0.7283,1.7328,62.8792,49.42719268798828
2011-07-26,4.28,0.06,225.922,9.0,73.47000122070312,63.7,99.61,4.43,0.7205,1.6336,61.4782,49.310298919677734
2011-07-27,4.29,0.07,225.922,9.0,74.08999633789062,63.7,97.40,4.46,0.7161,0.5543,54.5421,48.69078826904297
2011-07-28,4.26,0.08,225.922,9.0,74.22000122070312,63.7,97.48,4.41,0.755,-0.5601,44.9997,47.609535217285156
2011-07-29,4.12,0.11,225.922,9.0,73.9000015258789,63.7,95.68,4.26,0.7719,-1.2311,38.4586,46.63350296020508
2011-08-01,4.07,0.17,226.545,9.0,74.26000213623047,55.8,94.98,4.29,0.8185,-1.3361,37.7857,46.52245330810547
2011-08-02,3.93,0.16,226.545,9.0,74.51000213623047,55.8,93.78,4.30,0.8346,-2.7071,32.1702,45.49382400512695
2011-08-03,3.89,0.12,226.545,9.0,74.04000091552734,55.8,91.87,4.26,0.8433,-2.6371,31.8229,45.42368698120117
2011-08-04,3.70,0.09,226.545,9.0,75.12000274658203,55.8,86.75,4.20,0.9585,-5.3443,23.1293,43.15601348876953
2011-08-05,3.82,0.08,226.545,9.0,74.5999984741211,55.8,86.89,4.00,1.0453,-4.5683,28.4463,43.7287712097168
2011-08-08,3.68,0.11,226.545,9.0,74.79000091552734,55.8,81.27,4.00,1.1757,-7.8414,21.0414,41.02276611328125
2011-08-09,3.56,0.1,226.545,9.0,74.61000061035156,55.8,79.32,4.06,1.2934,-6.8029,27.414,41.870208740234375
2011-08-10,3.54,0.1,226.545,9.0,74.63999938964844,55.8,83.05,4.09,1.3558,-9.6384,23.0715,40.02291488647461
2011-08-11,3.82,0.09,226.545,9.0,74.68000030517578,55.8,85.48,4.06,1.4424,-7.6695,35.5814,42.111427307128906
2011-08-12,3.72,0.1,226.545,9.0,74.61000061035156,55.8,85.19,4.17,1.4032,-7.0436,36.8891,42.3585205078125
2011-08-15,3.75,0.1,226.545,9.0,73.83999633789062,55.8,87.88,4.05,1.4026,-5.5816,43.6101,43.70575714111328
2011-08-16,3.67,0.09,226.545,9.0,74.01000213623047,55.8,86.65,4.03,1.3658,-5.4272,41.9504,43.240970611572266
2011-08-17,3.57,0.09,226.545,9.0,73.66999816894531,55.8,87.58,3.98,1.3207,-3.9602,43.8723,43.629276275634766
2011-08-18,3.45,0.09,226.545,9.0,74.23999786376953,55.8,82.38,3.98,1.3921,-4.8775,37.3714,41.734901428222656
2011-08-19,3.39,0.09,226.545,9.0,73.98999786376953,55.8,82.33,3.99,1.3896,-5.4363,35.373,41.06423568725586
2011-08-22,3.42,0.09,226.545,9.0,74.06999969482422,55.8,84.42,3.97,1.3986,-4.1862,36.5902,41.28778076171875
2011-08-23,3.47,0.08,226.545,9.0,73.87000274658203,55.8,85.35,4.01,1.4506,-2.0718,46.5236,43.335113525390625
2011-08-24,3.63,0.08,226.545,9.0,74.01000213623047,55.8,84.99,4.10,1.4137,0.1214,46.2545,43.2645263671875
2011-08-25,3.60,0.08,226.545,9.0,74.27999877929688,55.8,85.15,4.01,1.4239,-1.4902,42.3626,42.22319793701172
2011-08-26,3.54,0.09,226.545,9.0,73.80999755859375,55.8,85.37,3.96,1.4393,1.7222,44.8202,42.73501968383789
2011-08-29,3.63,0.09,226.545,9.0,73.72000122070312,55.8,87.27,3.93,1.4028,1.7457,48.8184,43.60573959350586
2011-08-30,3.53,0.08,226.545,9.0,73.94000244140625,55.8,88.90,3.85,1.3626,3.4543,48.2838,43.482200622558594
2011-08-31,3.60,0.08,226.545,9.0,74.12999725341797,55.8,88.81,3.97,1.3295,1.4334,48.6013,43.546905517578125
2011-09-01,3.51,0.08,226.889,9.0,74.4800033569336,59.5,88.93,4.18,1.2937,0.8753,47.1009,43.23508071899414
2011-09-02,3.32,0.08,226.889,9.0,74.75,59.5,86.45,4.12,1.2848,-1.2631,43.4235,42.44087219238281
2011-09-06,3.26,0.09,226.889,9.0,75.91999816894531,59.5,85.99,3.93,1.2866,-1.3805,40.9015,41.85844421386719
2011-09-07,3.36,0.09,226.889,9.0,75.45999908447266,59.5,89.34,3.96,1.2996,-0.2996,48.9625,43.329227447509766
2011-09-08,3.32,0.09,226.889,9.0,76.23999786376953,59.5,89.05,3.99,1.2823,1.1044,46.6858,42.840919494628906
2011-09-09,3.26,0.09,226.889,9.0,77.19000244140625,59.5,87.24,3.96,1.2841,0.7108,42.0894,41.77608108520508
2011-09-12,3.24,0.09,226.889,9.0,77.56999969482422,59.5,88.19,3.92,1.2772,0.9752,44.7745,42.26438903808594
2011-09-13,3.32,0.09,226.889,9.0,76.91000366210938,59.5,90.21,3.96,1.235,-1.1808,44.2685,42.15259552001953
2011-09-14,3.32,0.08,226.889,9.0,76.83000183105469,59.5,88.91,4.01,1.2559,-0.5287,47.5919,42.73501968383789
2011-09-15,3.36,0.09,226.889,9.0,76.23999786376953,59.5,89.40,4.04,1.2258,1.3159,51.8693,43.54100799560547
2011-09-16,3.34,0.09,226.889,9.0,76.58000183105469,59.5,87.96,3.84,1.1878,1.1221,53.4809,43.858707427978516
2011-09-19,3.22,0.09,226.889,9.0,77.38999938964844,59.5,85.70,3.78,1.1889,-0.2467,50.6083,43.358642578125
2011-09-20,3.20,0.09,226.889,9.0,77.02999877929688,59.5,86.92,3.84,1.1686,0.0587,51.6287,43.54100799560547
2011-09-21,3.03,0.08,226.889,9.0,77.33999633789062,59.5,85.77,3.78,1.1884,-1.2043,45.0349,42.34085464477539
2011-09-22,2.78,0.08,226.889,9.0,78.37999725341797,59.5,80.29,3.72,1.263,-2.4967,38.0342,40.73476791381836
2011-09-23,2.89,0.08,226.889,9.0,78.30000305175781,59.5,79.58,3.74,1.2642,-1.6625,38.299,40.77595520019531
2011-09-26,2.99,0.08,226.889,9.0,78.36000061035156,59.5,79.97,3.80,1.2822,0.3349,46.7394,42.19377517700195
2011-09-27,3.08,0.08,226.889,9.0,77.51000213623047,59.5,84.18,3.92,1.3005,-0.4347,50.351,42.89385986328125
2011-09-28,3.10,0.08,226.889,9.0,77.8499984741211,59.5,80.94,3.88,1.3098,-0.4406,47.8827,42.39968490600586
2011-09-29,3.03,0.08,226.889,9.0,77.91999816894531,59.5,81.87,3.77,1.2989,1.686,53.2057,43.46452713012695
2011-09-30,2.90,0.06,226.889,9.0,78.55000305175781,59.5,78.93,3.68,1.2884,0.4641,49.4495,42.7291374206543
2011-10-03,2.76,0.08,226.421,8.8,79.44999694824219,60.8,77.34,3.57,1.278,-0.2937,45.3658,41.85844421386719
2011-10-04,2.77,0.07,226.421,8.8,79.5999984741211,60.8,75.40,3.56,1.352,0.1116,50.3756,42.8468017578125
2011-10-05,2.87,0.07,226.421,8.8,78.91000366210938,60.8,79.41,3.63,1.3306,-0.0352,53.4408,43.50571060180664
2011-10-06,2.96,0.07,226.421,8.8,78.52999877929688,60.8,82.32,3.49,1.293,-0.3877,53.251,43.470420837402344
2011-10-07,3.02,0.07,226.421,8.8,78.72000122070312,60.8,82.70,3.40,1.2632,-0.0822,52.1541,43.276268005371094
2011-10-10,.,0.07,226.421,8.8,77.5999984741211,60.8,85.14,3.41,1.2875,1.3335,59.5501,44.876495361328125
2011-10-11,3.11,0.07,226.421,8.8,77.58000183105469,60.8,85.54,3.52,1.2358,2.5261,59.5137,44.8705940246582
2011-10-12,3.19,0.07,226.421,8.8,76.98999786376953,60.8,85.30,3.54,1.2059,4.6527,61.7558,45.39421081542969
2011-10-13,3.15,0.07,226.421,8.8,76.98999786376953,60.8,83.96,3.42,1.1751,4.1475,58.651,44.92945098876953
2011-10-14,3.22,0.07,226.421,8.8,76.62000274658203,60.8,86.80,3.49,1.1692,3.7539,63.0565,45.953102111816406
2011-10-17,3.13,0.07,226.421,8.8,77.13999938964844,60.8,86.38,3.72,1.1432,2.6788,60.5031,45.576595306396484
2011-10-18,3.17,0.07,226.421,8.8,77.12999725341797,60.8,88.34,3.63,1.166,4.0065,63.9876,46.41197967529297
2011-10-19,3.17,0.07,226.421,8.8,77.11000061035156,60.8,86.11,3.59,1.1381,2.673,62.077,46.141361236572266
2011-10-20,3.19,0.07,226.421,8.8,76.97000122070312,60.8,86.07,3.61,1.1106,3.5718,62.805,46.30608367919922
2011-10-21,3.26,0.07,226.421,8.8,76.30000305175781,60.8,87.19,3.54,1.0921,5.2755,66.3347,47.141483306884766
2011-10-24,3.27,0.07,226.421,8.8,76.0199966430664,60.8,91.12,3.61,1.0539,4.312,66.4313,47.16502380371094
2011-10-25,3.13,0.07,226.421,8.8,76.25,60.8,92.98,3.62,1.0391,3.2252,62.8837,46.73554992675781
2011-10-26,3.22,0.08,226.421,8.8,76.19999694824219,60.8,90.20,3.65,1.0484,4.218,67.1076,47.694488525390625
2011-10-27,3.45,0.07,226.421,8.8,74.87000274658203,60.8,93.96,3.59,1.0368,4.8877,68.9958,48.17102813720703
2011-10-28,3.36,0.07,226.421,8.8,75.08999633789062,60.8,93.32,3.63,1.0278,3.0548,66.9518,47.935707092285156
2011-10-31,3.16,0.09,226.421,8.8,76.16999816894531,60.8,93.19,3.66,1.1004,1.0692,52.702,45.94132995605469
2011-11-01,2.99,0.08,226.23,8.6,77.26000213623047,63.7,92.19,3.49,1.1326,-0.7167,46.0132,44.67646408081055
2011-11-02,3.03,0.08,226.23,8.6,77.01000213623047,63.7,92.51,3.39,1.1209,0.5875,50.5121,45.51775360107422
2011-11-03,3.10,0.09,226.23,8.6,76.66999816894531,63.7,94.07,3.39,1.1093,0.4406,54.7439,46.39433288574219
2011-11-04,3.09,0.08,226.23,8.6,76.91000366210938,63.7,94.26,3.44,1.0923,0.6168,53.6172,46.19430160522461
2011-11-07,3.05,0.08,226.23,8.6,76.95999908447266,63.7,95.52,3.35,1.0718,0.2702,55.9981,46.68260192871094
2011-11-08,3.13,0.08,226.23,8.6,76.66999816894531,63.7,96.80,3.42,1.048,1.0574,58.4342,47.20341873168945
2011-11-09,3.03,0.08,226.23,8.6,77.93000030517578,63.7,95.74,3.55,1.0884,-0.5076,50.3083,45.80081558227539
2011-11-10,3.12,0.08,226.23,8.6,77.63999938964844,63.7,97.78,3.48,1.0794,-0.5676,54.1072,46.57608413696289
2011-11-11,.,0.08,226.23,8.6,76.94000244140625,63.7,98.99,3.29,1.0551,0.0116,56.8719,47.17972183227539
2011-11-14,3.09,0.08,226.23,8.6,77.55999755859375,63.7,98.14,3.17,1.0371,-0.0086,54.2495,46.72994613647461
2011-11-15,3.10,0.09,226.23,8.6,77.87999725341797,63.7,99.37,3.12,1.02,-0.8894,54.6348,46.8068962097168
2011-11-16,3.05,0.08,226.23,8.6,78.16000366210938,63.7,102.59,3.11,1.0185,-1.8616,51.6101,46.30976104736328
2011-11-17,2.98,0.08,226.23,8.6,78.29000091552734,63.7,98.82,3.11,1.0439,-1.8571,50.2199,46.078956604003906
2011-11-18,2.99,0.08,226.23,8.6,78.0199966430664,63.7,97.67,3.01,1.0356,0.1581,50.3675,46.102622985839844
2011-11-21,2.96,0.08,226.23,8.6,78.30000305175781,63.7,96.73,2.94,1.0393,0.8361,46.677,45.51670837402344
2011-11-22,2.91,0.08,226.23,8.6,78.2300033569336,63.7,97.76,3.06,1.0166,-0.524,43.6176,44.995914459228516
2011-11-23,2.82,0.09,226.23,8.6,79.0,63.7,96.16,2.84,1.0073,-2.2562,39.0732,44.137794494628906
2011-11-25,2.92,0.07,226.23,8.6,79.61000061035156,63.7,96.91,2.84,0.9902,-2.4583,37.12,43.735347747802734
2011-11-28,2.93,0.08,226.23,8.6,79.29000091552734,63.7,98.21,3.09,1.0296,-1.7995,45.4917,44.88349151611328
2011-11-29,2.96,0.08,226.23,8.6,79.0,63.7,99.79,3.39,1.0262,-1.6723,49.5554,45.52857208251953
2011-11-30,3.06,0.1,226.23,8.6,78.38999938964844,63.7,100.36,3.53,1.1048,1.8023,59.9181,47.60585403442383
2011-12-01,3.12,0.08,225.672,8.5,78.31999969482422,69.9,100.20,3.49,1.0711,0.6441,57.5599,47.2211799621582
2011-12-02,3.03,0.08,225.672,8.5,78.62999725341797,69.9,100.97,3.35,1.0406,0.0414,57.5599,47.2211799621582
2011-12-05,3.02,0.08,225.672,8.5,78.61000061035156,69.9,100.94,3.38,1.0249,0.8805,59.4397,47.61176300048828
2011-12-06,3.09,0.08,225.672,8.5,78.51000213623047,69.9,101.25,3.43,1.0087,1.0223,60.4961,47.830745697021484
2011-12-07,3.04,0.08,225.672,8.5,78.4800033569336,69.9,100.45,3.45,1.0004,1.6723,61.2597,47.984619140625
2011-12-08,3.00,0.07,225.672,8.5,78.80999755859375,69.9,98.35,3.42,0.9935,1.1878,55.8495,47.26850891113281
2011-12-09,3.10,0.07,225.672,8.5,78.62999725341797,69.9,99.40,3.29,1.0019,2.0328,60.4225,48.13848114013672
2011-12-12,3.06,0.07,225.672,8.5,79.56999969482422,69.9,97.77,3.13,1.0202,1.8555,55.0353,47.375057220458984
2011-12-13,2.98,0.07,225.672,8.5,80.25,69.9,100.24,3.12,1.0216,2.6592,56.5863,47.659122467041016
2011-12-14,2.91,0.07,225.672,8.5,80.52999877929688,69.9,94.92,3.08,1.0276,2.8719,52.1842,47.01401901245117
2011-12-15,2.92,0.07,225.672,8.5,80.23999786376953,69.9,93.84,3.05,1.0032,3.6224,54.2585,47.363197326660156
2011-12-16,2.86,0.07,225.672,8.5,80.25,69.9,93.55,3.01,0.975,2.5528,54.7245,47.440147399902344
2011-12-19,2.79,0.07,225.672,8.5,80.25,69.9,93.86,3.03,0.9509,1.5364,51.9614,47.067291259765625
2011-12-20,2.93,0.07,225.672,8.5,79.87999725341797,69.9,97.16,3.06,0.9873,0.9218,60.4029,48.52907943725586
2011-12-21,3.00,0.07,225.672,8.5,80.0199966430664,69.9,98.54,3.05,0.9733,1.9678,63.5322,49.19190979003906
2011-12-22,2.99,0.07,225.672,8.5,79.91999816894531,69.9,99.42,3.08,0.976,2.6592,66.5097,49.884342193603516
2011-12-23,3.05,0.08,225.672,8.5,80.01000213623047,69.9,99.72,2.97,0.9493,2.8187,68.6975,50.43473434448242
2011-12-27,3.04,0.07,225.672,8.5,79.79000091552734,69.9,101.29,3.09,0.9102,2.6355,68.8389,50.47025680541992
2011-12-28,2.91,0.07,225.672,8.5,80.48999786376953,69.9,99.44,3.07,0.9055,1.8319,63.201,49.819252014160156
2011-12-29,2.90,0.07,225.672,8.5,80.4800033569336,69.9,99.68,3.03,0.8932,3.191,66.1587,50.46432876586914
2011-12-30,2.89,0.04,225.672,8.5,80.16999816894531,69.9,98.83,2.98,0.8598,2.021,63.5836,50.16248321533203
2012-01-03,2.98,0.07,226.665,8.3,79.61000061035156,75.0,102.96,2.97,0.8791,3.516,66.9517,50.89634323120117
2012-01-04,3.03,0.07,226.665,8.3,80.08999633789062,75.0,103.22,2.96,0.8607,3.2442,67.0047,50.908199310302734
2012-01-05,3.06,0.07,226.665,8.3,80.94000244140625,75.0,101.81,2.91,0.8456,3.7347,65.5332,50.754310607910156
2012-01-06,3.02,0.07,226.665,8.3,81.23999786376953,75.0,101.56,2.85,0.8228,3.0078,61.9278,50.375545501708984
2012-01-09,3.02,0.08,226.665,8.3,81.05000305175781,75.0,101.31,2.89,0.7923,3.1556,63.2216,50.6004524230957
2012-01-10,3.04,0.08,226.665,8.3,80.80000305175781,75.0,102.24,2.97,0.7707,3.6578,63.9847,50.73066711425781
2012-01-11,2.96,0.08,226.665,8.3,81.3499984741211,75.0,100.89,2.81,0.7684,1.8201,60.0795,50.35189437866211
2012-01-12,2.97,0.08,226.665,8.3,80.7699966430664,75.0,99.03,2.70,0.7617,0.9573,58.0524,50.15066909790039
2012-01-13,2.91,0.09,226.665,8.3,81.43000030517578,75.0,98.69,2.67,0.7537,0.3486,58.6707,50.2335205078125
2012-01-17,2.89,0.09,226.665,8.3,81.18000030517578,75.0,100.70,2.51,0.7526,0.2777,62.1474,50.712886810302734
2012-01-18,2.96,0.09,226.665,8.3,80.5999984741211,75.0,100.61,2.49,0.7639,0.6914,65.1129,51.16267776489258
2012-01-19,3.05,0.1,226.665,8.3,80.20999908447266,75.0,100.32,2.36,0.7714,1.6841,67.2232,51.50591278076172
2012-01-20,3.10,0.09,226.665,8.3,80.22000122070312,75.0,98.15,2.23,0.7488,1.3119,68.8335,51.778141021728516
2012-01-23,3.15,0.09,226.665,8.3,79.69000244140625,75.0,99.47,2.39,0.7337,1.6014,68.6755,51.766326904296875
2012-01-24,3.15,0.09,226.665,8.3,79.86000061035156,75.0,98.84,2.60,0.7155,0.6973,66.2995,51.59471130371094
2012-01-25,3.13,0.08,226.665,8.3,79.56999969482422,75.0,99.23,2.61,0.7306,0.7091,66.4718,51.618385314941406
2012-01-26,3.10,0.08,226.665,8.3,79.41000366210938,75.0,99.76,2.68,0.7291,0.5968,62.5944,51.35205841064453
2012-01-27,3.07,0.09,226.665,8.3,78.9000015258789,75.0,99.47,2.59,0.7192,0.4196,55.3334,50.79574966430664
2012-01-30,2.99,0.09,226.665,8.3,79.16000366210938,75.0,98.75,2.71,0.7202,-0.0059,52.9413,50.59451675415039
2012-01-31,2.94,0.11,226.665,8.3,79.27999877929688,75.0,98.46,2.51,0.7544,-1.17,42.7073,49.55885314941406
2012-02-01,3.01,0.11,227.663,8.3,78.91999816894531,75.3,97.63,2.32,0.7505,-0.6559,44.2331,49.69496536254883
2012-02-02,3.01,0.11,227.663,8.3,78.97000122070312,75.3,96.36,2.30,0.7454,-0.715,41.9324,49.43455123901367
2012-02-03,3.13,0.11,227.663,8.3,78.94000244140625,75.3,97.80,2.40,0.7542,0.0236,50.6628,50.257198333740234
2012-02-06,3.08,0.11,227.663,8.3,79.08999633789062,75.3,96.89,2.46,0.7577,0.0355,55.0124,50.74842071533203
2012-02-07,3.14,0.11,227.663,8.3,78.56999969482422,75.3,98.55,2.60,0.7669,-0.065,57.8565,51.09756851196289
2012-02-08,3.14,0.11,227.663,8.3,78.63999938964844,75.3,98.80,2.48,0.7754,-0.7328,54.4036,50.77027893066406
2012-02-09,3.20,0.11,227.663,8.3,78.55999755859375,75.3,99.88,2.50,0.7633,-1.266,51.7292,50.50847244262695
2012-02-10,3.11,0.12,227.663,8.3,79.11000061035156,75.3,98.68,2.51,0.7737,-1.8959,45.7803,49.86579895019531
2012-02-13,3.14,0.12,227.663,8.3,78.94000244140625,75.3,100.39,2.42,0.7522,-1.3562,49.3793,50.2347412109375
2012-02-14,3.06,0.12,227.663,8.3,79.58000183105469,75.3,100.82,2.48,0.735,-1.2312,50.7975,50.383506774902344
2012-02-15,3.09,0.12,227.663,8.3,79.66999816894531,75.3,101.82,2.54,0.7253,-1.2921,47.6356,50.05619812011719
2012-02-16,3.14,0.11,227.663,8.3,79.33999633789062,75.3,102.33,2.47,0.7389,0.0298,54.75,50.8238525390625
2012-02-17,3.16,0.09,227.663,8.3,79.33000183105469,75.3,103.27,2.67,0.737,0.3555,55.8028,50.94881057739258
2012-02-21,3.20,0.1,227.663,8.3,79.04000091552734,75.3,105.88,2.63,0.7336,1.9541,60.3022,51.51411056518555
2012-02-22,3.15,0.08,227.663,8.3,79.20999908447266,75.3,105.99,2.60,0.7101,2.0262,61.8434,51.722373962402344
2012-02-23,3.13,0.08,227.663,8.3,78.80999755859375,75.3,107.44,2.68,0.6891,2.3456,62.2938,51.78187942504883
2012-02-24,3.10,0.09,227.663,8.3,78.3499984741211,75.3,109.39,2.60,0.6594,1.7144,63.7677,51.97230529785156
2012-02-27,3.04,0.1,227.663,8.3,78.55999755859375,75.3,108.49,2.55,0.6568,1.1585,62.8581,51.9068489074707
2012-02-28,3.07,0.1,227.663,8.3,78.2699966430664,75.3,106.59,2.44,0.6477,0.7564,62.0779,51.853294372558594
2012-02-29,3.08,0.1,227.663,8.3,78.7300033569336,75.3,107.08,2.44,0.6558,0.7011,56.6891,51.472469329833984
2012-03-01,3.15,0.11,229.392,8.2,78.77999877929688,76.2,108.76,2.45,0.6414,1.1587,58.6808,51.66883087158203
2012-03-02,3.11,0.11,229.392,8.2,79.4000015258789,76.2,106.68,2.38,0.6372,1.5033,54.585,51.371307373046875
2012-03-05,3.13,0.11,229.392,8.2,79.31999969482422,76.2,106.70,2.31,0.6417,1.5389,58.7971,51.77592849731445
2012-03-06,3.08,0.11,229.392,8.2,79.86000061035156,76.2,104.71,2.30,0.6634,0.7071,50.3005,51.09162139892578
2012-03-07,3.12,0.11,229.392,8.2,79.70999908447266,76.2,106.16,2.24,0.6555,1.0161,50.0972,51.07378387451172
2012-03-08,3.18,0.11,229.392,8.2,79.16000366210938,76.2,106.65,2.24,0.6596,-0.3446,43.7475,50.47872543334961
2012-03-09,3.19,0.12,229.392,8.2,80.04000091552734,76.2,107.40,2.21,0.6583,-0.7843,40.7962,50.16333770751953
2012-03-12,3.17,0.12,229.392,8.2,79.87000274658203,76.2,106.34,2.17,0.68,-0.6061,49.4567,50.90715408325195
2012-03-13,3.26,0.12,229.392,8.2,80.19000244140625,76.2,106.70,2.15,0.69,-0.0357,56.6189,51.686676025390625
2012-03-14,3.43,0.13,229.392,8.2,80.55999755859375,76.2,105.49,2.13,0.6883,-0.5942,51.5724,51.18684005737305
2012-03-15,3.41,0.14,229.392,8.2,80.1500015258789,76.2,105.19,2.07,0.6794,-0.7427,51.9567,51.228458404541016
2012-03-16,3.41,0.15,229.392,8.2,79.77999877929688,76.2,107.03,2.01,0.6723,-0.4694,53.9254,51.43674850463867
2012-03-19,3.48,0.15,229.392,8.2,79.44999694824219,76.2,108.09,2.14,0.6731,-0.0891,56.9134,51.764034271240234
2012-03-20,3.46,0.15,229.392,8.2,79.58999633789062,76.2,105.68,2.19,0.6581,0.0594,54.2279,51.531951904296875
2012-03-21,3.38,0.15,229.392,8.2,79.62999725341797,76.2,106.87,2.21,0.6463,-0.4872,50.3568,51.18088150024414
2012-03-22,3.37,0.14,229.392,8.2,79.73999786376953,76.2,104.98,2.19,0.6388,-0.5942,46.2581,50.7762336730957
2012-03-23,3.31,0.14,229.392,8.2,79.33999633789062,76.2,106.43,2.07,0.6339,-0.8675,47.7401,50.90715408325195
2012-03-26,3.33,0.14,229.392,8.2,78.93000030517578,76.2,107.07,2.16,0.6608,0.6952,56.4423,51.78783416748047
2012-03-27,3.29,0.14,229.392,8.2,79.04000091552734,76.2,107.32,2.09,0.6437,0.4694,53.771,51.543880462646484
2012-03-28,3.31,0.13,229.392,8.2,79.16000366210938,76.2,105.40,2.05,0.6605,0.612,49.1294,51.09162139892578
2012-03-29,3.27,0.13,229.392,8.2,79.18000030517578,76.2,102.79,2.02,0.6651,1.0576,50.4625,51.222530364990234
2012-03-30,3.35,0.09,229.392,8.2,78.93000030517578,76.2,103.03,2.00,0.6465,0.7011,54.275,51.60932540893555
2012-04-02,3.35,0.15,230.085,8.2,78.81999969482422,76.4,105.25,1.88,0.658,0.1248,56.175,51.81165313720703
2012-04-03,3.41,0.15,230.085,8.2,79.4800033569336,76.4,104.02,1.94,0.6989,-0.1129,48.2934,51.07378387451172
2012-04-04,3.37,0.15,230.085,8.2,79.76000213623047,76.4,101.53,2.06,0.7058,-0.6595,43.761,50.567970275878906
2012-04-05,3.32,0.15,230.085,8.2,80.06999969482422,76.4,103.29,1.98,0.6991,-0.9626,42.9439,50.47275161743164
2012-04-09,3.18,0.16,230.085,8.2,79.7300033569336,76.4,102.45,1.99,0.6976,-1.8479,38.4071,49.913414001464844
2012-04-10,3.13,0.15,230.085,8.2,79.88999938964844,76.4,101.12,1.99,0.7326,-2.6322,31.8211,48.895870208740234
2012-04-11,3.18,0.16,230.085,8.2,79.77999877929688,76.4,102.66,1.91,0.7312,-1.9667,35.5122,49.21123504638672
2012-04-12,3.22,0.15,230.085,8.2,79.27999877929688,76.4,103.69,1.87,0.7371,-1.0279,41.3216,49.74679946899414
2012-04-13,3.14,0.15,230.085,8.2,79.87999725341797,76.4,102.84,1.87,0.7197,-1.5449,38.6159,49.3599967956543
2012-04-16,3.12,0.15,230.085,8.2,79.55000305175781,76.4,102.92,1.88,0.7294,-1.7944,44.9467,49.99077606201172
2012-04-17,3.15,0.16,230.085,8.2,79.47000122070312,76.4,104.23,1.89,0.7448,-0.6952,52.1643,50.84764862060547
2012-04-18,3.13,0.15,230.085,8.2,79.52999877929688,76.4,102.65,1.87,0.7353,-0.0654,53.5312,51.026180267333984
2012-04-19,3.12,0.13,230.085,8.2,79.55999755859375,76.4,102.38,1.85,0.7227,-0.4753,51.0692,50.746490478515625
2012-04-20,3.12,0.12,230.085,8.2,79.18000030517578,76.4,103.58,1.82,0.7088,-0.8497,51.1721,50.75838088989258
2012-04-23,3.08,0.13,230.085,8.2,79.41999816894531,76.4,102.68,1.89,0.7236,-0.82,53.2375,50.99045181274414
2012-04-24,3.12,0.14,230.085,8.2,79.22000122070312,76.4,103.10,1.97,0.7037,0.2852,56.3952,51.35939407348633
2012-04-25,3.15,0.15,230.085,8.2,79.01000213623047,76.4,103.72,1.99,0.7154,1.1111,58.9926,51.68073654174805
2012-04-26,3.13,0.14,230.085,8.2,78.91000366210938,76.4,104.56,2.10,0.7365,0.7427,53.99,51.21658706665039
2012-04-27,3.12,0.13,230.085,8.2,78.69999694824219,76.4,104.86,2.05,0.7148,1.3072,54.0438,51.222530364990234
2012-04-30,3.12,0.16,230.085,8.2,78.79000091552734,76.4,104.89,2.10,0.7033,2.4777,55.5009,51.37725830078125
2012-05-01,3.16,0.16,229.815,8.2,78.86000061035156,79.3,106.17,2.29,0.712,2.5788,59.2472,51.793800354003906
2012-05-02,3.11,0.15,229.815,8.2,79.12999725341797,79.3,105.25,2.31,0.7125,1.5449,53.4337,51.29393768310547
2012-05-03,3.12,0.15,229.815,8.2,79.22000122070312,79.3,102.56,2.29,0.7075,1.6043,49.9759,50.96665954589844
2012-05-04,3.07,0.16,229.815,8.2,79.47000122070312,79.3,98.49,2.30,0.71,0.3327,43.9602,50.32400894165039
2012-05-07,3.07,0.16,229.815,8.2,79.5999984741211,79.3,97.86,2.30,0.6885,-0.5764,43.4904,50.27045440673828
2012-05-08,3.03,0.16,229.815,8.2,79.7300033569336,79.3,97.13,2.27,0.7058,-1.0279,41.0742,49.9967155456543
2012-05-09,3.03,0.15,229.815,8.2,80.08000183105469,79.3,96.80,2.36,0.7059,-1.1705,37.6017,49.57423782348633
2012-05-10,3.07,0.15,229.815,8.2,80.11000061035156,79.3,97.10,2.36,0.6999,-1.123,38.3917,49.634124755859375
2012-05-11,3.02,0.15,229.815,8.2,80.27999877929688,79.3,96.03,2.37,0.7033,-1.1992,40.515,49.7899284362793
2012-05-14,2.95,0.16,229.815,8.2,80.5999984741211,79.3,94.75,2.41,0.7018,-2.1539,35.5427,49.202762603759766
2012-05-15,2.91,0.16,229.815,8.2,81.22000122070312,79.3,93.97,2.38,0.7031,-2.6722,34.0283,49.00502014160156
2012-05-16,2.90,0.16,229.815,8.2,81.37000274658203,79.3,92.78,2.50,0.711,-1.9814,37.3392,49.23270797729492
2012-05-17,2.80,0.16,229.815,8.2,81.37999725341797,79.3,92.53,2.60,0.6999,-2.1429,36.0077,49.076927185058594
2012-05-18,2.80,0.16,229.815,8.2,81.29000091552734,79.3,91.51,2.56,0.7222,-2.5606,33.8103,48.81330871582031
2012-05-21,2.80,0.16,229.815,8.2,81.08000183105469,79.3,92.57,2.60,0.7159,-2.6355,39.0034,49.154815673828125
2012-05-22,2.88,0.16,229.815,8.2,81.66999816894531,79.3,91.44,2.55,0.7213,-2.1902,38.4899,49.10087585449219
2012-05-23,2.81,0.15,229.815,8.2,82.08999633789062,79.3,89.40,2.60,0.7604,-1.8096,39.3498,49.154815673828125
2012-05-24,2.86,0.15,229.815,8.2,82.29000091552734,79.3,90.36,2.66,0.752,-0.8269,44.6293,49.49633026123047
2012-05-25,2.85,0.15,229.815,8.2,82.4000015258789,79.3,90.64,2.56,0.753,-1.0905,41.051,49.17877197265625
2012-05-29,2.85,0.16,229.815,8.2,82.44000244140625,79.3,90.75,2.50,0.7556,-0.9069,40.0718,49.08891296386719
2012-05-30,2.72,0.16,229.815,8.2,83.01000213623047,79.3,87.79,2.39,0.8016,-1.7653,29.3243,47.80672073364258
2012-05-31,2.67,0.16,229.815,8.2,83.04000091552734,79.3,86.52,2.34,0.8183,-2.5187,25.3547,47.111698150634766
2012-06-01,2.53,0.16,229.478,8.2,82.88999938964844,73.2,83.17,2.24,0.8094,-3.0991,23.2776,46.6862678527832
2012-06-04,2.56,0.17,229.478,8.2,82.55000305175781,73.2,83.95,2.32,0.7965,-2.5666,23.0202,46.632354736328125
2012-06-05,2.63,0.17,229.478,8.2,82.80000305175781,73.2,84.31,2.39,0.7892,-2.5068,22.3402,46.49455642700195
2012-06-06,2.73,0.16,229.478,8.2,82.31999969482422,73.2,85.05,2.41,0.8456,-1.1906,42.7636,48.040382385253906
2012-06-07,2.75,0.16,229.478,8.2,82.05000305175781,73.2,84.78,2.33,0.8301,-0.7299,45.7981,48.34595489501953
2012-06-08,2.77,0.17,229.478,8.2,82.51000213623047,73.2,84.08,2.22,0.8332,-0.3769,46.6932,48.435829162597656
2012-06-11,2.71,0.17,229.478,8.2,82.51000213623047,73.2,82.58,2.22,0.8455,-1.0589,43.7372,48.094295501708984
2012-06-12,2.77,0.16,229.478,8.2,82.41000366210938,73.2,83.35,2.17,0.8381,-0.4128,49.694,48.68745422363281
2012-06-13,2.70,0.17,229.478,8.2,82.05000305175781,73.2,82.56,2.18,0.8363,-0.8436,46.3323,48.31000518798828
2012-06-14,2.73,0.17,229.478,8.2,81.9000015258789,73.2,83.83,2.20,0.8565,-0.2872,54.2654,49.2087287902832
2012-06-15,2.70,0.18,229.478,8.2,81.58999633789062,73.2,84.03,2.44,0.8517,0.682,59.0073,49.86181640625
2012-06-18,2.67,0.17,229.478,8.2,81.94000244140625,73.2,83.26,2.45,0.8281,0.706,58.3498,49.79590606689453
2012-06-19,2.73,0.17,229.478,8.2,81.37000274658203,73.2,83.99,2.59,0.8339,2.8059,63.7652,50.61676788330078
2012-06-20,2.72,0.16,229.478,8.2,81.48999786376953,73.2,81.06,2.60,0.8311,3.793,65.4933,50.910362243652344
2012-06-21,2.68,0.17,229.478,8.2,82.31999969482422,73.2,77.91,2.48,0.9136,2.5068,50.3879,49.19674301147461
2012-06-22,2.75,0.17,229.478,8.2,82.22000122070312,73.2,79.33,2.50,0.8958,2.5606,50.3879,49.19674301147461
2012-06-25,2.69,0.17,229.478,8.2,82.45999908447266,73.2,78.76,2.70,0.9314,2.1777,46.5964,48.67549514770508
2012-06-26,2.71,0.16,229.478,8.2,82.37000274658203,73.2,79.34,2.70,0.9401,1.3282,51.8038,49.37052917480469
2012-06-27,2.70,0.15,229.478,8.2,82.55999755859375,73.2,80.27,2.87,0.9268,1.5017,55.0585,49.849830627441406
2012-06-28,2.67,0.15,229.478,8.2,82.66999816894531,73.2,77.72,2.81,0.9222,1.3521,54.5625,49.7899284362793
2012-06-29,2.76,0.09,229.478,8.2,81.6500015258789,73.2,85.04,2.74,0.9674,3.1708,63.346,51.26982498168945
2012-07-02,2.69,0.18,229.104,8.2,81.87000274658203,72.3,83.72,2.73,0.9423,2.441,62.1414,51.13203811645508
2012-07-03,2.74,0.17,229.104,8.2,81.77999877929688,72.3,87.74,2.78,0.9152,3.3802,65.0654,51.69524002075195
2012-07-05,2.72,0.17,229.104,8.2,82.80999755859375,72.3,87.11,2.90,0.8981,2.0581,61.2194,51.26982498168945
2012-07-06,2.66,0.17,229.104,8.2,83.29000091552734,72.3,84.37,2.94,0.8925,0.9453,57.2659,50.80848693847656
2012-07-09,2.62,0.17,229.104,8.2,83.16000366210938,72.3,85.93,2.79,0.9048,0.3231,51.8775,50.11946487426758
2012-07-10,2.60,0.17,229.104,8.2,83.36000061035156,72.3,83.92,2.87,0.9069,-0.8196,49.5212,49.79590606689453
2012-07-11,2.60,0.17,229.104,8.2,83.56999969482422,72.3,85.88,2.72,0.9092,-0.353,54.7292,50.55683135986328
2012-07-12,2.57,0.18,229.104,8.2,83.6500015258789,72.3,86.02,2.83,0.8968,1.2025,53.512,50.401039123535156
2012-07-13,2.58,0.19,229.104,8.2,83.30000305175781,72.3,87.15,2.88,0.8947,2.0102,58.6539,51.20992660522461
2012-07-16,2.56,0.18,229.104,8.2,83.08999633789062,72.3,88.41,2.92,0.8654,2.2794,56.558,50.95827865600586
2012-07-17,2.59,0.17,229.104,8.2,83.02999877929688,72.3,89.07,2.83,0.8771,1.9922,59.1059,51.36569595336914
2012-07-18,2.59,0.16,229.104,8.2,82.94999694824219,72.3,89.88,2.84,0.8636,1.8008,60.8513,51.65330123901367
2012-07-19,2.61,0.13,229.104,8.2,82.9000015258789,72.3,92.78,2.99,0.8344,1.8606,60.8513,51.65330123901367
2012-07-20,2.55,0.13,229.104,8.2,83.47000122070312,72.3,91.56,3.03,0.8151,0.2273,59.2623,51.49750900268555
2012-07-23,2.52,0.14,229.104,8.2,83.70999908447266,72.3,87.77,3.05,0.8261,-0.0778,54.8705,51.05412673950195
2012-07-24,2.47,0.15,229.104,8.2,84.01000213623047,72.3,88.28,3.16,0.8423,-1.0171,51.3796,50.676666259765625
2012-07-25,2.46,0.15,229.104,8.2,83.5199966430664,72.3,88.80,3.19,0.8236,-0.1974,54.6357,51.07212448120117
2012-07-26,2.49,0.14,229.104,8.2,82.80999755859375,72.3,89.40,3.13,0.8272,1.029,60.2024,51.83905029296875
2012-07-27,2.63,0.14,229.104,8.2,82.70999908447266,72.3,90.13,3.10,0.8685,2.2734,63.6889,52.39625930786133
2012-07-30,2.58,0.14,229.104,8.2,82.79000091552734,72.3,89.80,3.14,0.8385,2.6623,64.0896,52.462158203125
2012-07-31,2.56,0.13,229.104,8.2,82.63999938964844,72.3,88.08,3.20,0.8158,1.4777,59.5236,52.03676223754883
2012-08-01,2.60,0.14,230.379,8.1,83.05999755859375,74.3,88.99,3.20,0.8118,1.6692,59.7843,52.07271194458008
2012-08-02,2.55,0.14,230.379,8.1,83.33000183105469,74.3,87.22,3.16,0.8141,0.2453,53.422,51.45558166503906
2012-08-03,2.65,0.14,230.379,8.1,82.37999725341797,74.3,91.40,2.91,0.8418,1.4957,60.7208,52.456172943115234
2012-08-06,2.65,0.14,230.379,8.1,82.2699966430664,74.3,92.30,2.90,0.8035,1.029,60.1134,52.39625930786133
2012-08-07,2.72,0.13,230.379,8.1,82.20999908447266,74.3,93.68,2.99,0.7696,1.023,62.0357,52.6778564453125
2012-08-08,2.75,0.13,230.379,8.1,82.38999938964844,74.3,93.39,2.97,0.7497,1.2384,63.4873,52.89353561401367
2012-08-09,2.78,0.13,230.379,8.1,82.63999938964844,74.3,93.39,2.89,0.7378,1.6871,65.4251,53.189056396484375
2012-08-10,2.74,0.13,230.379,8.1,82.55000305175781,74.3,92.94,2.84,0.7427,2.2744,66.3725,53.33378601074219
2012-08-13,2.74,0.13,230.379,8.1,82.44000244140625,74.3,92.76,2.77,0.7185,2.4706,64.0113,53.152870178222656
2012-08-14,2.82,0.13,230.379,8.1,82.4800033569336,74.3,93.40,2.79,0.699,2.1119,64.2849,53.189056396484375
2012-08-15,2.90,0.13,230.379,8.1,82.6500015258789,74.3,94.35,2.82,0.6818,1.2257,62.5768,53.068424224853516
2012-08-16,2.96,0.13,230.379,8.1,82.36000061035156,74.3,95.66,2.78,0.6722,1.0727,65.8504,53.472469329833984
2012-08-17,2.93,0.13,230.379,8.1,82.5999984741211,74.3,96.00,2.70,0.6564,0.8443,63.4419,53.309635162353516
2012-08-20,2.93,0.13,230.379,8.1,82.45999908447266,74.3,96.03,2.75,0.6427,0.9981,59.5337,53.03826904296875
2012-08-21,2.90,0.13,230.379,8.1,81.91000366210938,74.3,96.55,2.80,0.6462,0.6672,55.5228,52.74279022216797
2012-08-22,2.82,0.13,230.379,8.1,81.48999786376953,74.3,96.89,2.80,0.6383,1.446,57.2326,52.9056282043457
2012-08-23,2.79,0.13,230.379,8.1,81.36000061035156,74.3,95.87,2.81,0.6276,0.194,53.7699,52.65233612060547
2012-08-24,2.79,0.13,230.379,8.1,81.58999633789062,74.3,95.78,2.81,0.6417,0.6994,58.5306,53.09858703613281
2012-08-27,2.76,0.13,230.379,8.1,81.66000366210938,74.3,95.54,2.80,0.621,0.2315,55.9321,52.911643981933594
2012-08-28,2.75,0.13,230.379,8.1,81.37000274658203,74.3,96.30,2.71,0.6188,0.2329,58.2501,53.128753662109375
2012-08-29,2.77,0.13,230.379,8.1,81.55000305175781,74.3,95.50,2.64,0.594,-0.1806,56.4729,53.00814437866211
2012-08-30,2.75,0.14,230.379,8.1,81.68000030517578,74.3,94.61,2.72,0.5894,-0.7467,50.6482,52.58601379394531
2012-08-31,2.68,0.13,230.379,8.1,81.25,74.3,96.47,2.72,0.5778,-0.5058,51.4191,52.64630889892578
2012-09-04,2.69,0.14,231.407,7.8,81.31999969482422,78.3,95.34,2.81,0.577,-0.6503,49.908,52.53776550292969
2012-09-05,2.70,0.16,231.407,7.8,81.23999786376953,78.3,95.37,2.87,0.5614,-0.4034,51.6917,52.664390563964844
2012-09-06,2.80,0.16,231.407,7.8,81.08000183105469,78.3,95.58,2.85,0.6038,0.1927,62.9292,53.665470123291016
2012-09-07,2.81,0.15,231.407,7.8,80.25,78.3,96.41,2.73,0.6041,0.9153,67.4917,54.22629928588867
2012-09-10,2.83,0.15,231.407,7.8,80.36000061035156,78.3,96.52,2.66,0.5868,0.9213,63.5092,53.96094512939453
2012-09-11,2.84,0.15,231.407,7.8,79.86000061035156,78.3,97.03,2.82,0.5651,1.3006,64.2324,54.04537582397461
2012-09-12,2.92,0.15,231.407,7.8,79.73999786376953,78.3,97.02,2.96,0.5458,1.0959,63.5541,54.00316619873047
2012-09-13,2.95,0.15,231.407,7.8,79.26000213623047,78.3,98.30,3.01,0.5984,2.3604,71.368,55.01628494262695
2012-09-14,3.09,0.16,231.407,7.8,78.8499984741211,78.3,98.94,2.94,0.606,2.5591,75.0387,55.66154861450195
2012-09-17,3.03,0.16,231.407,7.8,79.01000213623047,78.3,96.51,2.83,0.6036,2.5109,71.4435,55.42636489868164
2012-09-18,3.00,0.16,231.407,7.8,79.25,78.3,95.25,2.74,0.5957,2.1376,69.0677,55.26956558227539
2012-09-19,2.97,0.15,231.407,7.8,79.05999755859375,78.3,91.97,2.70,0.6039,1.6077,60.1239,54.61827087402344
2012-09-20,2.96,0.16,231.407,7.8,79.41000366210938,78.3,92.14,2.76,0.6296,2.6012,64.4809,55.19116973876953
2012-09-21,2.95,0.15,231.407,7.8,79.33000183105469,78.3,92.64,2.76,0.6152,2.7819,66.1577,55.432395935058594
2012-09-24,2.91,0.16,231.407,7.8,79.5199966430664,78.3,91.68,2.82,0.6104,2.8662,65.8231,55.40828323364258
2012-09-25,2.86,0.15,231.407,7.8,79.55000305175781,78.3,91.07,2.84,0.6111,2.6554,64.5916,55.323829650878906
2012-09-26,2.79,0.15,231.407,7.8,79.88999938964844,78.3,89.92,2.92,0.6078,1.3488,60.1751,55.01628494262695
2012-09-27,2.83,0.14,231.407,7.8,79.55000305175781,78.3,91.89,3.01,0.61,1.132,63.2034,55.36003494262695
2012-09-28,2.82,0.09,231.407,7.8,79.94000244140625,78.3,92.18,3.08,0.6039,1.1862,60.1775,55.14896774291992
2012-10-01,2.81,0.15,231.317,7.8,79.81999969482422,82.6,92.44,3.19,0.6059,1.3127,62.13,55.36003494262695
2012-10-02,2.81,0.16,231.317,7.8,79.73999786376953,82.6,91.88,3.21,0.6013,1.3066,61.3891,55.31177520751953
2012-10-03,2.82,0.16,231.317,7.8,79.97000122070312,82.6,88.19,3.21,0.5857,0.283,61.1926,55.299739837646484
2012-10-04,2.89,0.15,231.317,7.8,79.3499984741211,82.6,91.69,3.23,0.5801,-0.0482,64.3842,55.61332702636719
2012-10-05,2.96,0.15,231.317,7.8,79.33999633789062,82.6,89.87,3.26,0.5722,0.3854,66.2794,55.81230926513672
2012-10-08,.,0.15,231.317,7.8,79.54000091552734,82.6,89.43,3.18,0.5671,0.6202,67.0239,55.89070510864258
2012-10-09,2.93,0.16,231.317,7.8,79.94999694824219,82.6,92.42,3.18,0.5803,0.9393,60.8982,55.559043884277344
2012-10-10,2.89,0.16,231.317,7.8,79.91999816894531,82.6,91.24,3.26,0.6017,-0.295,50.8819,54.89567947387695
2012-10-11,2.86,0.16,231.317,7.8,79.77999877929688,82.6,92.19,3.28,0.595,-0.4516,51.9648,54.98011779785156
2012-10-12,2.83,0.16,231.317,7.8,79.69000244140625,82.6,91.83,3.38,0.6046,-0.5118,50.7596,54.89567947387695
2012-10-15,2.85,0.16,231.317,7.8,79.73999786376953,82.6,91.84,3.35,0.6108,-0.1385,54.6436,55.18515396118164
2012-10-16,2.91,0.16,231.317,7.8,79.37000274658203,82.6,92.07,3.27,0.6089,0.6925,60.695,55.70980453491211
2012-10-17,2.98,0.15,231.317,7.8,79.0199966430664,82.6,92.04,3.24,0.6153,0.9574,66.314,56.31887435913086
2012-10-18,3.02,0.15,231.317,7.8,79.37000274658203,82.6,92.00,3.28,0.5972,1.2223,66.7699,56.373146057128906
2012-10-19,2.94,0.16,231.317,7.8,79.63999938964844,82.6,90.00,3.43,0.6371,0.2107,54.9377,55.571102142333984
2012-10-22,2.95,0.15,231.317,7.8,79.6500015258789,82.6,88.30,3.49,0.6423,0.283,55.1949,55.59521484375
2012-10-23,2.91,0.15,231.317,7.8,79.9800033569336,82.6,86.65,3.34,0.6902,-0.9153,42.1714,54.38308334350586
2012-10-24,2.93,0.17,231.317,7.8,79.97000122070312,82.6,85.39,3.43,0.6775,-1.409,40.6304,54.20216751098633
2012-10-25,2.98,0.16,231.317,7.8,80.04000091552734,82.6,85.59,3.39,0.6773,-1.2765,44.6254,54.53384780883789
2012-10-26,2.92,0.16,231.317,7.8,80.06999969482422,82.6,85.84,3.38,0.6745,-1.2404,45.9777,54.648433685302734
2012-10-31,2.85,0.18,231.317,7.8,79.91999816894531,82.6,86.23,3.50,0.6822,-0.5781,49.7997,54.98011779785156
2012-11-01,2.89,0.17,230.221,7.7,80.05000305175781,82.7,87.05,3.50,0.6967,0.3432,52.6218,55.23942565917969
2012-11-02,2.91,0.16,230.221,7.7,80.58999633789062,82.7,84.90,3.40,0.7278,-0.5419,44.3221,54.4373779296875
2012-11-05,2.88,0.17,230.221,7.7,80.75,82.7,85.64,3.34,0.7236,-0.2409,46.7695,54.65446472167969
2012-11-06,2.92,0.16,230.221,7.7,80.61000061035156,82.7,88.62,3.41,0.7329,0.0602,52.8458,55.245460510253906
2012-11-07,2.83,0.16,230.221,7.7,80.76000213623047,82.7,84.50,3.47,0.8244,-2.1858,38.8927,53.509918212890625
2012-11-08,2.77,0.16,230.221,7.7,80.79000091552734,82.7,85.07,3.45,0.8259,-3.4669,35.0031,52.83634948730469
2012-11-09,2.75,0.16,230.221,7.7,81.02999877929688,82.7,86.08,3.33,0.8247,-3.436,35.8769,52.92131423950195
2012-11-12,.,0.16,230.221,7.7,81.04000091552734,82.7,85.56,3.40,0.7978,-2.5685,36.5955,52.988059997558594
2012-11-13,2.72,0.16,230.221,7.7,81.08000183105469,82.7,85.38,3.57,0.8079,-3.1077,33.4736,52.47226333618164
2012-11-14,2.73,0.16,230.221,7.7,81.05999755859375,82.7,86.32,3.66,0.8035,-2.1398,32.0864,52.229522705078125
2012-11-15,2.72,0.16,230.221,7.7,81.08000183105469,82.7,85.45,3.63,0.7976,-1.9167,32.6127,52.271995544433594
2012-11-16,2.73,0.16,230.221,7.7,81.26000213623047,82.7,86.62,3.46,0.812,-2.06,35.0146,52.460113525390625
2012-11-19,2.76,0.16,230.221,7.7,80.87000274658203,82.7,89.05,3.63,0.8298,-1.4351,43.5429,53.2004508972168
2012-11-20,2.82,0.16,230.221,7.7,80.95999908447266,82.7,86.46,3.62,0.8186,-1.8693,42.702,53.0972785949707
2012-11-21,2.83,0.16,230.221,7.7,80.93000030517578,82.7,87.08,3.59,0.7835,-1.8191,46.0672,53.406768798828125
2012-11-23,2.83,0.16,230.221,7.7,80.19000244140625,82.7,87.01,3.59,0.7743,-0.3638,52.4377,54.06212615966797
2012-11-26,2.80,0.16,230.221,7.7,80.25,82.7,87.28,3.75,0.7648,-0.8654,49.6871,53.77693176269531
2012-11-27,2.79,0.16,230.221,7.7,80.4000015258789,82.7,86.81,3.77,0.77,-2.2251,43.1072,53.00625991821289
2012-11-28,2.79,0.16,230.221,7.7,80.33999633789062,82.7,86.10,3.71,0.7979,-0.0485,47.5266,53.46138381958008
2012-11-29,2.79,0.16,230.221,7.7,80.19999694824219,82.7,87.64,3.61,0.7867,0.6366,47.6434,53.47351837158203
2012-11-30,2.81,0.16,230.221,7.7,80.1500015258789,82.7,88.54,3.46,0.7554,0.5636,47.7686,53.485660552978516
2012-12-03,2.80,0.16,229.601,7.9,79.87999725341797,72.9,88.69,3.44,0.7495,0.1757,44.7169,53.164031982421875
2012-12-04,2.78,0.17,229.601,7.9,79.63999938964844,72.9,88.04,3.38,0.7298,0.4363,42.405,52.90917205810547
2012-12-05,2.78,0.16,229.601,7.9,79.7699966430664,72.9,87.36,3.41,0.7281,1.006,46.2526,53.23685073852539
2012-12-06,2.76,0.16,229.601,7.9,80.26000213623047,72.9,85.47,3.48,0.7116,1.1272,48.1188,53.40068435668945
2012-12-07,2.81,0.16,229.601,7.9,80.41999816894531,72.9,85.45,3.33,0.6984,1.303,52.0991,53.76478958129883
2012-12-10,2.80,0.16,229.601,7.9,80.33000183105469,72.9,85.14,3.35,0.6792,0.4485,50.7708,53.64949035644531
2012-12-11,2.83,0.17,229.601,7.9,80.05999755859375,72.9,85.36,3.39,0.6779,0.903,54.578,54.0014533996582
2012-12-12,2.90,0.17,229.601,7.9,79.88999938964844,72.9,86.35,3.33,0.6927,0.8727,57.3924,54.28059768676758
2012-12-13,2.90,0.16,229.601,7.9,79.93000030517578,72.9,85.39,3.27,0.6943,-0.3091,50.961,53.75266647338867
2012-12-14,2.87,0.17,229.601,7.9,79.5999984741211,72.9,86.32,3.15,0.6733,-0.3273,47.6558,53.44924545288086
2012-12-17,2.94,0.16,229.601,7.9,79.56999969482422,72.9,86.71,3.20,0.6624,0.9212,52.8583,53.928646087646484
2012-12-18,3.00,0.17,229.601,7.9,79.36000061035156,72.9,87.46,3.29,0.6662,0.8848,56.8886,54.347347259521484
2012-12-19,2.99,0.17,229.601,7.9,79.25,72.9,89.09,3.25,0.6718,0.1917,49.4715,53.66770935058594
2012-12-20,2.98,0.17,229.601,7.9,79.26000213623047,72.9,89.76,3.35,0.6654,0.4545,52.182,53.94077682495117
2012-12-21,2.93,0.17,229.601,7.9,79.62000274658203,72.9,88.20,3.42,0.6993,-0.2303,43.0753,52.93342208862305
2012-12-24,2.94,0.18,229.601,7.9,79.63999938964844,72.9,88.29,3.30,0.6718,-0.1636,41.6147,52.74531936645508
2012-12-26,2.94,0.17,229.601,7.9,79.62000274658203,72.9,90.71,3.35,0.6719,-0.4,42.6284,52.83634948730469
2012-12-27,2.89,0.17,229.601,7.9,79.62000274658203,72.9,90.91,3.31,0.6884,-0.6909,41.541,52.708900451660156
2012-12-28,2.88,0.17,229.601,7.9,79.68000030517578,72.9,90.66,3.40,0.7167,-2.1211,33.7667,51.6408805847168
2012-12-31,2.95,0.09,229.601,7.9,79.7699966430664,72.9,91.83,3.43,0.7504,-1.1272,43.1983,52.52079772949219
2013-01-02,3.04,0.17,230.28,8.0,79.8499984741211,73.8,93.14,3.30,0.7907,-0.1697,53.7613,53.831546783447266
2013-01-03,3.12,0.17,230.28,8.0,80.43000030517578,73.8,92.97,3.19,0.7658,-0.5454,52.9754,53.73445129394531
2013-01-04,3.10,0.16,230.28,8.0,80.5,73.8,93.12,3.20,0.7423,0.2303,54.7988,53.98323440551758
2013-01-07,3.10,0.16,230.28,8.0,80.26000213623047,73.8,93.20,3.30,0.7494,-0.0909,49.596,53.358219146728516
2013-01-08,3.06,0.15,230.28,8.0,80.3499984741211,73.8,93.21,3.21,0.7474,-0.2364,52.2055,53.691978454589844
2013-01-09,3.06,0.14,230.28,8.0,80.55999755859375,73.8,93.08,3.14,0.728,-0.8606,50.4661,53.485660552978516
2013-01-10,3.08,0.14,230.28,8.0,79.73999786376953,73.8,93.81,3.08,0.734,0.4022,55.0227,54.068214416503906
2013-01-11,3.05,0.14,230.28,8.0,79.55999755859375,73.8,93.60,3.18,0.7182,0.4363,57.2715,54.37769317626953
2013-01-14,3.05,0.14,230.28,8.0,79.48999786376953,73.8,94.27,3.39,0.6855,1.4242,57.0907,54.359474182128906
2013-01-15,3.02,0.15,230.28,8.0,79.77999877929688,73.8,93.26,3.40,0.663,1.5817,56.769,54.32914733886719
2013-01-16,3.01,0.14,230.28,8.0,79.80000305175781,73.8,94.28,3.43,0.6355,1.4545,56.3586,54.292728424072266
2013-01-17,3.06,0.14,230.28,8.0,79.6500015258789,73.8,95.49,3.44,0.6538,2.0241,60.1348,54.73570251464844
2013-01-18,3.03,0.14,230.28,8.0,80.05000305175781,73.8,95.61,3.54,0.6503,3.4544,62.9708,55.09980773925781
2013-01-22,3.02,0.14,230.28,8.0,79.87000274658203,73.8,96.09,3.63,0.6355,2.6484,63.5297,55.17263412475586
2013-01-23,3.02,0.13,230.28,8.0,79.91999816894531,73.8,95.06,3.53,0.6117,1.206,61.6915,55.039127349853516
2013-01-24,3.04,0.15,230.28,8.0,79.94999694824219,73.8,95.35,3.56,0.6122,1.6969,64.921,55.43357467651367
2013-01-25,3.14,0.14,230.28,8.0,79.75,73.8,95.15,3.42,0.5975,1.6787,66.689,55.66416549682617
2013-01-28,3.15,0.14,230.28,8.0,79.77999877929688,73.8,95.95,3.25,0.5964,1.9272,61.2636,55.287933349609375
2013-01-29,3.18,0.12,230.28,8.0,79.55999755859375,73.8,97.62,3.14,0.5893,1.9878,64.5222,55.68238067626953
2013-01-30,3.19,0.12,230.28,8.0,79.27999877929688,73.8,97.98,3.24,0.6069,1.5333,56.0128,55.02090835571289
2013-01-31,3.17,0.15,230.28,8.0,79.20999908447266,73.8,97.65,3.33,0.6272,0.5272,51.3309,54.59613800048828
2013-02-01,3.21,0.14,232.166,7.7,79.12999725341797,77.6,97.46,3.34,0.6317,0.2606,51.7651,54.638614654541016
2013-02-04,3.17,0.13,232.166,7.7,79.55000305175781,77.6,96.21,3.27,0.6386,-0.2606,46.1301,54.09855270385742
2013-02-05,3.21,0.13,232.166,7.7,79.48999786376953,77.6,96.68,3.34,0.638,0.1273,50.0147,54.45657730102539
2013-02-06,3.18,0.13,232.166,7.7,79.72000122070312,77.6,96.44,3.41,0.7354,0.1939,50.3415,54.48691940307617
2013-02-07,3.17,0.13,232.166,7.7,80.19000244140625,77.6,95.84,3.39,0.753,-0.8363,44.2914,53.89453887939453
2013-02-08,3.17,0.14,232.166,7.7,80.25,77.6,95.71,3.26,0.7293,-0.9804,46.8604,54.1143913269043
2013-02-11,3.16,0.14,232.166,7.7,80.30999755859375,77.6,97.01,3.20,0.705,-1.2544,44.8201,53.912845611572266
2013-02-12,3.19,0.13,232.166,7.7,80.11000061035156,77.6,97.48,3.30,0.6852,-1.0112,46.1962,54.02278137207031
2013-02-13,3.23,0.14,232.166,7.7,80.08999633789062,77.6,97.03,3.29,0.6593,-1.2771,47.8308,54.15101623535156
2013-02-14,3.17,0.14,232.166,7.7,80.45999908447266,77.6,97.30,3.30,0.6449,-1.5989,46.7385,54.05944061279297
2013-02-15,3.18,0.16,232.166,7.7,80.58000183105469,77.6,95.95,3.19,0.6341,-1.3207,45.5438,53.96172332763672
2013-02-19,3.21,0.15,232.166,7.7,80.47000122070312,77.6,96.69,3.23,0.6346,-1.1291,53.2634,54.547977447509766
2013-02-20,3.20,0.15,232.166,7.7,81.08999633789062,77.6,94.92,3.34,0.6293,-0.682,50.4551,54.33424377441406
2013-02-21,3.17,0.16,232.166,7.7,81.45999908447266,77.6,92.79,3.29,0.6131,-0.4896,47.5254,54.10216522216797
2013-02-22,3.15,0.16,232.166,7.7,81.4800033569336,77.6,93.12,3.27,0.6074,-0.1599,52.3124,54.47469711303711
2013-02-25,3.08,0.15,232.166,7.7,81.66999816894531,77.6,92.74,3.42,0.6725,-0.5355,42.1337,53.55864334106445
2013-02-26,3.08,0.14,232.166,7.7,81.87000274658203,77.6,92.63,3.46,0.6803,-0.399,48.0159,54.05332946777344
2013-02-27,3.11,0.14,232.166,7.7,81.5999984741211,77.6,92.84,3.49,0.69,0.1929,54.3137,54.676239013671875
2013-02-28,3.10,0.14,232.166,7.7,81.9800033569336,77.6,92.03,3.48,0.6747,0.7929,54.4303,54.68844985961914
2013-03-01,3.06,0.14,232.773,7.5,82.30999755859375,78.6,90.71,3.54,0.6597,0.5002,53.5474,54.61516189575195
2013-03-04,3.08,0.16,232.773,7.5,82.22000122070312,78.6,90.13,3.53,0.6548,0.4087,50.0503,54.322021484375
2013-03-05,3.10,0.15,232.773,7.5,82.08999633789062,78.6,90.88,3.63,0.6603,0.7014,54.4549,54.725101470947266
2013-03-06,3.15,0.15,232.773,7.5,82.45999908447266,78.6,90.47,3.57,0.6524,0.5429,54.0659,54.69455337524414
2013-03-07,3.20,0.16,232.773,7.5,82.08000183105469,78.6,91.53,3.54,0.6528,0.1159,47.8134,54.17546081542969
2013-03-08,3.25,0.15,232.773,7.5,82.69999694824219,78.6,92.01,3.57,0.6445,0.3721,49.7285,54.33424377441406
2013-03-11,3.26,0.16,232.773,7.5,82.56999969482422,78.6,92.07,3.64,0.6424,-0.0976,51.1396,54.45027160644531
2013-03-12,3.22,0.15,232.773,7.5,82.58000183105469,78.6,92.44,3.71,0.6357,0.1159,51.1396,54.45027160644531
2013-03-13,3.22,0.14,232.773,7.5,82.88999938964844,78.6,92.47,3.72,0.6195,0.4087,51.9627,54.51133728027344
2013-03-14,3.25,0.15,232.773,7.5,82.61000061035156,78.6,93.03,3.74,0.6036,0.3843,56.4643,54.85943603515625
2013-03-15,3.22,0.16,232.773,7.5,82.26000213623047,78.6,93.49,3.89,0.6058,1.0186,52.2119,54.57853317260742
2013-03-18,3.18,0.16,232.773,7.5,82.69000244140625,78.6,93.71,3.98,0.5991,0.1586,47.217,54.21209716796875
2013-03-19,3.13,0.15,232.773,7.5,82.98999786376953,78.6,92.44,3.96,0.6029,-0.5794,45.7252,54.096073150634766
2013-03-20,3.19,0.15,232.773,7.5,82.77999877929688,78.6,93.21,3.97,0.5995,-0.5611,46.2068,54.1265983581543
2013-03-21,3.15,0.16,232.773,7.5,82.80000305175781,78.6,92.46,4.01,0.5889,-0.7685,42.4725,53.845699310302734
2013-03-22,3.13,0.15,232.773,7.5,82.52999877929688,78.6,93.41,4.01,0.5956,0.2074,52.5316,54.52967071533203
2013-03-25,3.14,0.15,232.773,7.5,82.87000274658203,78.6,94.55,4.08,0.6071,-0.3599,50.2504,54.364784240722656
2013-03-26,3.13,0.14,232.773,7.5,82.87999725341797,78.6,95.99,3.99,0.6195,0.3477,58.2727,55.04267120361328
2013-03-27,3.09,0.12,232.773,7.5,83.20999908447266,78.6,96.53,4.08,0.6304,1.1406,61.0172,55.317466735839844
2013-03-28,3.10,0.13,232.773,7.5,82.98999786376953,78.6,97.24,4.03,0.6285,0.6953,56.8142,55.03043746948242
2013-04-01,3.08,0.16,232.531,7.6,82.7300033569336,76.4,97.10,3.97,0.6274,0.982,60.8884,55.433502197265625
2013-04-02,3.10,0.15,232.531,7.6,82.94000244140625,76.4,97.23,4.07,0.6105,0.8661,59.1581,55.317466735839844
2013-04-03,3.05,0.14,232.531,7.6,82.72000122070312,76.4,95.02,4.00,0.6091,0.4087,53.5516,54.92051315307617
2013-04-04,2.99,0.14,232.531,7.6,82.68000030517578,76.4,93.26,3.94,0.6137,-0.0366,52.2392,54.82279968261719
2013-04-05,2.87,0.15,232.531,7.6,82.5,76.4,92.76,3.98,0.6296,-0.2196,46.4197,54.35866928100586
2013-04-08,2.91,0.15,232.531,7.6,82.75,76.4,93.36,4.18,0.6264,-0.1037,43.5981,54.108272552490234
2013-04-09,2.94,0.15,232.531,7.6,82.30999755859375,76.4,94.18,4.08,0.6144,0.1159,45.0885,54.21209716796875
2013-04-10,3.01,0.15,232.531,7.6,82.52999877929688,76.4,94.59,4.07,0.6123,0.0305,44.4193,54.15711212158203
2013-04-11,3.01,0.15,232.531,7.6,82.25,76.4,93.44,4.11,0.6139,0.6404,49.2833,54.48691177368164
2013-04-12,2.92,0.15,232.531,7.6,82.30999755859375,76.4,91.23,4.21,0.6053,-0.183,47.3814,54.34645080566406
2013-04-15,2.88,0.15,232.531,7.6,82.41999816894531,76.4,88.75,4.23,0.6806,-1.5432,32.6376,52.819705963134766
2013-04-16,2.91,0.15,232.531,7.6,81.75,76.4,88.73,4.19,0.6819,-2.147,33.7039,52.89299774169922
2013-04-17,2.89,0.15,232.531,7.6,82.66000366210938,76.4,86.65,4.24,0.7024,-2.7448,31.3439,52.569305419921875
2013-04-18,2.87,0.15,232.531,7.6,82.55000305175781,76.4,87.83,4.23,0.7089,-2.1287,36.2426,52.89910888671875
2013-04-19,2.88,0.15,232.531,7.6,82.70999908447266,76.4,88.04,4.38,0.7044,-2.025,42.9773,53.40599060058594
2013-04-22,2.88,0.15,232.531,7.6,82.68000030517578,76.4,88.81,4.33,0.6992,-1.5188,47.5757,53.79682159423828
2013-04-23,2.90,0.14,232.531,7.6,83.02999877929688,76.4,89.21,4.27,0.7168,-0.3843,54.9693,54.5357780456543
2013-04-24,2.89,0.13,232.531,7.6,82.93000030517578,76.4,91.07,4.25,0.6913,-0.2074,55.6924,54.61516189575195
2013-04-25,2.91,0.13,232.531,7.6,82.73999786376953,76.4,93.27,4.19,0.7195,-0.5733,47.1613,53.78462219238281
2013-04-26,2.87,0.13,232.531,7.6,82.4800033569336,76.4,92.63,4.16,0.6977,-0.366,46.7642,53.74184799194336
2013-04-29,2.88,0.13,232.531,7.6,82.1500015258789,76.4,94.09,4.28,0.684,-0.3416,48.1739,53.8701057434082
2013-04-30,2.88,0.14,232.531,7.6,81.7300033569336,76.4,93.22,4.30,0.6888,0.1891,53.1377,54.34645080566406
2013-05-01,2.83,0.14,232.945,7.5,81.63999938964844,84.5,90.74,4.31,0.7054,-1.043,44.4402,53.442604064941406
2013-05-02,2.82,0.15,232.945,7.5,82.20999908447266,84.5,93.70,4.28,0.7129,-0.2196,50.9792,54.1265983581543
2013-05-03,2.96,0.14,232.945,7.5,82.0999984741211,84.5,95.25,3.98,0.73,2.1531,57.6422,54.9754753112793
2013-05-06,2.98,0.14,232.945,7.5,82.31999969482422,84.5,95.80,3.93,0.7192,2.4215,60.001,55.317466735839844
2013-05-07,3.00,0.12,232.945,7.5,82.30000305175781,84.5,95.28,3.88,0.7116,3.0924,62.3022,55.665584564208984
2013-05-08,2.99,0.12,232.945,7.5,81.9000015258789,84.5,96.24,3.86,0.6965,3.0985,64.4287,56.001461029052734
2013-05-09,3.01,0.12,232.945,7.5,82.79000091552734,84.5,96.09,3.87,0.6849,2.5679,64.1453,55.97684860229492
2013-05-10,3.10,0.12,232.945,7.5,83.13999938964844,84.5,95.81,3.90,0.6904,1.6309,57.9908,55.42958450317383
2013-05-13,3.13,0.12,232.945,7.5,83.26000213623047,84.5,94.76,3.87,0.6722,0.8683,57.7228,55.40497589111328
2013-05-14,3.17,0.11,232.945,7.5,83.56999969482422,84.5,93.96,3.93,0.6755,1.4093,62.4434,56.026065826416016
2013-05-15,3.16,0.12,232.945,7.5,83.83000183105469,84.5,93.95,4.03,0.6672,2.3187,63.0158,56.10600662231445
2013-05-16,3.09,0.11,232.945,7.5,83.7699966430664,84.5,94.85,4.01,0.6541,2.0297,58.9936,55.77393341064453
2013-05-17,3.17,0.1,232.945,7.5,84.27999877929688,84.5,95.72,3.89,0.6666,2.5527,63.8688,56.425777435302734
2013-05-20,3.18,0.1,232.945,7.5,83.80999755859375,84.5,96.29,4.10,0.6729,2.5437,66.9068,56.89308166503906
2013-05-21,3.14,0.09,232.945,7.5,83.86000061035156,84.5,95.55,4.13,0.6709,3.6183,67.9751,57.0652961730957
2013-05-22,3.21,0.08,232.945,7.5,84.25,84.5,93.98,4.16,0.6971,2.5606,63.1891,56.6901741027832
2013-05-23,3.20,0.08,232.945,7.5,83.80000305175781,84.5,94.12,4.15,0.6912,1.4671,60.1961,56.4442024230957
2013-05-24,3.18,0.09,232.945,7.5,83.69999694824219,84.5,93.84,4.15,0.6765,0.9658,58.2643,56.284324645996094
2013-05-28,3.31,0.09,232.945,7.5,84.13999938964844,84.5,94.65,4.19,0.7006,1.1402,62.5012,56.80701446533203
2013-05-29,3.27,0.08,232.945,7.5,83.63999938964844,84.5,93.13,4.15,0.6867,0.6205,60.1791,56.622535705566406
2013-05-30,3.28,0.08,232.945,7.5,83.01000213623047,84.5,93.57,4.12,0.685,0.651,60.2322,56.62866973876953
2013-05-31,3.30,0.09,232.945,7.5,83.37999725341797,84.5,91.93,4.02,0.7199,0.2027,48.8754,55.632511138916016
2013-06-03,3.27,0.1,233.504,7.5,82.68000030517578,84.1,93.41,4.00,0.7141,0.8353,54.519,56.24127960205078
2013-06-04,3.30,0.11,233.504,7.5,82.7699966430664,84.1,93.36,4.00,0.7188,-0.1965,50.4593,55.829288482666016
2013-06-05,3.25,0.09,233.504,7.5,82.56999969482422,84.1,93.66,3.99,0.7337,-0.9765,44.4009,55.12826156616211
2013-06-06,3.23,0.1,233.504,7.5,81.5199966430664,84.1,94.71,3.93,0.7353,-0.2887,47.8327,55.48492431640625
2013-06-07,3.33,0.09,233.504,7.5,81.69000244140625,84.1,96.11,3.79,0.7385,-0.1904,54.232,56.23513412475586
2013-06-10,3.36,0.09,233.504,7.5,81.6500015258789,84.1,95.82,3.85,0.7326,-0.8598,52.361,56.03220748901367
2013-06-11,3.33,0.09,233.504,7.5,81.05999755859375,84.1,95.50,3.77,0.7194,-1.4371,48.7392,55.62635803222656
2013-06-12,3.37,0.08,233.504,7.5,80.95999908447266,84.1,95.98,3.74,0.7439,-1.5047,45.0763,55.18360900878906
2013-06-13,3.33,0.09,233.504,7.5,80.62000274658203,84.1,96.66,3.73,0.7829,-0.2825,53.4044,56.161346435546875
2013-06-14,3.28,0.1,233.504,7.5,80.66999816894531,84.1,97.83,3.76,0.7723,-0.5835,49.5851,55.70014190673828
2013-06-17,3.35,0.11,233.504,7.5,80.56999969482422,84.1,97.86,3.78,0.7694,-0.5343,53.9801,56.27202606201172
2013-06-18,3.34,0.12,233.504,7.5,80.62000274658203,84.1,98.46,3.90,0.7495,-0.0921,55.8519,56.53029251098633
2013-06-19,3.41,0.1,233.504,7.5,81.43000030517578,84.1,98.24,3.93,0.7517,-0.6694,50.9137,55.95839309692383
2013-06-20,3.49,0.1,233.504,7.5,81.83999633789062,84.1,94.89,3.90,0.795,-0.8721,42.4404,54.759315490722656
2013-06-21,3.56,0.1,233.504,7.5,82.31999969482422,84.1,93.81,3.85,0.7948,-1.216,44.6288,55.02371597290039
2013-06-24,3.56,0.1,233.504,7.5,82.43000030517578,84.1,95.07,3.81,0.8029,-1.4187,40.7488,54.40880584716797
2013-06-25,3.60,0.09,233.504,7.5,82.58000183105469,84.1,95.25,3.77,0.7956,-0.3316,44.0491,54.79621505737305
2013-06-26,3.58,0.09,233.504,7.5,82.94999694824219,84.1,95.47,3.72,0.7931,-0.2641,47.4983,55.22050857543945
2013-06-27,3.54,0.09,233.504,7.5,82.91000366210938,84.1,97.00,3.73,0.7746,-0.866,48.6833,55.36808395385742
2013-06-28,3.52,0.07,233.504,7.5,83.16999816894531,84.1,96.36,3.57,0.7715,-0.4729,50.2454,55.55870819091797
2013-07-01,3.48,0.1,233.596,7.3,82.9800033569336,85.1,97.94,3.52,0.7677,-0.0983,49.9811,55.52797317504883
2013-07-02,3.47,0.1,233.596,7.3,83.54000091552734,85.1,99.65,3.58,0.7559,0.5527,51.8362,55.737056732177734
2013-07-03,3.49,0.1,233.596,7.3,83.2300033569336,85.1,101.92,3.54,0.7339,-0.3931,52.1175,55.767784118652344
2013-07-05,3.68,0.1,233.596,7.3,84.41999816894531,85.1,103.09,3.52,0.7271,0.608,56.889,56.308902740478516
2013-07-08,3.63,0.1,233.596,7.3,84.19999694824219,85.1,103.03,3.65,0.7173,0.4545,60.1902,56.72706985473633
2013-07-09,3.64,0.1,233.596,7.3,84.58000183105469,85.1,103.46,3.69,0.7183,0.866,64.8382,57.3973503112793
2013-07-10,3.68,0.09,233.596,7.3,84.04000091552734,85.1,106.41,3.69,0.7115,1.1178,61.169,57.077579498291016
2013-07-11,3.64,0.09,233.596,7.3,82.75,85.1,104.77,3.64,0.7041,2.5918,63.1143,57.35429000854492
2013-07-12,3.64,0.09,233.596,7.3,82.98999786376953,85.1,105.85,3.61,0.6856,2.4075,63.6804,57.43425750732422
2013-07-15,3.61,0.09,233.596,7.3,83.04000091552734,85.1,106.20,3.67,0.6546,2.9296,62.4888,57.342010498046875
2013-07-16,3.58,0.09,233.596,7.3,82.43000030517578,85.1,105.88,3.69,0.6386,2.5734,62.739,57.37275314331055
2013-07-17,3.57,0.09,233.596,7.3,82.70999908447266,85.1,106.39,3.67,0.6193,2.2478,63.5766,57.47111892700195
2013-07-18,3.63,0.09,233.596,7.3,82.81999969482422,85.1,107.94,3.66,0.6356,2.6655,68.0269,58.03687286376953
2013-07-19,3.56,0.09,233.596,7.3,82.58000183105469,85.1,108.00,3.78,0.6284,2.9603,71.2728,58.52265167236328
2013-07-22,3.55,0.09,233.596,7.3,82.22000122070312,85.1,106.61,3.71,0.6019,2.7822,68.0699,58.31357955932617
2013-07-23,3.58,0.09,233.596,7.3,82.01000213623047,85.1,107.13,3.68,0.5879,2.8006,69.6674,58.54111099243164
2013-07-24,3.65,0.09,233.596,7.3,82.30000305175781,85.1,105.41,3.70,0.5849,2.6409,67.6002,58.41196823120117
2013-07-25,3.65,0.09,233.596,7.3,81.97000122070312,85.1,105.47,3.68,0.5822,2.0882,67.3951,58.39969253540039
2013-07-26,3.61,0.09,233.596,7.3,81.62000274658203,85.1,104.76,3.59,0.5902,1.56,65.4698,58.28899383544922
2013-07-29,3.66,0.08,233.596,7.3,81.66000366210938,85.1,104.61,3.49,0.6,0.4238,57.9433,57.821659088134766
2013-07-30,3.67,0.09,233.596,7.3,81.83000183105469,85.1,103.14,3.48,0.5953,0.608,55.9385,57.68635177612305
2013-07-31,3.64,0.09,233.596,7.3,81.44999694824219,85.1,105.10,3.46,0.6065,0.2948,55.3758,57.64945983886719
2013-08-01,3.77,0.08,233.877,7.2,82.33999633789062,82.1,107.93,3.44,0.6729,-0.4115,46.7635,57.0222282409668
2013-08-02,3.69,0.09,233.877,7.2,81.91000366210938,82.1,106.94,3.39,0.6858,-0.7984,41.4541,56.5426025390625
2013-08-05,3.73,0.08,233.877,7.2,81.87999725341797,82.1,106.61,3.33,0.678,-1.0502,39.2397,56.32121276855469
2013-08-06,3.73,0.09,233.877,7.2,81.5999984741211,82.1,105.32,3.35,0.6572,-1.2222,38.5014,56.247432708740234
2013-08-07,3.68,0.09,233.877,7.2,81.29000091552734,82.1,104.41,3.32,0.6286,-1.8671,37.6745,56.16748046875
2013-08-08,3.65,0.09,233.877,7.2,81.01000213623047,82.1,103.45,3.27,0.614,-2.082,42.1997,56.43804931640625
2013-08-09,3.63,0.08,233.877,7.2,81.12999725341797,82.1,106.04,3.32,0.6113,-2.1373,39.204,56.17180633544922
2013-08-12,3.67,0.08,233.877,7.2,81.33000183105469,82.1,106.19,3.34,0.6131,-2.8778,34.1322,55.657901763916016
2013-08-13,3.75,0.08,233.877,7.2,81.7300033569336,82.1,106.78,3.34,0.6038,-3.0519,31.5381,55.35450744628906
2013-08-14,3.75,0.09,233.877,7.2,81.69999694824219,82.1,106.89,3.36,0.5863,-3.3179,29.3333,55.07585525512695
2013-08-15,3.81,0.08,233.877,7.2,81.12999725341797,82.1,107.43,3.34,0.5837,-3.6959,25.909,54.586727142333984
2013-08-16,3.86,0.09,233.877,7.2,81.26000213623047,82.1,107.58,3.35,0.5791,-3.3838,24.9176,54.43192672729492
2013-08-19,3.89,0.09,233.877,7.2,81.2300033569336,82.1,107.14,3.46,0.5877,-3.8609,21.4221,53.81893539428711
2013-08-20,3.86,0.09,233.877,7.2,80.91000366210938,82.1,104.90,3.48,0.5916,-3.8797,21.1318,53.76322555541992
2013-08-21,3.90,0.08,233.877,7.2,81.31999969482422,82.1,103.93,3.51,0.5918,-3.5068,19.8148,53.50934600830078
2013-08-22,3.88,0.09,233.877,7.2,81.48999786376953,82.1,104.93,3.52,0.5937,-2.6814,26.5484,53.8560905456543
2013-08-23,3.80,0.08,233.877,7.2,81.33999633789062,82.1,106.48,3.50,0.5924,-2.1264,32.44,54.19044876098633
2013-08-26,3.77,0.08,233.877,7.2,81.37000274658203,82.1,105.88,3.55,0.5889,-2.3186,30.3522,53.92420196533203
2013-08-27,3.70,0.07,233.877,7.2,81.16999816894531,82.1,109.11,3.50,0.5871,-2.4057,29.0864,53.75701141357422
2013-08-28,3.75,0.07,233.877,7.2,81.41999816894531,82.1,110.17,3.54,0.641,-1.4267,46.9214,55.00775909423828
2013-08-29,3.70,0.08,233.877,7.2,81.94999694824219,82.1,108.51,3.58,0.6663,-2.1336,38.7616,54.03565216064453
2013-08-30,3.70,0.07,233.877,7.2,82.08999633789062,82.1,107.98,3.57,0.6523,-1.6883,38.2596,53.96755599975586
2013-09-03,3.79,0.09,234.149,7.2,82.36000061035156,77.5,108.67,3.64,0.6572,-1.3915,38.2111,53.96136474609375
2013-09-04,3.80,0.08,234.149,7.2,82.16999816894531,77.5,107.29,3.68,0.6579,-0.7359,42.9567,54.33904266357422
2013-09-05,3.88,0.08,234.149,7.2,82.62999725341797,77.5,108.50,3.70,0.6538,-0.5009,40.6944,54.08518600463867
2013-09-06,3.87,0.08,234.149,7.2,82.1500015258789,77.5,110.62,3.55,0.6482,-0.4082,40.1391,54.02326202392578
2013-09-09,3.84,0.08,234.149,7.2,81.79000091552734,77.5,109.62,3.62,0.6436,0.6926,46.3651,54.512413024902344
2013-09-10,3.88,0.08,234.149,7.2,81.81999969482422,77.5,107.48,3.65,0.6471,0.6122,44.9627,54.37620162963867
2013-09-11,3.85,0.08,234.149,7.2,81.5199966430664,77.5,107.65,3.60,0.6464,1.4966,52.1844,55.00775909423828
2013-09-12,3.85,0.08,234.149,7.2,81.48999786376953,77.5,108.72,3.57,0.6433,0.6184,46.6289,54.475257873535156
2013-09-13,3.84,0.08,234.149,7.2,81.44999694824219,77.5,108.31,3.60,0.6371,0.5442,49.4587,54.73529815673828
2013-09-16,3.87,0.08,234.149,7.2,81.25,77.5,106.54,3.64,0.626,0.9771,51.2483,54.90248489379883
2013-09-17,3.84,0.08,234.149,7.2,81.16999816894531,77.5,105.36,3.77,0.6123,1.3111,53.039,55.06967544555664
2013-09-18,3.75,0.08,234.149,7.2,80.23999786376953,77.5,108.23,3.72,0.6348,0.4576,57.0647,55.465938568115234
2013-09-19,3.80,0.09,234.149,7.2,80.36000061035156,77.5,106.26,3.73,0.623,1.243,54.6977,55.28019332885742
2013-09-20,3.77,0.08,234.149,7.2,80.44000244140625,77.5,104.70,3.68,0.6298,0.9276,50.0748,54.89630126953125
2013-09-23,3.73,0.09,234.149,7.2,80.44999694824219,77.5,103.62,3.66,0.6409,0.3711,44.1737,54.33285140991211
2013-09-24,3.67,0.09,234.149,7.2,80.55999755859375,77.5,103.22,3.59,0.63,-0.2474,41.8949,54.091365814208984
2013-09-25,3.65,0.08,234.149,7.2,80.33000183105469,77.5,102.68,3.52,0.6146,-0.1299,40.6219,53.95515060424805
2013-09-26,3.69,0.08,234.149,7.2,80.5199966430664,77.5,103.10,3.49,0.599,-0.1113,40.2034,53.91182327270508
2013-09-27,3.68,0.08,234.149,7.2,80.2699966430664,77.5,102.86,3.51,0.5765,-0.705,39.1483,53.80656433105469
2013-09-30,3.69,0.06,234.149,7.2,80.22000122070312,77.5,102.36,3.48,0.5923,-1.1008,34.2513,53.2740592956543
2013-10-01,3.72,0.08,233.546,7.2,80.0999984741211,73.2,102.09,3.56,0.5747,-1.7563,34.0381,53.249290466308594
2013-10-02,3.70,0.07,233.546,7.2,79.87999725341797,73.2,104.15,3.63,0.5703,-1.175,34.911,53.298828125
2013-10-03,3.71,0.08,233.546,7.2,79.7699966430664,73.2,103.29,3.58,0.5623,-1.7935,31.6416,52.93971633911133
2013-10-04,3.73,0.08,233.546,7.2,80.12000274658203,73.2,103.83,3.57,0.5628,-1.4533,40.1721,53.447425842285156
2013-10-07,3.70,0.08,233.546,7.2,79.94000244140625,73.2,103.07,3.62,0.569,-1.88,37.585,53.187381744384766
2013-10-08,3.70,0.08,233.546,7.2,80.05999755859375,73.2,103.54,3.72,0.5495,-2.517,35.3109,52.94590759277344
2013-10-09,3.73,0.09,233.546,7.2,80.37000274658203,73.2,101.63,3.70,0.5438,-2.5479,33.3602,52.72917556762695
2013-10-10,3.75,0.09,233.546,7.2,80.41999816894531,73.2,103.08,3.74,0.5602,-1.6203,42.0315,53.2740592956543
2013-10-11,3.74,0.1,233.546,7.2,80.36000061035156,73.2,102.17,3.74,0.5842,-0.4947,49.3684,53.83750534057617
2013-10-14,.,0.1,233.546,7.2,80.26000213623047,73.2,102.46,3.82,0.5968,0.1484,53.8605,54.23999786376953
2013-10-15,3.78,0.1,233.546,7.2,80.4800033569336,73.2,101.15,3.83,0.5966,-0.2165,48.1299,53.73844909667969
2013-10-16,3.72,0.11,233.546,7.2,80.5,73.2,102.34,3.84,0.6044,0.1484,51.684,54.06041717529297
2013-10-17,3.66,0.1,233.546,7.2,79.6500015258789,73.2,100.72,3.75,0.5828,0.3587,52.8221,54.165679931640625
2013-10-18,3.65,0.1,233.546,7.2,79.63999938964844,73.2,100.87,3.72,0.5606,0.9338,53.3098,54.20903015136719
2013-10-21,3.68,0.09,233.546,7.2,79.68000030517578,73.2,99.28,3.77,0.5564,0.7607,50.7281,54.010868072509766
2013-10-22,3.61,0.08,233.546,7.2,79.23999786376953,73.2,97.63,3.70,0.5617,1.175,56.0947,54.475257873535156
2013-10-23,3.59,0.08,233.546,7.2,79.26000213623047,73.2,96.90,3.66,0.5671,1.3049,53.0263,54.24616241455078
2013-10-24,3.61,0.08,233.546,7.2,79.19000244140625,73.2,96.65,3.65,0.576,1.2987,58.3921,54.74771499633789
2013-10-25,3.60,0.08,233.546,7.2,79.18000030517578,73.2,97.40,3.69,0.5716,1.2802,54.6567,54.46907043457031
2013-10-28,3.61,0.08,233.546,7.2,79.25,73.2,98.74,3.61,0.5683,1.6821,56.3925,54.63006591796875
2013-10-29,3.62,0.08,233.546,7.2,79.62999725341797,73.2,98.29,3.57,0.5629,2.3315,60.749,55.063480377197266
2013-10-30,3.63,0.08,233.546,7.2,79.75,73.2,96.81,3.55,0.5576,1.7131,59.6489,54.989158630371094
2013-10-31,3.63,0.07,233.546,7.2,80.19999694824219,73.2,96.29,3.57,0.6128,1.6512,64.3428,55.49072265625
2013-11-01,3.69,0.08,233.069,6.9,80.7300033569336,75.1,94.56,3.45,0.6472,1.3729,65.4127,55.61457061767578
2013-11-04,3.70,0.08,233.069,6.9,80.55000305175781,75.1,94.58,3.38,0.7092,3.2839,74.7236,57.02629089355469
2013-11-05,3.76,0.08,233.069,6.9,80.70999908447266,75.1,93.40,3.37,0.7473,2.8943,73.6929,56.958160400390625
2013-11-06,3.77,0.08,233.069,6.9,80.4800033569336,75.1,94.74,3.46,0.7509,3.5498,77.4402,57.71974563598633
2013-11-07,3.71,0.08,233.069,6.9,80.81999969482422,75.1,94.25,3.59,0.7515,3.1169,71.7988,57.327030181884766
2013-11-08,3.84,0.08,233.069,6.9,81.20999908447266,75.1,94.56,3.54,0.7577,3.7942,74.2817,57.80702590942383
2013-11-11,.,0.08,233.069,6.9,81.08999633789062,75.1,95.13,3.62,0.736,3.4736,74.99,57.950408935546875
2013-11-12,3.86,0.08,233.069,6.9,81.19000244140625,75.1,93.12,3.69,0.7199,3.5219,72.2867,57.7696418762207
2013-11-13,3.83,0.08,233.069,6.9,80.93000030517578,75.1,93.91,3.69,0.6983,2.9711,71.5208,57.71974182128906
2013-11-14,3.79,0.09,233.069,6.9,80.9800033569336,75.1,93.76,3.52,0.6853,3.6417,73.869,58.11248016357422
2013-11-15,3.80,0.09,233.069,6.9,80.83999633789062,75.1,93.80,3.56,0.7285,4.7574,79.7267,59.39043426513672
2013-11-18,3.76,0.09,233.069,6.9,80.83000183105469,75.1,93.03,3.71,0.7182,4.4366,80.1475,59.50265884399414
2013-11-19,3.80,0.09,233.069,6.9,80.69999694824219,75.1,93.35,3.63,0.6949,4.4921,79.85,59.48396301269531
2013-11-20,3.90,0.09,233.069,6.9,81.11000061035156,75.1,93.34,3.63,0.7156,3.5304,72.6834,59.02263641357422
2013-11-21,3.89,0.09,233.069,6.9,81.05000305175781,75.1,95.35,3.68,0.6983,3.4129,72.719,59.02887725830078
2013-11-22,3.84,0.09,233.069,6.9,80.70999908447266,75.1,94.53,3.78,0.6831,2.2022,73.8926,59.22834777832031
2013-11-25,3.83,0.09,233.069,6.9,80.91999816894531,75.1,93.86,3.85,0.6752,2.32,74.1916,59.27824783325195
2013-11-26,3.80,0.09,233.069,6.9,80.61000061035156,75.1,93.41,3.87,0.6688,1.0488,65.8669,58.767051696777344
2013-11-27,3.81,0.09,233.069,6.9,80.73999786376953,75.1,92.05,3.87,0.6628,1.1457,61.6005,58.47405242919922
2013-11-29,3.82,0.07,233.069,6.9,80.68000030517578,75.1,92.55,3.87,0.6564,0.467,58.8076,58.27457046508789
2013-12-02,3.86,0.09,233.049,6.7,80.91000366210938,82.5,93.61,3.85,0.6593,0.3487,59.0575,58.29950714111328
2013-12-03,3.84,0.09,233.049,6.7,80.62000274658203,82.5,95.83,3.84,0.6678,1.071,64.1514,58.841854095458984
2013-12-04,3.90,0.09,233.049,6.7,80.62999725341797,82.5,96.97,3.89,0.6637,1.2952,65.6333,59.01641845703125
2013-12-05,3.92,0.09,233.049,6.7,80.2699966430664,82.5,97.14,3.97,0.6497,0.5666,60.4437,58.67976760864258
2013-12-06,3.90,0.09,233.049,6.7,80.2699966430664,82.5,97.48,4.15,0.6735,0.2366,68.0917,59.6273307800293
2013-12-09,3.88,0.09,233.049,6.7,80.12999725341797,82.5,97.10,4.24,0.6543,0.2428,68.9011,59.74579620361328
2013-12-10,3.83,0.09,233.049,6.7,79.97000122070312,82.5,98.32,4.24,0.6336,0.1806,67.6369,59.66473388671875
2013-12-11,3.87,0.08,233.049,6.7,79.88999938964844,82.5,97.25,4.24,0.6573,-0.2615,55.422,58.760833740234375
2013-12-12,3.91,0.09,233.049,6.7,80.19999694824219,82.5,97.21,4.40,0.6824,0.4172,61.1535,59.446533203125
2013-12-13,3.88,0.08,233.049,6.7,80.20999908447266,82.5,96.27,4.44,0.6895,0.1868,60.771,59.41536331176758
2013-12-16,3.90,0.09,233.049,6.7,80.06999969482422,82.5,97.18,4.21,0.799,1.3263,68.7989,60.60606002807617
2013-12-17,3.88,0.09,233.049,6.7,80.05999755859375,82.5,96.99,4.20,0.7949,1.5442,65.2598,60.31306076049805
2013-12-18,3.90,0.09,233.049,6.7,80.11000061035156,82.5,97.59,4.25,0.8804,3.5741,73.857,62.05231475830078
2013-12-19,3.91,0.09,233.049,6.7,80.62999725341797,82.5,98.40,4.25,0.8442,3.7049,73.089,61.983741760253906
2013-12-20,3.82,0.09,233.049,6.7,80.58000183105469,82.5,99.11,4.35,0.8284,3.213,67.9045,61.516204833984375
2013-12-23,3.85,0.09,233.049,6.7,80.44999694824219,82.5,98.62,4.52,0.8092,2.5654,66.7487,61.410221099853516
2013-12-24,3.90,0.08,233.049,6.7,80.52999877929688,82.5,98.87,4.52,0.8006,2.8331,69.1132,61.852848052978516
2013-12-26,3.92,0.08,233.049,6.7,80.4800033569336,82.5,99.18,4.40,0.8239,4.2155,73.8515,62.90013122558594
2013-12-27,3.94,0.08,233.049,6.7,80.38999938964844,82.5,99.94,4.34,0.8024,3.6488,75.3312,63.280399322509766
2013-12-30,3.90,0.08,233.049,6.7,80.0,82.5,98.90,4.41,0.8002,2.7833,67.2666,62.53232955932617
2013-12-31,3.96,0.07,233.049,6.7,80.04000091552734,82.5,98.17,4.31,0.7911,3.4184,69.8451,63.08715057373047
2014-01-02,3.92,0.08,233.916,6.6,80.62999725341797,81.2,95.14,4.32,0.8153,3.4184,61.3641,62.183223724365234
2014-01-03,3.93,0.08,233.916,6.6,80.79000091552734,81.2,93.66,4.39,0.8029,2.5841,60.0641,62.03361511230469
2014-01-06,3.90,0.08,233.916,6.6,80.6500015258789,81.2,93.12,4.50,0.8013,2.7086,60.6255,62.12710952758789
2014-01-07,3.88,0.07,233.916,6.6,80.83000183105469,81.2,93.31,4.58,0.8239,2.3973,65.5311,63.006103515625
2014-01-08,3.90,0.07,233.916,6.6,81.04000091552734,81.2,91.90,4.36,0.8113,2.4844,63.536,62.80039596557617
2014-01-09,3.88,0.07,233.916,6.6,81.01000213623047,81.2,91.36,4.15,0.8294,0.137,57.8984,62.18947982788086
2014-01-10,3.80,0.07,233.916,6.6,80.66000366210938,81.2,92.39,3.95,0.8373,0.6787,60.8031,62.66324996948242
2014-01-13,3.77,0.07,233.916,6.6,80.51000213623047,81.2,91.45,4.19,0.8776,-0.0809,50.984,61.43516159057617
2014-01-14,3.80,0.07,233.916,6.6,80.61000061035156,81.2,92.15,4.36,0.8469,0.3798,53.3323,61.790489196777344
2014-01-15,3.81,0.07,233.916,6.6,81.0,81.2,93.78,4.45,0.8184,-0.274,51.74,61.57854080200195
2014-01-16,3.77,0.07,233.916,6.6,80.9000015258789,81.2,93.54,4.55,0.7951,-1.2204,52.4593,61.67828369140625
2014-01-17,3.75,0.07,233.916,6.6,81.26000213623047,81.2,93.96,4.39,0.8126,-1.4633,53.4859,61.815452575683594
2014-01-21,3.74,0.07,233.916,6.6,81.0999984741211,81.2,94.51,4.61,0.8044,-1.127,49.9977,61.40399169921875
2014-01-22,3.75,0.07,233.916,6.6,81.16999816894531,81.2,96.35,4.92,0.7963,-2.0673,46.9031,61.01750183105469
2014-01-23,3.68,0.07,233.916,6.6,80.44000244140625,81.2,97.23,5.64,0.8226,-1.731,42.7233,60.450191497802734
2014-01-24,3.64,0.07,233.916,6.6,80.45999908447266,81.2,96.66,5.17,0.8594,-2.9016,34.9167,59.128631591796875
2014-01-27,3.67,0.07,233.916,6.6,80.5,81.2,95.82,5.66,0.835,-2.9514,35.3369,59.17226791381836
2014-01-28,3.68,0.07,233.916,6.6,80.56999969482422,81.2,97.49,5.25,0.8265,-3.3749,39.7081,59.6273307800293
2014-01-29,3.62,0.07,233.916,6.6,80.51000213623047,81.2,97.34,5.23,0.8364,-3.5056,37.679,59.29069900512695
2014-01-30,3.65,0.07,233.916,6.6,81.08999633789062,81.2,98.25,5.27,0.8678,-3.5928,33.819,58.59250259399414
2014-01-31,3.61,0.07,233.916,6.6,81.2699966430664,81.2,97.55,5.04,0.9077,-5.2055,28.6538,57.451690673828125
2014-02-03,3.55,0.07,234.781,6.7,81.01000213623047,81.6,96.44,5.04,0.9616,-5.2927,24.0859,56.1363525390625
2014-02-04,3.59,0.07,234.781,6.7,81.12000274658203,81.6,97.24,5.78,0.9485,-5.6663,24.0273,56.11762237548828
2014-02-05,3.66,0.07,234.781,6.7,81.02999877929688,81.6,97.40,8.12,0.9355,-5.7285,23.1374,55.84335708618164
2014-02-06,3.67,0.07,234.781,6.7,80.88999938964844,81.6,97.84,6.90,0.9235,-5.2989,28.636,56.376976013183594
2014-02-07,3.67,0.06,234.781,6.7,80.69000244140625,81.6,99.98,5.92,0.8969,-4.9468,33.3789,56.866661071777344
2014-02-10,3.66,0.07,234.781,6.7,80.66999816894531,81.6,100.12,8.15,0.8875,-5.2005,30.42,56.201194763183594
2014-02-11,3.69,0.06,234.781,6.7,80.62999725341797,81.6,99.96,7.75,0.8958,-3.9868,37.8127,57.02988052368164
2014-02-12,3.72,0.07,234.781,6.7,80.68000030517578,81.6,100.38,5.96,0.8864,-3.2696,39.0801,57.18059539794922
2014-02-13,3.70,0.06,234.781,6.7,80.29000091552734,81.6,100.27,5.34,0.8791,-1.7301,40.9694,57.40029525756836
2014-02-14,3.69,0.06,234.781,6.7,80.12999725341797,81.6,100.31,5.54,0.9507,-0.0933,52.9916,59.08281707763672
2014-02-18,3.68,0.07,234.781,6.7,80.01000213623047,81.6,102.54,5.80,0.9437,-0.5729,52.8187,59.057701110839844
2014-02-19,3.71,0.07,234.781,6.7,80.16999816894531,81.6,103.46,6.00,0.943,-0.3119,52.2677,58.982383728027344
2014-02-20,3.73,0.07,234.781,6.7,80.29000091552734,81.6,103.20,5.96,0.9661,1.2759,57.8685,59.87388229370117
2014-02-21,3.69,0.07,234.781,6.7,80.23999786376953,81.6,102.53,6.24,0.9258,2.2022,56.169,59.660404205322266
2014-02-24,3.70,0.07,234.781,6.7,80.20999908447266,81.6,103.17,6.08,0.9591,4.4001,61.2512,60.54560089111328
2014-02-25,3.66,0.07,234.781,6.7,80.1500015258789,81.6,102.20,5.21,0.9358,4.3373,60.554,60.463985443115234
2014-02-26,3.63,0.07,234.781,6.7,80.41000366210938,81.6,102.93,4.81,0.9285,4.2852,57.7239,60.137535095214844
2014-02-27,3.60,0.07,234.781,6.7,80.29000091552734,81.6,102.68,4.61,0.9021,3.7873,57.9275,60.1689338684082
2014-02-28,3.59,0.06,234.781,6.7,79.77999877929688,81.6,102.88,4.80,0.8848,3.5678,59.7241,60.438873291015625
2014-03-03,3.55,0.07,236.293,6.7,80.06999969482422,80.0,105.34,7.09,0.8982,3.7497,55.1801,59.95546340942383
2014-03-04,3.64,0.07,236.293,6.7,80.16000366210938,80.0,103.64,7.98,0.8949,3.5616,59.5685,60.59583282470703
2014-03-05,3.64,0.08,236.293,6.7,80.11000061035156,80.0,101.75,6.46,0.971,1.7055,46.495,58.88820266723633
2014-03-06,3.68,0.08,236.293,6.7,79.68000030517578,80.0,101.82,4.89,0.9316,1.461,46.334,58.863075256347656
2014-03-07,3.72,0.08,236.293,6.7,79.72000122070312,80.0,102.82,4.78,0.9233,0.5518,51.8562,59.63529586791992
2014-03-10,3.73,0.08,236.293,6.7,79.75,80.0,101.39,4.67,0.8972,0.8967,53.9711,59.95546340942383
2014-03-11,3.70,0.08,236.293,6.7,79.7699966430664,80.0,100.29,4.67,0.9259,0.0376,47.4173,59.020050048828125
2014-03-12,3.66,0.08,236.293,6.7,79.61000061035156,80.0,98.29,4.72,0.9009,-0.7274,48.3244,59.14561462402344
2014-03-13,3.60,0.08,236.293,6.7,79.62000274658203,80.0,98.57,4.41,0.8921,-0.8716,45.8945,58.78776168823242
2014-03-14,3.59,0.08,236.293,6.7,79.44000244140625,80.0,99.23,4.40,0.87,-1.8623,45.1651,58.68102264404297
2014-03-17,3.63,0.08,236.293,6.7,79.38999938964844,80.0,98.43,4.57,0.8554,-1.2478,49.488,59.21466827392578
2014-03-18,3.62,0.08,236.293,6.7,79.41000366210938,80.0,100.08,4.42,0.8471,-0.6772,51.3818,59.45952606201172
2014-03-19,3.66,0.08,236.293,6.7,79.98999786376953,80.0,100.71,4.43,0.8838,-1.323,46.6488,58.84425735473633
2014-03-20,3.67,0.08,236.293,6.7,80.20999908447266,80.0,99.68,4.39,0.8982,-1.0597,50.8755,59.377899169921875
2014-03-21,3.61,0.08,236.293,6.7,80.11000061035156,80.0,99.97,4.33,0.9093,-0.7462,49.5331,59.208404541015625
2014-03-24,3.57,0.09,236.293,6.7,79.93000030517578,80.0,100.05,4.42,0.8797,-1.1788,51.227,59.415584564208984
2014-03-25,3.59,0.09,236.293,6.7,79.94000244140625,80.0,99.66,4.53,0.8697,0.696,52.628,59.585086822509766
2014-03-26,3.55,0.08,236.293,6.7,79.9800033569336,80.0,100.61,4.44,0.86,0.5894,51.3915,59.45320129394531
2014-03-27,3.52,0.08,236.293,6.7,80.11000061035156,80.0,101.25,4.39,0.9078,0.7838,58.9992,60.42007064819336
2014-03-28,3.55,0.08,236.293,6.7,80.18000030517578,80.0,101.73,4.50,0.9205,1.3795,64.6482,61.336647033691406
2014-03-31,3.56,0.06,236.293,6.7,80.0999984741211,80.0,101.57,4.48,0.9233,2.3012,64.5171,61.3240966796875
2014-04-01,3.60,0.08,237.072,6.2,80.08000183105469,84.1,99.69,4.39,0.8864,2.2072,64.7098,61.3554801940918
2014-04-02,3.65,0.09,237.072,6.2,80.22000122070312,84.1,99.60,4.39,0.8625,2.7025,65.5953,61.49359130859375
2014-04-03,3.62,0.08,237.072,6.2,80.47000122070312,84.1,100.29,4.51,0.8448,2.7966,65.4345,61.48103332519531
2014-04-04,3.59,0.08,237.072,6.2,80.41999816894531,84.1,101.16,4.49,0.8485,1.9062,60.8575,61.12319564819336
2014-04-07,3.56,0.09,237.072,6.2,80.22000122070312,84.1,100.43,4.58,0.8228,1.298,56.5248,60.75905990600586
2014-04-08,3.54,0.08,237.072,6.2,79.75,84.1,102.57,4.57,0.8146,2.3326,60.062,61.179710388183594
2014-04-09,3.57,0.08,237.072,6.2,79.4800033569336,84.1,103.55,4.67,0.8084,1.7244,59.134,61.1043586730957
2014-04-10,3.52,0.08,237.072,6.2,79.37999725341797,84.1,103.37,4.67,0.8199,1.5488,54.9438,60.75905990600586
2014-04-11,3.48,0.09,237.072,6.2,79.44999694824219,84.1,103.68,4.67,0.8133,1.3042,54.4902,60.721405029296875
2014-04-14,3.48,0.09,237.072,6.2,79.7300033569336,84.1,104.05,4.64,0.815,1.8498,61.0671,61.437110900878906
2014-04-15,3.46,0.1,237.072,6.2,79.80000305175781,84.1,103.70,4.69,0.8298,2.4956,64.9868,61.9518928527832
2014-04-16,3.45,0.09,237.072,6.2,79.81999969482422,84.1,103.71,4.64,0.8341,2.32,69.9869,62.74292755126953
2014-04-17,3.52,0.09,237.072,6.2,79.83000183105469,84.1,104.33,4.64,0.8319,1.7055,71.648,63.044288635253906
2014-04-21,3.52,0.1,237.072,6.2,79.94999694824219,84.1,104.35,4.76,0.819,2.0379,73.3365,63.36447525024414
2014-04-22,3.50,0.1,237.072,6.2,79.91000366210938,84.1,101.69,4.76,0.7923,1.6554,68.5116,63.01290512084961
2014-04-23,3.47,0.1,237.072,6.2,79.86000061035156,84.1,101.47,4.81,0.7635,1.5989,69.0211,63.09452819824219
2014-04-24,3.46,0.1,237.072,6.2,79.80000305175781,84.1,102.20,4.81,0.7421,1.3042,64.7669,62.786888122558594
2014-04-25,3.45,0.09,237.072,6.2,79.7699966430664,84.1,100.85,4.83,0.7178,1.9125,66.5779,63.038021087646484
2014-04-28,3.47,0.09,237.072,6.2,79.68000030517578,84.1,101.13,4.72,0.7181,2.7527,69.7585,63.515132904052734
2014-04-29,3.49,0.1,237.072,6.2,79.80999755859375,84.1,101.56,4.78,0.7295,2.5081,70.8588,63.69091033935547
2014-04-30,3.47,0.09,237.072,6.2,79.48999786376953,84.1,100.07,4.79,0.7535,3.1853,74.31,64.29362487792969
2014-05-01,3.41,0.09,237.9,6.3,79.52999877929688,81.9,99.69,4.79,0.7539,2.9032,65.5954,63.66582489013672
2014-05-02,3.37,0.09,237.9,6.3,79.5199966430664,81.9,100.09,4.73,0.7865,3.317,68.0188,64.0425033569336
2014-05-05,3.41,0.09,237.9,6.3,79.48999786376953,81.9,99.74,4.73,0.7997,3.1665,71.2861,64.60751342773438
2014-05-06,3.38,0.09,237.9,6.3,79.13999938964844,81.9,99.81,4.80,0.7825,2.5019,69.2542,64.45684814453125
2014-05-07,3.40,0.08,237.9,6.3,79.22000122070312,81.9,101.06,4.82,0.7615,1.9877,70.8922,64.73309326171875
2014-05-08,3.45,0.08,237.9,6.3,79.43000030517578,81.9,100.52,4.77,0.7573,1.1914,64.2714,64.23709869384766
2014-05-09,3.47,0.08,237.9,6.3,79.9000015258789,81.9,100.32,4.59,0.7447,1.0722,65.67,64.43936920166016
2014-05-12,3.49,0.08,237.9,6.3,79.9000015258789,81.9,100.89,4.52,0.7287,1.6001,66.8993,64.6163558959961
2014-05-13,3.45,0.09,237.9,6.3,80.13999938964844,81.9,102.01,4.47,0.7114,1.6007,67.4815,64.69853210449219
2014-05-14,3.37,0.08,237.9,6.3,80.06999969482422,81.9,102.63,4.47,0.6862,1.8637,66.8002,64.65428924560547
2014-05-15,3.33,0.09,237.9,6.3,80.0,81.9,101.74,4.42,0.7315,0.6597,54.1092,63.69983673095703
2014-05-16,3.34,0.09,237.9,6.3,80.04000091552734,81.9,102.31,4.42,0.7099,0.1579,53.8175,63.674583435058594
2014-05-19,3.39,0.09,237.9,6.3,79.98999786376953,81.9,102.95,4.54,0.6903,0.0644,54.6727,63.75674057006836
2014-05-20,3.38,0.09,237.9,6.3,80.04000091552734,81.9,102.80,4.53,0.6694,-0.6638,53.0453,63.63031768798828
2014-05-21,3.42,0.09,237.9,6.3,80.0999984741211,81.9,104.31,4.57,0.6915,0.8218,61.4489,64.48992156982422
2014-05-22,3.43,0.09,237.9,6.3,80.25,81.9,104.03,4.57,0.6673,0.111,57.1558,64.15492248535156
2014-05-23,3.40,0.09,237.9,6.3,80.38999938964844,81.9,105.01,4.40,0.6496,-0.567,55.7317,64.04118347167969
2014-05-27,3.37,0.09,237.9,6.3,80.3499984741211,81.9,104.78,4.40,0.6469,-0.3913,55.9941,64.06644439697266
2014-05-28,3.29,0.09,237.9,6.3,80.56999969482422,81.9,103.37,4.56,0.6467,-0.8565,53.4359,63.87684631347656
2014-05-29,3.31,0.09,237.9,6.3,80.48999786376953,81.9,104.26,4.63,0.6289,-0.2286,54.9862,64.00955963134766
2014-05-30,3.33,0.08,237.9,6.3,80.37000274658203,81.9,103.40,4.49,0.6246,-0.8964,48.818,63.54182815551758
2014-06-02,3.38,0.09,238.343,6.1,80.63999938964844,82.5,103.07,4.49,0.6345,-1.4456,44.5291,63.16891860961914
2014-06-03,3.43,0.1,238.343,6.1,80.55000305175781,82.5,103.34,4.62,0.6388,-1.2436,48.2626,63.453346252441406
2014-06-04,3.45,0.09,238.343,6.1,80.66999816894531,82.5,103.27,4.62,0.6155,-1.4204,45.6869,63.23215103149414
2014-06-05,3.44,0.09,238.343,6.1,80.37000274658203,82.5,103.17,4.66,0.6108,-0.1452,49.884,63.55448913574219
2014-06-06,3.44,0.09,238.343,6.1,80.41000366210938,82.5,103.32,4.66,0.6158,0.5429,57.2145,64.2181625366211
2014-06-09,3.45,0.09,238.343,6.1,80.6500015258789,82.5,105.09,4.67,0.6066,0.4103,56.536,64.16759490966797
2014-06-10,3.47,0.09,238.343,6.1,80.81999969482422,82.5,105.02,4.67,0.5962,0.4987,55.9996,64.12966918945312
2014-06-11,3.47,0.09,238.343,6.1,80.79000091552734,82.5,105.04,4.51,0.6136,-0.0505,59.3884,64.43936920166016
2014-06-12,3.41,0.09,238.343,6.1,80.58000183105469,82.5,107.20,4.51,0.6317,0.101,56.6095,64.25605773925781
2014-06-13,3.41,0.1,238.343,6.1,80.58000183105469,82.5,107.49,4.70,0.6328,0.8396,62.9782,64.8818359375
2014-06-16,3.40,0.1,238.343,6.1,80.47000122070312,82.5,107.52,4.71,0.6363,0.9848,64.5082,65.05249786376953
2014-06-17,3.44,0.1,238.343,6.1,80.62999725341797,82.5,106.95,4.68,0.6572,0.8585,59.5963,64.7364501953125
2014-06-18,3.43,0.1,238.343,6.1,80.58000183105469,82.5,106.64,4.68,0.6503,0.9217,61.5511,64.93238830566406
2014-06-19,3.47,0.1,238.343,6.1,80.31999969482422,82.5,107.08,4.67,0.6562,1.3257,60.5337,64.86919403076172
2014-06-20,3.44,0.1,238.343,6.1,80.37000274658203,82.5,107.95,4.53,0.6738,2.4557,67.4802,65.62764739990234
2014-06-23,3.45,0.1,238.343,6.1,80.26000213623047,82.5,106.83,4.53,0.6609,2.5188,70.0797,65.97527313232422
2014-06-24,3.41,0.1,238.343,6.1,80.33000183105469,82.5,106.64,4.49,0.7038,1.6981,55.6963,64.93238830566406
2014-06-25,3.38,0.1,238.343,6.1,80.22000122070312,82.5,107.04,4.58,0.7077,1.0037,51.6167,64.55946350097656
2014-06-26,3.35,0.1,238.343,6.1,80.2300033569336,82.5,106.49,4.58,0.7261,0.2715,50.8686,64.48992156982422
2014-06-27,3.36,0.1,238.343,6.1,80.04000091552734,82.5,106.46,4.39,0.736,-0.1957,45.5668,63.97163772583008
2014-06-30,3.34,0.09,238.343,6.1,79.77999877929688,82.5,106.07,4.39,0.7173,-0.4924,42.4847,63.63665771484375
2014-07-01,3.40,0.1,238.25,6.2,79.81999969482422,81.8,106.06,4.47,0.7071,-0.3725,47.4006,64.06644439697266
2014-07-02,3.46,0.1,238.25,6.2,79.95999908447266,81.8,105.18,4.47,0.6836,-0.0568,48.8544,64.1991958618164
2014-07-03,3.47,0.09,238.25,6.2,80.20999908447266,81.8,104.76,4.31,0.7114,-0.0379,55.315,64.8438949584961
2014-07-07,3.44,0.1,238.25,6.2,80.22000122070312,81.8,104.19,4.31,0.689,-0.1704,55.6697,64.8818359375
2014-07-08,3.38,0.09,238.25,6.2,80.18000030517578,81.8,104.06,4.18,0.6876,0.2588,56.7782,64.99560546875
2014-07-09,3.37,0.09,238.25,6.2,79.98999786376953,81.8,102.93,4.17,0.6782,0.5177,60.9813,65.45069122314453
2014-07-10,3.38,0.09,238.25,6.2,80.12999725341797,81.8,103.61,4.15,0.6978,-0.0379,53.3734,64.8312759399414
2014-07-11,3.34,0.09,238.25,6.2,80.19000244140625,81.8,101.48,4.13,0.7043,-1.3194,47.9205,64.30663299560547
2014-07-14,3.36,0.09,238.25,6.2,80.19000244140625,81.8,101.73,4.13,0.7145,-1.0732,53.6909,64.9007797241211
2014-07-15,3.37,0.09,238.25,6.2,80.38999938964844,81.8,100.56,4.13,0.7058,-0.2146,51.7846,64.71746826171875
2014-07-16,3.35,0.09,238.25,6.2,80.55999755859375,81.8,101.88,4.16,0.7185,1.029,59.2069,65.58973693847656
2014-07-17,3.27,0.09,238.25,6.2,80.5199966430664,81.8,103.84,4.04,0.7391,0.1768,50.372,64.66690826416016
2014-07-18,3.29,0.09,238.25,6.2,80.5199966430664,81.8,103.83,4.08,0.7359,0.9595,52.5649,64.93238830566406
2014-07-21,3.26,0.1,238.25,6.2,80.55999755859375,81.8,105.34,3.87,0.7343,1.5151,54.3741,65.15361785888672
2014-07-22,3.25,0.09,238.25,6.2,80.77999877929688,81.8,104.59,3.81,0.7319,1.3762,56.7111,65.44434356689453
2014-07-23,3.26,0.09,238.25,6.2,80.80999755859375,81.8,103.81,3.83,0.7211,1.6918,60.1075,65.89311981201172
2014-07-24,3.30,0.09,238.25,6.2,80.87000274658203,81.8,102.76,3.83,0.7043,1.0669,60.2494,65.91209411621094
2014-07-25,3.24,0.09,238.25,6.2,81.02999877929688,81.8,105.23,3.86,0.7135,0.3346,52.8284,65.2168197631836
2014-07-28,3.26,0.09,238.25,6.2,81.02999877929688,81.8,105.68,3.84,0.7338,0.2651,53.2232,65.96896362304688
2014-07-29,3.22,0.09,238.25,6.2,81.20999908447266,81.8,104.91,3.79,0.7495,0.0,54.9631,65.45069122314453
2014-07-30,3.31,0.09,238.25,6.2,81.41999816894531,81.8,104.29,3.78,0.7672,0.4293,52.8463,65.26107025146484
2014-07-31,3.32,0.08,238.25,6.2,81.45999908447266,81.8,98.23,3.78,0.9072,-1.7676,33.114,62.536834716796875
2014-08-01,3.29,0.09,237.852,6.1,81.30000305175781,82.5,97.86,3.77,0.9042,-2.4494,32.6871,62.4483642578125
2014-08-04,3.30,0.09,237.852,6.1,81.33000183105469,82.5,98.26,3.87,0.9352,-1.4267,40.5314,63.289024353027344
2014-08-05,3.28,0.09,237.852,6.1,81.5199966430664,82.5,97.34,3.87,0.9743,-3.5162,34.2872,62.06911849975586
2014-08-06,3.27,0.09,237.852,6.1,81.44000244140625,82.5,96.93,3.92,0.9701,-2.1022,38.4165,62.562156677246094
2014-08-07,3.23,0.09,237.852,6.1,81.5199966430664,82.5,97.34,3.99,1.0005,-2.8155,36.1874,62.11337661743164
2014-08-08,3.23,0.09,237.852,6.1,81.38999938964844,82.5,97.61,3.94,0.9976,-2.1085,43.4975,63.042503356933594
2014-08-11,3.24,0.09,237.852,6.1,81.47000122070312,82.5,98.09,4.00,0.9665,-2.6009,42.3599,62.83883285522461
2014-08-12,3.27,0.09,237.852,6.1,81.5,82.5,97.36,3.94,0.9388,-3.2017,41.4776,62.68606185913086
2014-08-13,3.24,0.09,237.852,6.1,81.5999984741211,82.5,97.57,3.90,0.9094,-2.8392,44.5851,63.06793975830078
2014-08-14,3.20,0.09,237.852,6.1,81.58999633789062,82.5,95.54,3.85,0.8753,-2.1448,44.5851,63.06793975830078
2014-08-15,3.13,0.09,237.852,6.1,81.41999816894531,82.5,97.30,3.80,0.8714,-2.2271,44.3122,63.0297737121582
2014-08-18,3.20,0.09,237.852,6.1,81.58000183105469,82.5,96.44,3.78,0.8318,-2.105,47.1567,63.34164047241211
2014-08-19,3.21,0.09,237.852,6.1,81.87999725341797,82.5,94.35,3.84,0.796,-1.9347,46.9984,63.32255935668945
2014-08-20,3.22,0.09,237.852,6.1,82.25,82.5,96.40,3.88,0.7782,0.9196,48.3064,63.456241607666016
2014-08-21,3.19,0.09,237.852,6.1,82.1500015258789,82.5,93.97,3.88,0.7594,0.741,45.8683,63.18889236450195
2014-08-22,3.16,0.09,237.852,6.1,82.33999633789062,82.5,93.61,3.88,0.7597,-0.5944,41.6627,62.69245529174805
2014-08-25,3.13,0.09,237.852,6.1,82.55000305175781,82.5,95.39,3.94,0.7236,0.7829,43.4523,62.851558685302734
2014-08-26,3.15,0.09,237.852,6.1,82.6500015258789,82.5,95.78,3.99,0.7427,0.8562,49.4031,63.41803741455078
2014-08-27,3.11,0.09,237.852,6.1,82.43000030517578,82.5,95.82,4.02,0.7292,1.2345,48.7207,63.348018646240234
2014-08-28,3.08,0.09,237.852,6.1,82.4800033569336,82.5,96.44,4.06,0.7102,0.332,48.9966,63.37346649169922
2014-08-29,3.09,0.07,237.852,6.1,82.75,82.5,97.86,4.04,0.7026,0.4641,48.2281,63.3034782409668
2014-09-02,3.17,0.09,238.031,5.9,82.98999786376953,84.6,92.92,4.01,0.7333,0.0,41.9759,62.68606185913086
2014-09-03,3.15,0.09,238.031,5.9,82.87000274658203,84.6,95.50,3.94,0.7308,0.0127,46.7295,63.08069610595703
2014-09-04,3.21,0.09,238.031,5.9,83.81999969482422,84.6,94.51,3.91,0.7458,-0.4641,42.2232,62.60332107543945
2014-09-05,3.23,0.09,238.031,5.9,83.76000213623047,84.6,93.32,3.86,0.7466,0.1462,48.6256,63.17616271972656
2014-09-08,3.23,0.09,238.031,5.9,84.2300033569336,84.6,92.64,3.86,0.7755,-1.1125,40.6036,62.22784423828125
2014-09-09,3.23,0.09,238.031,5.9,84.27999877929688,84.6,92.73,3.93,0.7687,-1.335,38.8436,61.98598098754883
2014-09-10,3.26,0.09,238.031,5.9,84.25,84.6,91.71,3.98,0.7909,-1.8372,36.2601,61.6168212890625
2014-09-11,3.27,0.09,238.031,5.9,84.30000305175781,84.6,92.89,3.94,0.7935,-1.4303,37.9461,61.75684356689453
2014-09-12,3.35,0.09,238.031,5.9,84.23999786376953,84.6,92.18,3.82,0.8004,-1.7291,32.6602,60.96125030517578
2014-09-15,3.34,0.09,238.031,5.9,84.26000213623047,84.6,92.86,3.92,0.7886,-1.5638,36.5441,61.28584289550781
2014-09-16,3.36,0.09,238.031,5.9,84.06999969482422,84.6,94.91,3.85,0.8245,-1.4049,44.2802,62.011436462402344
2014-09-17,3.37,0.09,238.031,5.9,84.69999694824219,84.6,94.33,3.97,0.8169,-1.5574,42.5645,61.788639068603516
2014-09-18,3.36,0.09,238.031,5.9,84.31999969482422,84.6,93.07,3.99,0.7967,-1.8816,40.306,61.48951721191406
2014-09-19,3.29,0.09,238.031,5.9,84.80000305175781,84.6,92.43,3.99,0.7829,-1.4875,43.7912,61.81411361694336
2014-09-22,3.28,0.09,238.031,5.9,84.66999816894531,84.6,91.46,3.88,0.7656,-1.2396,40.8688,61.4449577331543
2014-09-23,3.25,0.09,238.031,5.9,84.66000366210938,84.6,91.55,3.90,0.7622,-1.9579,38.4397,61.120361328125
2014-09-24,3.28,0.09,238.031,5.9,85.05000305175781,84.6,93.60,3.84,0.7718,-1.6147,37.4525,60.9867057800293
2014-09-25,3.22,0.09,238.031,5.9,85.19999694824219,84.6,93.59,3.89,0.7934,-3.1848,31.0356,59.987464904785156
2014-09-26,3.22,0.09,238.031,5.9,85.63999938964844,84.6,95.55,3.89,0.8257,-1.4875,39.4348,60.738487243652344
2014-09-29,3.18,0.08,238.031,5.9,85.58999633789062,84.6,94.53,3.89,0.8407,-1.8816,35.49,60.10198211669922
2014-09-30,3.21,0.07,238.031,5.9,85.94000244140625,84.6,91.17,4.14,0.8347,-1.7545,34.0943,59.86016845703125
2014-10-01,3.12,0.09,237.433,5.7,85.97000122070312,86.9,90.74,4.14,0.858,-2.6508,30.102,59.10273742675781
2014-10-02,3.15,0.09,237.433,5.7,85.5999984741211,86.9,91.02,4.00,0.8802,-1.5765,33.2159,59.38279724121094
2014-10-03,3.13,0.09,237.433,5.7,86.69000244140625,86.9,89.76,3.94,0.8868,-1.5066,37.4448,59.77741622924805
2014-10-06,3.12,0.09,237.433,5.7,85.70999908447266,86.9,90.33,3.89,0.888,-1.8499,41.3175,60.15930938720703
2014-10-07,3.06,0.09,237.433,5.7,85.66999816894531,86.9,88.89,3.88,0.909,-2.3584,36.636,59.427337646484375
2014-10-08,3.07,0.09,237.433,5.7,85.30000305175781,86.9,87.29,3.88,0.9535,-1.2714,44.0035,60.216575622558594
2014-10-09,3.07,0.08,237.433,5.7,85.5199966430664,86.9,85.76,3.87,1.0207,-3.3692,34.3311,58.44081497192383
2014-10-10,3.03,0.09,237.433,5.7,85.91000366210938,86.9,85.87,3.86,1.0554,-3.1403,33.702,58.30078887939453
2014-10-13,.,0.09,237.433,5.7,85.43000030517578,86.9,85.73,3.87,1.0604,-3.2992,31.5512,57.81705856323242
2014-10-14,2.95,0.09,237.433,5.7,85.81999969482422,86.9,81.72,3.91,1.0832,-3.3501,30.7449,57.63249206542969
2014-10-15,2.92,0.09,237.433,5.7,85.1500015258789,86.9,81.82,3.81,1.1738,-2.5618,29.8113,57.42246627807617
2014-10-16,2.94,0.09,237.433,5.7,85.0,86.9,82.33,3.80,1.2303,-3.0704,32.3584,57.66432571411133
2014-10-17,2.98,0.09,237.433,5.7,85.19000244140625,86.9,82.80,3.73,1.2219,-2.0469,36.3515,58.05256652832031
2014-10-20,2.96,0.09,237.433,5.7,84.94999694824219,86.9,82.76,3.69,1.1918,-1.4494,39.8614,58.408992767333984
2014-10-21,3.00,0.09,237.433,5.7,85.30999755859375,86.9,83.25,3.62,1.2093,0.5022,49.8581,59.605560302734375
2014-10-22,3.01,0.09,237.433,5.7,85.73999786376953,86.9,80.52,3.69,1.1958,-0.1081,47.5059,59.274574279785156
2014-10-23,3.05,0.09,237.433,5.7,85.83999633789062,86.9,82.81,3.60,1.1944,0.1208,52.0931,59.898338317871094
2014-10-24,3.05,0.09,237.433,5.7,85.7300033569336,86.9,81.27,3.53,1.1685,-0.0191,53.7797,60.140193939208984
2014-10-27,3.04,0.09,237.433,5.7,85.5,86.9,81.26,3.56,1.1632,0.2161,49.8966,59.64373016357422
2014-10-28,3.06,0.09,237.433,5.7,85.41000366210938,86.9,81.36,3.53,1.1475,0.3115,55.9944,60.528438568115234
2014-10-29,3.06,0.09,237.433,5.7,85.94999694824219,86.9,82.25,3.60,1.1727,1.7609,53.4253,60.20383834838867
2014-10-30,3.04,0.09,237.433,5.7,86.1500015258789,86.9,81.06,3.76,1.1548,1.8117,52.7103,60.11472702026367
2014-10-31,3.07,0.07,237.433,5.7,86.87999725341797,86.9,80.53,3.82,1.1895,3.7315,61.6358,61.553157806396484
2014-11-03,3.07,0.09,236.151,5.8,87.30999755859375,88.8,78.77,3.82,1.2089,2.9941,54.5252,60.630287170410156
2014-11-04,3.05,0.1,236.151,5.8,86.9800033569336,88.8,77.15,3.67,1.1848,2.7335,51.2741,60.15930938720703
2014-11-05,3.06,0.09,236.151,5.8,87.44000244140625,88.8,78.71,3.83,1.1569,2.8415,53.4936,60.50934600830078
2014-11-06,3.09,0.09,236.151,5.8,88.01000213623047,88.8,77.87,3.92,1.1714,3.2102,57.956,61.266754150390625
2014-11-07,3.04,0.09,236.151,5.8,87.63999938964844,88.8,78.71,3.92,1.1602,3.5027,61.3769,61.92061996459961
2014-11-10,3.09,0.09,236.151,5.8,87.80999755859375,88.8,77.43,4.18,1.1244,2.1091,59.7737,61.721893310546875
2014-11-11,.,0.09,236.151,5.8,87.52999877929688,88.8,77.85,4.18,1.0852,2.5229,60.2427,61.805267333984375
2014-11-12,3.09,0.09,236.151,5.8,87.81999969482422,88.8,77.16,4.20,1.0672,1.2405,54.7921,61.144954681396484
2014-11-13,3.08,0.09,236.151,5.8,87.66999816894531,88.8,74.13,4.20,1.0618,0.5379,51.298,60.683387756347656
2014-11-14,3.04,0.09,236.151,5.8,87.52999877929688,88.8,75.91,4.05,1.007,1.3091,53.2168,60.95904541015625
2014-11-17,3.06,0.1,236.151,5.8,87.93000030517578,88.8,75.64,4.26,0.9785,0.4383,53.3089,60.971866607666016
2014-11-18,3.05,0.11,236.151,5.8,87.58000183105469,88.8,74.55,4.33,0.9644,0.6088,51.9858,60.81801986694336
2014-11-19,3.08,0.1,236.151,5.8,87.6500015258789,88.8,74.55,4.41,0.9692,1.1716,55.6417,61.292388916015625
2014-11-20,3.05,0.1,236.151,5.8,87.58999633789062,88.8,75.63,4.41,0.9292,-0.1306,56.6504,61.427032470703125
2014-11-21,3.02,0.1,236.151,5.8,88.30999755859375,88.8,76.52,4.32,0.9259,1.425,61.1372,62.061668395996094
2014-11-24,3.01,0.1,236.151,5.8,88.1500015258789,88.8,75.74,4.09,0.9311,1.1975,54.4544,61.362911224365234
2014-11-25,2.97,0.1,236.151,5.8,87.91999816894531,88.8,74.04,4.09,0.9405,0.2461,49.4357,60.76032257080078
2014-11-26,2.95,0.1,236.151,5.8,87.61000061035156,88.8,73.70,4.15,0.9086,-0.7025,47.9179,60.567989349365234
2014-11-28,2.89,0.08,236.151,5.8,88.36000061035156,88.8,65.94,4.30,1.0435,-3.8734,33.4096,58.04219055175781
2014-12-01,2.95,0.13,234.812,5.6,87.94999694824219,93.6,68.98,4.30,1.0874,-2.5161,42.0848,59.2025260925293
2014-12-02,3.00,0.12,234.812,5.6,88.6500015258789,93.6,66.99,3.77,1.1314,-1.4213,49.3138,60.382076263427734
2014-12-03,2.99,0.12,234.812,5.6,88.95999908447266,93.6,67.30,3.63,1.1114,-0.2753,51.98,60.8692626953125
2014-12-04,2.94,0.12,234.812,5.6,88.69999694824219,93.6,66.73,3.63,1.118,-0.1857,49.826,60.49747848510742
2014-12-05,2.97,0.12,234.812,5.6,89.33000183105469,93.6,65.89,3.42,1.0947,-0.8131,47.803,60.14488983154297
2014-12-08,2.90,0.12,234.812,5.6,89.04000091552734,93.6,63.13,3.42,1.1287,-2.1832,40.9084,58.78582763671875
2014-12-09,2.87,0.12,234.812,5.6,88.69000244140625,93.6,63.74,3.63,1.1076,-2.2344,39.9713,58.5806770324707
2014-12-10,2.83,0.12,234.812,5.6,88.2699966430664,93.6,60.99,3.65,1.1739,-4.4432,33.0635,56.84339141845703
2014-12-11,2.84,0.12,234.812,5.6,88.66000366210938,93.6,60.01,3.68,1.2213,-4.2383,35.4143,57.18315887451172
2014-12-12,2.75,0.12,234.812,5.6,88.36000061035156,93.6,57.81,3.91,1.2529,-6.5368,29.8718,55.516395568847656
2014-12-15,2.74,0.11,234.812,5.6,88.45999908447266,93.6,55.96,3.72,1.2595,-5.6469,31.2096,55.70868682861328
2014-12-16,2.69,0.12,234.812,5.6,88.12999725341797,93.6,55.97,3.58,1.3072,-5.3588,30.1964,55.39458084106445
2014-12-17,2.74,0.13,234.812,5.6,89.12999725341797,93.6,56.43,3.72,1.3734,-3.4957,41.155,57.067771911621094
2014-12-18,2.82,0.13,234.812,5.6,89.23999786376953,93.6,54.18,3.71,1.4015,0.3969,48.3191,58.43964767456055
2014-12-19,2.77,0.13,234.812,5.6,89.5999984741211,93.6,56.91,3.71,1.4857,0.8259,55.1359,60.02951431274414
2014-12-22,2.75,0.13,234.812,5.6,89.7699966430664,93.6,55.25,3.05,1.4354,-0.5506,54.174,59.83076858520508
2014-12-23,2.85,0.13,234.812,5.6,90.05999755859375,93.6,56.78,2.99,1.4304,-0.2305,57.4252,60.63850784301758
2014-12-24,2.83,0.13,234.812,5.6,89.97000122070312,93.6,55.70,2.99,1.4018,-0.3777,54.7367,60.119258880615234
2014-12-26,2.81,0.13,234.812,5.6,90.02999877929688,93.6,54.59,2.74,1.3845,-0.3905,52.8612,59.75382995605469
2014-12-29,2.78,0.13,234.812,5.6,90.19000244140624,93.6,53.46,3.07,1.3299,0.8771,52.3864,59.66407775878906
2014-12-30,2.76,0.13,234.812,5.6,89.98999786376953,93.6,54.14,3.14,1.2752,1.05,52.206,59.63203430175781
2014-12-31,2.75,0.06,234.812,5.6,90.2699966430664,93.6,53.45,3.14,1.233,2.4201,50.089,59.26662826538086
2015-01-02,2.69,0.12,233.707,5.7,91.08000183105467,98.1,52.72,3.01,1.2017,2.324,51.501,59.510223388671875
2015-01-05,2.60,0.12,233.707,5.7,91.37999725341795,98.1,50.05,3.22,1.2681,2.3625,42.7877,57.88191223144531
2015-01-06,2.52,0.12,233.707,5.7,91.5,98.1,47.98,2.98,1.2868,1.8631,41.3635,57.57419967651367
2015-01-07,2.52,0.12,233.707,5.7,91.88999938964844,98.1,48.69,3.08,1.2713,2.7594,45.0947,58.15758514404297
2015-01-08,2.59,0.12,233.707,5.7,92.37000274658205,98.1,48.80,2.92,1.2514,2.0551,50.7007,59.1255989074707
2015-01-09,2.55,0.12,233.707,5.7,91.94000244140624,98.1,48.35,2.96,1.2265,0.6018,50.2252,59.0422477722168
2015-01-12,2.49,0.12,233.707,5.7,91.9800033569336,98.1,46.06,2.90,1.2431,-2.1192,44.154,57.907569885253906
2015-01-13,2.49,0.12,233.707,5.7,92.30999755859376,98.1,45.92,2.92,1.2604,-2.132,43.1077,57.696006774902344
2015-01-14,2.47,0.12,233.707,5.7,92.16000366210938,98.1,48.49,3.15,1.2957,-3.1051,42.2581,57.529335021972656
2015-01-15,2.40,0.12,233.707,5.7,92.3499984741211,98.1,46.37,3.32,1.3015,-3.0859,39.7284,57.029300689697266
2015-01-16,2.44,0.13,233.707,5.7,92.5199966430664,98.1,48.49,3.11,1.3105,-1.3381,48.8586,58.413997650146484
2015-01-20,2.39,0.12,233.707,5.7,93.0500030517578,98.1,46.79,2.94,1.2809,-1.2677,48.7481,58.39476776123047
2015-01-21,2.44,0.12,233.707,5.7,92.9000015258789,98.1,47.85,2.94,1.2342,-0.7363,51.7992,58.894805908203125
2015-01-22,2.46,0.12,233.707,5.7,94.23999786376952,98.1,45.93,2.95,1.2213,0.2689,55.46,59.535892486572266
2015-01-23,2.38,0.12,233.707,5.7,95.0,98.1,45.26,2.96,1.2294,-1.2421,47.7302,58.26654815673828
2015-01-26,2.40,0.12,233.707,5.7,94.8000030517578,98.1,44.80,2.92,1.2089,0.9411,50.9642,58.82430648803711
2015-01-27,2.40,0.11,233.707,5.7,94.0199966430664,98.1,45.84,2.96,1.1756,0.7299,47.9873,58.305015563964844
2015-01-28,2.29,0.12,233.707,5.7,94.47000122070312,98.1,44.08,2.89,1.2347,-1.7734,38.9197,56.38182067871094
2015-01-29,2.33,0.11,233.707,5.7,94.77999877929688,98.1,44.12,2.88,1.2485,-2.9771,37.9668,56.14463424682617
2015-01-30,2.25,0.06,233.707,5.7,94.8000030517578,98.1,47.79,2.88,1.2586,-2.9963,37.5388,56.04206848144531
2015-02-02,2.25,0.12,234.722,5.5,94.5,95.4,49.25,2.88,1.2679,-0.4802,46.3343,57.42678451538086
2015-02-03,2.37,0.12,234.722,5.5,93.5999984741211,95.4,53.04,2.67,1.3031,1.4405,54.806,59.13840866088867
2015-02-04,2.39,0.11,234.722,5.5,93.98999786376952,95.4,48.45,2.73,1.2905,1.1012,52.1813,58.631961822509766
2015-02-05,2.42,0.12,234.722,5.5,94.6999969482422,95.4,50.48,2.66,1.2477,2.1768,54.8351,59.20891571044922
2015-02-06,2.51,0.11,234.722,5.5,94.6999969482422,95.4,51.66,2.66,1.2194,0.685,54.2229,59.0991325378418
2015-02-09,2.52,0.12,234.722,5.5,94.4499969482422,95.4,52.99,2.62,1.1809,0.743,54.4178,59.13785934448242
2015-02-10,2.58,0.12,234.722,5.5,94.76000213623048,95.4,50.06,2.67,1.1629,-0.1112,52.2233,58.782649993896484
2015-02-11,2.57,0.12,234.722,5.5,94.98999786376952,95.4,48.80,2.86,1.136,-1.0159,50.5856,58.517826080322266
2015-02-12,2.58,0.12,234.722,5.5,94.08999633789062,95.4,51.17,2.86,1.1498,1.3935,56.8732,59.66105270385742
2015-02-13,2.63,0.12,234.722,5.5,94.1999969482422,95.4,52.66,2.75,1.1216,1.4816,59.9721,60.30696105957031
2015-02-17,2.73,0.12,234.722,5.5,94.05999755859376,95.4,53.56,2.75,1.0912,1.7937,58.523,60.10025405883789
2015-02-18,2.70,0.12,234.722,5.5,94.1999969482422,95.4,52.13,2.92,1.1358,2.3985,50.1957,58.782649993896484
2015-02-19,2.73,0.12,234.722,5.5,94.4000015258789,95.4,51.12,2.92,1.1667,1.6226,44.9005,57.768585205078125
2015-02-20,2.73,0.12,234.722,5.5,94.25,95.4,49.95,3.02,1.1336,2.0347,46.75,58.07861328125
2015-02-23,2.66,0.11,234.722,5.5,94.56999969482422,95.4,49.56,3.22,1.107,0.0648,43.7516,57.49087142944336
2015-02-24,2.60,0.11,234.722,5.5,94.48999786376952,95.4,48.48,3.22,1.0634,-1.3801,45.4492,57.75566101074219
2015-02-25,2.56,0.11,234.722,5.5,94.20999908447266,95.4,50.25,3.21,1.016,-0.7582,46.2166,57.871925354003906
2015-02-26,2.63,0.11,234.722,5.5,95.29000091552734,95.4,47.65,3.21,1.0134,-1.9473,42.7947,57.258338928222656
2015-02-27,2.60,0.06,234.722,5.5,95.25,95.4,49.84,2.79,0.9844,-1.9094,42.4032,57.18729019165039
2015-03-02,2.68,0.12,236.119,5.4,95.45999908447266,93.0,49.59,2.79,0.9689,-2.2706,40.5857,56.864356994628906
2015-03-03,2.71,0.12,236.119,5.4,95.37999725341795,93.0,50.43,3.00,0.9416,-2.1868,39.0708,56.59306716918945
2015-03-04,2.72,0.11,236.119,5.4,95.97000122070312,93.0,51.53,3.27,0.9218,-2.2061,37.4919,56.30889129638672
2015-03-05,2.71,0.11,236.119,5.4,96.37999725341795,93.0,50.76,3.27,0.8867,-3.6317,35.9283,56.02468490600586
2015-03-06,2.83,0.12,236.119,5.4,97.62000274658205,93.0,49.61,2.89,0.8888,-4.9928,32.2719,55.3077392578125
2015-03-09,2.80,0.12,236.119,5.4,97.58999633789062,93.0,49.95,2.75,0.8833,-5.0895,30.8407,55.004180908203125
2015-03-10,2.73,0.12,236.119,5.4,98.62000274658205,93.0,48.42,2.76,0.8797,-4.3542,28.2565,54.42287063598633
2015-03-11,2.69,0.11,236.119,5.4,99.8000030517578,93.0,48.06,2.76,0.8597,-3.4962,27.5926,54.26787185668945
2015-03-12,2.69,0.11,236.119,5.4,99.1500015258789,93.0,47.12,2.82,0.8305,-3.6769,29.0879,54.39702224731445
2015-03-13,2.70,0.11,236.119,5.4,100.33000183105467,93.0,44.88,2.72,0.8422,-3.3156,27.9982,54.170982360839844
2015-03-16,2.67,0.12,236.119,5.4,99.5999984741211,93.0,43.93,2.68,0.8553,-3.006,34.6977,54.745819091796875
2015-03-17,2.61,0.12,236.119,5.4,99.58999633789062,93.0,43.39,2.82,0.8327,-3.5607,32.2302,54.306610107421875
2015-03-18,2.51,0.11,236.119,5.4,98.5500030517578,93.0,44.63,2.80,0.9086,-1.6643,44.6382,55.59193801879883
2015-03-19,2.54,0.12,236.119,5.4,99.0999984741211,93.0,44.02,2.86,0.9241,-2.6641,38.3333,54.51975631713867
2015-03-20,2.50,0.12,236.119,5.4,97.91000366210938,93.0,46.00,2.86,0.9047,-2.2577,39.0592,54.60372543334961
2015-03-23,2.51,0.12,236.119,5.4,97.02999877929688,93.0,47.40,2.72,0.8972,-1.4127,43.926,55.17856979370117
2015-03-24,2.46,0.11,236.119,5.4,97.19000244140624,93.0,47.03,2.79,0.8921,-1.7159,40.3755,54.5908088684082
2015-03-25,2.50,0.12,236.119,5.4,96.9800033569336,93.0,48.75,2.77,0.8767,-1.2127,42.2536,54.8104133605957
2015-03-26,2.60,0.11,236.119,5.4,97.44000244140624,93.0,51.41,2.77,0.8823,-0.845,40.0935,54.46161651611328
2015-03-27,2.53,0.12,236.119,5.4,97.29000091552734,93.0,48.83,2.89,0.8649,-1.0192,37.2809,53.98366165161133
2015-03-30,2.55,0.12,236.119,5.4,97.9800033569336,93.0,48.66,2.64,0.9063,0.8837,48.1355,55.3077392578125
2015-03-31,2.54,0.06,236.119,5.4,98.36000061035156,93.0,47.72,2.65,0.8955,0.6322,45.5278,54.90083312988281
2015-04-01,2.47,0.12,236.599,5.4,98.19000244140624,95.9,50.12,2.62,0.9117,0.1548,43.3595,54.55205154418945
2015-04-02,2.53,0.12,236.599,5.4,97.44000244140624,95.9,49.13,2.63,0.8966,0.2774,42.7104,54.448699951171875
2015-04-06,2.57,0.13,236.599,5.4,97.11000061035156,95.9,52.08,2.63,0.8989,0.2387,47.1316,54.98479461669922
2015-04-07,2.52,0.12,236.599,5.4,97.83000183105467,95.9,53.95,2.71,0.8999,1.0773,50.222,55.385250091552734
2015-04-08,2.53,0.12,236.599,5.4,98.06999969482422,95.9,50.44,2.71,0.9222,-1.2966,42.8666,54.29367446899414
2015-04-09,2.61,0.12,236.599,5.4,99.16000366210938,95.9,50.79,2.72,0.8987,0.1548,45.8483,54.67475891113281
2015-04-10,2.58,0.12,236.599,5.4,99.38999938964844,95.9,51.63,2.58,0.8986,0.658,50.1681,55.26253128051758
2015-04-13,2.58,0.13,236.599,5.4,99.48999786376952,95.9,51.95,2.58,0.8809,-0.0581,49.1474,55.12043762207031
2015-04-14,2.54,0.13,236.599,5.4,98.76000213623048,95.9,53.30,2.58,0.9164,1.3611,54.9372,55.95363998413086
2015-04-15,2.55,0.13,236.599,5.4,98.33000183105467,95.9,56.25,2.62,0.9385,2.0771,60.3954,56.890174865722656
2015-04-16,2.56,0.13,236.599,5.4,97.41999816894533,95.9,56.69,2.61,0.9198,2.1997,58.5519,56.66412353515625
2015-04-17,2.51,0.13,236.599,5.4,97.5199966430664,95.9,55.71,2.67,0.9267,2.161,54.4598,56.14738464355469
2015-04-20,2.56,0.13,236.599,5.4,97.94000244140624,95.9,56.37,2.57,0.9144,1.0385,55.7503,56.34762954711914
2015-04-21,2.58,0.13,236.599,5.4,97.9800033569336,95.9,55.58,2.59,0.8922,1.2127,53.8421,56.1151123046875
2015-04-22,2.66,0.13,236.599,5.4,98.0199966430664,95.9,56.17,2.63,0.8957,1.9352,56.4296,56.48972702026367
2015-04-23,2.63,0.13,236.599,5.4,97.27999877929688,95.9,56.59,2.59,0.881,2.09,56.7894,56.54140090942383
2015-04-24,2.62,0.13,236.599,5.4,96.91999816894533,95.9,55.98,2.59,0.8587,1.1869,53.4054,56.17323303222656
2015-04-27,2.61,0.13,236.599,5.4,96.7699966430664,95.9,55.56,2.50,0.8363,0.8128,53.6143,56.19906997680664
2015-04-28,2.68,0.13,236.599,5.4,96.08999633789062,95.9,57.05,2.55,0.8157,2.4125,57.6523,56.709327697753906
2015-04-29,2.76,0.13,236.599,5.4,95.12000274658205,95.9,58.55,2.55,0.8086,2.0771,58.0011,56.7545166015625
2015-04-30,2.75,0.08,236.599,5.4,94.5999984741211,95.9,59.62,2.56,0.8176,1.1676,54.5446,56.43159866333008
2015-05-01,2.82,0.13,237.805,5.6,95.3000030517578,90.7,59.10,2.68,0.832,2.2642,61.8012,57.38753128051758
2015-05-04,2.88,0.13,237.805,5.6,95.4800033569336,90.7,58.92,2.72,0.8201,1.5998,62.9211,57.555450439453125
2015-05-05,2.90,0.13,237.805,5.6,95.12999725341795,90.7,60.38,2.76,0.8338,0.3419,59.3194,57.23250198364258
2015-05-06,2.98,0.13,237.805,5.6,94.12999725341795,90.7,60.93,2.76,0.8742,0.2967,56.399,56.96123504638672
2015-05-07,2.90,0.13,237.805,5.6,94.62000274658205,90.7,58.99,2.74,0.8703,0.4322,52.4897,56.58015823364258
2015-05-08,2.90,0.13,237.805,5.6,94.79000091552734,90.7,59.41,2.78,0.8759,1.1289,59.5955,57.47793197631836
2015-05-11,3.03,0.13,237.805,5.6,95.01000213623048,90.7,59.23,2.85,0.9025,0.4064,50.8712,56.51410675048828
2015-05-12,3.02,0.13,237.805,5.6,94.52999877929688,90.7,60.72,2.85,0.8864,0.1884,52.1059,56.67040252685547
2015-05-13,3.07,0.13,237.805,5.6,93.62000274658205,90.7,60.50,2.85,0.8848,-0.1625,49.5362,56.370826721191406
2015-05-14,3.03,0.13,237.805,5.6,93.36000061035156,90.7,59.89,2.87,0.8578,0.4719,51.8171,56.637855529785156
2015-05-15,2.93,0.13,237.805,5.6,93.13999938964844,90.7,59.73,2.96,0.8439,0.6933,53.897,56.88529586791992
2015-05-18,3.02,0.13,237.805,5.6,94.19000244140624,90.7,59.44,3.01,0.8152,-0.1415,50.7903,56.55968475341797
2015-05-19,3.05,0.12,237.805,5.6,95.2699966430664,90.7,57.30,3.01,0.8035,-0.0956,51.631,56.65087890625
2015-05-20,3.06,0.12,237.805,5.6,95.4499969482422,90.7,58.96,3.04,0.7689,0.318,52.5048,56.74204635620117
2015-05-21,2.98,0.12,237.805,5.6,95.26000213623048,90.7,60.18,2.96,0.7362,-0.5847,53.027,56.79413604736328
2015-05-22,2.99,0.13,237.805,5.6,96.01000213623048,90.7,58.88,2.96,0.7166,-1.2012,48.1133,56.34477996826172
2015-05-26,2.89,0.12,237.805,5.6,97.3000030517578,90.7,57.29,2.82,0.7347,-1.6398,41.1501,55.582820892333984
2015-05-27,2.88,0.12,237.805,5.6,97.37000274658205,90.7,57.51,2.82,0.7342,-1.525,39.8753,55.426551818847656
2015-05-28,2.89,0.12,237.805,5.6,96.97000122070312,90.7,57.69,2.78,0.7166,-1.1444,39.8753,55.426551818847656
2015-05-29,2.88,0.08,237.805,5.6,96.91000366210938,90.7,60.25,2.78,0.698,-1.9825,40.6746,55.48516082763672
2015-06-01,2.94,0.12,238.638,5.3,97.38999938964844,96.1,60.24,2.78,0.6793,-1.0733,40.2267,55.43955993652344
2015-06-02,3.02,0.12,238.638,5.3,95.83999633789062,96.1,61.30,2.63,0.6623,-1.2229,40.3278,55.44609069824219
2015-06-03,3.11,0.13,238.638,5.3,95.47000122070312,96.1,59.67,2.65,0.6606,-1.0473,38.9787,55.322357177734375
2015-06-04,3.03,0.13,238.638,5.3,95.45999908447266,96.1,58.00,2.60,0.6677,-1.7888,34.2396,54.846946716308594
2015-06-05,3.11,0.13,238.638,5.3,96.30999755859376,96.1,59.11,2.60,0.6674,-1.997,34.9398,54.886024475097656
2015-06-08,3.11,0.13,238.638,5.3,95.3000030517578,96.1,58.15,2.60,0.6792,-1.301,41.3306,55.25724411010742
2015-06-09,3.15,0.13,238.638,5.3,95.16999816894533,96.1,60.15,2.72,0.6743,-1.5677,39.3584,55.0814208984375
2015-06-10,3.22,0.13,238.638,5.3,94.6500015258789,96.1,61.36,2.81,0.6908,-1.2489,45.8512,55.49168395996094
2015-06-11,3.11,0.13,238.638,5.3,94.9800033569336,96.1,60.74,2.88,0.6791,-1.379,44.8658,55.41352844238281
2015-06-12,3.10,0.13,238.638,5.3,94.97000122070312,96.1,59.96,2.88,0.6877,-1.6262,37.1909,54.716712951660156
2015-06-15,3.09,0.13,238.638,5.3,94.80999755859376,96.1,59.53,2.89,0.6771,-1.0603,35.3643,54.52131652832031
2015-06-16,3.06,0.14,238.638,5.3,95.0,96.1,60.01,2.94,0.6915,-0.2797,44.7206,55.14653396606445
2015-06-17,3.09,0.14,238.638,5.3,94.3000030517578,96.1,59.89,2.93,0.6756,-0.2472,45.1658,55.17909240722656
2015-06-18,3.14,0.14,238.638,5.3,94.04000091552734,96.1,60.41,2.93,0.6849,0.1821,51.4785,55.66749954223633
2015-06-19,3.05,0.13,238.638,5.3,94.08999633789062,96.1,59.62,2.81,0.662,0.052,49.2791,55.49168395996094
2015-06-22,3.16,0.13,238.638,5.3,94.33000183105467,96.1,60.01,2.79,0.644,0.0195,48.9454,55.465614318847656
2015-06-23,3.20,0.13,238.638,5.3,95.43000030517578,96.1,61.05,2.83,0.6301,0.0781,48.0692,55.40048599243164
2015-06-24,3.16,0.13,238.638,5.3,95.26000213623048,96.1,60.01,2.83,0.6167,0.2992,44.7077,55.14653396606445
2015-06-25,3.16,0.13,238.638,5.3,95.19000244140624,96.1,59.59,2.80,0.6154,-0.2277,39.052,54.6580924987793
2015-06-26,3.25,0.13,238.638,5.3,95.47000122070312,96.1,59.41,2.77,0.5997,-0.644,38.5617,54.61250686645508
2015-06-29,3.09,0.14,238.638,5.3,94.79000091552734,96.1,58.34,2.77,0.6062,-1.1449,32.1109,53.93522644042969
2015-06-30,3.11,0.08,238.638,5.3,95.48999786376952,96.1,59.48,2.80,0.6604,-1.3075,36.3037,54.18268585205078
2015-07-01,3.20,0.13,238.654,5.2,96.30999755859376,93.1,56.94,2.78,0.6792,-1.7693,31.6988,53.64216613769531
2015-07-02,3.19,0.13,238.654,5.2,96.11000061035156,93.1,56.93,2.79,0.673,-0.5724,39.3809,54.14361572265625
2015-07-06,3.08,0.13,238.654,5.2,96.3000030517578,93.1,52.48,2.79,0.6723,-0.7741,35.9329,53.74638748168945
2015-07-07,3.04,0.13,238.654,5.2,96.87000274658205,93.1,52.33,2.77,0.7051,-1.1774,39.1318,53.9677848815918
2015-07-08,2.99,0.13,238.654,5.2,96.29000091552734,93.1,51.61,2.77,0.7045,-1.7953,34.2559,53.38167953491211
2015-07-09,3.11,0.13,238.654,5.2,96.61000061035156,93.1,52.76,2.70,0.7271,-2.5239,32.465,53.14071273803711
2015-07-10,3.20,0.13,238.654,5.2,96.02999877929688,93.1,52.74,2.70,0.7165,-1.945,38.2873,53.54447555541992
2015-07-13,3.21,0.13,238.654,5.2,96.86000061035156,93.1,52.19,2.88,0.6904,-1.7888,40.0818,53.67473602294922
2015-07-14,3.20,0.13,238.654,5.2,96.63999938964844,93.1,53.05,2.88,0.6904,-1.275,45.9241,54.124080657958984
2015-07-15,3.13,0.13,238.654,5.2,97.12999725341795,93.1,51.40,2.93,0.6883,-1.2489,43.6018,53.89614486694336
2015-07-16,3.11,0.14,238.654,5.2,97.66000366210938,93.1,50.90,2.90,0.6726,-0.6635,44.8881,53.993831634521484
2015-07-17,3.08,0.13,238.654,5.2,97.86000061035156,93.1,50.88,2.88,0.6766,-0.8131,42.7862,53.7984619140625
2015-07-20,3.10,0.14,238.654,5.2,98.02999877929688,93.1,50.11,2.88,0.6752,-0.6895,37.4374,53.244911193847656
2015-07-21,3.08,0.13,238.654,5.2,97.33000183105467,93.1,50.59,2.84,0.6734,-1.0018,36.8537,53.17979049682617
2015-07-22,3.04,0.13,238.654,5.2,97.5999984741211,93.1,49.27,2.84,0.6667,-0.3773,38.2027,53.26446533203125
2015-07-23,2.98,0.13,238.654,5.2,97.12000274658205,93.1,48.11,2.92,0.6655,-1.301,34.2617,52.84115219116211
2015-07-24,2.96,0.13,238.654,5.2,97.23999786376952,93.1,47.98,2.92,0.6849,-1.6848,28.4306,52.05967712402344
2015-07-27,2.93,0.14,238.654,5.2,96.5,93.1,47.17,2.92,0.6899,-2.3483,25.7556,51.61683654785156
2015-07-28,2.96,0.14,238.654,5.2,96.7699966430664,93.1,47.97,2.89,0.7988,0.3317,49.8285,53.71381378173828
2015-07-29,2.99,0.14,238.654,5.2,96.9800033569336,93.1,48.77,2.91,0.8017,1.0018,53.1795,54.14361572265625
2015-07-30,2.96,0.14,238.654,5.2,97.55999755859376,93.1,48.53,2.87,0.7862,0.5139,52.4366,54.05897521972656
2015-07-31,2.92,0.08,238.654,5.2,97.37000274658205,93.1,47.11,2.76,0.9196,-2.0881,36.4203,51.58427810668945
2015-08-03,2.86,0.14,238.316,5.1,97.48999786376952,91.9,45.25,2.76,0.9274,-3.285,33.1231,50.83535385131836
2015-08-04,2.90,0.14,238.316,5.1,97.93000030517578,91.9,45.75,2.83,0.9392,-3.6362,30.7991,50.2557373046875
2015-08-05,2.94,0.14,238.316,5.1,97.95999908447266,91.9,45.13,2.85,0.9339,-3.7338,30.7991,50.2557373046875
2015-08-06,2.90,0.14,238.316,5.1,97.83000183105467,91.9,44.69,2.76,0.9299,-2.9402,36.1682,50.85487365722656
2015-08-07,2.83,0.14,238.316,5.1,97.55999755859376,91.9,43.87,2.76,0.9319,-3.2069,32.4543,50.03432846069336
2015-08-10,2.89,0.14,238.316,5.1,97.16000366210938,91.9,44.94,2.85,0.9545,-1.8929,42.1949,51.28469467163086
2015-08-11,2.81,0.15,238.316,5.1,97.29000091552734,91.9,43.11,2.84,0.968,-2.3222,40.4604,50.936309814453125
2015-08-12,2.84,0.15,238.316,5.1,96.26000213623048,91.9,43.22,2.93,0.9884,-1.0458,46.3417,51.79084014892578
2015-08-13,2.86,0.15,238.316,5.1,96.4499969482422,91.9,42.27,2.93,0.9654,-0.3572,45.8168,51.69881057739258
2015-08-14,2.84,0.14,238.316,5.1,96.56999969482422,91.9,42.45,2.83,0.9443,-0.1053,44.6877,51.50820541381836
2015-08-17,2.81,0.15,238.316,5.1,96.81999969482422,91.9,41.93,2.79,0.9577,-1.9306,46.6881,51.77769088745117
2015-08-18,2.87,0.15,238.316,5.1,96.97000122070312,91.9,42.58,2.71,0.9451,-2.9312,43.1242,51.20582962036133
2015-08-19,2.81,0.15,238.316,5.1,96.45999908447266,91.9,40.75,2.77,0.97,-3.9432,37.2467,50.10810089111328
2015-08-20,2.76,0.15,238.316,5.1,95.75,91.9,41.00,2.77,0.9786,-2.5613,32.5044,49.01692581176758
2015-08-21,2.74,0.15,238.316,5.1,94.83000183105467,91.9,40.45,2.70,1.041,-3.4154,27.0523,47.41305160522461
2015-08-24,2.73,0.15,238.316,5.1,93.30999755859376,91.9,38.22,2.65,1.2283,-5.0755,21.5995,45.17155075073242
2015-08-25,2.84,0.15,238.316,5.1,94.52999877929688,91.9,39.15,2.71,1.2925,-5.0821,21.5857,45.16497802734375
2015-08-26,2.94,0.14,238.316,5.1,95.0999984741211,91.9,38.50,2.73,1.3897,-3.1919,37.7493,47.65625
2015-08-27,2.93,0.14,238.316,5.1,95.61000061035156,91.9,42.47,2.69,1.4025,-0.8293,45.281,49.20097732543945
2015-08-28,2.92,0.14,238.316,5.1,96.11000061035156,91.9,45.29,2.69,1.376,-1.9338,45.9404,49.345577239990234
2015-08-31,2.95,0.08,238.316,5.1,95.9499969482422,91.9,49.20,2.70,1.3832,-1.4774,46.4772,49.45732498168945
2015-09-01,2.93,0.14,237.945,5.0,95.4499969482422,87.2,45.38,2.70,1.4594,-4.4059,38.7711,47.38018035888672
2015-09-02,2.97,0.14,237.945,5.0,95.83000183105467,87.2,46.30,2.70,1.4133,-3.5589,42.5071,48.13611602783203
2015-09-03,2.95,0.14,237.945,5.0,96.41000366210938,87.2,46.75,2.67,1.3911,-3.0007,44.2897,48.50419998168945
2015-09-04,2.89,0.14,237.945,5.0,96.2300033569336,87.2,46.02,2.67,1.364,-4.1432,41.0355,47.62995529174805
2015-09-08,2.97,0.14,237.945,5.0,95.87999725341795,87.2,45.92,2.74,1.3257,-2.8891,44.4713,48.31357192993164
2015-09-09,2.96,0.14,237.945,5.0,96.01000213623048,87.2,44.13,2.74,1.3637,-2.7775,40.7804,47.32759094238281
2015-09-10,2.98,0.14,237.945,5.0,95.45999908447266,87.2,45.85,2.71,1.3216,-1.3461,42.5601,47.66939163208008
2015-09-11,2.95,0.14,237.945,5.0,95.19000244140624,87.2,44.75,2.67,1.2605,0.3677,43.1616,47.78114318847656
2015-09-14,2.95,0.14,237.945,5.0,95.25,87.2,44.07,2.70,1.2141,2.4754,42.5965,47.64966583251953
2015-09-15,3.06,0.14,237.945,5.0,95.61000061035156,87.2,44.58,2.74,1.1697,2.725,44.0557,47.89289474487305
2015-09-16,3.08,0.14,237.945,5.0,95.41999816894533,87.2,47.12,2.69,1.1725,1.1819,49.4422,48.839439392089844
2015-09-17,3.02,0.14,237.945,5.0,94.5500030517578,87.2,46.93,2.69,1.1647,-0.2561,50.018,48.94461441040039
2015-09-18,2.93,0.14,237.945,5.0,94.86000061035156,87.2,44.71,2.69,1.1913,-1.5693,44.0122,47.77457809448242
2015-09-21,3.02,0.14,237.945,5.0,95.88999938964844,87.2,46.67,2.61,1.1498,-1.2147,46.7583,48.241268157958984
2015-09-22,2.94,0.14,237.945,5.0,96.27999877929688,87.2,46.17,2.61,1.138,0.4334,44.6015,47.81401824951172
2015-09-23,2.95,0.14,237.945,5.0,96.06999969482422,87.2,44.53,2.62,1.0994,-0.6107,43.1505,47.524810791015625
2015-09-24,2.91,0.14,237.945,5.0,95.98999786376952,87.2,44.94,2.62,1.088,-0.696,45.0325,47.80744171142578
2015-09-25,2.96,0.13,237.945,5.0,96.2699966430664,87.2,45.55,2.60,1.0478,0.5056,47.2205,48.13611602783203
2015-09-28,2.87,0.13,237.945,5.0,96.02999877929688,87.2,44.40,2.66,1.0226,-0.591,44.8007,47.72198486328125
2015-09-29,2.85,0.13,237.945,5.0,95.88999938964844,87.2,45.24,2.57,0.9988,0.6369,46.5336,47.965206146240234
2015-09-30,2.87,0.07,237.945,5.0,96.3499984741211,87.2,45.06,2.47,0.9922,1.2016,52.5207,48.872310638427734
2015-10-01,2.85,0.13,237.838,5.0,96.19000244140624,90.0,44.75,2.37,1.0283,0.8996,51.2226,48.68167495727539
2015-10-02,2.82,0.13,237.838,5.0,95.83000183105467,90.0,45.54,2.37,1.0894,2.2259,58.2043,49.87802505493164
2015-10-05,2.90,0.13,237.838,5.0,96.11000061035156,90.0,46.28,2.34,1.0754,2.5936,61.256,50.48933410644531
2015-10-06,2.88,0.13,237.838,5.0,95.45999908447266,90.0,48.53,2.35,1.1065,2.3573,64.4978,51.19923782348633
2015-10-07,2.89,0.13,237.838,5.0,95.5,90.0,47.86,2.35,1.11,3.1124,67.9958,52.06034851074219
2015-10-08,2.96,0.13,237.838,5.0,95.31999969482422,90.0,49.46,2.35,1.1043,4.8261,70.0119,52.605934143066406
2015-10-09,2.94,0.13,237.838,5.0,94.80999755859376,90.0,49.67,2.49,1.0979,3.8543,65.8665,52.099796295166016
2015-10-12,.,0.13,237.838,5.0,94.83999633789062,90.0,47.09,2.48,1.0603,4.3074,65.9792,52.126075744628906
2015-10-13,2.89,0.13,237.838,5.0,94.76000213623048,90.0,46.70,2.47,1.0343,4.5044,65.1683,52.0340690612793
2015-10-14,2.84,0.13,237.838,5.0,93.93000030517578,90.0,46.63,2.47,1.0401,4.8787,68.177,52.69139099121094
2015-10-15,2.87,0.13,237.838,5.0,94.37000274658205,90.0,46.38,2.54,1.0423,5.4171,71.6573,53.559043884277344
2015-10-16,2.87,0.13,237.838,5.0,94.54000091552734,90.0,47.30,2.42,1.0171,6.4874,73.979,54.21638870239258
2015-10-19,2.89,0.13,237.838,5.0,94.95999908447266,90.0,45.91,2.43,1.0251,5.2661,65.3847,53.23695373535156
2015-10-20,2.92,0.13,237.838,5.0,94.8499984741211,90.0,45.84,2.46,0.992,4.2549,64.5179,53.13179397583008
2015-10-21,2.87,0.13,237.838,5.0,95.0500030517578,90.0,45.22,2.37,0.9699,4.0382,61.1358,52.72425842285156
2015-10-22,2.87,0.12,237.838,5.0,96.33999633789062,90.0,44.90,2.37,1.0296,4.6029,68.7592,54.48588180541992
2015-10-23,2.90,0.12,237.838,5.0,97.06999969482422,90.0,43.91,2.28,1.0081,4.0513,68.9793,54.545047760009766
2015-10-26,2.87,0.12,237.838,5.0,96.86000061035156,90.0,43.19,2.18,1.021,2.1865,60.0684,53.388145446777344
2015-10-27,2.86,0.12,237.838,5.0,96.91000366210938,90.0,43.21,2.14,1.018,1.241,59.4574,53.302696228027344
2015-10-28,2.87,0.12,237.838,5.0,97.77999877929688,90.0,45.93,2.14,1.0224,1.4774,63.1521,54.08491516113281
2015-10-29,2.96,0.12,237.838,5.0,97.27999877929688,90.0,46.02,2.15,1.0165,1.9501,62.8928,54.05206298828125
2015-10-30,2.93,0.07,237.838,5.0,96.9499969482422,90.0,46.60,1.98,1.0667,2.2588,64.4944,54.387290954589844
2015-11-02,2.95,0.12,237.336,5.1,96.93000030517578,91.3,46.12,1.92,1.1706,4.0185,71.169,56.05689239501953
2015-11-03,3.00,0.12,237.336,5.1,97.16000366210938,91.3,47.88,1.92,1.1881,4.3928,74.3755,57.08889389038086
2015-11-04,3.00,0.12,237.336,5.1,97.9499969482422,91.3,46.32,2.04,1.168,2.9548,69.7464,56.51704025268555
2015-11-05,3.01,0.12,237.336,5.1,97.94000244140624,91.3,45.27,2.04,1.1657,1.5299,63.9793,55.74797058105469
2015-11-06,3.09,0.12,237.336,5.1,99.16000366210938,91.3,44.32,2.19,1.157,2.285,62.3654,55.52444839477539
2015-11-09,3.12,0.12,237.336,5.1,98.9800033569336,91.3,43.87,2.19,1.1654,1.2147,54.5623,54.33759689331055
2015-11-10,3.10,0.12,237.336,5.1,99.29000091552734,91.3,44.23,2.14,1.1176,1.8868,55.9019,54.60280990600586
2015-11-11,.,0.12,237.336,5.1,99.01000213623048,91.3,42.95,2.13,1.0927,-0.3565,52.8401,54.11878204345703
2015-11-12,3.09,0.12,237.336,5.1,98.6500015258789,91.3,41.74,2.05,1.1235,-1.8796,44.834,52.653438568115234
2015-11-13,3.06,0.12,237.336,5.1,98.98999786376952,91.3,40.69,2.02,1.1208,-1.5918,40.8801,51.784812927246094
2015-11-16,3.07,0.13,237.336,5.1,99.44000244140624,91.3,41.68,2.02,1.1865,0.3484,50.8562,53.641387939453125
2015-11-17,3.04,0.13,237.336,5.1,99.62999725341795,91.3,40.73,2.05,1.1619,-1.0557,47.932,53.01811218261719
2015-11-18,3.04,0.12,237.336,5.1,99.6500015258789,91.3,40.75,2.10,1.1409,-0.5061,50.4767,53.535282135009766
2015-11-19,3.00,0.12,237.336,5.1,98.98999786376952,91.3,40.55,2.10,1.0944,-1.1325,49.0213,53.2435417175293
2015-11-20,3.02,0.12,237.336,5.1,99.56999969482422,91.3,39.39,2.18,1.0775,-3.1381,47.3182,52.9053840637207
2015-11-23,3.00,0.12,237.336,5.1,99.8000030517578,91.3,39.27,2.18,1.0786,-3.8444,49.1462,53.23028564453125
2015-11-24,3.00,0.12,237.336,5.1,99.52999877929688,91.3,40.89,2.14,1.1033,-2.2132,54.6765,54.29118728637695
2015-11-25,3.00,0.12,237.336,5.1,99.8000030517578,91.3,41.22,2.14,1.0751,-1.8623,52.2663,53.87344741821289
2015-11-27,3.00,0.12,237.336,5.1,100.0199966430664,91.3,40.57,2.14,1.0361,-1.6523,52.1876,53.860206604003906
2015-11-30,2.98,0.08,237.336,5.1,100.16999816894533,91.3,40.43,2.11,1.0293,-0.1921,53.7974,54.14530563354492
2015-12-01,2.91,0.13,236.525,5.0,99.8000030517578,92.6,40.58,2.11,0.9965,-0.3047,54.6764,54.29780578613281
2015-12-02,2.91,0.13,236.525,5.0,99.98999786376952,92.6,39.93,2.19,1.0422,-1.3713,45.2452,52.74624252319336
2015-12-03,3.07,0.13,236.525,5.0,97.62000274658205,92.6,41.08,2.14,1.0543,-0.6625,41.4904,51.99036407470703
2015-12-04,3.01,0.13,236.525,5.0,98.3499984741211,92.6,40.00,2.10,1.0711,0.5035,43.4842,52.28874206542969
2015-12-07,2.95,0.13,236.525,5.0,98.66000366210938,92.6,37.64,2.06,1.1418,-2.7161,37.2299,50.922855377197266
2015-12-08,2.97,0.13,236.525,5.0,98.47000122070312,92.6,37.46,2.01,1.2027,-3.5309,32.0074,49.484012603759766
2015-12-09,2.97,0.14,236.525,5.0,97.3499984741211,92.6,37.16,2.00,1.2379,-3.3852,36.4327,50.14706039428711
2015-12-10,2.98,0.14,236.525,5.0,97.94000244140624,92.6,36.76,1.95,1.2432,-3.054,36.6989,50.18684768676758
2015-12-11,2.87,0.14,236.525,5.0,97.56999969482422,92.6,35.65,1.79,1.2183,-3.6104,33.318,49.291725158691406
2015-12-14,2.96,0.15,236.525,5.0,97.5999984741211,92.6,36.31,1.70,1.232,-2.8155,40.6849,50.41228485107422
2015-12-15,3.00,0.15,236.525,5.0,98.22000122070312,92.6,37.32,1.66,1.313,-1.623,52.1407,52.66669464111328
2015-12-16,3.02,0.15,236.525,5.0,97.87000274658205,92.6,35.55,1.70,1.2954,-1.3912,51.2627,52.481014251708984
2015-12-17,2.94,0.37,236.525,5.0,99.2699966430664,92.6,34.98,1.79,1.2634,-2.1663,47.5943,51.69197463989258
2015-12-18,2.90,0.37,236.525,5.0,98.6999969482422,92.6,34.72,1.74,1.2545,-2.9016,45.5867,51.24110794067383
2015-12-21,2.92,0.36,236.525,5.0,98.45999908447266,92.6,34.55,1.76,1.234,-3.0672,45.5259,51.22785186767578
2015-12-22,2.96,0.36,236.525,5.0,98.23999786376952,92.6,36.12,1.73,1.1785,-1.2587,47.0106,51.486446380615234
2015-12-23,3.00,0.36,236.525,5.0,98.33999633789062,92.6,36.76,1.63,1.2159,1.1792,55.5146,53.17060089111328
2015-12-24,2.96,0.36,236.525,5.0,97.9800033569336,92.6,37.62,1.63,1.1834,0.3114,52.4456,52.600379943847656
2015-12-28,2.95,0.36,236.525,5.0,97.91999816894533,92.6,36.36,2.11,1.1661,1.2852,50.3876,52.209171295166016
2015-12-29,3.04,0.36,236.525,5.0,98.0999984741211,92.6,37.88,2.39,1.1462,3.001,51.8365,52.4876594543457
2015-12-30,3.04,0.35,236.525,5.0,98.2699966430664,92.6,36.59,2.28,1.1206,1.6429,48.0579,51.79145050048828
2015-12-31,3.01,0.2,236.525,5.0,98.62999725341795,92.6,37.13,2.28,1.0884,1.4972,47.4898,51.68535614013672
2016-01-04,2.98,0.36,236.916,4.8,98.87000274658205,92.0,36.81,2.39,1.0814,2.0669,45.7078,51.36046600341797
2016-01-05,3.01,0.36,236.916,4.8,99.4000015258789,92.0,35.97,2.33,1.0618,1.3846,48.5104,51.7980842590332
2016-01-06,2.94,0.36,236.916,4.8,99.18000030517578,92.0,33.97,2.37,1.0583,-1.2984,45.9924,51.36708068847656
2016-01-07,2.92,0.36,236.916,4.8,98.22000122070312,92.0,33.29,2.35,1.0816,-1.9344,41.5604,50.54489517211914
2016-01-08,2.91,0.36,236.916,4.8,98.54000091552734,92.0,33.20,2.47,1.1061,-2.1663,36.8155,49.5238037109375
2016-01-11,2.96,0.36,236.916,4.8,98.7300033569336,92.0,31.42,2.54,1.1482,-2.3782,34.0936,48.86073303222656
2016-01-12,2.89,0.36,236.916,4.8,98.97000122070312,92.0,30.42,2.40,1.1735,-1.3647,41.167,49.8619384765625
2016-01-13,2.85,0.36,236.916,4.8,98.93000030517578,92.0,30.42,2.28,1.19,-1.3249,43.1261,50.160343170166016
2016-01-14,2.90,0.36,236.916,4.8,99.08999633789062,92.0,31.22,2.21,1.3071,-0.7088,55.4459,52.461143493652344
2016-01-15,2.81,0.36,236.916,4.8,98.95999908447266,92.0,29.45,2.18,1.3472,-1.1593,50.2441,51.440032958984375
2016-01-19,2.82,0.36,236.916,4.8,98.98999786376952,92.0,28.47,2.23,1.3953,-1.5502,46.6339,50.65761947631836
2016-01-20,2.77,0.37,236.916,4.8,99.08999633789062,92.0,26.68,2.18,1.5251,-3.9615,38.5036,48.52259063720703
2016-01-21,2.79,0.37,236.916,4.8,99.05999755859376,92.0,29.55,2.22,1.5288,-2.6565,41.6346,49.132572174072266
2016-01-22,2.83,0.38,236.916,4.8,99.56999969482422,92.0,32.07,2.21,1.5459,-0.9142,49.1238,50.77033615112305
2016-01-25,2.80,0.38,236.916,4.8,99.36000061035156,92.0,30.31,2.16,1.5618,-2.3054,42.9066,49.053035736083984
2016-01-26,2.79,0.38,236.916,4.8,99.36000061035156,92.0,29.54,2.26,1.5823,-0.9407,50.0556,50.85654830932617
2016-01-27,2.80,0.38,236.916,4.8,98.9000015258789,92.0,32.32,2.26,1.5994,-1.4442,46.7852,49.9216194152832
2016-01-28,2.79,0.38,236.916,4.8,98.51000213623048,92.0,33.21,2.15,1.5973,0.5035,50.9465,51.048831939697266
2016-01-29,2.75,0.29,236.916,4.8,99.61000061035156,92.0,33.66,2.28,1.5589,2.0934,52.9509,51.61906814575195
2016-02-01,2.77,0.38,237.111,4.9,99.0,91.7,31.62,2.28,1.5616,1.7224,49.0367,50.584686279296875
2016-02-02,2.67,0.38,237.111,4.9,98.87000274658205,91.7,29.90,2.07,1.5797,-0.4041,45.1222,49.45747756958008
2016-02-03,2.70,0.38,237.111,4.9,97.29000091552734,91.7,32.29,2.06,1.6689,1.8748,54.143,52.03679275512695
2016-02-04,2.70,0.38,237.111,4.9,96.47000122070312,91.7,31.63,2.07,1.6652,0.4704,56.7971,52.93190002441406
2016-02-05,2.68,0.38,237.111,4.9,97.02999877929688,91.7,30.86,2.08,1.6186,1.6562,57.2901,53.097660064697266
2016-02-08,2.56,0.38,237.111,4.9,96.56999969482422,91.7,29.71,2.23,1.6388,3.1533,59.4432,53.81378173828125
2016-02-09,2.55,0.38,237.111,4.9,96.06999969482422,91.7,27.96,2.17,1.6163,5.0546,58.4154,53.5796012878418
2016-02-10,2.53,0.38,237.111,4.9,95.88999938964844,91.7,27.54,2.16,1.6045,3.9571,56.2125,53.09117126464844
2016-02-11,2.50,0.38,237.111,4.9,95.55999755859376,91.7,26.19,2.15,1.6126,2.488,56.8132,53.2584342956543
2016-02-12,2.60,0.38,237.111,4.9,95.9800033569336,91.7,29.32,2.08,1.5676,5.1597,60.1781,54.215206146240234
2016-02-16,2.64,0.38,237.111,4.9,96.87000274658205,91.7,29.05,1.95,1.5306,3.4848,60.6172,54.34233474731445
2016-02-17,2.68,0.37,237.111,4.9,96.79000091552734,91.7,30.68,1.93,1.4984,4.9403,62.4477,54.86421585083008
2016-02-18,2.62,0.38,237.111,4.9,96.9499969482422,91.7,30.77,1.89,1.4487,4.115,63.5017,55.16532516479492
2016-02-19,2.61,0.38,237.111,4.9,96.5999984741211,91.7,29.59,1.83,1.4235,3.5787,63.6239,55.198760986328125
2016-02-22,2.62,0.38,237.111,4.9,97.37999725341795,91.7,31.37,1.86,1.381,4.5386,63.1233,55.12514877319336
2016-02-23,2.60,0.38,237.111,4.9,97.4800033569336,91.7,31.84,1.85,1.3545,4.8893,57.9455,54.349029541015625
2016-02-24,2.61,0.38,237.111,4.9,97.45999908447266,91.7,30.35,1.85,1.3581,2.5062,58.8542,54.5430793762207
2016-02-25,2.58,0.37,237.111,4.9,97.29000091552734,91.7,31.40,1.78,1.3589,1.9394,60.4107,54.870914459228516
2016-02-26,2.63,0.37,237.111,4.9,98.1500015258789,91.7,31.65,1.78,1.3282,1.6,59.1325,54.696956634521484
2016-02-29,2.61,0.29,237.111,4.9,98.20999908447266,91.7,32.74,1.62,1.3456,-0.1851,51.8603,53.626434326171875
2016-03-01,2.70,0.36,238.132,5.0,98.3499984741211,91.0,34.39,1.57,1.3266,0.8022,55.978,54.38248062133789
2016-03-02,2.69,0.37,238.132,5.0,98.20999908447266,91.0,34.57,1.60,1.3469,2.2395,60.5451,55.33258056640625
2016-03-03,2.65,0.37,238.132,5.0,97.56999969482422,91.0,34.56,1.59,1.307,1.8718,59.1489,55.131866455078125
2016-03-04,2.70,0.36,238.132,5.0,97.33999633789062,91.0,35.91,1.49,1.2713,0.8423,58.6152,55.05824279785156
2016-03-07,2.71,0.36,238.132,5.0,97.06999969482422,91.0,37.90,1.56,1.2879,2.166,65.2726,56.51015090942383
2016-03-08,2.63,0.36,238.132,5.0,97.20999908447266,91.0,36.67,1.60,1.2905,0.4212,56.9521,55.285736083984375
2016-03-09,2.68,0.36,238.132,5.0,97.16999816894533,91.0,37.62,1.61,1.2752,-0.0334,55.9861,55.131866455078125
2016-03-10,2.70,0.36,238.132,5.0,96.06999969482422,91.0,37.77,1.72,1.2667,-0.2139,55.0248,54.984657287597656
2016-03-11,2.75,0.36,238.132,5.0,96.16999816894533,91.0,38.51,1.74,1.249,-0.1337,55.0625,54.991363525390625
2016-03-14,2.74,0.36,238.132,5.0,96.62000274658205,91.0,37.20,1.68,1.2374,0.7888,55.9393,55.13855743408203
2016-03-15,2.73,0.37,238.132,5.0,96.62999725341795,91.0,36.32,1.81,1.2125,0.8691,57.5995,55.412864685058594
2016-03-16,2.73,0.37,238.132,5.0,95.88999938964844,91.0,38.43,1.77,1.1842,0.5749,57.8083,55.44633483886719
2016-03-17,2.69,0.37,238.132,5.0,94.76000213623048,91.0,40.17,1.84,1.193,1.571,62.6773,56.26929473876953
2016-03-18,2.68,0.37,238.132,5.0,94.98999786376952,91.0,39.47,1.84,1.172,2.7074,63.0506,56.33618927001953
2016-03-21,2.72,0.37,238.132,5.0,95.29000091552734,91.0,39.91,1.79,1.1217,1.5643,59.3429,55.94812774658203
2016-03-22,2.72,0.37,238.132,5.0,95.6500015258789,91.0,41.45,1.79,1.1299,0.9493,61.4476,56.28266143798828
2016-03-23,2.65,0.37,238.132,5.0,96.0500030517578,91.0,38.28,1.79,1.0865,0.9025,59.0131,56.03510284423828
2016-03-24,2.67,0.37,238.132,5.0,96.13999938964844,91.0,38.14,1.78,1.0612,1.1298,60.0721,56.188987731933594
2016-03-28,2.66,0.37,238.132,5.0,95.94000244140624,91.0,37.99,1.78,1.0169,-0.1604,61.1987,56.349578857421875
2016-03-29,2.60,0.37,238.132,5.0,95.16000366210938,91.0,36.91,1.77,1.0136,1.2702,62.6641,56.55699157714844
2016-03-30,2.65,0.37,238.132,5.0,94.83999633789062,91.0,36.91,1.87,0.9914,1.4172,62.582,56.55027770996094
2016-03-31,2.61,0.25,238.132,5.0,94.58999633789062,91.0,36.94,1.98,0.9927,0.9426,55.3221,55.92803955078125
2016-04-01,2.62,0.37,239.261,5.1,94.62000274658205,89.0,35.36,1.88,0.9791,0.5147,51.0055,55.506526947021484
2016-04-04,2.60,0.37,239.261,5.1,94.51000213623048,89.0,34.30,1.96,0.9626,0.5014,52.2785,55.64033126831055
2016-04-05,2.54,0.37,239.261,5.1,94.62999725341795,89.0,34.52,1.96,0.9497,-0.4078,46.1452,55.004737854003906
2016-04-06,2.58,0.37,239.261,5.1,94.43000030517578,89.0,37.74,1.91,0.9416,0.2941,53.0183,55.740726470947266
2016-04-07,2.52,0.37,239.261,5.1,94.4800033569336,89.0,37.30,1.96,0.9345,-1.1565,47.4459,55.111785888671875
2016-04-08,2.55,0.37,239.261,5.1,94.23999786376952,89.0,39.74,1.99,0.9193,-0.6618,52.2733,55.673805236816406
2016-04-11,2.56,0.37,239.261,5.1,93.9499969482422,89.0,40.46,1.90,0.9028,-0.2006,52.8836,55.74740219116211
2016-04-12,2.61,0.37,239.261,5.1,93.95999908447266,89.0,42.12,1.97,0.9009,0.1538,58.2656,56.436561584472656
2016-04-13,2.58,0.37,239.261,5.1,94.73999786376952,89.0,41.70,2.01,0.8781,0.722,60.5284,56.757694244384766
2016-04-14,2.61,0.37,239.261,5.1,94.9000015258789,89.0,41.45,1.93,0.8698,0.9693,63.2133,57.15913391113281
2016-04-15,2.56,0.37,239.261,5.1,94.6999969482422,89.0,40.40,1.71,0.8497,0.5014,59.8519,56.85136413574219
2016-04-18,2.58,0.37,239.261,5.1,94.48999786376952,89.0,39.74,1.76,0.8845,0.8356,63.5295,57.39333724975586
2016-04-19,2.60,0.37,239.261,5.1,93.9800033569336,89.0,40.88,1.94,0.8734,1.1298,65.3444,57.681034088134766
2016-04-20,2.66,0.37,239.261,5.1,94.48999786376952,89.0,42.72,1.94,0.8812,2.1459,67.7181,58.07577896118164
2016-04-21,2.69,0.37,239.261,5.1,94.5999984741211,89.0,43.18,1.96,0.8789,2.5604,67.6335,58.0691032409668
2016-04-22,2.70,0.37,239.261,5.1,95.12000274658205,89.0,42.76,1.92,0.8567,2.9214,70.5628,58.56422424316406
2016-04-25,2.72,0.37,239.261,5.1,94.83999633789062,89.0,41.67,1.97,0.8517,3.4227,68.7517,58.4304084777832
2016-04-26,2.76,0.37,239.261,5.1,94.56999969482422,89.0,42.52,1.97,0.8329,2.8879,69.9957,58.631103515625
2016-04-27,2.71,0.37,239.261,5.1,94.38999938964844,89.0,45.29,1.88,0.8396,4.0712,73.1772,59.18646240234375
2016-04-28,2.68,0.37,239.261,5.1,93.76000213623048,89.0,46.03,1.88,0.8405,3.2222,69.0899,58.89875793457031
2016-04-29,2.66,0.3,239.261,5.1,93.08000183105467,89.0,45.98,1.89,0.8779,3.396,70.611,59.146324157714844
2016-05-02,2.71,0.37,240.229,4.8,92.62999725341795,94.7,44.75,1.91,0.8818,3.1954,73.3931,59.634735107421875
2016-05-03,2.66,0.37,240.229,4.8,92.94000244140624,94.7,43.65,1.94,0.9036,2.1927,64.2422,58.9522819519043
2016-05-04,2.64,0.37,240.229,4.8,93.18000030517578,94.7,43.77,2.03,0.8935,1.6779,62.836,58.83854293823242
2016-05-05,2.60,0.37,240.229,4.8,93.77999877929688,94.7,44.33,2.05,0.8941,2.0523,63.3443,58.90544891357422
2016-05-06,2.62,0.37,240.229,4.8,93.88999938964844,94.7,44.58,1.86,0.8886,1.825,65.7175,59.219913482666016
2016-05-09,2.61,0.37,240.229,4.8,94.1500015258789,94.7,43.45,2.01,0.8982,1.5777,66.02,59.26005172729492
2016-05-10,2.61,0.37,240.229,4.8,94.29000091552734,94.7,44.68,2.01,0.9023,2.1325,72.258,60.210147857666016
2016-05-11,2.58,0.37,240.229,4.8,93.81999969482422,94.7,46.21,2.01,0.8841,1.8518,68.1764,59.92000198364258
2016-05-12,2.60,0.37,240.229,4.8,94.13999938964844,94.7,46.64,2.01,0.8749,1.9368,71.6541,60.50025177001953
2016-05-13,2.55,0.37,240.229,4.8,94.61000061035156,94.7,46.22,1.96,0.8682,1.3896,62.9532,59.8188362121582
2016-05-16,2.59,0.37,240.229,4.8,94.56999969482422,94.7,47.72,1.91,0.8549,1.8026,66.8581,60.432777404785156
2016-05-17,2.59,0.37,240.229,4.8,94.5500030517578,94.7,48.29,1.97,0.8299,1.2207,66.5261,60.405799865722656
2016-05-18,2.67,0.37,240.229,4.8,95.08000183105467,94.7,48.12,1.91,0.8356,1.3869,64.9631,60.28438186645508
2016-05-19,2.64,0.37,240.229,4.8,95.29000091552734,94.7,48.16,1.83,0.8583,1.6519,68.3449,60.79712677001953
2016-05-20,2.63,0.37,240.229,4.8,95.30999755859376,94.7,47.67,1.81,0.8461,0.9144,65.0529,60.54750442504883
2016-05-23,2.63,0.37,240.229,4.8,95.2300033569336,94.7,48.12,1.96,0.8377,1.5019,63.8007,60.45302200317383
2016-05-24,2.65,0.37,240.229,4.8,95.56999969482422,94.7,48.04,1.91,0.8188,1.6627,64.172,60.50025177001953
2016-05-25,2.67,0.37,240.229,4.8,95.3499984741211,94.7,49.10,1.77,0.7978,1.9936,67.2241,60.89833068847656
2016-05-26,2.64,0.37,240.229,4.8,95.16999816894533,94.7,49.00,1.77,0.7982,1.3693,62.7368,60.587982177734375
2016-05-27,2.65,0.37,240.229,4.8,95.5199966430664,94.7,49.36,1.77,0.7763,1.4708,63.9208,60.72966766357422
2016-05-31,2.64,0.29,240.229,4.8,95.88999938964844,94.7,49.10,2.12,0.7916,-0.1459,55.0417,60.06171417236328
2016-06-01,2.63,0.37,241.018,4.9,95.45999908447266,93.5,49.07,2.25,0.7986,0.2899,56.4881,60.21013641357422
2016-06-02,2.58,0.37,241.018,4.9,95.55999755859376,93.5,49.14,2.30,0.8201,-0.7685,50.8069,59.73111343383789
2016-06-03,2.52,0.37,241.018,4.9,94.02999877929688,93.5,48.69,2.31,0.8,-0.1955,49.5964,59.62316131591797
2016-06-06,2.55,0.37,241.018,4.9,93.9000015258789,93.5,49.71,2.32,0.7973,-0.1551,56.3816,60.277610778808594
2016-06-07,2.54,0.37,241.018,4.9,93.83000183105467,93.5,50.37,2.32,0.8164,0.7955,63.7948,61.20195007324219
2016-06-08,2.51,0.37,241.018,4.9,93.58999633789062,93.5,51.23,2.36,0.7952,0.9708,64.1777,61.255916595458984
2016-06-09,2.48,0.37,241.018,4.9,94.0999984741211,93.5,50.52,2.34,0.7827,0.3775,63.0998,61.17497253417969
2016-06-10,2.44,0.37,241.018,4.9,94.5999984741211,93.5,49.09,2.46,0.7817,0.1618,57.1554,60.70942306518555
2016-06-13,2.43,0.37,241.018,4.9,94.37000274658205,93.5,48.89,2.55,0.8092,0.6674,60.6819,61.120975494384766
2016-06-14,2.43,0.37,241.018,4.9,94.93000030517578,93.5,48.49,2.55,0.8005,0.5124,59.3031,61.01304244995117
2016-06-15,2.43,0.37,241.018,4.9,94.61000061035156,93.5,47.92,2.62,0.7866,-0.0674,56.9515,60.83086013793945
2016-06-16,2.39,0.38,241.018,4.9,94.56999969482422,93.5,46.14,2.62,0.8402,0.9573,63.1325,61.546043395996094
2016-06-17,2.43,0.38,241.018,4.9,94.20999908447266,93.5,48.00,2.59,0.8476,0.4786,58.8408,61.208709716796875
2016-06-20,2.47,0.38,241.018,4.9,93.61000061035156,93.5,49.40,2.74,0.829,1.4157,61.118,61.47856903076172
2016-06-21,2.50,0.38,241.018,4.9,94.0199966430664,93.5,48.95,2.79,0.8367,1.5438,63.3559,61.755191802978516
2016-06-22,2.50,0.38,241.018,4.9,93.72000122070312,93.5,49.16,2.82,0.8215,1.7798,60.0857,61.51230239868164
2016-06-23,2.55,0.39,241.018,4.9,93.52999877929688,93.5,49.34,2.69,0.8061,2.3123,63.6242,61.937374114990234
2016-06-24,2.42,0.4,241.018,4.9,95.4499969482422,93.5,46.70,2.71,0.8762,0.0337,46.6037,60.31134033203125
2016-06-27,2.28,0.41,241.018,4.9,96.54000091552734,93.5,45.80,2.79,0.8752,-1.2472,43.827,59.953758239746094
2016-06-28,2.27,0.41,241.018,4.9,96.25,93.5,47.93,2.89,0.9124,0.0809,54.9963,61.336910247802734
2016-06-29,2.30,0.41,241.018,4.9,95.7699966430664,93.5,49.85,2.94,0.9334,1.2067,61.2673,62.38268280029297
2016-06-30,2.30,0.3,241.018,4.9,96.13999938964844,93.5,48.27,2.94,0.9403,2.5348,65.5379,63.246273040771484
2016-07-01,2.24,0.41,240.628,4.8,95.6500015258789,90.0,49.02,2.89,0.9169,2.191,65.8547,63.31375503540039
2016-07-05,2.14,0.4,240.628,4.8,96.16999816894533,90.0,46.73,2.82,0.928,1.746,60.9108,62.7604866027832
2016-07-06,2.14,0.4,240.628,4.8,96.05999755859376,90.0,47.37,2.82,0.9426,2.6494,64.641,63.48243713378906
2016-07-07,2.14,0.4,240.628,4.8,96.33000183105467,90.0,45.22,2.78,0.9783,1.173,58.3122,62.72002029418945
2016-07-08,2.11,0.4,240.628,4.8,96.3000030517578,90.0,45.37,2.80,0.9499,1.9011,60.4525,63.111366271972656
2016-07-11,2.14,0.4,240.628,4.8,96.56999969482422,90.0,44.73,2.88,0.9239,1.8674,61.7294,63.34750747680664
2016-07-12,2.24,0.4,240.628,4.8,96.44000244140624,90.0,46.82,2.88,0.909,2.3056,65.3755,64.06268310546875
2016-07-13,2.18,0.4,240.628,4.8,96.22000122070312,90.0,44.87,2.81,0.8845,2.5011,64.9355,64.01544189453125
2016-07-14,2.25,0.4,240.628,4.8,96.08000183105467,90.0,45.64,2.79,0.8651,2.1236,65.1878,64.06268310546875
2016-07-15,2.30,0.4,240.628,4.8,96.58000183105467,90.0,45.93,2.70,0.8472,3.8629,65.8309,64.1773910522461
2016-07-18,2.30,0.4,240.628,4.8,96.55999755859376,90.0,45.23,2.83,0.8228,4.0179,63.5983,63.9749641418457
2016-07-19,2.27,0.4,240.628,4.8,97.0500030517578,90.0,44.64,2.83,0.7996,2.4,60.9992,63.73881912231445
2016-07-20,2.30,0.4,240.628,4.8,97.1999969482422,90.0,44.96,2.76,0.7748,0.991,57.1205,63.37447738647461
2016-07-21,2.29,0.4,240.628,4.8,97.0,90.0,43.96,2.76,0.758,0.0742,56.5468,63.32050704956055
2016-07-22,2.29,0.4,240.628,4.8,97.47000122070312,90.0,43.41,2.8,0.7315,0.1146,57.4669,63.428466796875
2016-07-25,2.29,0.4,240.628,4.8,97.29000091552734,90.0,42.40,2.8,0.7876,-0.5528,45.6832,62.20724868774414
2016-07-26,2.28,0.4,240.628,4.8,97.16000366210938,90.0,42.16,2.84,0.7838,-1.7258,42.2312,61.755191802978516
2016-07-27,2.23,0.4,240.628,4.8,97.0500030517578,90.0,41.90,2.84,0.7844,-1.382,39.2737,61.336910247802734
2016-07-28,2.23,0.4,240.628,4.8,96.73999786376952,90.0,41.13,2.79,0.791,-2.2517,36.1514,60.85784912109375
2016-07-29,2.18,0.3,240.628,4.8,95.52999877929688,90.0,41.54,2.97,0.9309,-3.3303,31.4161,60.01448440551758
2016-08-01,2.24,0.4,240.849,4.9,95.70999908447266,89.8,40.05,2.97,1.0262,-6.128,23.2935,57.929649353027344
2016-08-02,2.29,0.4,240.849,4.9,95.05999755859376,89.8,39.50,2.79,1.0367,-5.2853,30.6657,58.725807189941406
2016-08-03,2.29,0.4,240.849,4.9,95.55999755859376,89.8,40.80,2.89,1.0055,-5.0292,33.2985,59.02941131591797
2016-08-04,2.25,0.4,240.849,4.9,95.76000213623048,89.8,41.92,2.89,0.9635,-5.1505,33.2683,59.022666931152344
2016-08-05,2.32,0.4,240.849,4.9,96.19000244140624,89.8,41.83,2.88,0.9275,-4.8943,33.7862,59.07662582397461
2016-08-08,2.30,0.4,240.849,4.9,96.4000015258789,89.8,43.06,2.85,0.9253,-3.964,40.2195,59.771583557128906
2016-08-09,2.25,0.4,240.849,4.9,96.18000030517578,89.8,42.78,2.85,0.8871,-3.5258,40.8801,59.84580612182617
2016-08-10,2.23,0.4,240.849,4.9,95.6500015258789,89.8,41.75,2.76,0.9173,-4.5101,35.0417,58.79789733886719
2016-08-11,2.28,0.4,240.849,4.9,95.86000061035156,89.8,43.51,2.7,0.9009,-4.4071,37.0088,59.00886535644531
2016-08-12,2.23,0.4,240.849,4.9,95.72000122070312,89.8,44.47,2.7,0.8977,-2.4185,43.7016,59.77776336669922
2016-08-15,2.27,0.4,240.849,4.9,95.62999725341795,89.8,45.72,2.75,0.8754,-1.994,43.5253,59.75054931640625
2016-08-16,2.29,0.4,240.849,4.9,94.79000091552734,89.8,46.57,2.75,0.8522,-1.5013,44.192,59.825382232666016
2016-08-17,2.27,0.4,240.849,4.9,94.72000122070312,89.8,46.81,2.76,0.8166,-0.8934,45.3912,59.95467758178711
2016-08-18,2.26,0.4,240.849,4.9,94.16000366210938,89.8,48.20,2.75,0.7985,0.4933,50.2398,60.499046325683594
2016-08-19,2.29,0.4,240.849,4.9,94.51000213623048,89.8,48.48,2.67,0.7959,1.8216,44.3553,59.743743896484375
2016-08-22,2.24,0.4,240.849,4.9,94.5199966430664,89.8,46.80,2.75,0.8,1.1553,45.5313,59.87300109863281
2016-08-23,2.24,0.4,240.849,4.9,94.54000091552734,89.8,47.54,2.75,0.7652,0.6683,44.1048,59.68931198120117
2016-08-24,2.24,0.4,240.849,4.9,94.79000091552734,89.8,46.29,2.82,0.7499,0.8791,46.1246,59.89344024658203
2016-08-25,2.27,0.4,240.849,4.9,94.7699966430664,89.8,46.97,2.89,0.7347,0.4443,43.0009,59.512386322021484
2016-08-26,2.29,0.4,240.849,4.9,95.56999969482422,89.8,47.64,2.91,0.7361,-0.3792,41.9626,59.383087158203125
2016-08-29,2.22,0.4,240.849,4.9,95.58000183105467,89.8,46.97,2.97,0.7263,-0.0658,46.1626,59.77095031738281
2016-08-30,2.23,0.4,240.849,4.9,96.0500030517578,89.8,46.32,2.95,0.7174,0.7548,44.2275,59.5532112121582
2016-08-31,2.23,0.3,240.849,4.9,96.0199966430664,89.8,44.68,2.95,0.7293,0.2856,41.9773,59.29464340209961
2016-09-01,2.23,0.4,241.428,5.0,95.6500015258789,91.2,43.17,2.95,0.7282,-0.6868,40.2367,59.09049987792969
2016-09-02,2.28,0.4,241.428,5.0,95.87999725341795,91.2,44.39,2.88,0.7121,-0.2652,44.9861,59.48517608642578
2016-09-06,2.24,0.4,241.428,5.0,94.81999969482422,91.2,44.85,2.88,0.7205,0.442,52.9672,60.26766586303711
2016-09-07,2.23,0.4,241.428,5.0,94.95999908447266,91.2,45.47,2.77,0.7031,0.0884,50.6944,60.043128967285156
2016-09-08,2.32,0.4,241.428,5.0,95.02999877929688,91.2,47.63,2.88,0.7174,0.0952,55.7171,60.59431838989258
2016-09-09,2.39,0.4,241.428,5.0,95.33999633789062,91.2,45.88,2.93,0.7755,-0.6528,42.8819,59.09049987792969
2016-09-12,2.40,0.4,241.428,5.0,95.0999984741211,91.2,46.28,3.04,0.7726,-0.476,45.6284,59.39670944213867
2016-09-13,2.47,0.4,241.428,5.0,95.62999725341795,91.2,44.91,3.04,0.8247,-1.7068,36.8161,57.98137664794922
2016-09-14,2.44,0.4,241.428,5.0,95.33000183105467,91.2,43.62,3.07,0.8418,-2.3256,34.6995,57.5662841796875
2016-09-15,2.48,0.4,241.428,5.0,95.29000091552734,91.2,43.85,2.98,0.8366,-1.6184,37.7331,57.89289474487305
2016-09-16,2.44,0.4,241.428,5.0,96.11000061035156,91.2,43.04,2.97,0.8506,-2.2032,34.011,57.17843246459961
2016-09-19,2.45,0.4,241.428,5.0,95.83999633789062,91.2,43.34,3.0,0.8292,-2.7268,33.3365,57.042320251464844
2016-09-20,2.43,0.4,241.428,5.0,96.0199966430664,91.2,43.85,3.12,0.8385,-3.3864,29.3,56.1645622253418
2016-09-21,2.39,0.4,241.428,5.0,95.66000366210938,91.2,45.33,3.19,0.8422,-2.6112,34.3439,56.681697845458984
2016-09-22,2.34,0.4,241.428,5.0,95.4499969482422,91.2,46.10,3.18,0.8428,-2.244,35.8991,56.84499740600586
2016-09-23,2.34,0.4,241.428,5.0,95.4800033569336,91.2,44.36,3.06,0.8661,-2.6996,35.5589,56.78376388549805
2016-09-26,2.32,0.4,241.428,5.0,95.30999755859376,91.2,45.60,3.06,0.8805,-3.7468,34.0532,56.51838684082031
2016-09-27,2.28,0.4,241.428,5.0,95.44000244140624,91.2,44.65,3.09,0.8686,-3.4,35.4126,56.640869140625
2016-09-28,2.29,0.4,241.428,5.0,95.43000030517578,91.2,47.07,3.07,1.0004,-1.462,55.4996,59.13131332397461
2016-09-29,2.28,0.4,241.428,5.0,95.54000091552734,91.2,47.72,2.98,1.003,-0.2584,53.3514,58.831932067871094
2016-09-30,2.32,0.29,241.428,5.0,95.45999908447266,91.2,47.72,2.84,0.9969,-0.0068,56.714,59.38991928100586
2016-10-03,2.34,0.4,241.729,4.9,95.75,87.2,48.80,2.84,0.9617,1.2512,55.5054,59.2333869934082
2016-10-04,2.40,0.4,241.729,4.9,96.12000274658205,87.2,48.67,2.83,0.9624,1.122,51.4024,58.68903350830078
2016-10-05,2.44,0.4,241.729,4.9,96.12999725341795,87.2,49.75,2.83,0.9384,1.3056,54.7774,59.19936752319336
2016-10-06,2.46,0.4,241.729,4.9,96.66000366210938,87.2,50.44,3.04,0.9214,2.0468,54.9571,59.226600646972656
2016-10-07,2.46,0.4,241.729,4.9,96.5199966430664,87.2,49.76,3.02,0.9032,1.9788,53.2484,59.022464752197266
2016-10-10,.,0.4,241.729,4.9,,87.2,49.76,3.18,0.9324,4.012,60.7044,60.17923355102539
2016-10-11,2.50,0.41,241.729,4.9,97.6999969482422,87.2,50.72,3.17,0.9212,3.0192,56.6949,59.70289993286133
2016-10-12,2.51,0.41,241.729,4.9,97.97000122070312,87.2,50.14,3.17,0.9073,2.4412,53.3858,59.287841796875
2016-10-13,2.48,0.41,241.729,4.9,97.5199966430664,87.2,50.47,3.16,0.9251,2.1148,50.4241,58.899986267089844
2016-10-14,2.55,0.41,241.729,4.9,98.0199966430664,87.2,50.35,3.18,0.9103,2.3664,50.3187,58.8863639831543
2016-10-17,2.52,0.41,241.729,4.9,97.88999938964844,87.2,49.97,3.21,0.8802,2.244,50.3187,58.8863639831543
2016-10-18,2.51,0.41,241.729,4.9,97.9000015258789,87.2,50.30,3.25,0.8635,-0.0884,51.6672,59.042850494384766
2016-10-19,2.51,0.41,241.729,4.9,97.87000274658205,87.2,51.59,3.18,0.8543,0.4828,54.0054,59.3150520324707
2016-10-20,2.50,0.41,241.729,4.9,98.31999969482422,87.2,50.31,3.12,0.837,-0.0476,54.2437,59.34225845336914
2016-10-21,2.48,0.41,241.729,4.9,98.6999969482422,87.2,50.61,2.92,0.8506,-0.2924,50.1177,58.9407958984375
2016-10-24,2.52,0.41,241.729,4.9,98.66999816894533,87.2,50.18,2.78,0.8505,0.4488,52.0484,59.13814163208008
2016-10-25,2.50,0.41,241.729,4.9,98.72000122070312,87.2,49.45,2.69,0.8408,-0.1904,50.6648,59.00886535644531
2016-10-26,2.53,0.41,241.729,4.9,98.62999725341795,87.2,48.75,2.69,0.8536,0.034,53.27,59.2606201171875
2016-10-27,2.60,0.41,241.729,4.9,98.88999938964844,87.2,49.71,2.72,0.8344,0.1224,51.9136,59.144927978515625
2016-10-28,2.62,0.41,241.729,4.9,98.3499984741211,87.2,48.72,2.72,0.9098,-2.4888,38.5919,57.688785552978516
2016-10-31,2.58,0.31,241.729,4.9,98.4499969482422,87.2,46.83,2.85,0.9318,-3.0056,32.47,56.695316314697266
2016-11-01,2.58,0.41,241.353,4.7,97.6999969482422,93.8,46.66,2.53,0.8968,-2.3664,34.9806,56.91988754272461
2016-11-02,2.56,0.41,241.353,4.7,97.4000015258789,93.8,45.32,2.53,0.8784,-2.1148,34.1519,56.78376388549805
2016-11-03,2.60,0.41,241.353,4.7,97.16000366210938,93.8,44.66,2.41,0.856,-1.9584,35.8699,56.926673889160156
2016-11-04,2.56,0.41,241.353,4.7,97.06999969482422,93.8,44.07,2.2,0.8711,-2.0196,35.4431,56.86541748046875
2016-11-07,2.60,0.41,241.353,4.7,97.77999877929688,93.8,44.88,2.37,0.9012,-0.8976,49.0736,58.144676208496094
2016-11-08,2.63,0.41,241.353,4.7,97.86000061035156,93.8,44.96,2.34,0.9024,-0.7548,52.5727,58.563438415527344
2016-11-09,2.88,0.41,241.353,4.7,98.5,93.8,45.20,2.22,0.9874,-0.1372,57.4653,59.20871353149414
2016-11-10,2.94,0.41,241.353,4.7,98.79000091552734,93.8,44.62,2.08,1.0311,0.8128,61.1396,59.75788879394531
2016-11-11,.,0.41,241.353,4.7,,93.8,43.39,2.08,1.0633,-0.331,52.6851,58.810543060302734
2016-11-14,2.99,0.41,241.353,4.7,100.11000061035156,93.8,43.29,2.26,1.0532,-0.4694,50.5574,58.54283142089844
2016-11-15,2.97,0.41,241.353,4.7,100.19000244140624,93.8,45.86,2.49,1.0652,0.3354,57.8041,59.600013732910156
2016-11-16,2.92,0.41,241.353,4.7,100.41000366210938,93.8,45.56,2.49,1.0499,-0.283,52.0913,58.86548614501953
2016-11-17,3.01,0.41,241.353,4.7,100.88999938964844,93.8,45.37,2.37,1.066,0.8155,49.5294,58.508514404296875
2016-11-18,3.01,0.41,241.353,4.7,101.20999908447266,93.8,45.69,2.6,1.0301,1.8426,49.7851,58.54283142089844
2016-11-21,3.00,0.41,241.353,4.7,101.0500030517578,93.8,47.48,2.81,1.0256,2.4483,55.6425,59.37344741821289
2016-11-22,3.00,0.41,241.353,4.7,101.04000091552734,93.8,48.07,2.73,1.0145,2.7146,56.5006,59.50389862060547
2016-11-23,3.02,0.41,241.353,4.7,101.6999969482422,93.8,46.72,2.76,0.9798,2.7364,57.6159,59.66864776611328
2016-11-25,3.01,0.41,241.353,4.7,101.48999786376952,93.8,46.72,2.76,0.9392,2.9348,58.5692,59.80595016479492
2016-11-28,2.99,0.41,241.353,4.7,101.33000183105467,93.8,45.66,2.96,0.9096,1.2105,54.295,59.3597412109375
2016-11-29,2.95,0.41,241.353,4.7,100.93000030517578,93.8,45.29,3.02,0.9127,0.4047,50.7943,58.96845245361328
2016-11-30,3.02,0.31,241.353,4.7,101.5,93.8,49.41,3.32,0.9597,0.7203,57.9633,59.92951583862305
2016-12-01,3.10,0.41,241.432,4.7,101.04000091552734,98.2,51.08,3.32,0.9529,0.1303,57.5761,59.888328552246094
2016-12-02,3.08,0.41,241.432,4.7,100.7699966430664,98.2,51.70,3.44,0.953,0.9398,56.2279,59.751033782958984
2016-12-05,3.05,0.41,241.432,4.7,100.13999938964844,98.2,51.72,3.44,0.929,1.5092,58.5286,60.053077697753906
2016-12-06,3.08,0.41,241.432,4.7,100.48999786376952,98.2,50.95,3.75,0.92,0.5076,58.9511,60.108009338378906
2016-12-07,3.02,0.41,241.432,4.7,100.2300033569336,98.2,49.85,3.8,0.9008,1.5915,61.6343,60.45808029174805
2016-12-08,3.10,0.41,241.432,4.7,101.06999969482422,98.2,50.84,3.68,0.8953,2.1197,62.914,60.62973403930664
2016-12-09,3.16,0.41,241.432,4.7,101.56999969482422,98.2,51.51,3.75,0.8715,2.5518,66.2151,61.096519470214844
2016-12-12,3.16,0.41,241.432,4.7,100.95999908447266,98.2,52.74,3.6,0.9317,3.08,73.5872,62.45576858520508
2016-12-13,3.14,0.41,241.432,4.7,101.02999877929688,98.2,52.99,3.65,0.9747,4.0473,77.8024,63.55411911010742
2016-12-14,3.14,0.41,241.432,4.7,102.0,98.2,51.01,3.55,1.0232,2.5107,64.0438,62.1811637878418
2016-12-15,3.16,0.66,241.432,4.7,103.12999725341795,98.2,50.90,3.56,1.0099,2.5861,65.0748,62.393978118896484
2016-12-16,3.19,0.66,241.432,4.7,102.9499969482422,98.2,51.93,3.51,0.9882,3.231,66.0553,62.59305191040039
2016-12-19,3.12,0.66,241.432,4.7,103.13999938964844,98.2,52.13,3.55,0.9833,3.1006,61.2056,62.07134246826172
2016-12-20,3.15,0.66,241.432,4.7,103.29000091552734,98.2,52.22,3.39,0.9405,2.1471,61.246,62.07819366455078
2016-12-21,3.12,0.66,241.432,4.7,103.0199966430664,98.2,51.44,3.5,0.9086,2.0854,60.2347,61.97522735595703
2016-12-22,3.12,0.66,241.432,4.7,103.08999633789062,98.2,51.98,3.5,0.8868,2.6273,62.834,62.38023376464844
2016-12-23,3.12,0.66,241.432,4.7,103.01000213623048,98.2,52.01,3.6,0.845,2.2157,61.657,62.270408630371094
2016-12-27,3.14,0.66,241.432,4.7,103.0199966430664,98.2,52.82,3.7,0.8106,2.1883,61.8494,62.29786682128906
2016-12-28,3.09,0.66,241.432,4.7,103.26000213623048,98.2,54.01,3.7,0.7944,1.5297,58.3048,61.98896789550781
2016-12-29,3.08,0.66,241.432,4.7,102.68000030517578,98.2,53.80,3.71,0.7656,1.3925,58.5887,62.023284912109375
2016-12-30,3.06,0.55,241.432,4.7,102.38999938964844,98.2,53.75,3.71,0.7447,0.8643,57.8253,61.96149826049805
2017-01-03,3.04,0.66,242.839,4.7,103.20999908447266,98.5,52.36,3.41,0.7498,-0.0617,61.5977,62.393978118896484
2017-01-04,3.05,0.66,242.839,4.7,102.6999969482422,98.5,53.26,3.42,0.7648,-1.8453,53.4285,61.70749282836914
2017-01-05,2.96,0.66,242.839,4.7,101.5199966430664,98.5,53.77,3.42,0.8013,-1.3925,44.8457,60.78762435913086
2017-01-06,3.00,0.66,242.839,4.7,102.22000122070312,98.5,53.98,3.38,0.8009,-1.6395,44.5581,60.75328826904297
2017-01-09,2.97,0.66,242.839,4.7,101.93000030517578,98.5,51.95,3.14,0.8393,-2.84,37.0796,59.751033782958984
2017-01-10,2.97,0.66,242.839,4.7,102.01000213623048,98.5,50.82,3.21,0.8479,-3.08,32.5999,58.98904037475586
2017-01-11,2.96,0.66,242.839,4.7,101.77999877929688,98.5,52.19,3.27,0.8408,-2.4832,38.9021,59.59314727783203
2017-01-12,3.01,0.66,242.839,4.7,101.3499984741211,98.5,53.01,3.36,0.8449,-2.7028,36.9166,59.2704963684082
2017-01-13,2.99,0.66,242.839,4.7,101.18000030517578,98.5,52.36,3.36,0.8095,-3.1006,36.9903,59.27735900878906
2017-01-17,2.93,0.66,242.839,4.7,100.33000183105467,98.5,52.45,3.37,0.8076,-2.298,44.0931,59.970699310302734
2017-01-18,3.00,0.66,242.839,4.7,100.93000030517578,98.5,51.12,3.26,0.8165,-3.0663,39.027,59.229305267333984
2017-01-19,3.04,0.66,242.839,4.7,101.1500015258789,98.5,51.39,3.25,0.841,-3.8209,33.1417,58.16526412963867
2017-01-20,3.05,0.66,242.839,4.7,100.73999786376952,98.5,52.33,3.23,0.8412,-3.0595,40.387,58.961585998535156
2017-01-23,2.99,0.66,242.839,4.7,100.16000366210938,98.5,52.77,3.16,0.837,-3.6288,36.9655,58.33001708984375
2017-01-24,3.05,0.66,242.839,4.7,100.3499984741211,98.5,52.38,3.16,0.8088,-3.9787,37.7068,58.412376403808594
2017-01-25,3.10,0.66,242.839,4.7,100.02999877929688,98.5,52.14,3.26,0.7897,-3.1212,39.3082,58.58401870727539
2017-01-26,3.08,0.66,242.839,4.7,100.37999725341795,98.5,53.24,3.44,0.7681,-2.0236,41.0067,58.76250076293945
2017-01-27,3.06,0.66,242.839,4.7,100.52999877929688,98.5,53.18,3.31,0.7478,-2.0511,40.5833,58.700721740722656
2017-01-30,3.08,0.66,242.839,4.7,100.43000030517578,98.5,52.63,3.22,0.7598,-1.4954,37.5665,58.25450134277344
2017-01-31,3.05,0.56,242.839,4.7,99.51000213623048,98.5,52.75,3.0,0.8006,-1.3994,33.5576,57.58861541748047
2017-02-01,3.08,0.66,243.603,4.6,99.63999938964844,96.3,53.90,3.15,0.8228,-2.6547,30.1627,56.936492919921875
2017-02-02,3.09,0.66,243.603,4.6,99.8499984741211,96.3,53.55,3.13,0.8121,-1.9825,34.0217,57.28657150268555
2017-02-03,3.11,0.66,243.603,4.6,99.87000274658205,96.3,53.81,3.13,0.7942,-1.9276,34.7073,57.348350524902344
2017-02-06,3.05,0.66,243.603,4.6,99.91000366210938,96.3,53.01,2.92,0.7728,-2.7782,33.7423,57.190460205078125
2017-02-07,3.02,0.66,243.603,4.6,100.26000213623048,96.3,52.19,3.03,0.7749,-2.4078,31.5259,56.81975555419922
2017-02-08,2.96,0.66,243.603,4.6,100.27999877929688,96.3,52.37,3.05,0.7665,-1.7149,29.4431,56.44567108154297
2017-02-09,3.02,0.66,243.603,4.6,100.6500015258789,96.3,52.99,3.11,0.74,-2.2615,32.6663,56.69506072998047
2017-02-10,3.01,0.66,243.603,4.6,100.8000030517578,96.3,53.84,3.11,0.7331,-1.1596,38.3912,57.16615676879883
2017-02-13,3.03,0.66,243.603,4.6,100.95999908447266,96.3,52.96,2.93,0.722,-0.9096,42.1315,57.49867630004883
2017-02-14,3.07,0.66,243.603,4.6,101.25,96.3,53.21,2.85,0.7218,-1.2057,41.1232,57.37397766113281
2017-02-15,3.09,0.66,243.603,4.6,101.18000030517578,96.3,53.11,2.95,0.7057,-1.1487,43.8563,57.60951232910156
2017-02-16,3.05,0.66,243.603,4.6,100.44000244140624,96.3,53.41,2.88,0.7171,-1.6823,38.9333,57.01375198364258
2017-02-17,3.03,0.66,243.603,4.6,100.9499969482422,96.3,53.41,2.75,0.7084,-1.6103,36.1865,56.63966369628906
2017-02-21,3.04,0.66,243.603,4.6,101.37000274658205,96.3,54.02,2.56,0.6998,-0.8549,37.3328,56.729713439941406
2017-02-22,3.04,0.66,243.603,4.6,101.33000183105467,96.3,53.61,2.52,0.7003,-0.8678,32.6664,56.06468200683594
2017-02-23,3.02,0.66,243.603,4.6,101.0500030517578,96.3,54.48,2.63,0.7141,-0.6292,39.8369,56.653507232666016
2017-02-24,2.95,0.66,243.603,4.6,101.08999633789062,96.3,53.99,2.63,0.7145,-1.1755,36.3992,56.16858673095703
2017-02-27,2.98,0.66,243.603,4.6,101.12999725341795,96.3,54.04,2.44,0.708,-0.6993,40.0598,56.48726272583008
2017-02-28,2.97,0.57,243.603,4.6,101.12000274658205,96.3,54.00,2.54,0.7039,-0.4812,38.9064,56.334842681884766
2017-03-01,3.06,0.66,243.801,4.4,101.77999877929688,96.9,53.82,2.54,0.753,1.0661,50.7145,57.51251983642578
2017-03-02,3.09,0.66,243.801,4.4,102.1999969482422,96.9,52.63,2.59,0.7714,1.0107,52.3482,57.706485748291016
2017-03-03,3.08,0.66,243.801,4.4,101.54000091552734,96.9,53.33,2.5,0.7826,-0.0415,47.2845,57.124595642089844
2017-03-06,3.10,0.66,243.801,4.4,101.63999938964844,96.9,53.19,2.68,0.7548,-0.1177,49.5973,57.38090896606445
2017-03-07,3.11,0.66,243.801,4.4,101.80999755859376,96.9,52.68,2.68,0.7578,-0.2077,47.7087,57.16615676879883
2017-03-08,3.15,0.66,243.801,4.4,102.06999969482422,96.9,49.83,2.59,0.7783,-1.4746,39.8537,56.133941650390625
2017-03-09,3.19,0.66,243.801,4.4,101.8499984741211,96.9,48.75,2.83,0.7924,-0.4361,44.1103,56.57731246948242
2017-03-10,3.16,0.66,243.801,4.4,101.25,96.9,48.05,2.98,0.8009,-0.1038,43.7973,56.53573226928711
2017-03-13,3.20,0.66,243.801,4.4,101.37999725341795,96.9,47.95,3.04,0.7877,-0.3254,42.7627,56.40411376953125
2017-03-14,3.17,0.66,243.801,4.4,101.6999969482422,96.9,47.24,3.02,0.7799,0.0415,40.4348,56.10624313354492
2017-03-15,3.11,0.66,243.801,4.4,100.73999786376952,96.9,48.34,3.02,0.7771,0.1523,47.6444,56.805931091308594
2017-03-16,3.14,0.91,243.801,4.4,100.2699966430664,96.9,48.30,2.84,0.7478,0.6854,48.1131,56.85440444946289
2017-03-17,3.11,0.91,243.801,4.4,100.3000030517578,96.9,48.34,2.85,0.7161,0.3185,47.6536,56.805931091308594
2017-03-20,3.08,0.91,243.801,4.4,100.41000366210938,96.9,47.79,2.93,0.6946,0.4708,47.6536,56.805931091308594
2017-03-21,3.04,0.91,243.801,4.4,99.80999755859376,96.9,47.02,3.09,0.6821,-0.8238,46.4055,56.68815994262695
2017-03-22,3.02,0.91,243.801,4.4,99.68000030517578,96.9,47.29,3.02,0.666,-1.0661,45.8726,56.63966369628906
2017-03-23,3.02,0.91,243.801,4.4,99.76000213623048,96.9,47.00,2.93,0.656,-0.4154,46.8122,56.70893096923828
2017-03-24,3.00,0.91,243.801,4.4,99.62999725341795,96.9,47.30,2.97,0.6527,-1.1077,41.8802,56.27251052856445
2017-03-27,2.98,0.91,243.801,4.4,99.16999816894533,96.9,47.02,2.94,0.6377,-0.8792,42.0888,56.28634262084961
2017-03-28,3.02,0.91,243.801,4.4,99.70999908447266,96.9,48.36,2.95,0.6446,0.5608,48.016,56.69506072998047
2017-03-29,2.99,0.91,243.801,4.4,100.0,96.9,49.47,3.03,0.6349,0.2423,49.7072,56.81975555419922
2017-03-30,3.03,0.91,243.801,4.4,100.41000366210938,96.9,50.30,3.08,0.6853,1.4469,62.1004,57.98361587524414
2017-03-31,3.02,0.82,243.801,4.4,100.3499984741211,96.9,50.54,3.13,0.7273,0.4085,49.0154,56.812843322753906
2017-04-03,2.98,0.91,244.524,4.4,100.54000091552734,97.0,50.25,3.13,0.7228,0.7477,49.4229,56.85440444946289
2017-04-04,2.99,0.91,244.524,4.4,100.54000091552734,97.0,50.99,3.06,0.7251,0.2561,51.5096,57.062252044677734
2017-04-05,2.98,0.91,244.524,4.4,100.55999755859376,97.0,51.14,3.22,0.7317,0.3185,52.632,57.17308044433594
2017-04-06,2.99,0.91,244.524,4.4,100.66999816894533,97.0,51.69,3.23,0.7165,0.6992,55.928,57.50560760498047
2017-04-07,3.00,0.91,244.524,4.4,101.18000030517578,97.0,52.25,3.23,0.6989,0.5261,53.8272,57.3324089050293
2017-04-10,2.99,0.91,244.524,4.4,101.0199966430664,97.0,53.06,3.15,0.6841,0.9,56.4353,57.58872604370117
2017-04-11,2.93,0.91,244.524,4.4,100.70999908447266,97.0,53.38,3.11,0.6723,0.7477,53.867,57.387840270996094
2017-04-12,2.92,0.91,244.524,4.4,100.77999877929688,97.0,53.12,2.97,0.6565,0.7684,54.8588,57.477901458740234
2017-04-13,2.89,0.91,244.524,4.4,100.55999755859376,97.0,53.19,3.0,0.6788,0.3185,44.675,56.59116744995117
2017-04-17,2.92,0.91,244.524,4.4,100.3000030517578,97.0,52.62,3.09,0.6568,0.2285,43.9205,56.51496887207031
2017-04-18,2.84,0.91,244.524,4.4,99.5,97.0,52.46,3.11,0.6489,-0.5469,40.3815,56.147804260253906
2017-04-19,2.87,0.91,244.524,4.4,99.73999786376952,97.0,50.49,3.11,0.6624,-1.0592,36.9899,55.759864807128906
2017-04-20,2.89,0.91,244.524,4.4,99.77999877929688,97.0,50.26,3.13,0.6769,-1.8623,41.8719,56.120094299316406
2017-04-21,2.89,0.91,244.524,4.4,99.9800033569336,97.0,49.64,3.06,0.6553,-0.9138,39.8269,55.89839553833008
2017-04-24,2.93,0.91,244.524,4.4,99.08999633789062,97.0,48.90,3.06,0.6436,-0.6646,43.7126,56.18938446044922
2017-04-25,2.99,0.91,244.524,4.4,98.81999969482422,97.0,49.22,2.99,0.6381,-0.4431,48.953,56.61887741088867
2017-04-26,2.97,0.91,244.524,4.4,98.95999908447266,97.0,49.22,3.06,0.639,-0.7823,46.473,56.390281677246094
2017-04-27,2.96,0.91,244.524,4.4,99.08000183105467,97.0,48.96,3.13,0.6161,-1.2115,45.4216,56.29328536987305
2017-04-28,2.96,0.83,244.524,4.4,99.0500030517578,97.0,49.31,3.2,0.633,-0.7684,48.8903,56.56346893310547
2017-05-01,3.00,0.91,244.733,4.4,99.13999938964844,97.1,48.83,3.2,0.6238,-0.7408,52.321,56.84749221801758
2017-05-02,2.97,0.91,244.733,4.4,98.9800033569336,97.1,47.65,3.13,0.6134,-0.5469,52.2289,56.840553283691406
2017-05-03,2.97,0.91,244.733,4.4,99.20999908447266,97.1,47.79,3.14,0.6269,-0.1869,57.4687,57.290836334228516
2017-05-04,3.00,0.91,244.733,4.4,98.76000213623048,97.1,45.55,3.11,0.6464,-0.0346,48.1865,56.55653381347656
2017-05-05,2.99,0.91,244.733,4.4,98.6500015258789,97.1,46.23,3.1,0.6312,0.3046,51.2277,56.81975555419922
2017-05-08,3.02,0.91,244.733,4.4,99.1500015258789,97.1,46.46,3.06,0.6326,1.2738,57.3938,57.422462463378906
2017-05-09,3.04,0.91,244.733,4.4,99.58999633789062,97.1,45.84,3.03,0.6289,1.26,52.6178,57.02068328857422
2017-05-10,3.03,0.91,244.733,4.4,99.66999816894533,97.1,47.28,3.03,0.6253,1.1561,55.1801,57.279415130615234
2017-05-11,3.03,0.91,244.733,4.4,99.62000274658205,97.1,47.81,3.23,0.6205,1.8668,59.6658,57.76893997192383
2017-05-12,2.98,0.91,244.733,4.4,99.25,97.1,47.83,3.24,0.5992,1.5341,59.1196,57.72697448730469
2017-05-15,3.00,0.91,244.733,4.4,98.91000366210938,97.1,48.86,3.26,0.588,1.2796,60.7325,57.90178680419922
2017-05-16,2.99,0.91,244.733,4.4,98.11000061035156,97.1,48.64,3.27,0.5849,1.3334,58.2572,57.72697448730469
2017-05-17,2.91,0.91,244.733,4.4,97.41999816894533,97.1,49.04,3.27,0.597,1.039,53.0421,57.335357666015625
2017-05-18,2.90,0.91,244.733,4.4,97.87999725341795,97.1,49.36,3.13,0.5908,0.6013,50.9376,57.16752243041992
2017-05-19,2.90,0.91,244.733,4.4,97.1500015258789,97.1,50.32,3.11,0.5683,0.4432,52.4611,57.29340362548828
2017-05-22,2.91,0.91,244.733,4.4,96.9800033569336,97.1,50.81,3.24,0.5477,0.7017,55.4412,57.545143127441406
2017-05-23,2.95,0.91,244.733,4.4,97.3499984741211,97.1,51.12,3.22,0.5408,0.4544,57.7394,57.74793243408203
2017-05-24,2.92,0.91,244.733,4.4,97.23999786376952,97.1,50.99,3.22,0.5306,0.9855,54.701,57.545143127441406
2017-05-25,2.92,0.91,244.733,4.4,97.25,97.1,48.57,3.1,0.5521,0.3451,49.4797,57.16752243041992
2017-05-26,2.92,0.91,244.733,4.4,97.4000015258789,97.1,49.58,3.1,0.5611,-0.3969,47.665,57.02765655517578
2017-05-30,2.88,0.91,244.733,4.4,97.27999877929688,97.1,49.63,3.1,0.5465,-0.3099,43.7749,56.71300506591797
2017-05-31,2.87,0.83,244.733,4.4,96.91999816894533,97.1,48.29,3.05,0.5389,-0.9853,39.183,56.29340744018555
2017-06-01,2.87,0.91,244.955,4.3,97.1999969482422,95.0,48.32,3.05,0.5358,-1.3347,41.39,56.43323516845703
2017-06-02,2.80,0.91,244.955,4.3,96.72000122070312,95.0,47.68,2.85,0.5694,-2.1313,33.5282,55.594112396240234
2017-06-05,2.84,0.91,244.955,4.3,96.8000030517578,95.0,47.40,2.92,0.5782,-1.8728,39.8819,56.027679443359375
2017-06-06,2.81,0.91,244.955,4.3,96.63999938964844,95.0,48.13,2.92,0.5968,-0.9364,49.0943,56.78989791870117
2017-06-07,2.84,0.91,244.955,4.3,96.75,95.0,45.80,3.06,0.607,-0.7547,46.9613,56.58012771606445
2017-06-08,2.85,0.91,244.955,4.3,96.91999816894533,95.0,45.68,2.98,0.5931,-0.7896,44.9292,56.3773307800293
2017-06-09,2.86,0.91,244.955,4.3,97.2699966430664,95.0,45.82,3.03,0.6266,0.1398,55.6826,57.433265686035156
2017-06-12,2.86,0.91,244.955,4.3,97.13999938964844,95.0,46.10,3.12,0.6597,0.4472,60.1251,57.99269104003906
2017-06-13,2.87,0.91,244.955,4.3,96.9800033569336,95.0,46.41,3.12,0.6476,0.2655,60.2858,58.013668060302734
2017-06-14,2.79,0.91,244.955,4.3,96.94000244140624,95.0,44.79,2.95,0.6712,-0.1537,53.4064,57.391292572021484
2017-06-15,2.78,1.16,244.955,4.3,97.43000030517578,95.0,44.47,2.94,0.6642,0.3564,54.5975,57.524166107177734
2017-06-16,2.78,1.16,244.955,4.3,97.16000366210938,95.0,44.73,3.01,0.6836,1.3557,61.4655,58.384300231933594
2017-06-19,2.79,1.16,244.955,4.3,97.52999877929688,95.0,44.24,2.87,0.6817,1.16,56.0467,57.87381362915039
2017-06-20,2.74,1.16,244.955,4.3,97.75,95.0,43.34,2.91,0.7004,1.2648,52.9479,57.55914306640625
2017-06-21,2.73,1.16,244.955,4.3,97.55999755859376,95.0,42.48,2.91,0.7247,0.5171,47.482,56.95074462890625
2017-06-22,2.72,1.16,244.955,4.3,97.54000091552734,95.0,42.53,2.88,0.7069,1.1041,45.3938,56.69900131225586
2017-06-23,2.71,1.16,244.955,4.3,97.3000030517578,95.0,42.86,2.89,0.7028,1.0412,48.9532,57.069610595703125
2017-06-26,2.70,1.16,244.955,4.3,97.43000030517578,95.0,43.24,2.98,0.6947,0.021,46.6663,56.81087875366211
2017-06-27,2.75,1.16,244.955,4.3,96.47000122070312,95.0,44.25,2.99,0.676,0.1398,45.8557,56.719993591308594
2017-06-28,2.77,1.16,244.955,4.3,96.0500030517578,95.0,44.74,3.03,0.6602,0.6359,48.9413,57.01368713378906
2017-06-29,2.82,1.16,244.955,4.3,95.62999725341795,95.0,44.88,3.07,0.6844,-0.9993,43.6476,56.43323516845703
2017-06-30,2.84,1.06,244.955,4.3,95.66000366210938,95.0,46.02,2.98,0.6625,-1.5374,43.8838,56.45423889160156
2017-07-03,2.86,1.16,244.786,4.3,96.1999969482422,93.4,.,2.98,0.7036,-0.601,53.4767,57.41227722167969
2017-07-05,2.85,1.16,244.786,4.3,96.29000091552734,93.4,45.11,2.98,0.7324,-0.8525,45.786,56.538169860839844
2017-07-06,2.90,1.16,244.786,4.3,95.81999969482422,93.4,45.52,2.89,0.7295,-1.4954,41.9882,56.027679443359375
2017-07-07,2.93,1.16,244.786,4.3,96.01000213623048,93.4,44.25,2.91,0.7166,-2.2851,42.6895,56.097591400146484
2017-07-10,2.93,1.16,244.786,4.3,96.0500030517578,93.4,44.40,2.92,0.6879,-1.8169,42.3586,56.055625915527344
2017-07-11,2.92,1.16,244.786,4.3,95.73999786376952,93.4,45.06,2.98,0.6744,-1.1949,45.6833,56.36334228515625
2017-07-12,2.89,1.16,244.786,4.3,95.79000091552734,93.4,45.48,3.01,0.6719,-0.3354,48.3103,56.615074157714844
2017-07-13,2.92,1.16,244.786,4.3,95.7300033569336,93.4,46.06,2.96,0.6419,-0.0769,48.385,56.622074127197266
2017-07-14,2.91,1.16,244.786,4.3,95.11000061035156,93.4,46.53,2.94,0.628,-0.2306,50.7598,56.8388557434082
2017-07-17,2.89,1.16,244.786,4.3,95.12999725341795,93.4,46.02,3.04,0.6131,-0.2655,47.5665,56.54513931274414
2017-07-18,2.85,1.16,244.786,4.3,94.66000366210938,93.4,46.40,3.11,0.6027,-0.3564,45.6519,56.36334228515625
2017-07-19,2.85,1.16,244.786,4.3,94.8000030517578,93.4,47.10,3.11,0.5896,-0.4752,47.8265,56.538169860839844
2017-07-20,2.83,1.16,244.786,4.3,94.2699966430664,93.4,46.73,3.12,0.5844,0.1118,47.9163,56.54513931274414
2017-07-21,2.81,1.16,244.786,4.3,93.94000244140624,93.4,45.78,3.06,0.5856,-0.4263,42.1381,56.027679443359375
2017-07-24,2.83,1.16,244.786,4.3,93.9800033569336,93.4,46.21,2.99,0.5668,-1.5583,40.3671,55.85284423828125
2017-07-25,2.91,1.16,244.786,4.3,94.0500030517578,93.4,47.77,2.99,0.5852,-0.4053,44.3941,56.132572174072266
2017-07-26,2.89,1.16,244.786,4.3,93.66999816894533,93.4,48.58,2.92,0.5783,0.1747,45.387,56.202491760253906
2017-07-27,2.93,1.16,244.786,4.3,93.86000061035156,93.4,49.05,2.95,0.5861,0.4263,49.8253,56.52416229248047
2017-07-28,2.89,1.16,244.786,4.3,93.26000213623048,93.4,49.72,2.96,0.672,-0.3913,40.3764,55.664039611816406
2017-07-31,2.89,1.07,244.786,4.3,92.86000061035156,93.4,50.21,2.87,0.6634,-0.3913,44.4358,55.97172927856445
2017-08-01,2.86,1.16,245.519,4.4,93.02999877929688,96.8,49.19,2.8,0.6445,-0.5521,45.6139,56.06264114379883
2017-08-02,2.85,1.16,245.519,4.4,92.83000183105467,96.8,49.60,2.8,0.6404,-0.2586,49.4332,56.36334228515625
2017-08-03,2.81,1.16,245.519,4.4,92.80999755859376,96.8,49.03,2.76,0.6206,-0.5521,48.495,56.28641891479492
2017-08-04,2.84,1.16,245.519,4.4,93.54000091552734,96.8,49.57,2.76,0.6017,-0.4542,46.0967,56.090599060058594
2017-08-07,2.84,1.16,245.519,4.4,93.43000030517578,96.8,49.37,2.8,0.5762,-0.3075,45.6624,56.055625915527344
2017-08-08,2.86,1.16,245.519,4.4,93.63999938964844,96.8,49.07,2.81,0.5543,-0.6219,43.8816,55.915794372558594
2017-08-09,2.82,1.16,245.519,4.4,93.5199966430664,96.8,49.59,2.81,0.5431,-0.4542,46.6809,56.090599060058594
2017-08-10,2.79,1.16,245.519,4.4,93.4000015258789,96.8,48.54,2.89,0.5482,-0.2655,42.399,55.758750915527344
2017-08-11,2.79,1.16,245.519,4.4,93.06999969482422,96.8,48.81,2.96,0.562,-0.6271,36.5103,55.22214126586914
2017-08-14,2.81,1.16,245.519,4.4,93.45999908447266,96.8,47.59,3.02,0.5556,-0.8925,36.7592,55.23625183105469
2017-08-15,2.84,1.16,245.519,4.4,93.8499984741211,96.8,47.57,2.96,0.5446,-1.0965,35.3416,55.102115631103516
2017-08-16,2.81,1.16,245.519,4.4,93.48999786376952,96.8,46.80,2.94,0.5491,-1.8201,31.4261,54.69963455200195
2017-08-17,2.78,1.16,245.519,4.4,93.62000274658205,96.8,47.07,2.91,0.5734,-1.8144,25.0751,53.845272064208984
2017-08-18,2.78,1.16,245.519,4.4,93.43000030517578,96.8,48.59,2.9,0.5858,-1.8537,29.8686,54.11359405517578
2017-08-21,2.77,1.16,245.519,4.4,93.0999984741211,96.8,47.39,3.0,0.5722,-2.128,28.5239,53.93001937866211
2017-08-22,2.79,1.16,245.519,4.4,93.5500030517578,96.8,47.65,3.0,0.5795,-2.1745,33.0201,54.18421173095703
2017-08-23,2.75,1.16,245.519,4.4,93.1500015258789,96.8,48.45,2.94,0.5653,-2.1894,32.2316,54.09241485595703
2017-08-24,2.77,1.16,245.519,4.4,93.27999877929688,96.8,47.24,2.97,0.5476,-2.1913,30.5401,53.89472961425781
2017-08-25,2.75,1.16,245.519,4.4,92.73999786376952,96.8,47.65,2.93,0.5488,-1.8811,35.609,54.17007827758789
2017-08-28,2.76,1.16,245.519,4.4,92.20999908447266,96.8,46.40,2.95,0.5439,-1.9178,33.9012,53.993568420410156
2017-08-29,2.74,1.16,245.519,4.4,92.3499984741211,96.8,46.46,2.95,0.5257,-2.1066,33.7617,53.979434967041016
2017-08-30,2.75,1.16,245.519,4.4,92.87999725341795,96.8,45.96,2.95,0.5078,-2.0251,31.3317,53.73230743408203
2017-08-31,2.73,1.07,245.519,4.4,92.66999816894533,96.8,47.26,2.92,0.4937,-1.3266,34.6598,53.89472961425781
2017-09-01,2.77,1.16,246.819,4.3,92.80999755859376,95.1,47.32,2.88,0.4852,-1.1713,38.0346,54.06416702270508
2017-09-05,2.69,1.16,246.819,4.3,92.30999755859376,95.1,48.63,2.88,0.4903,-0.6068,45.7099,54.494873046875
2017-09-06,2.72,1.16,246.819,4.3,92.29000091552734,95.1,49.13,2.98,0.5584,0.9244,59.7816,55.62459945678711
2017-09-07,2.66,1.16,246.819,4.3,91.52999877929688,95.1,49.10,2.92,0.5548,1.9546,61.4624,55.80112075805664
2017-09-08,2.67,1.16,246.819,4.3,91.33000183105467,95.1,47.44,2.88,0.5358,1.5382,59.2234,55.6528434753418
2017-09-11,2.75,1.16,246.819,4.3,91.86000061035156,95.1,48.06,2.88,0.5278,2.0251,62.2554,55.95645523071289
2017-09-12,2.78,1.16,246.819,4.3,91.91000366210938,95.1,48.21,2.88,0.5128,1.9475,63.9345,56.13297653198242
2017-09-13,2.79,1.16,246.819,4.3,92.5199966430664,95.1,49.30,3.02,0.4958,2.2297,65.7087,56.32361602783203
2017-09-14,2.77,1.16,246.819,4.3,92.12000274658205,95.1,49.86,3.03,0.4836,2.6531,67.7346,56.549564361572266
2017-09-15,2.77,1.16,246.819,4.3,91.87000274658205,95.1,49.90,3.0,0.4823,2.3638,67.4663,56.535430908203125
2017-09-18,2.80,1.16,246.819,4.3,92.0500030517578,95.1,49.88,3.11,0.47,2.5543,67.6045,56.549564361572266
2017-09-19,2.81,1.16,246.819,4.3,91.79000091552734,95.1,49.54,3.18,0.4569,2.6602,68.5398,56.64133834838867
2017-09-20,2.82,1.16,246.819,4.3,92.51000213623048,95.1,50.29,3.13,0.4464,3.14,70.8413,56.87435531616211
2017-09-21,2.80,1.16,246.819,4.3,92.26000213623048,95.1,50.58,3.11,0.4543,2.512,61.1985,56.408329010009766
2017-09-22,2.80,1.16,246.819,4.3,92.16999816894533,95.1,50.33,2.93,0.4536,2.3638,61.4553,56.42951965332031
2017-09-25,2.76,1.16,246.819,4.3,92.6500015258789,95.1,51.85,2.96,0.4757,2.6813,69.2101,57.17795944213867
2017-09-26,2.78,1.16,246.819,4.3,92.97000122070312,95.1,51.59,2.96,0.4636,1.4888,67.9599,57.11442184448242
2017-09-27,2.86,1.16,246.819,4.3,93.36000061035156,95.1,52.14,2.98,0.4638,1.6935,71.3088,57.495689392089844
2017-09-28,2.87,1.16,246.819,4.3,93.08999633789062,95.1,51.62,2.96,0.482,2.3779,75.2324,58.03233337402344
2017-09-29,2.86,1.06,246.819,4.3,93.08000183105467,95.1,51.67,2.94,0.4786,1.9263,72.2906,57.88404846191406
2017-10-02,2.87,1.16,246.663,4.2,93.55999755859376,100.7,50.59,2.94,0.4815,1.503,67.5497,57.636924743652344
2017-10-03,2.87,1.16,246.663,4.2,93.56999969482422,100.7,50.44,2.73,0.4808,1.4042,68.3792,57.72871017456055
2017-10-04,2.87,1.16,246.663,4.2,93.45999908447266,100.7,50.0,2.8,0.4677,1.1995,68.5788,57.74988555908203
2017-10-05,2.89,1.16,246.663,4.2,93.95999908447266,100.7,50.79,2.8,0.467,1.3759,70.1353,57.91226577758789
2017-10-06,2.91,1.16,246.663,4.2,93.8000030517578,100.7,49.34,2.93,0.4672,1.1431,65.4306,57.69339370727539
2017-10-09,.,1.16,246.663,4.2,93.73999786376952,100.7,49.58,2.87,0.4575,1.2772,67.8296,57.91933822631836
2017-10-10,2.88,1.16,246.663,4.2,93.29000091552734,100.7,50.93,2.89,0.4604,1.2066,69.4695,58.08174133300781
2017-10-11,2.88,1.16,246.663,4.2,92.95999908447266,100.7,51.3,2.89,0.4577,1.9122,71.7612,58.32180404663086
2017-10-12,2.86,1.16,246.663,4.2,93.12000274658205,100.7,50.61,2.95,0.4467,1.7711,68.9734,58.20177459716797
2017-10-13,2.81,1.16,246.663,4.2,93.08999633789062,100.7,51.43,2.99,0.4511,1.009,68.6356,58.18766784667969
2017-10-16,2.82,1.16,246.663,4.2,93.27999877929688,100.7,51.86,2.87,0.4461,1.3548,71.6286,58.47008514404297
2017-10-17,2.80,1.16,246.663,4.2,93.48999786376952,100.7,51.87,2.88,0.4359,1.0796,72.6814,58.575984954833984
2017-10-18,2.85,1.16,246.663,4.2,93.36000061035156,100.7,52.05,2.81,0.4476,0.4022,69.0046,58.434776306152344
2017-10-19,2.83,1.16,246.663,4.2,93.2699966430664,100.7,51.29,2.83,0.452,0.5363,68.6308,58.42063903808594
2017-10-20,2.89,1.16,246.663,4.2,93.6999969482422,100.7,51.63,2.8,0.4454,1.0443,71.6871,58.68190383911133
2017-10-23,2.89,1.16,246.663,4.2,93.94000244140624,100.7,51.91,2.95,0.4498,1.0443,72.6938,58.77368927001953
2017-10-24,2.92,1.16,246.663,4.2,93.95999908447266,100.7,52.32,2.95,0.4463,1.1854,74.4262,58.93608093261719
2017-10-25,2.95,1.16,246.663,4.2,93.70999908447266,100.7,51.97,2.98,0.4539,0.8291,68.8052,58.724266052246094
2017-10-26,2.96,1.16,246.663,4.2,94.61000061035156,100.7,52.41,2.91,0.4487,1.2419,71.1516,58.93608093261719
2017-10-27,2.93,1.16,246.663,4.2,94.91999816894533,100.7,53.92,2.78,0.529,1.1854,73.0563,59.10555648803711
2017-10-30,2.88,1.16,246.663,4.2,94.48999786376952,100.7,54.11,2.94,0.5185,0.9032,69.5532,58.98551559448242
2017-10-31,2.88,1.07,246.663,4.2,94.5500030517578,100.7,54.36,2.84,0.5071,0.5292,65.7581,58.85135269165039
2017-11-01,2.85,1.16,246.669,4.2,94.81999969482422,98.5,54.32,2.68,0.5052,1.0161,70.502,59.2185173034668
2017-11-02,2.83,1.16,246.669,4.2,94.69000244140624,98.5,54.55,2.68,0.5175,0.7903,64.2356,58.97844314575195
2017-11-03,2.82,1.16,246.669,4.2,94.94000244140624,98.5,55.63,2.75,0.5047,0.2611,58.4739,58.7313346862793
2017-11-06,2.80,1.16,246.669,4.2,94.72000122070312,98.5,57.34,3.01,0.5095,0.5574,64.1185,59.133785247802734
2017-11-07,2.77,1.16,246.669,4.2,94.91000366210938,98.5,57.19,3.07,0.5129,0.5786,61.4363,59.01375198364258
2017-11-08,2.79,1.16,246.669,4.2,94.87000274658205,98.5,56.82,3.16,0.5126,0.5151,59.6961,58.93608093261719
2017-11-09,2.81,1.16,246.669,4.2,94.44000244140624,98.5,57.16,3.18,0.5294,0.6068,64.6039,59.28913879394531
2017-11-10,2.88,1.16,246.669,4.2,94.38999938964844,98.5,56.75,3.17,0.5311,0.3316,60.4797,59.10385513305664
2017-11-13,2.87,1.16,246.669,4.2,94.48999786376952,98.5,56.77,3.13,0.5181,0.1337,59.6833,59.06821060180664
2017-11-14,2.84,1.16,246.669,4.2,93.83000183105467,98.5,55.67,3.06,0.5218,-0.1351,50.3933,58.60501480102539
2017-11-15,2.77,1.16,246.669,4.2,93.80999755859376,98.5,55.28,3.16,0.54,-1.0627,39.8169,57.87103271484375
2017-11-16,2.81,1.16,246.669,4.2,93.93000030517578,98.5,55.14,3.09,0.5556,-1.695,34.8466,57.40784454345703
2017-11-17,2.78,1.16,246.669,4.2,93.66000366210938,98.5,56.21,3.04,0.5413,-1.8029,32.6835,57.179813385009766
2017-11-20,2.78,1.16,246.669,4.2,94.08000183105467,98.5,56.21,3.04,0.5347,-1.4481,36.7778,57.40072250366211
2017-11-21,2.76,1.16,246.669,4.2,93.9499969482422,98.5,56.84,3.05,0.5321,-1.5871,40.7817,57.628761291503906
2017-11-22,2.75,1.16,246.669,4.2,93.22000122070312,98.5,57.88,3.05,0.5213,-1.1834,43.5489,57.79266357421875
2017-11-24,2.76,1.16,246.669,4.2,92.76000213623048,98.5,58.94,3.05,0.5146,-0.7085,47.2428,58.020668029785156
2017-11-27,2.76,1.16,246.669,4.2,92.9000015258789,98.5,58.1,2.88,0.4982,-1.3315,44.2238,57.79975509643555
2017-11-28,2.77,1.16,246.669,4.2,93.26000213623048,98.5,57.96,2.88,0.5078,-0.8127,50.3911,58.1988410949707
2017-11-29,2.81,1.16,246.669,4.2,93.26000213623048,98.5,57.25,3.06,0.5138,-0.3078,56.0042,58.62638854980469
2017-11-30,2.83,1.07,246.669,4.2,93.01000213623048,98.5,57.4,3.06,0.5346,0.0658,63.5539,59.3532600402832
2017-12-01,2.76,1.16,246.524,4.1,92.9000015258789,95.9,58.35,2.84,0.5839,0.3703,64.6429,59.474403381347656
2017-12-04,2.77,1.16,246.524,4.1,93.19000244140624,95.9,57.48,2.91,0.6019,0.4843,65.3641,59.55278396606445
2017-12-05,2.73,1.16,246.524,4.1,93.37999725341795,95.9,57.66,2.86,0.6129,0.4629,57.5496,59.06821060180664
2017-12-06,2.71,1.16,246.524,4.1,93.61000061035156,95.9,55.79,2.86,0.6195,0.762,51.5911,58.63350296020508
2017-12-07,2.76,1.16,246.524,4.1,93.8000030517578,95.9,56.5,2.81,0.5981,1.4172,53.8678,58.8259391784668
2017-12-08,2.77,1.16,246.524,4.1,93.9000015258789,95.9,57.15,2.78,0.5879,1.7234,54.8005,58.90432357788086
2017-12-11,2.77,1.16,246.524,4.1,93.87000274658205,95.9,57.84,2.81,0.576,1.7662,57.8849,59.167972564697266
2017-12-12,2.79,1.17,246.524,4.1,94.0999984741211,95.9,57.12,2.87,0.5694,1.346,54.9387,58.9755744934082
2017-12-13,2.74,1.17,246.524,4.1,93.43000030517578,95.9,56.59,2.87,0.5704,1.4386,58.0077,59.23211669921875
2017-12-14,2.71,1.41,246.524,4.1,93.48999786376952,95.9,57.0,2.69,0.5521,1.054,55.5192,59.075347900390625
2017-12-15,2.68,1.41,246.524,4.1,93.93000030517578,95.9,57.29,2.6,0.5335,1.3674,56.7012,59.167972564697266
2017-12-18,2.74,1.42,246.524,4.1,93.6999969482422,95.9,57.17,2.71,0.5343,0.9045,55.5997,59.10385513305664
2017-12-19,2.82,1.42,246.524,4.1,93.47000122070312,95.9,57.49,2.75,0.5388,0.1211,49.8101,58.74753189086914
2017-12-20,2.88,1.42,246.524,4.1,93.3499984741211,95.9,58.09,2.72,0.536,-0.2991,54.2247,59.05397033691406
2017-12-21,2.84,1.42,246.524,4.1,93.27999877929688,95.9,58.34,2.64,0.5689,0.2777,62.3522,59.75232696533203
2017-12-22,2.83,1.42,246.524,4.1,93.3499984741211,95.9,58.25,2.63,0.5496,0.2849,63.2135,59.83783721923828
2017-12-26,2.82,1.42,246.524,4.1,93.26000213623048,95.9,59.55,2.68,0.5338,0.7763,63.2888,59.84495544433594
2017-12-27,2.75,1.42,246.524,4.1,93.02999877929688,95.9,59.67,2.76,0.514,1.1537,62.191,59.787940979003906
2017-12-28,2.75,1.42,246.524,4.1,92.5999984741211,95.9,59.84,2.97,0.49,1.0469,63.2216,59.87346267700195
2017-12-29,2.74,1.33,246.524,4.1,92.12000274658205,95.9,60.46,3.69,0.4835,0.6979,57.8447,59.6026725769043
2018-01-02,2.81,1.42,247.867,4.0,91.8499984741211,95.7,60.37,6.24,0.5283,1.4243,68.4236,60.59318923950195
2018-01-03,2.78,1.42,247.867,4.0,92.16000366210938,95.7,61.61,6.24,0.5999,2.8059,76.1633,61.78327178955078
2018-01-04,2.79,1.42,247.867,4.0,91.8499984741211,95.7,61.98,4.65,0.5972,2.635,76.607,61.86879348754883
2018-01-05,2.81,1.42,247.867,4.0,91.9499969482422,95.7,61.49,.,0.6141,2.7418,75.7215,61.81889724731445
2018-01-08,2.81,1.42,247.867,4.0,92.33000183105467,95.7,61.73,2.89,0.5982,2.927,77.2961,62.096832275390625
2018-01-09,2.88,1.42,247.867,4.0,92.52999877929688,95.7,62.92,2.93,0.5809,2.7276,72.4927,61.83312225341797
2018-01-10,2.88,1.42,247.867,4.0,92.33000183105467,95.7,63.6,3.16,0.601,2.5923,64.4493,61.341434478759766
2018-01-11,2.91,1.42,247.867,4.0,91.8499984741211,95.7,63.81,3.16,0.6313,2.8914,69.0108,61.947166442871094
2018-01-12,2.85,1.42,247.867,4.0,90.97000122070312,95.7,64.22,4.06,0.6401,2.6136,71.723,62.36759948730469
2018-01-16,2.83,1.42,247.867,4.0,90.38999938964844,95.7,63.82,5.46,0.6534,2.1365,65.9302,61.97566604614258
2018-01-17,2.84,1.42,247.867,4.0,90.54000091552734,95.7,63.92,3.92,0.6719,2.8629,70.7024,62.709659576416016
2018-01-18,2.90,1.42,247.867,4.0,90.5,95.7,63.96,3.92,0.6671,2.5139,65.2551,62.303466796875
2018-01-19,2.91,1.42,247.867,4.0,90.56999969482422,95.7,63.38,3.2,0.678,2.2291,62.6995,62.103939056396484
2018-01-22,2.93,1.42,247.867,4.0,90.4000015258789,95.7,63.66,3.13,0.6926,3.2831,68.0013,62.8878173828125
2018-01-23,2.90,1.42,247.867,4.0,90.12000274658205,95.7,64.45,3.35,0.6798,2.3288,68.2224,62.923458099365234
2018-01-24,2.93,1.42,247.867,4.0,89.20999908447266,95.7,65.69,3.54,0.6775,1.3033,69.2741,63.08734130859375
2018-01-25,2.89,1.42,247.867,4.0,89.38999938964844,95.7,65.62,3.54,0.6632,1.1039,67.598,62.97332763671875
2018-01-26,2.91,1.42,247.867,4.0,89.06999969482422,95.7,66.27,3.58,0.6479,1.6024,70.613,63.422271728515625
2018-01-29,2.94,1.42,247.867,4.0,89.30999755859375,95.7,65.71,3.6,0.6703,0.6196,61.0065,62.71676254272461
2018-01-30,2.98,1.42,247.867,4.0,89.19000244140625,95.7,64.64,3.6,0.7038,0.0071,51.6117,61.84026336669922
2018-01-31,2.95,1.34,247.867,4.0,89.12999725341797,95.7,64.82,3.34,0.7115,0.8688,54.7821,62.21083068847656
2018-02-01,3.01,1.42,248.991,4.1,88.66999816894531,99.7,65.92,3.06,0.7599,1.524,63.5389,63.472137451171875
2018-02-02,3.08,1.42,248.991,4.1,89.19999694824219,99.7,65.5,2.91,1.0144,-2.1294,41.3951,60.236907958984375
2018-02-05,3.04,1.42,248.991,4.1,89.55000305175781,99.7,64.18,2.85,1.2675,-5.1632,29.6179,56.80923080444336
2018-02-06,3.06,1.42,248.991,4.1,89.58999633789062,99.7,63.48,2.75,1.3524,-6.8724,27.2407,55.832969665527344
2018-02-07,3.12,1.42,248.991,4.1,90.26000213623048,99.7,61.91,2.74,1.3825,-7.4706,25.0153,54.82819747924805
2018-02-08,3.14,1.42,248.991,4.1,90.2300033569336,99.7,61.3,2.74,1.3626,-7.8908,23.7273,54.20820999145508
2018-02-09,3.14,1.42,248.991,4.1,90.44000244140624,99.7,59.2,2.66,1.3978,-8.3323,25.9914,54.553768157958984
2018-02-12,3.14,1.42,248.991,4.1,90.20999908447266,99.7,59.41,2.6,1.3925,-7.9075,29.0465,55.014488220214844
2018-02-13,3.11,1.42,248.991,4.1,89.69999694824219,99.7,59.33,2.58,1.3455,-8.1577,28.8064,54.92812728881836
2018-02-14,3.18,1.42,248.991,4.1,89.12000274658203,99.7,60.7,2.53,1.326,-7.9286,29.6415,55.043296813964844
2018-02-15,3.15,1.42,248.991,4.1,88.58999633789062,99.7,61.48,2.49,1.2955,-8.5571,29.0678,54.86333084106445
2018-02-16,3.13,1.42,248.991,4.1,89.0999984741211,99.7,61.89,2.49,1.2682,-7.6147,30.9673,55.100887298583984
2018-02-20,3.15,1.42,248.991,4.1,89.72000122070312,99.7,61.91,2.61,1.2809,-7.307,28.9674,54.53217315673828
2018-02-21,3.22,1.42,248.991,4.1,90.08000183105467,99.7,61.73,2.65,1.2701,-8.296,26.9286,53.91305923461914
2018-02-22,3.21,1.42,248.991,4.1,89.75,99.7,62.72,2.65,1.2796,-8.8588,32.6836,54.611366271972656
2018-02-23,3.16,1.42,248.991,4.1,89.87999725341797,99.7,63.52,2.58,1.2786,-4.4241,41.261,55.813575744628906
2018-02-26,3.15,1.42,248.991,4.1,89.81999969482422,99.7,63.81,2.6,1.2592,-0.0562,46.9692,56.756656646728516
2018-02-27,3.17,1.42,248.991,4.1,90.36000061035156,99.7,62.94,2.59,1.2911,-0.0445,42.4273,55.7919807434082
2018-02-28,3.13,1.35,248.991,4.1,90.61000061035156,99.7,61.43,2.66,1.3299,-0.3065,37.3224,54.52495574951172
2018-03-01,3.09,1.42,249.554,4.0,90.31999969482422,101.4,60.98,2.67,1.3284,-0.0754,35.8953,54.136226654052734
2018-03-02,3.14,1.42,249.554,4.0,89.94000244140625,101.4,61.19,2.67,1.3049,-0.1655,37.5618,54.38821029663086
2018-03-05,3.16,1.42,249.554,4.0,90.08000183105467,101.4,62.49,2.7,1.2857,-0.1079,40.9618,54.906532287597656
2018-03-06,3.14,1.42,249.554,4.0,89.62000274658203,101.4,62.54,2.7,1.2514,-0.0863,40.6637,54.841732025146484
2018-03-07,3.15,1.42,249.554,4.0,89.63999938964844,101.4,61.09,2.8,1.2967,-1.5827,34.8391,53.45953369140625
2018-03-08,3.13,1.42,249.554,4.0,90.12000274658205,101.4,60.13,2.8,1.2596,-1.5035,34.4516,53.35873794555664
2018-03-09,3.16,1.42,249.554,4.0,90.08999633789062,101.4,62.02,2.71,1.2179,-1.4244,36.8297,53.67549514770508
2018-03-12,3.13,1.42,249.554,4.0,89.9000015258789,101.4,61.35,2.78,1.1833,-0.3669,40.4269,54.16501998901367
2018-03-13,3.10,1.42,249.554,4.0,89.66000366210938,101.4,60.69,2.76,1.1795,-0.259,37.9942,53.65388870239258
2018-03-14,3.05,1.42,249.554,4.0,89.69999694824219,101.4,60.89,2.69,1.16,-1.6258,35.0213,52.9843864440918
2018-03-15,3.05,1.43,249.554,4.0,90.13999938964844,101.4,61.16,2.7,1.1491,-2.2373,39.5151,53.5747184753418
2018-03-16,3.08,1.43,249.554,4.0,90.2300033569336,101.4,62.29,2.62,1.106,-2.6762,43.1308,54.07864761352539
2018-03-19,3.09,1.43,249.554,4.0,89.9000015258789,101.4,62.01,2.62,1.0918,-2.41,39.5983,53.380340576171875
2018-03-20,3.12,1.44,249.554,4.0,90.37000274658205,101.4,63.37,2.71,1.0523,-1.259,39.0305,53.26515579223633
2018-03-21,3.12,1.44,249.554,4.0,89.77999877929688,101.4,65.1,2.74,1.0625,-0.1151,44.6409,54.02104949951172
2018-03-22,3.06,1.68,249.554,4.0,89.86000061035156,101.4,64.25,2.62,1.0714,-1.4748,38.976,52.91239929199219
2018-03-23,3.06,1.68,249.554,4.0,89.44000244140625,101.4,65.8,2.58,1.074,-2.4316,36.9745,52.47327423095703
2018-03-26,3.08,1.68,249.554,4.0,89.02999877929688,101.4,65.49,2.63,1.0692,-1.5683,42.737,53.272369384765625
2018-03-27,3.03,1.68,249.554,4.0,89.37000274658203,101.4,65.21,2.6,1.0756,-0.4029,41.6292,53.05637741088867
2018-03-28,3.01,1.68,249.554,4.0,90.05999755859375,101.4,64.3,2.64,1.0619,-0.9424,38.4452,52.41566848754883
2018-03-29,2.97,1.68,249.554,4.0,90.1500015258789,101.4,64.87,2.81,1.093,0.036,47.2351,53.71148681640625
2018-04-02,2.97,1.68,250.546,4.0,90.05000305175781,98.8,63.05,2.75,1.1408,-1.4532,42.2211,52.71084213256836
2018-04-03,3.02,1.69,250.546,4.0,90.1999969482422,98.8,63.41,2.75,1.1641,0.3525,49.6714,54.006649017333984
2018-04-04,3.03,1.69,250.546,4.0,90.13999938964844,98.8,63.35,2.81,1.1642,0.9136,49.1032,53.898681640625
2018-04-05,3.07,1.69,250.546,4.0,90.45999908447266,98.8,63.53,2.81,1.1556,1.151,53.4955,54.7265625
2018-04-06,3.01,1.69,250.546,4.0,90.11000061035156,98.8,62.03,2.81,1.1707,-0.1799,48.9466,53.898681640625
2018-04-09,3.02,1.69,250.546,4.0,89.83999633789062,98.8,63.4,2.78,1.1379,0.518,48.9466,53.898681640625
2018-04-10,3.02,1.69,250.546,4.0,89.58999633789062,98.8,65.48,2.78,1.2057,2.2158,57.0497,55.4824333190918
2018-04-11,2.99,1.69,250.546,4.0,89.56999969482422,98.8,66.81,2.74,1.1858,1.7194,58.2183,55.7415885925293
2018-04-12,3.05,1.69,250.546,4.0,89.75,98.8,67.07,2.76,1.1592,2.6762,57.2399,55.590415954589844
2018-04-13,3.03,1.69,250.546,4.0,89.80000305175781,98.8,67.35,2.82,1.1262,3.561,59.4089,56.0367546081543
2018-04-16,3.03,1.69,250.546,4.0,89.43000030517578,98.8,66.23,2.88,1.1162,3.2661,61.7668,56.54066848754883
2018-04-17,3.00,1.69,250.546,4.0,89.5199966430664,98.8,66.5,2.84,1.0735,3.3308,60.629,56.38951110839844
2018-04-18,3.06,1.69,250.546,4.0,89.62000274658203,98.8,68.44,2.85,1.0703,4.6114,63.6825,57.03021240234375
2018-04-19,3.11,1.69,250.546,4.0,89.94000244140625,98.8,68.3,2.8,1.0457,3.4603,64.3516,57.1742057800293
2018-04-20,3.14,1.7,250.546,4.0,90.31999969482422,98.8,68.26,2.78,1.027,4.1581,61.7776,56.87183380126953
2018-04-23,3.15,1.7,250.546,4.0,90.94000244140624,98.8,67.61,2.78,0.9974,3.2733,63.8887,57.28216552734375
2018-04-24,3.18,1.7,250.546,4.0,90.7699966430664,98.8,67.66,2.79,1.0268,2.5035,56.6736,56.403907775878906
2018-04-25,3.21,1.7,250.546,4.0,91.16999816894533,98.8,68.0,2.81,1.0629,2.5035,61.1297,57.23179244995117
2018-04-26,3.18,1.7,250.546,4.0,91.55999755859376,98.8,68.18,2.81,1.059,4.3092,65.6316,58.210838317871094
2018-04-27,3.13,1.7,250.546,4.0,91.54000091552734,98.8,68.11,2.82,1.2084,2.1007,51.2126,56.00075912475586
2018-04-30,3.11,1.69,250.546,4.0,91.83999633789062,98.8,68.56,2.75,1.1642,0.4892,51.0553,55.971954345703125
2018-05-01,3.13,1.7,251.588,3.8,92.4499969482422,98.0,67.28,2.75,1.172,-0.3453,47.8856,55.39604187011719
2018-05-02,3.14,1.7,251.588,3.8,92.51000213623048,98.0,67.91,2.77,1.1361,-0.3021,47.2928,55.28806686401367
2018-05-03,3.12,1.7,251.588,3.8,92.41000366210938,98.0,68.45,2.75,1.1269,-0.9352,46.2245,55.100887298583984
2018-05-04,3.12,1.7,251.588,3.8,92.56999969482422,98.0,69.71,2.75,1.1122,-1.1798,47.9768,55.36005783081055
2018-05-07,3.12,1.7,251.588,3.8,92.75,98.0,70.74,2.74,1.1447,-0.4244,51.914,55.96476745605469
2018-05-08,3.13,1.7,251.588,3.8,93.12000274658205,98.0,68.83,2.77,1.1549,-0.8129,53.4934,56.21670913696289
2018-05-09,3.16,1.7,251.588,3.8,93.04000091552734,98.0,71.16,2.75,1.1829,0.3669,60.7854,57.54133987426758
2018-05-10,3.12,1.7,251.588,3.8,92.6500015258789,98.0,71.36,2.78,1.194,1.9568,66.3183,58.829959869384766
2018-05-11,3.10,1.7,251.588,3.8,92.54000091552734,98.0,70.69,2.75,1.1641,1.8201,67.3708,59.10628890991211
2018-05-14,3.13,1.7,251.588,3.8,92.58999633789062,98.0,71.01,2.84,1.1349,3.0974,68.9008,59.506248474121094
2018-05-15,3.20,1.7,251.588,3.8,93.22000122070312,98.0,71.34,2.83,1.0865,2.241,68.6487,59.4771614074707
2018-05-16,3.21,1.7,251.588,3.8,93.38999938964844,98.0,71.43,2.85,1.0546,1.4298,69.3433,59.64440155029297
2018-05-17,3.25,1.7,251.588,3.8,93.47000122070312,98.0,71.47,2.75,1.0229,3.5366,68.3506,59.54262161254883
2018-05-18,3.20,1.7,251.588,3.8,93.63999938964844,98.0,71.23,2.75,0.982,3.1439,64.247,59.12084197998047
2018-05-21,3.20,1.7,251.588,3.8,93.68000030517578,98.0,72.26,2.77,0.9663,4.4316,67.7682,59.83346176147461
2018-05-22,3.21,1.7,251.588,3.8,93.61000061035156,98.0,72.09,2.76,0.9648,4.0744,63.3783,59.36808395385742
2018-05-23,3.17,1.7,251.588,3.8,94.01000213623048,98.0,71.85,2.89,0.982,4.6321,65.3069,59.73895263671875
2018-05-24,3.13,1.7,251.588,3.8,93.77999877929688,98.0,70.77,2.88,1.0261,3.007,54.0144,58.371829986572266
2018-05-25,3.09,1.7,251.588,3.8,94.19000244140624,98.0,67.92,2.88,1.0659,1.2691,46.7851,57.23740005493164
2018-05-29,2.96,1.7,251.588,3.8,94.83000183105467,98.0,66.8,2.84,1.0521,0.8066,45.5643,57.0265007019043
2018-05-30,3.01,1.7,251.588,3.8,94.1500015258789,98.0,68.24,2.83,1.1451,1.721,58.0769,59.26626968383789
2018-05-31,3.00,1.7,251.588,3.8,93.98999786376952,98.0,66.98,2.94,1.108,0.2443,56.8881,59.077205657958984
2018-06-01,3.04,1.7,251.989,4.0,94.19000244140624,98.2,65.81,2.91,1.0864,0.3997,58.9419,59.506248474121094
2018-06-04,3.08,1.7,251.989,4.0,94.0199966430664,98.2,64.76,2.89,1.0981,-0.6249,54.8409,58.880859375
2018-06-05,3.07,1.7,251.989,4.0,93.88999938964844,98.2,65.51,2.89,1.084,-0.8066,53.4894,58.66997528076172
2018-06-06,3.13,1.7,251.989,4.0,93.66000366210938,98.2,64.75,2.89,1.0798,0.0291,58.7047,59.67349624633789
2018-06-07,3.08,1.7,251.989,4.0,93.4000015258789,98.2,65.96,3.02,1.0665,0.7267,61.4694,60.26980209350586
2018-06-08,3.08,1.7,251.989,4.0,93.5500030517578,98.2,65.77,2.91,1.0505,1.6713,63.7635,60.79337692260742
2018-06-11,3.10,1.7,251.989,4.0,93.58000183105467,98.2,66.1,3.0,1.0201,0.5959,61.0453,60.42978286743164
2018-06-12,3.09,1.7,251.989,4.0,93.8000030517578,98.2,66.38,2.98,1.0215,0.5668,57.458,59.93528747558594
2018-06-13,3.10,1.7,251.989,4.0,93.70999908447266,98.2,66.63,2.98,1.0072,-0.4651,52.9717,59.27354431152344
2018-06-14,3.05,1.9,251.989,4.0,94.7699966430664,98.2,66.91,2.99,0.9768,1.1772,54.567,59.54986572265625
2018-06-15,3.05,1.9,251.989,4.0,94.79000091552734,98.2,65.01,3.02,0.9786,1.417,48.7971,58.655433654785156
2018-06-18,3.05,1.9,251.989,4.0,94.75,98.2,65.91,2.99,0.9648,1.744,49.5445,58.77178955078125
2018-06-19,3.02,1.91,251.989,4.0,95.08999633789062,98.2,65.09,2.95,0.9607,-0.5813,48.9671,58.68450164794922
2018-06-20,3.06,1.92,251.989,4.0,95.05999755859376,98.2,65.92,2.96,0.9368,-0.5741,47.7196,58.50270462036133
2018-06-21,3.04,1.92,251.989,4.0,94.87000274658205,98.2,65.68,3.08,0.928,-1.5551,44.0459,57.950050354003906
2018-06-22,3.04,1.92,251.989,4.0,94.5199966430664,98.2,69.02,2.95,0.9785,0.2979,52.7559,59.17900085449219
2018-06-25,3.02,1.92,251.989,4.0,94.27999877929688,98.2,69.91,2.96,1.0165,-0.6831,45.3745,57.986419677734375
2018-06-26,3.03,1.92,251.989,4.0,94.68000030517578,98.2,75.23,2.98,1.0099,-1.0319,49.5465,58.6408805847168
2018-06-27,2.97,1.91,251.989,4.0,95.29000091552734,98.2,77.41,3.01,1.0332,-0.8502,54.0406,59.418968200683594
2018-06-28,2.97,1.91,251.989,4.0,95.38999938964844,98.2,73.45,2.99,1.0134,-1.1845,55.0875,59.608055114746094
2018-06-29,2.98,1.91,251.989,4.0,94.62999725341795,98.2,74.13,2.96,1.0225,-0.2689,58.0925,60.16073226928711
2018-07-02,2.99,1.91,252.006,3.8,94.87000274658205,97.9,73.89,2.9,1.0227,-0.4796,53.2,59.45534896850586
2018-07-03,2.96,1.91,252.006,3.8,94.58999633789062,97.9,74.19,2.9,1.0373,0.5305,55.2102,59.80438232421875
2018-07-05,2.95,1.91,252.006,3.8,94.47000122070312,97.9,73.05,2.91,1.0006,0.3052,55.5103,59.85529708862305
2018-07-06,2.94,1.91,252.006,3.8,94.04000091552734,97.9,73.78,2.91,0.9831,1.2135,55.6019,59.869842529296875
2018-07-09,2.96,1.91,252.006,3.8,94.08000183105467,97.9,73.93,2.9,0.9544,1.5115,58.239,60.28434371948242
2018-07-10,2.97,1.91,252.006,3.8,94.11000061035156,97.9,74.11,2.9,0.9496,2.1509,61.5209,60.83701705932617
2018-07-11,2.95,1.91,252.006,3.8,94.72000122070312,97.9,70.47,2.89,0.9663,1.5551,54.9709,60.05890655517578
2018-07-12,2.95,1.91,252.006,3.8,94.80999755859376,97.9,70.28,2.89,0.9456,2.18,55.4483,60.13163757324219
2018-07-13,2.94,1.91,252.006,3.8,94.75,97.9,71.03,2.86,0.9398,1.4025,58.3936,60.58250045776367
2018-07-16,2.96,1.91,252.006,3.8,94.51000213623048,97.9,68.22,2.76,0.9407,1.9983,53.3684,59.98618698120117
2018-07-17,2.97,1.91,252.006,3.8,94.97000122070312,97.9,68.03,2.81,0.9103,1.2135,52.3044,59.85529708862305
2018-07-18,2.99,1.91,252.006,3.8,95.08000183105467,97.9,68.78,2.8,0.8884,0.3706,51.7488,59.78984069824219
2018-07-19,2.96,1.91,252.006,3.8,95.16999816894533,97.9,69.42,2.75,0.8717,0.0291,50.4035,59.637142181396484
2018-07-20,3.03,1.91,252.006,3.8,94.45999908447266,97.9,70.31,2.79,0.8488,-0.9665,46.6127,59.19355773925781
2018-07-23,3.10,1.91,252.006,3.8,94.66999816894533,97.9,67.9,2.79,0.8308,-0.2616,46.6127,59.19355773925781
2018-07-24,3.08,1.91,252.006,3.8,94.61000061035156,97.9,70.77,2.73,0.8555,0.5595,56.6032,60.36433029174805
2018-07-25,3.06,1.91,252.006,3.8,94.36000061035156,97.9,71.13,2.82,0.8582,0.9301,59.5405,60.786102294921875
2018-07-26,3.10,1.91,252.006,3.8,94.75,97.9,71.59,2.82,0.8504,1.3879,62.5961,61.258785247802734
2018-07-27,3.09,1.91,252.006,3.8,94.68000030517578,97.9,68.66,2.78,0.9677,-0.7121,48.5134,59.571693420410156
2018-07-30,3.11,1.91,252.006,3.8,94.36000061035156,97.9,71.19,2.75,0.9723,-1.3952,47.6183,59.4407958984375
2018-07-31,3.08,1.91,252.006,3.8,94.48999786376952,97.9,69.88,2.82,0.9397,-0.7848,46.4392,59.27354431152344
2018-08-01,3.13,1.91,252.146,3.8,94.62000274658205,96.2,68.8,2.8,0.9395,-1.6713,41.102,58.459083557128906
2018-08-02,3.12,1.91,252.146,3.8,95.16999816894533,96.2,68.95,2.77,0.9212,-2.4706,39.0317,58.11003494262695
2018-08-03,3.09,1.91,252.146,3.8,95.13999938964844,96.2,68.49,2.86,0.8902,-1.6641,40.9664,58.32091522216797
2018-08-06,3.08,1.91,252.146,3.8,95.36000061035156,96.2,69.01,2.85,0.8624,-1.5478,40.8701,58.30638122558594
2018-08-07,3.12,1.91,252.146,3.8,95.22000122070312,96.2,69.17,2.95,0.874,-0.6903,48.0408,59.099002838134766
2018-08-08,3.12,1.91,252.146,3.8,95.0999984741211,96.2,66.92,2.99,0.8593,-0.9301,45.1214,58.70632553100586
2018-08-09,3.08,1.91,252.146,3.8,95.5,96.2,66.81,3.02,0.8395,-0.7848,42.9855,58.408180236816406
2018-08-10,3.03,1.91,252.146,3.8,96.36000061035156,96.2,67.61,2.96,0.8141,-0.8429,42.5622,58.34941864013672
2018-08-13,3.05,1.91,252.146,3.8,96.38999938964844,96.2,67.25,2.92,0.8252,-2.6442,38.1656,57.71757125854492
2018-08-14,3.06,1.91,252.146,3.8,96.7300033569336,96.2,67.04,3.02,0.8182,-3.2492,36.9701,57.53390121459961
2018-08-15,3.03,1.91,252.146,3.8,96.6999969482422,96.2,65.07,3.02,0.8541,-4.7274,31.2019,56.527374267578125
2018-08-16,3.03,1.92,252.146,3.8,96.6500015258789,96.2,65.44,3.02,0.8539,-2.2633,39.117,57.306148529052734
2018-08-17,3.03,1.92,252.146,3.8,96.0999984741211,96.2,65.93,3.01,0.8291,-1.9416,40.9126,57.49716567993164
2018-08-20,2.99,1.92,252.146,3.8,95.9000015258789,96.2,66.5,3.04,0.8134,-1.3707,44.6327,57.90123748779297
2018-08-21,3.00,1.92,252.146,3.8,95.26000213623048,96.2,67.32,3.01,0.803,-0.5422,44.7689,57.915931701660156
2018-08-22,2.99,1.92,252.146,3.8,95.1500015258789,96.2,67.85,3.02,0.8097,0.6362,51.9583,58.74613952636719
2018-08-23,2.97,1.92,252.146,3.8,95.62000274658205,96.2,69.13,3.01,0.8074,-0.2205,46.8444,58.099609375
2018-08-24,2.97,1.92,252.146,3.8,95.1500015258789,96.2,69.71,2.99,0.8006,0.1904,50.0906,58.496337890625
2018-08-27,3.00,1.92,252.146,3.8,94.77999877929688,96.2,69.97,2.98,0.788,-0.029,54.4206,59.06939697265625
2018-08-28,3.03,1.92,252.146,3.8,94.72000122070312,96.2,68.54,2.98,0.7642,0.2753,53.6494,58.98124313354492
2018-08-29,3.02,1.92,252.146,3.8,94.5999984741211,96.2,69.68,2.96,0.7589,0.9991,56.8333,59.40736389160156
2018-08-30,3.00,1.92,252.146,3.8,94.72000122070312,96.2,70.25,2.96,0.7435,0.8002,54.4047,59.15022659301758
2018-08-31,3.02,1.91,252.146,3.8,95.13999938964844,96.2,69.84,2.98,0.7292,1.182,52.0766,58.90044403076172
2018-09-04,3.07,1.92,252.439,3.7,95.41999816894533,100.1,69.82,2.96,0.7233,1.4536,52.8436,58.98860168457031
2018-09-05,3.08,1.92,252.439,3.7,95.12999725341795,100.1,68.69,3.0,0.7676,3.245,59.1254,59.77471160888672
2018-09-06,3.06,1.92,252.439,3.7,95.0199966430664,100.1,67.81,2.93,0.7809,1.806,52.7591,59.11349105834961
2018-09-07,3.11,1.92,252.439,3.7,95.37000274658205,100.1,67.73,2.88,0.8358,2.621,59.8466,60.12002182006836
2018-09-10,3.09,1.92,252.439,3.7,95.1500015258789,100.1,67.55,2.9,0.8327,2.1291,59.0115,60.03184509277344
2018-09-11,3.13,1.92,252.439,3.7,95.05999755859376,100.1,69.29,2.94,0.8551,2.9587,64.1715,60.876739501953125
2018-09-12,3.11,1.92,252.439,3.7,94.8000030517578,100.1,70.37,2.98,0.8422,2.3273,65.2767,61.07511901855469
2018-09-13,3.11,1.92,252.439,3.7,94.54000091552734,100.1,68.6,2.94,0.8471,2.3787,59.3607,60.48002624511719
2018-09-14,3.13,1.92,252.439,3.7,94.9800033569336,100.1,68.98,2.91,0.8327,2.4227,62.1007,60.92083740234375
2018-09-17,3.13,1.92,252.439,3.7,94.51000213623048,100.1,68.86,2.95,0.8094,2.2098,64.2222,61.280818939208984
2018-09-18,3.20,1.92,252.439,3.7,94.62000274658205,100.1,69.87,3.0,0.7894,2.4594,65.1651,61.44245529174805
2018-09-19,3.23,1.92,252.439,3.7,94.5500030517578,100.1,71.08,3.11,0.7928,2.7678,69.1454,62.17716979980469
2018-09-20,3.21,1.92,252.439,3.7,93.91000366210938,100.1,70.77,3.07,0.7781,3.1642,69.8503,62.31675338745117
2018-09-21,3.20,1.92,252.439,3.7,94.22000122070312,100.1,70.8,3.02,0.7702,3.6708,71.1575,62.57390213012695
2018-09-24,3.21,1.93,252.439,3.7,94.26000213623048,100.1,73.23,3.04,0.8159,4.6326,75.7782,63.624534606933594
2018-09-25,3.23,1.93,252.439,3.7,94.12999725341795,100.1,73.4,3.12,0.8095,3.7736,74.8749,63.55104446411133
2018-09-26,3.19,1.93,252.439,3.7,94.19000244140624,100.1,72.22,3.1,0.7942,3.9057,68.5394,63.022071838378906
2018-09-27,3.19,2.18,252.439,3.7,95.0,100.1,72.18,3.05,0.7789,2.8926,68.4528,63.01471710205078
2018-09-28,3.19,2.18,252.439,3.7,95.19000244140624,100.1,73.16,3.01,0.7726,2.4301,62.1117,62.46369552612305
2018-10-01,3.24,2.18,252.885,3.8,95.3000030517578,98.6,75.37,3.13,0.7703,2.1658,65.7145,63.04410934448242
2018-10-02,3.20,2.18,252.885,3.8,95.51000213623048,98.6,75.16,3.14,0.7704,2.4448,68.3787,63.52165603637695
2018-10-03,3.30,2.18,252.885,3.8,95.76000213623048,98.6,76.4,3.26,0.7631,2.8118,65.7544,63.29391860961914
2018-10-04,3.35,2.18,252.885,3.8,95.75,98.6,74.44,3.39,0.7558,1.9529,61.1101,62.875125885009766
2018-10-05,3.40,2.18,252.885,3.8,95.62000274658205,98.6,74.26,3.25,0.7422,1.4169,59.2137,62.69879913330078
2018-10-08,.,2.18,252.885,3.8,95.7699966430664,98.6,74.27,3.28,0.7762,1.8354,63.2558,63.279197692871094
2018-10-09,3.37,2.18,252.885,3.8,95.68000030517578,98.6,74.95,3.4,0.7805,1.3802,65.0501,63.55839157104492
2018-10-10,3.39,2.18,252.885,3.8,95.51000213623048,98.6,73.18,3.45,0.8464,-0.2202,51.0041,62.09633255004883
2018-10-11,3.32,2.18,252.885,3.8,95.0199966430664,98.6,70.97,3.16,0.9617,-2.621,38.0284,59.95103454589844
2018-10-12,3.32,2.18,252.885,3.8,95.22000122070312,98.6,71.41,3.19,0.9963,-3.8323,37.2593,59.789405822753906
2018-10-15,3.34,2.18,252.885,3.8,95.06999969482422,98.6,71.84,3.26,0.9734,-4.17,35.3022,59.37799072265625
2018-10-16,3.32,2.18,252.885,3.8,95.0500030517578,98.6,71.93,3.27,0.9699,-3.3625,37.6939,59.657161712646484
2018-10-17,3.35,2.19,252.885,3.8,95.58000183105467,98.6,69.63,3.3,0.9625,-3.1349,39.5924,59.877567291259766
2018-10-18,3.36,2.19,252.885,3.8,95.9000015258789,98.6,68.63,3.28,0.9604,-2.3273,41.8198,60.134700775146484
2018-10-19,3.38,2.19,252.885,3.8,95.70999908447266,98.6,69.16,3.2,0.9416,-2.8192,42.6013,60.222877502441406
2018-10-22,3.38,2.19,252.885,3.8,96.01000213623048,98.6,69.25,3.2,0.9551,-3.8984,38.7692,59.620426177978516
2018-10-23,3.37,2.2,252.885,3.8,95.95999908447266,98.6,66.49,3.28,1.0143,-4.6326,33.5734,58.65796661376953
2018-10-24,3.33,2.2,252.885,3.8,96.43000030517578,98.6,66.56,3.42,1.084,-5.8439,26.9755,57.0269660949707
2018-10-25,3.35,2.2,252.885,3.8,96.68000030517578,98.6,67.25,3.42,1.0815,-5.1612,31.4825,57.53390121459961
2018-10-26,3.32,2.2,252.885,3.8,96.36000061035156,98.6,67.58,3.27,1.0803,-6.3138,29.2824,56.96082305908203
2018-10-29,3.33,2.2,252.885,3.8,96.58000183105467,98.6,67.0,3.2,1.119,-6.9452,27.9862,56.60818862915039
2018-10-30,3.36,2.2,252.885,3.8,97.01000213623048,98.6,66.18,3.27,1.1429,-4.2141,38.5448,57.879207611083984
2018-10-31,3.39,2.2,252.885,3.8,97.12999725341795,98.6,65.31,3.31,1.1436,-1.4096,43.2097,58.54042053222656
2018-11-01,3.38,2.2,252.038,3.8,96.27999877929688,97.5,63.67,3.36,1.138,-0.5213,47.8951,59.267757415771484
2018-11-02,3.46,2.19,252.038,3.8,96.54000091552734,97.5,63.12,3.26,1.1731,0.8296,53.2639,60.20818328857422
2018-11-05,3.43,2.2,252.038,3.8,96.3499984741211,97.5,63.12,3.53,1.1643,0.323,51.8699,59.980430603027344
2018-11-06,3.43,2.2,252.038,3.8,96.31999969482422,97.5,62.16,3.53,1.1205,0.3597,53.3542,60.237571716308594
2018-11-07,3.43,2.2,252.038,3.8,96.0,97.5,61.69,3.54,1.118,0.8663,57.544,61.001644134521484
2018-11-08,3.43,2.2,252.038,3.8,96.63999938964844,97.5,60.71,3.54,1.1541,-0.1909,51.2516,60.03184509277344
2018-11-09,3.40,2.19,252.038,3.8,96.91000366210938,97.5,60.19,3.74,1.1622,0.3964,51.1604,60.01702880859375
2018-11-12,.,2.19,252.038,3.8,97.54000091552734,97.5,59.85,3.96,1.1852,0.5869,46.4777,59.24517822265625
2018-11-13,3.36,2.2,252.038,3.8,97.3000030517578,97.5,55.63,4.1,1.2176,0.8596,39.6078,57.88706970214844
2018-11-14,3.35,2.2,252.038,3.8,96.8000030517578,97.5,56.16,4.1,1.2546,-0.0993,37.6121,57.434356689453125
2018-11-15,3.36,2.2,252.038,3.8,96.93000030517578,97.5,56.45,4.69,1.2857,1.0666,41.7569,58.02806854248047
2018-11-16,3.33,2.2,252.038,3.8,96.47000122070312,97.5,56.49,4.3,1.2516,1.99,45.5093,58.59952163696289
2018-11-19,3.32,2.2,252.038,3.8,96.19000244140624,97.5,57.16,4.65,1.2115,0.9128,46.7567,58.79248046875
2018-11-20,3.31,2.2,252.038,3.8,96.80999755859376,97.5,53.39,4.65,1.2759,-1.4166,38.5356,57.12266540527344
2018-11-21,3.31,2.2,252.038,3.8,96.70999908447266,97.5,54.41,4.7,1.2595,-1.7059,41.4431,57.560516357421875
2018-11-23,3.31,2.2,252.038,3.8,96.91999816894533,97.5,.,.,1.321,-4.1807,35.1591,56.02428436279297
2018-11-26,3.32,2.2,252.038,3.8,97.06999969482422,97.5,51.46,4.28,1.3236,-2.8481,41.9789,57.13008117675781
2018-11-27,3.32,2.2,252.038,3.8,97.37000274658205,97.5,51.31,4.28,1.2847,-3.0532,42.286,57.182029724121094
2018-11-28,3.34,2.2,252.038,3.8,96.79000091552734,97.5,50.06,4.5,1.2782,-2.7785,48.1924,58.22102737426758
2018-11-29,3.33,2.2,252.038,3.8,96.77999877929688,97.5,51.46,4.5,1.2579,-1.357,50.5662,58.673736572265625
2018-11-30,3.30,2.2,252.038,3.8,97.2699966430664,97.5,50.78,4.61,1.2358,-1.016,52.2652,59.00028610229492
2018-12-03,3.27,2.19,251.233,3.9,97.04000091552734,98.3,52.98,4.4,1.2514,1.0308,58.2989,60.27676773071289
2018-12-04,3.16,2.2,251.233,3.9,96.97000122070312,98.3,53.21,4.4,1.2997,1.0605,51.0649,58.94832229614258
2018-12-06,3.14,2.2,251.233,3.9,96.80999755859376,98.3,51.54,4.44,1.3398,0.7416,47.3859,58.17649459838867
2018-12-07,3.14,2.19,251.233,3.9,96.51000213623048,98.3,52.76,4.51,1.4046,-0.4079,44.875,57.619903564453125
2018-12-10,3.13,2.2,251.233,3.9,97.22000122070312,98.3,51.07,4.54,1.4664,-1.7947,41.4093,56.80353546142578
2018-12-11,3.13,2.19,251.233,3.9,97.38999938964844,98.3,51.65,4.53,1.474,-1.8837,42.023,56.907440185546875
2018-12-12,3.15,2.19,251.233,3.9,97.04000091552734,98.3,51.04,4.53,1.4842,-0.7045,39.9011,56.41764450073242
2018-12-13,3.16,2.19,251.233,3.9,97.05999755859376,98.3,52.69,4.31,1.4454,-0.4301,44.3062,57.13008117675781
2018-12-14,3.14,2.19,251.233,3.9,97.44000244140624,98.3,51.26,3.99,1.4423,0.0667,39.7324,56.091087341308594
2018-12-17,3.11,2.2,251.233,3.9,97.0999984741211,98.3,49.8,3.8,1.4516,-2.1803,35.403,54.94819641113281
2018-12-18,3.07,2.2,251.233,3.9,97.13999938964844,98.3,46.12,3.8,1.4761,-3.7451,30.6402,53.43421936035156
2018-12-19,3.00,2.2,251.233,3.9,97.04000091552734,98.3,47.96,3.64,1.528,-5.6881,28.1971,52.52880096435547
2018-12-20,3.02,2.4,251.233,3.9,96.27999877929688,98.3,45.64,3.7,1.5634,-7.735,24.4909,50.933204650878906
2018-12-21,3.03,2.4,251.233,3.9,96.95999908447266,98.3,45.38,3.7,1.5948,-8.4395,23.6953,50.55470275878906
2018-12-24,3.00,2.4,251.233,3.9,96.5500030517578,98.3,.,.,1.6228,-11.6506,20.0971,48.61772537231445
2018-12-26,3.06,2.4,251.233,3.9,97.0500030517578,98.3,46.04,3.42,1.7193,-8.0019,33.1979,50.940616607666016
2018-12-27,3.05,2.4,251.233,3.9,96.4800033569336,98.3,44.48,3.1,1.748,-7.0082,34.3097,51.163265228271484
2018-12-28,3.04,2.4,251.233,3.9,96.38999938964844,98.3,45.15,3.25,1.7164,-7.023,32.8008,50.59181213378906
2018-12-31,3.02,2.4,251.233,3.9,96.16999816894533,98.3,.,.,1.6725,-6.1924,32.8834,50.606658935546875
2019-01-02,2.97,2.4,251.712,4.0,96.81999969482422,91.2,46.31,3.25,1.6913,-5.1838,38.9424,51.719871520996094
2019-01-03,2.92,2.4,251.712,4.0,96.30999755859376,91.2,46.92,2.72,1.6706,-5.4879,36.4169,50.92577362060547
2019-01-04,2.98,2.4,251.712,4.0,96.19000244140624,91.2,47.76,2.8,1.6916,-4.3236,45.4288,52.80341339111328
2019-01-07,2.99,2.4,251.712,4.0,95.70999908447266,91.2,48.27,2.74,1.6428,-3.0109,46.6204,53.07797622680664
2019-01-08,3.00,2.4,251.712,4.0,95.9000015258789,91.2,49.58,2.89,1.5822,-1.4832,48.328,53.46390151977539
2019-01-09,3.03,2.4,251.712,4.0,95.22000122070312,91.2,52.19,2.92,1.5195,0.3115,49.5969,53.74592208862305
2019-01-10,3.06,2.4,251.712,4.0,95.54000091552734,91.2,52.42,2.95,1.4798,0.9418,48.3519,53.4713134765625
2019-01-11,3.04,2.4,251.712,4.0,95.66999816894533,91.2,51.44,2.95,1.426,2.2916,47.2134,53.226409912109375
2019-01-14,3.06,2.4,251.712,4.0,95.58999633789062,91.2,50.31,3.36,1.3591,2.603,46.8892,53.15962600708008
2019-01-15,3.08,2.4,251.712,4.0,95.97000122070312,91.2,51.8,3.54,1.3171,4.5683,47.0632,53.18932342529297
2019-01-16,3.07,2.4,251.712,4.0,96.05999755859376,91.2,52.08,3.58,1.2797,2.2248,46.939,53.16705322265625
2019-01-17,3.07,2.4,251.712,4.0,96.06999969482422,91.2,51.83,3.58,1.2646,2.3657,49.293,53.53069305419922
2019-01-18,3.09,2.4,251.712,4.0,96.33999633789062,91.2,53.6,3.43,1.2357,3.5745,53.2161,54.168941497802734
2019-01-22,3.06,2.4,251.712,4.0,96.3000030517578,91.2,52.59,3.43,1.2169,2.7439,48.091,53.352577209472656
2019-01-23,3.07,2.4,251.712,4.0,96.12000274658205,91.2,52.44,3.13,1.2025,1.194,45.5567,52.91471481323242
2019-01-24,3.04,2.4,251.712,4.0,96.5999984741211,91.2,52.94,3.13,1.1871,2.0617,46.0754,52.98894500732422
2019-01-25,3.06,2.4,251.712,4.0,95.79000091552734,91.2,53.53,3.07,1.1484,0.4227,47.7896,53.226409912109375
2019-01-28,3.06,2.4,251.712,4.0,95.75,91.2,51.79,3.05,1.1378,-0.2076,45.4554,52.87018585205078
2019-01-29,3.04,2.4,251.712,4.0,95.81999969482422,91.2,53.07,2.94,1.1069,-0.3931,47.0229,53.07057189941406
2019-01-30,3.06,2.4,251.712,4.0,95.33999633789062,91.2,54.18,3.0,1.084,-0.0964,51.3706,53.64944839477539
2019-01-31,2.99,2.4,251.712,4.0,95.58000183105467,91.2,53.84,2.82,1.0844,0.9122,56.2754,54.384159088134766
2019-02-01,3.03,2.4,252.776,3.8,95.58000183105467,93.8,55.29,2.7,1.177,3.1147,66.0958,56.343406677246094
2019-02-04,3.06,2.4,252.776,3.8,95.8499984741211,93.8,54.57,2.57,1.1735,2.3657,60.0445,55.52704620361328
2019-02-05,3.03,2.4,252.776,3.8,96.0999984741211,93.8,53.69,2.54,1.1331,2.9071,62.6241,56.09850311279297
2019-02-06,3.03,2.4,252.776,3.8,96.41999816894533,93.8,53.94,2.58,1.086,2.6846,60.812,55.85360336303711
2019-02-07,3.00,2.4,252.776,3.8,96.51000213623048,93.8,52.68,2.62,1.0805,1.8911,57.6544,55.42315673828125
2019-02-08,2.97,2.4,252.776,3.8,96.63999938964844,93.8,52.75,2.66,1.0751,1.3423,58.1387,55.513206481933594
2019-02-11,3.00,2.4,252.776,3.8,97.05999755859376,93.8,52.43,2.76,1.0422,2.2481,58.6536,55.60323715209961
2019-02-12,3.02,2.4,252.776,3.8,96.70999908447266,93.8,53.14,2.71,1.0401,3.6604,63.8423,56.57874298095703
2019-02-13,3.04,2.4,252.776,3.8,97.12999725341795,93.8,53.84,2.61,1.0268,4.2236,66.778,57.21657180786133
2019-02-14,3.01,2.4,252.776,3.8,96.9800033569336,93.8,54.4,2.61,1.0038,4.0013,66.8462,57.23157501220703
2019-02-15,3.00,2.4,252.776,3.8,96.91999816894533,93.8,55.58,2.59,1.0119,5.437,71.3992,58.3121223449707
2019-02-19,2.99,2.4,252.776,3.8,96.5199966430664,93.8,56.12,2.69,0.9948,5.6266,72.8493,58.70231246948242
2019-02-20,3.00,2.4,252.776,3.8,96.4499969482422,93.8,56.9,2.69,0.9672,5.2731,73.6784,58.927433013916016
2019-02-21,3.05,2.4,252.776,3.8,96.61000061035156,93.8,56.95,2.73,0.9543,4.0066,68.358,58.39468002319336
2019-02-22,3.02,2.4,252.776,3.8,96.51000213623048,93.8,57.01,2.74,0.9574,2.4986,70.3092,58.84487533569336
2019-02-25,3.03,2.4,252.776,3.8,96.41000366210938,93.8,55.32,2.84,0.9238,3.3744,70.5698,58.90493392944336
2019-02-26,3.01,2.4,252.776,3.8,96.0,93.8,55.4,2.74,0.8975,2.9233,71.1158,59.02499008178711
2019-02-27,3.07,2.4,252.776,3.8,96.1500015258789,93.8,56.92,2.89,0.8917,3.7754,73.7691,59.63280487060547
2019-02-28,3.09,2.4,252.776,3.8,96.16000366210938,93.8,57.21,2.89,0.8837,3.8756,70.0071,59.30262756347656
2019-03-01,3.13,2.4,254.202,3.8,96.52999877929688,98.4,55.76,3.19,0.8726,4.514,73.2462,60.03048324584961
2019-03-04,3.09,2.4,254.202,3.8,96.68000030517578,98.4,56.6,4.25,0.8927,4.6564,74.205,60.263118743896484
2019-03-05,3.08,2.4,254.202,3.8,96.8499984741211,98.4,56.55,3.18,0.8638,3.5917,73.1127,60.17307662963867
2019-03-06,3.06,2.4,254.202,3.8,96.87000274658205,98.4,56.22,3.18,0.9269,2.272,65.2669,59.49022674560547
2019-03-07,3.03,2.4,254.202,3.8,97.66999816894533,98.4,56.6,2.9,0.9131,2.9168,68.7584,60.15055847167969
2019-03-08,3.00,2.4,254.202,3.8,97.37000274658205,98.4,55.77,2.9,0.9502,0.9748,60.2368,59.287620544433594
2019-03-11,3.03,2.4,254.202,3.8,97.22000122070312,98.4,56.79,2.86,0.9509,1.1622,63.4987,59.865413665771484
2019-03-12,3.00,2.4,254.202,3.8,96.94000244140624,98.4,56.89,2.83,0.9258,1.1022,64.3974,60.03048324584961
2019-03-13,3.02,2.4,254.202,3.8,96.5500030517578,98.4,58.27,2.87,0.9004,2.167,67.2037,60.56325912475586
2019-03-14,3.04,2.4,254.202,3.8,96.79000091552734,98.4,58.59,2.95,0.8661,1.5146,65.1022,60.36065673828125
2019-03-15,3.02,2.4,254.202,3.8,96.5999984741211,98.4,58.51,2.95,0.8284,1.2372,62.8295,60.14305114746094
2019-03-18,3.01,2.4,254.202,3.8,96.5199966430664,98.4,59.09,2.9,0.8281,1.8146,66.8287,60.84091567993164
2019-03-19,3.02,2.4,254.202,3.8,96.37999725341795,98.4,59.12,2.92,0.8418,1.0498,65.1248,60.683345794677734
2019-03-20,2.98,2.41,254.202,3.8,95.76000213623048,98.4,60.12,2.86,0.8545,1.7171,67.0627,61.02099609375
2019-03-21,2.96,2.41,254.202,3.8,96.5,98.4,59.98,2.86,0.8519,1.3422,69.0003,61.373680114746094
2019-03-22,2.88,2.41,254.202,3.8,96.6500015258789,98.4,58.87,2.75,0.8708,0.1275,58.6452,60.39069366455078
2019-03-25,2.87,2.4,254.202,3.8,96.56999969482422,98.4,58.71,2.72,0.8563,-0.2025,54.8554,59.970462799072266
2019-03-26,2.86,2.4,254.202,3.8,96.73999786376952,98.4,59.87,2.74,0.8674,1.2597,60.0223,60.75086975097656
2019-03-27,2.83,2.41,254.202,3.8,96.7699966430664,98.4,59.39,2.69,0.8853,0.135,55.9138,60.285621643066406
2019-03-28,2.81,2.41,254.202,3.8,97.1999969482422,98.4,59.29,2.69,0.8633,1.2972,57.9153,60.58576965332031
2019-03-29,2.81,2.43,254.202,3.8,97.27999877929688,98.4,60.19,2.73,0.8552,0.7648,58.2217,60.630802154541016
2019-04-01,2.89,2.41,255.548,3.7,97.25,97.2,61.59,2.73,0.8466,1.2972,62.7487,61.328670501708984
2019-04-02,2.88,2.41,255.548,3.7,97.36000061035156,97.2,62.53,2.76,0.8311,0.5024,60.1089,61.0660285949707
2019-04-03,2.93,2.41,255.548,3.7,97.08999633789062,97.2,62.46,2.74,0.8339,0.3449,56.5926,60.705833435058594
2019-04-04,2.92,2.41,255.548,3.7,97.30999755859376,97.2,62.12,2.66,0.8445,1.4247,62.2851,61.56876754760742
2019-04-05,2.91,2.41,255.548,3.7,97.4000015258789,97.2,63.1,2.62,0.8152,1.0573,64.2185,61.89895248413086
2019-04-08,2.93,2.41,255.548,3.7,97.0500030517578,97.2,64.37,2.72,0.795,1.5971,66.3705,62.28164291381836
2019-04-09,2.92,2.41,255.548,3.7,97.01000213623048,97.2,64.05,2.71,0.8057,0.4574,58.4305,61.47872543334961
2019-04-10,2.90,2.41,255.548,3.7,96.9499969482422,97.2,64.62,2.72,0.784,-0.1725,55.9384,61.201087951660156
2019-04-11,2.94,2.41,255.548,3.7,97.18000030517578,97.2,63.61,2.72,0.7843,1.1022,57.9731,61.493743896484375
2019-04-12,2.97,2.41,255.548,3.7,96.97000122070312,97.2,63.86,2.75,0.8477,0.7498,51.2429,60.72085189819336
2019-04-15,2.96,2.41,255.548,3.7,96.94000244140624,97.2,63.43,2.75,0.8161,-0.2324,49.6168,60.51824188232422
2019-04-16,2.99,2.41,255.548,3.7,97.04000091552734,97.2,64.01,2.66,0.795,0.6449,52.8959,60.93096160888672
2019-04-17,2.99,2.42,255.548,3.7,97.01000213623048,97.2,63.74,2.55,0.7714,0.5174,54.2372,61.103538513183594
2019-04-18,2.96,2.43,255.548,3.7,97.47000122070312,97.2,64.02,2.54,0.757,0.2474,52.1512,60.87841796875
2019-04-22,2.99,2.44,255.548,3.7,97.27999877929688,97.2,65.66,2.61,0.8149,0.8773,61.5478,62.206607818603516
2019-04-23,2.98,2.44,255.548,3.7,97.56999969482422,97.2,66.24,2.53,0.8001,1.4997,63.6335,62.566776275634766
2019-04-24,2.94,2.44,255.548,3.7,98.0999984741211,97.2,65.96,2.53,0.8313,0.6449,53.1543,61.35118103027344
2019-04-25,2.94,2.44,255.548,3.7,98.1999969482422,97.2,65.23,2.54,0.849,0.1275,55.4003,61.69633865356445
2019-04-26,2.92,2.44,255.548,3.7,98.01000213623048,97.2,63.29,2.58,0.9309,-1.4997,46.3919,60.3981819152832
2019-04-29,2.96,2.45,255.548,3.7,97.86000061035156,97.2,63.39,2.58,0.9088,-2.272,44.0721,60.00798034667969
2019-04-30,2.93,2.45,255.548,3.7,97.4800033569336,97.2,63.83,2.59,0.876,-1.2372,45.8117,60.24059295654297
2019-05-01,2.92,2.45,256.092,3.6,97.69000244140624,100.0,63.55,2.59,0.9024,-2.167,39.023,59.032493591308594
2019-05-02,2.94,2.41,256.092,3.6,97.83000183105467,100.0,61.75,2.63,0.9145,-3.4942,34.3274,57.996952056884766
2019-05-03,2.93,2.4,256.092,3.6,97.5199966430664,100.0,61.98,2.59,0.8985,-2.5869,35.4189,58.132049560546875
2019-05-06,2.91,2.4,256.092,3.6,97.5199966430664,100.0,62.3,2.54,0.8852,-2.6394,34.2605,57.87689208984375
2019-05-07,2.86,2.4,256.092,3.6,97.62999725341795,100.0,61.41,2.54,0.8948,-3.3592,32.8647,57.569236755371094
2019-05-08,2.89,2.39,256.092,3.6,97.62000274658205,100.0,62.13,2.64,0.8775,-3.4417,33.7159,57.659297943115234
2019-05-09,2.87,2.38,256.092,3.6,97.37000274658205,100.0,61.58,2.62,0.8641,-3.2692,33.4495,57.606746673583984
2019-05-10,2.89,2.38,256.092,3.6,97.33000183105467,100.0,61.65,2.64,0.8901,-4.1016,38.3926,58.10770034790039
2019-05-13,2.83,2.38,256.092,3.6,97.31999969482422,100.0,60.97,2.71,0.8915,-5.1061,34.77,57.462547302246094
2019-05-14,2.86,2.38,256.092,3.6,97.52999877929688,100.0,61.82,2.7,0.8869,-3.8155,35.5406,57.538455963134766
2019-05-15,2.82,2.4,256.092,3.6,97.56999969482422,100.0,62.03,2.69,0.8961,-3.7358,39.8276,57.9635009765625
2019-05-16,2.84,2.39,256.092,3.6,97.83999633789062,100.0,62.93,2.62,0.8717,-2.4461,39.7767,57.95589065551758
2019-05-17,2.82,2.39,256.092,3.6,98.0,100.0,62.77,2.61,0.8511,-2.3975,37.458,57.6143684387207
2019-05-20,2.83,2.39,256.092,3.6,97.93000030517578,100.0,63.12,2.7,0.8277,-2.6375,37.4058,57.60675811767578
2019-05-21,2.84,2.39,256.092,3.6,98.05999755859376,100.0,63.02,2.73,0.7989,-1.1649,40.5286,57.872413635253906
2019-05-22,2.82,2.38,256.092,3.6,98.11000061035156,100.0,61.42,2.73,0.7884,-0.6534,36.647,57.34872055053711
2019-05-23,2.75,2.38,256.092,3.6,97.8499984741211,100.0,57.65,2.56,0.8686,-2.1306,28.9795,56.00531768798828
2019-05-24,2.75,2.38,256.092,3.6,97.61000061035156,100.0,58.4,2.6,0.8504,-1.6406,31.6757,56.2405891418457
2019-05-28,2.70,2.39,256.092,3.6,97.95999908447266,100.0,58.91,2.65,0.885,-2.4631,26.4734,55.109718322753906
2019-05-29,2.69,2.39,256.092,3.6,98.13999938964844,100.0,58.84,2.69,0.8754,-2.8943,25.131,54.768192291259766
2019-05-30,2.65,2.39,256.092,3.6,98.13999938964844,100.0,56.47,2.69,0.847,-2.9859,24.5646,54.62397003173828
2019-05-31,2.58,2.4,256.092,3.6,97.75,100.0,53.49,2.59,0.8591,-4.3908,21.2995,53.71318435668945
2019-06-03,2.53,2.38,256.143,3.6,97.13999938964844,98.2,53.25,2.5,0.8649,-2.9045,30.5015,54.55565643310547
2019-06-04,2.60,2.38,256.143,3.6,97.06999969482422,98.2,53.5,2.45,0.8996,-1.6835,41.7927,55.8535270690918
2019-06-05,2.63,2.38,256.143,3.6,97.37000274658205,98.2,51.57,2.45,0.8927,-2.5708,39.3375,55.39054489135742
2019-06-06,2.62,2.37,256.143,3.6,97.02999877929688,98.2,52.59,2.4,0.9178,-1.5546,46.6911,56.39999008178711
2019-06-07,2.57,2.37,256.143,3.6,96.61000061035156,98.2,53.95,2.43,0.8874,-1.0086,48.0674,56.604915618896484
2019-06-10,2.62,2.37,256.143,3.6,96.76000213623048,98.2,53.33,2.42,0.8717,-0.7508,49.7741,56.855377197265625
2019-06-11,2.62,2.37,256.143,3.6,96.69000244140624,98.2,53.3,2.41,0.8631,-1.0693,49.4032,56.80223846435547
2019-06-12,2.62,2.37,256.143,3.6,97.0,98.2,51.13,2.43,0.8572,-1.1603,45.2055,56.18748092651367
2019-06-13,2.61,2.37,256.143,3.6,97.01000213623048,98.2,52.38,2.43,0.8577,0.6749,48.9538,56.680809020996094
2019-06-14,2.59,2.36,256.143,3.6,97.56999969482422,98.2,52.47,2.37,0.8279,0.1896,47.1889,56.43034362792969
2019-06-17,2.58,2.38,256.143,3.6,97.55999755859376,98.2,51.94,2.46,0.8311,1.8807,51.4186,56.99198532104492
2019-06-18,2.55,2.37,256.143,3.6,97.63999938964844,98.2,53.86,2.44,0.8329,2.7149,54.84,57.48531723022461
2019-06-19,2.54,2.37,256.143,3.6,97.12000274658205,98.2,53.74,2.43,0.8102,2.5405,52.278,57.16655349731445
2019-06-20,2.53,2.37,256.143,3.6,96.62999725341795,98.2,56.88,2.38,0.8417,4.4287,58.6654,58.14563751220703
2019-06-21,2.59,2.38,256.143,3.6,96.22000122070312,98.2,57.35,2.27,0.8439,4.406,63.1163,58.96533966064453
2019-06-24,2.55,2.38,256.143,3.6,95.9800033569336,98.2,57.73,2.31,0.8351,2.548,58.4704,58.40370178222656
2019-06-25,2.53,2.38,256.143,3.6,96.16000366210938,98.2,57.63,2.31,0.8312,2.495,54.5005,57.88758850097656
2019-06-26,2.57,2.38,256.143,3.6,96.20999908447266,98.2,59.17,2.34,0.8184,1.7366,56.0597,58.138057708740234
2019-06-27,2.52,2.38,256.143,3.6,96.19000244140624,98.2,59.18,2.32,0.8136,0.9404,51.5619,57.546058654785156
2019-06-28,2.52,2.4,256.143,3.6,96.12999725341795,98.2,58.2,2.42,0.8048,1.3044,55.5502,58.16081619262695
2019-07-01,2.55,2.39,256.571,3.7,96.83999633789062,98.4,58.91,2.33,0.8361,1.3044,55.1278,58.10770034790039
2019-07-02,2.51,2.4,256.571,3.7,96.7300033569336,98.4,56.0,2.3,0.8387,1.2816,50.1948,57.470149993896484
2019-07-03,2.47,2.41,256.571,3.7,96.7699966430664,98.4,57.06,2.29,0.8259,1.3347,53.9948,58.01661682128906
2019-07-05,2.54,2.42,256.571,3.7,97.25,98.4,.,.,0.813,1.3499,52.1499,57.78133010864258
2019-07-08,2.53,2.41,256.571,3.7,97.37999725341795,98.4,57.35,2.39,0.7971,1.0541,54.0585,58.04697036743164
2019-07-09,2.54,2.41,256.571,3.7,97.48999786376952,98.4,57.57,2.41,0.7965,0.5233,53.7288,58.00901794433594
2019-07-10,2.57,2.41,256.571,3.7,97.0999984741211,98.4,60.28,2.49,0.8046,1.6608,59.4779,58.82872772216797
2019-07-11,2.65,2.4,256.571,3.7,97.0500030517578,98.4,59.93,2.54,0.7775,0.728,59.7769,58.87428283691406
2019-07-12,2.64,2.38,256.571,3.7,96.80999755859376,98.4,59.99,2.54,0.7426,-0.0455,60.094,58.9198112487793
2019-07-15,2.61,2.4,256.571,3.7,96.93000030517578,98.4,59.3,2.53,0.7356,0.0986,55.7548,58.502357482910156
2019-07-16,2.63,2.41,256.571,3.7,97.4000015258789,98.4,57.44,2.53,0.7529,-0.2578,47.9574,57.6295280456543
2019-07-17,2.57,2.41,256.571,3.7,97.22000122070312,98.4,56.5,2.44,0.7322,-0.8493,45.2883,57.28799057006836
2019-07-18,2.56,2.41,256.571,3.7,96.79000091552734,98.4,55.08,2.38,0.7503,-0.7432,41.7311,56.80223846435547
2019-07-19,2.57,2.41,256.571,3.7,97.1500015258789,98.4,55.42,2.3,0.7351,-1.2437,42.8639,56.91608810424805
2019-07-22,2.58,2.4,256.571,3.7,97.26000213623048,98.4,55.87,2.33,0.726,-1.1299,43.4948,56.976810455322266
2019-07-23,2.61,2.4,256.571,3.7,97.70999908447266,98.4,56.58,2.34,0.7294,-0.2654,45.907,57.20450973510742
2019-07-24,2.58,2.4,256.571,3.7,97.7300033569336,98.4,55.9,2.33,0.7423,-0.819,45.8367,57.19691467285156
2019-07-25,2.60,2.4,256.571,3.7,97.81999969482422,98.4,55.88,2.26,0.7423,-0.91,42.8038,56.87057113647461
2019-07-26,2.59,2.4,256.571,3.7,98.01000213623048,98.4,56.04,2.23,0.7153,-1.2664,41.9692,56.779483795166016
2019-07-29,2.59,2.4,256.571,3.7,98.04000091552734,98.4,56.85,2.23,0.7011,-0.8266,46.8943,57.181739807128906
2019-07-30,2.58,2.39,256.571,3.7,98.0500030517578,98.4,58.04,2.22,0.6873,-1.638,46.9857,57.1893196105957
2019-07-31,2.53,2.4,256.571,3.7,98.5199966430664,98.4,58.53,2.28,0.714,-2.4343,39.6993,56.437931060791016
2019-08-01,2.44,2.14,256.558,3.6,98.38999938964844,89.8,53.64,2.36,0.7762,-3.9207,30.0634,54.9958610534668
2019-08-02,2.39,2.14,256.558,3.6,98.0999984741211,89.8,55.67,2.12,0.8334,-4.042,27.3881,54.456993103027344
2019-08-05,2.30,2.13,256.558,3.6,97.5,89.8,54.63,2.02,0.8898,-4.2847,22.8537,53.34128952026367
2019-08-06,2.25,2.13,256.558,3.6,97.62999725341795,89.8,53.6,2.15,0.8658,-3.4277,28.7318,53.85739517211914
2019-08-07,2.22,2.12,256.558,3.6,97.54000091552734,89.8,51.14,2.18,0.8885,-3.2912,27.2208,53.50826644897461
2019-08-08,2.25,2.12,256.558,3.6,97.62000274658205,89.8,52.6,2.13,0.9285,-1.9793,40.9,54.93513870239258
2019-08-09,2.26,2.12,256.558,3.6,97.48999786376952,89.8,54.41,2.09,0.9656,-3.2078,35.083,53.76631164550781
2019-08-12,2.14,2.12,256.558,3.6,97.37999725341795,89.8,54.98,2.21,0.9422,-3.6932,33.9355,53.50505828857422
2019-08-13,2.15,2.12,256.558,3.6,97.80999755859376,89.8,57.05,2.24,0.9681,-3.0252,39.4022,54.165889739990234
2019-08-14,2.03,2.12,256.558,3.6,97.98999786376952,89.8,55.16,2.22,1.0547,-4.8798,30.4433,51.983585357666016
2019-08-15,1.98,2.13,256.558,3.6,98.13999938964844,89.8,54.51,2.19,1.0408,-5.0959,29.4284,51.67621994018555
2019-08-16,2.01,2.13,256.558,3.6,98.13999938964844,89.8,54.83,2.2,1.0328,-4.6916,35.5065,52.48305892944336
2019-08-19,2.08,2.13,256.558,3.6,98.3499984741211,89.8,56.24,2.26,1.0331,-3.8162,41.4539,53.36674880981445
2019-08-20,2.04,2.13,256.558,3.6,98.19000244140624,89.8,56.18,2.35,0.9999,-3.3879,40.003,53.04400634765625
2019-08-21,2.07,2.12,256.558,3.6,98.3000030517578,89.8,55.65,2.31,0.9806,-1.4173,43.5016,53.57421112060547
2019-08-22,2.11,2.12,256.558,3.6,98.16999816894533,89.8,55.33,2.28,0.9495,-0.994,42.9157,53.458946228027344
2019-08-23,2.02,2.12,256.558,3.6,97.63999938964844,89.8,54.08,2.15,1.0209,-1.4763,35.7297,51.860626220703125
2019-08-26,2.04,2.12,256.558,3.6,98.08000183105467,89.8,53.54,2.23,0.9903,-1.7156,37.6748,52.137264251708984
2019-08-27,1.97,2.12,256.558,3.6,98.0,89.8,54.99,2.24,1.0001,-1.8735,35.5505,51.63011169433594
2019-08-28,1.94,2.12,256.558,3.6,98.20999908447266,89.8,55.76,2.24,0.9737,-2.9229,38.3307,52.006629943847656
2019-08-29,1.97,2.12,256.558,3.6,98.51000213623048,89.8,56.67,2.36,0.9584,-1.1792,42.4247,52.58295440673828
2019-08-30,1.96,2.13,256.558,3.6,98.91999816894533,89.8,55.07,2.33,0.9459,-0.883,42.6978,52.62136459350586
2019-09-03,1.95,2.13,256.759,3.5,98.9499969482422,93.2,53.91,2.39,0.9359,-1.4819,43.1624,52.682830810546875
2019-09-04,1.97,2.13,256.759,3.5,98.4499969482422,93.2,56.22,2.48,0.9267,1.2592,47.3564,53.24378967285156
2019-09-05,2.06,2.13,256.759,3.5,98.41000366210938,93.2,56.33,2.49,0.9296,2.3188,52.4311,53.996849060058594
2019-09-06,2.02,2.12,256.759,3.5,98.38999938964844,93.2,56.45,2.49,0.9087,2.0194,55.5395,54.50399398803711
2019-09-09,2.11,2.13,256.759,3.5,98.27999877929688,93.2,57.88,2.65,0.9063,1.5664,58.0447,54.93431091308594
2019-09-10,2.19,2.13,256.759,3.5,98.33000183105467,93.2,57.37,2.67,0.9162,2.3342,60.5256,55.3799934387207
2019-09-11,2.22,2.13,256.759,3.5,98.6500015258789,93.2,55.66,2.63,0.9215,1.6969,59.6093,55.27241897583008
2019-09-12,2.22,2.13,256.759,3.5,98.30999755859376,93.2,55.13,2.62,0.9357,1.8505,59.8431,55.31084442138672
2019-09-13,2.37,2.14,256.759,3.5,98.26000213623048,93.2,54.76,2.61,0.9095,3.9543,62.8963,55.8180046081543
2019-09-16,2.31,2.25,256.759,3.5,98.6500015258789,93.2,63.1,2.75,0.9838,4.5148,67.3161,56.655582427978516
2019-09-17,2.27,2.3,256.759,3.5,98.26000213623048,93.2,59.26,2.7,0.9931,4.5916,63.1538,56.225250244140625
2019-09-18,2.25,2.25,256.759,3.5,98.5999984741211,93.2,58.19,2.72,0.9682,3.9466,60.6306,55.9563102722168
2019-09-19,2.22,1.9,256.759,3.5,98.2699966430664,93.2,58.19,2.65,0.9539,2.9945,57.1858,55.57978057861328
2019-09-20,2.17,1.9,256.759,3.5,98.51000213623048,93.2,57.92,2.34,0.9209,2.7642,55.4546,55.3876838684082
2019-09-23,2.16,1.9,256.759,3.5,98.5999984741211,93.2,58.69,2.55,0.9044,2.7411,55.7432,55.42609786987305
2019-09-24,2.09,1.9,256.759,3.5,98.33999633789062,93.2,57.22,2.55,0.9117,1.4205,48.9778,54.66536331176758
2019-09-25,2.18,1.9,256.759,3.5,99.04000091552734,93.2,56.38,2.54,0.8822,0.8292,50.3542,54.82673263549805
2019-09-26,2.15,1.85,256.759,3.5,99.20999908447266,93.2,56.24,2.57,0.8559,0.0307,47.8393,54.53474044799805
2019-09-27,2.13,1.83,256.759,3.5,99.11000061035156,93.2,55.95,2.41,0.8518,-0.0077,51.3511,54.926631927490234
2019-09-30,2.12,1.9,256.759,3.5,99.37999725341795,93.2,54.09,2.37,0.8404,-1.121,45.6988,54.25810241699219
2019-10-01,2.11,1.88,257.346,3.6,99.12999725341795,95.5,53.6,2.36,0.89,-2.2881,37.2692,52.98251724243164
2019-10-02,2.09,1.85,257.346,3.6,99.04000091552734,95.5,52.67,2.36,0.9328,-3.7086,30.6642,51.5993766784668
2019-10-03,2.04,1.83,257.346,3.6,98.86000061035156,95.5,52.41,2.31,0.9589,-3.5781,36.2726,52.237159729003906
2019-10-04,2.01,1.82,257.346,3.6,98.80999755859376,95.5,52.84,2.25,0.959,-3.6548,42.2709,52.997901916503906
2019-10-07,2.05,1.82,257.346,3.6,98.98999786376952,95.5,52.76,2.36,0.9459,-3.9543,38.5237,52.26789474487305
2019-10-08,2.04,1.82,257.346,3.6,99.13999938964844,95.5,52.64,2.29,0.954,-4.6991,34.0122,51.253578186035156
2019-10-09,2.08,1.82,257.346,3.6,99.12000274658205,95.5,52.63,2.26,0.9407,-3.7547,38.3696,51.822208404541016
2019-10-10,2.16,1.82,257.346,3.6,98.70999908447266,95.5,53.57,2.26,0.9272,-2.9408,42.8206,52.44464111328125
2019-10-11,2.22,1.82,257.346,3.6,98.3000030517578,95.5,54.76,2.13,0.929,-2.4186,46.5659,53.005592346191406
2019-10-14,.,1.82,257.346,3.6,98.4499969482422,95.5,53.57,2.13,0.9054,-1.5049,47.579,53.15927505493164
2019-10-15,2.23,1.9,257.346,3.6,98.29000091552734,95.5,52.81,2.29,0.8951,-1.4819,48.8327,53.34367370605469
2019-10-16,2.23,1.9,257.346,3.6,98.01000213623048,95.5,53.42,2.44,0.9035,-2.1038,43.3028,52.42926025390625
2019-10-17,2.24,1.85,257.346,3.6,97.61000061035156,95.5,53.89,2.29,0.8829,-2.5645,42.907,52.360103607177734
2019-10-18,2.25,1.85,257.346,3.6,97.27999877929688,95.5,53.75,2.08,0.8494,-2.3035,40.5564,51.952850341796875
2019-10-21,2.28,1.85,257.346,3.6,97.33000183105467,95.5,53.28,2.13,0.8524,-0.1612,47.1983,52.8211555480957
2019-10-22,2.26,1.85,257.346,3.6,97.52999877929688,95.5,54.21,2.21,0.8524,1.4896,49.0955,53.0900993347168
2019-10-23,2.25,1.85,257.346,3.6,97.47000122070312,95.5,55.9,2.34,0.8452,1.359,52.5572,53.597267150878906
2019-10-24,2.26,1.85,257.346,3.6,97.62999725341795,95.5,56.11,2.33,0.8413,0.0921,48.9708,53.0900993347168
2019-10-25,2.29,1.83,257.346,3.6,97.83000183105467,95.5,56.52,2.26,0.8131,0.9444,49.864,53.21304702758789
2019-10-28,2.34,1.83,257.346,3.6,97.76000213623048,95.5,55.6,2.49,0.8148,1.4896,46.5208,52.74430847167969
2019-10-29,2.33,1.82,257.346,3.6,97.69000244140624,95.5,55.34,2.61,0.7999,0.7678,45.4449,52.590633392333984
2019-10-30,2.26,1.82,257.346,3.6,97.6500015258789,95.5,54.85,2.71,0.8069,-0.4069,41.7057,52.0373649597168
2019-10-31,2.17,1.58,257.346,3.6,97.3499984741211,95.5,54.02,2.73,0.7811,-1.0826,40.9497,51.922115325927734
2019-11-01,2.21,1.57,257.208,3.6,97.23999786376952,96.8,56.04,2.54,0.8372,0.3225,53.2894,53.48200988769531
2019-11-04,2.27,1.56,257.208,3.6,97.51000213623048,96.8,56.33,2.77,0.9019,1.7276,62.0077,55.0726203918457
2019-11-05,2.34,1.56,257.208,3.6,97.9800033569336,96.8,57.04,2.77,0.917,3.7316,66.6115,56.16378402709961
2019-11-06,2.30,1.55,257.208,3.6,97.9499969482422,96.8,56.15,2.82,0.9551,2.5722,58.0725,54.93431091308594
2019-11-07,2.40,1.55,257.208,3.6,98.13999938964844,96.8,56.91,2.84,0.9714,4.1462,62.9337,56.10231399536133
2019-11-08,2.43,1.55,257.208,3.6,98.3499984741211,96.8,57.02,2.87,0.9832,2.2267,56.5676,55.0368766784668
2019-11-11,.,1.55,257.208,3.6,98.1999969482422,96.8,.,.,0.9574,1.6237,54.6751,54.70248031616211
2019-11-12,2.39,1.55,257.208,3.6,98.30999755859376,96.8,56.67,2.72,0.9684,0.363,50.5656,53.9481201171875
2019-11-13,2.36,1.55,257.208,3.6,98.37000274658205,96.8,56.88,2.66,0.942,0.4267,48.2696,53.50483703613281
2019-11-14,2.31,1.55,257.208,3.6,98.16000366210938,96.8,56.57,2.68,0.9186,0.0707,47.0585,53.27152633666992
2019-11-15,2.31,1.55,257.208,3.6,98.0,96.8,57.54,2.7,0.8974,1.0754,50.1561,53.808135986328125
2019-11-18,2.30,1.55,257.208,3.6,97.79000091552734,96.8,56.82,2.64,0.8827,0.7082,47.2642,53.287078857421875
2019-11-19,2.26,1.55,257.208,3.6,97.86000061035156,96.8,54.93,2.53,0.8629,0.7169,44.3849,52.742713928222656
2019-11-20,2.20,1.55,257.208,3.6,97.93000030517578,96.8,56.71,2.56,0.869,0.9953,45.4584,52.90602493286133
2019-11-21,2.24,1.55,257.208,3.6,97.98999786376952,96.8,58.36,2.53,0.9086,0.7114,53.0759,54.181427001953125
2019-11-22,2.22,1.55,257.208,3.6,98.2699966430664,96.8,57.68,2.62,0.8909,-1.1112,51.6547,53.9481201171875
2019-11-25,2.21,1.55,257.208,3.6,98.31999969482422,96.8,57.79,2.51,0.8678,-2.559,49.4674,53.59038543701172
2019-11-26,2.18,1.55,257.208,3.6,98.25,96.8,58.25,2.51,0.8391,-1.4627,48.6476,53.45817184448242
2019-11-27,2.19,1.55,257.208,3.6,98.41000366210938,96.8,58.12,2.46,0.8169,-2.6608,48.4441,53.42705535888672
2019-11-29,2.21,1.56,257.208,3.6,98.2699966430664,96.8,58.12,2.46,0.7974,-2.052,45.5226,52.98377990722656
2019-12-02,2.28,1.56,256.974,3.6,97.86000061035156,99.3,55.97,2.29,0.7821,-1.4923,47.2651,53.20930862426758
2019-12-03,2.17,1.55,256.974,3.6,97.73999786376952,99.3,56.15,2.42,0.7762,-1.1581,44.4162,52.78935241699219
2019-12-04,2.22,1.55,256.974,3.6,97.6500015258789,99.3,58.46,2.43,0.7696,-0.1166,49.1251,53.388187408447266
2019-12-05,2.24,1.55,256.974,3.6,97.41000366210938,99.3,58.42,2.42,0.7568,-0.07,47.7668,53.2015380859375
2019-12-06,2.29,1.55,256.974,3.6,97.6999969482422,99.3,59.2,2.31,0.7838,0.2487,54.0395,54.05699920654297
2019-12-09,2.27,1.55,256.974,3.6,97.63999938964844,99.3,58.99,2.17,0.7806,0.8861,54.836,54.17366027832031
2019-12-10,2.26,1.55,256.974,3.6,97.41000366210938,99.3,59.22,2.18,0.8053,0.9638,51.0267,53.707035064697266
2019-12-11,2.23,1.55,256.974,3.6,97.16000366210938,99.3,58.74,2.28,0.8083,0.7229,50.3983,53.62928009033203
2019-12-12,2.32,1.55,256.974,3.6,97.4000015258789,99.3,59.18,2.28,0.8328,0.5208,58.0719,54.70248031616211
2019-12-13,2.26,1.55,256.974,3.6,97.16999816894533,99.3,60.11,2.28,0.8521,-0.1088,51.2095,53.83925247192383
2019-12-16,2.30,1.56,256.974,3.6,97.06999969482422,99.3,60.21,2.34,0.8479,0.8472,55.1673,54.438053131103516
2019-12-17,2.31,1.55,256.974,3.6,97.20999908447266,99.3,60.88,2.3,0.8467,0.7306,53.2346,54.18920135498047
2019-12-18,2.35,1.55,256.974,3.6,97.41000366210938,99.3,60.93,2.26,0.8423,0.9094,54.2593,54.336971282958984
2019-12-19,2.35,1.55,256.974,3.6,97.41999816894533,99.3,61.3,2.21,0.8271,0.9793,51.2068,53.96368408203125
2019-12-20,2.34,1.55,256.974,3.6,97.70999908447266,99.3,60.43,2.27,0.8147,1.1814,54.3741,54.39140701293945
2019-12-23,2.35,1.55,256.974,3.6,97.66000366210938,99.3,60.51,2.17,0.7992,1.8732,56.3174,54.663597106933594
2019-12-24,2.33,1.55,256.974,3.6,97.6500015258789,99.3,61.17,2.11,0.7749,1.0648,54.3928,54.45361328125
2019-12-26,2.33,1.55,256.974,3.6,97.58999633789062,99.3,61.72,2.09,0.7468,1.3369,55.0665,54.53916549682617
2019-12-27,2.32,1.55,256.974,3.6,96.91999816894533,99.3,61.76,1.75,0.7173,0.2954,53.2193,54.3525276184082
2019-12-30,2.34,1.55,256.974,3.6,96.73999786376952,99.3,61.66,2.06,0.7238,-0.1399,50.1258,54.03366470336914
2019-12-31,2.39,1.55,256.974,3.6,96.38999938964844,99.3,61.14,2.09,0.716,0.5596,52.3102,54.2669677734375
2020-01-02,2.33,1.55,257.971,3.6,96.8499984741211,99.8,61.17,2.05,0.7337,1.5079,59.4505,55.13797378540039
2020-01-03,2.26,1.55,257.971,3.6,96.83999633789062,99.8,63.0,2.06,0.7484,-0.0078,54.9419,54.69469451904297
2020-01-06,2.28,1.55,257.971,3.6,96.66999816894533,99.8,63.27,2.1,0.7577,1.2747,58.1778,55.114646911621094
2020-01-07,2.31,1.55,257.971,3.6,96.9800033569336,99.8,62.7,2.17,0.7791,0.2254,53.7157,54.663597106933594
2020-01-08,2.35,1.55,257.971,3.6,97.3000030517578,99.8,59.65,2.09,0.7856,-0.3498,46.6706,53.83925247192383
2020-01-09,2.38,1.55,257.971,3.6,97.4499969482422,99.8,59.56,2.05,0.8,-0.0855,50.1884,54.25140380859375
2020-01-10,2.28,1.54,257.971,3.6,97.36000061035156,99.8,59.02,2.05,0.7895,-0.1943,46.3377,53.769256591796875
2020-01-13,2.30,1.54,257.971,3.6,97.3499984741211,99.8,58.17,2.03,0.7753,-0.1088,50.6761,54.28252410888672
2020-01-14,2.27,1.54,257.971,3.6,97.37000274658205,99.8,58.34,2.15,0.7704,-0.8472,46.9592,53.8159065246582
2020-01-15,2.23,1.54,257.971,3.6,97.2300033569336,99.8,57.86,2.01,0.7543,-0.7229,46.2889,53.73036193847656
2020-01-16,2.26,1.54,257.971,3.6,97.31999969482422,99.8,58.52,2.06,0.7437,-1.0182,44.6058,53.5203971862793
2020-01-17,2.29,1.55,257.971,3.6,97.61000061035156,99.8,58.55,2.07,0.7344,-1.0338,42.985,53.31818389892578
2020-01-21,2.23,1.55,257.971,3.6,97.52999877929688,99.8,58.25,1.98,0.7403,-1.4768,37.4598,52.556060791015625
2020-01-22,2.22,1.55,257.971,3.6,97.52999877929688,99.8,56.76,1.89,0.7263,-2.0131,35.504,52.25276565551758
2020-01-23,2.18,1.55,257.971,3.6,97.69000244140624,99.8,55.51,1.95,0.7377,-3.2101,33.4768,51.92612838745117
2020-01-24,2.14,1.55,257.971,3.6,97.8499984741211,99.8,54.09,1.91,0.7255,-3.1168,31.4077,51.57616424560547
2020-01-27,2.05,1.55,257.971,3.6,97.95999908447266,99.8,53.09,2.03,0.7636,-4.7646,25.458,50.347434997558594
2020-01-28,2.10,1.55,257.971,3.6,98.0199966430664,99.8,53.33,1.96,0.7407,-4.3838,25.1656,50.27743911743164
2020-01-29,2.05,1.55,257.971,3.6,97.98999786376952,99.8,53.29,1.93,0.7561,-3.9796,23.4267,49.85747528076172
2020-01-30,2.04,1.6,257.971,3.6,97.87000274658205,99.8,52.19,1.94,0.7826,-3.863,29.9871,50.38631057739258
2020-01-31,1.99,1.59,257.971,3.6,97.38999938964844,99.8,51.58,1.91,0.8894,-5.4564,22.0125,48.30989456176758
2020-02-03,2.01,1.59,258.678,3.5,97.8000030517578,101.0,50.06,1.9,0.923,-7.0498,19.1564,47.22890853881836
2020-02-04,2.08,1.59,258.678,3.5,97.95999908447266,101.0,49.59,1.89,0.9692,-7.1741,17.7967,46.63786697387695
2020-02-05,2.14,1.59,258.678,3.5,98.2699966430664,101.0,50.87,1.89,1.0643,-4.9434,35.6573,48.78428268432617
2020-02-06,2.11,1.59,258.678,3.5,98.5,101.0,50.94,1.86,1.0566,-5.3942,33.2605,48.123252868652344
2020-02-07,2.05,1.58,258.678,3.5,98.68000030517578,101.0,50.34,1.93,1.0266,-5.5108,32.1384,47.80439376831055
2020-02-10,2.03,1.58,258.678,3.5,98.83000183105467,101.0,49.59,1.85,1.008,-5.2465,30.4134,47.29953384399414
2020-02-11,2.05,1.58,258.678,3.5,98.72000122070312,101.0,50.0,1.85,0.9884,-4.4939,33.8673,47.74916458129883
2020-02-12,2.09,1.58,258.678,3.5,99.0500030517578,101.0,51.13,1.91,0.9741,-3.5839,38.1587,48.33292007446289
2020-02-13,2.07,1.58,258.678,3.5,99.06999969482422,101.0,51.41,1.95,0.953,-3.5023,36.9716,48.0647087097168
2020-02-14,2.04,1.58,258.678,3.5,99.12000274658205,101.0,52.03,1.93,0.9345,-2.495,35.9789,47.843833923339844
2020-02-18,2.00,1.59,258.678,3.5,99.45999908447266,101.0,52.1,2.04,0.9353,-3.0322,33.3288,47.236419677734375
2020-02-19,2.01,1.59,258.678,3.5,99.5999984741211,101.0,53.31,2.01,0.913,-2.2498,36.3453,47.59929656982422
2020-02-20,1.97,1.59,258.678,3.5,99.87000274658205,101.0,53.77,1.98,0.894,-3.1568,34.5868,47.220638275146484
2020-02-21,1.90,1.58,258.678,3.5,99.26000213623048,101.0,53.36,1.96,0.8904,-1.6572,32.0473,46.644775390625
2020-02-24,1.84,1.58,258.678,3.5,99.29000091552734,101.0,51.36,1.94,0.9828,-2.761,24.6509,44.45966720581055
2020-02-25,1.80,1.58,258.678,3.5,98.97000122070312,101.0,49.78,1.93,1.0692,-3.8735,20.6489,42.75575256347656
2020-02-26,1.81,1.58,258.678,3.5,99.0,101.0,48.67,1.96,1.0993,-6.9571,18.8347,41.81700897216797
2020-02-27,1.79,1.58,258.678,3.5,98.44000244140624,101.0,47.17,1.78,1.2015,-8.8119,15.024,39.30057907104492
2020-02-28,1.65,1.58,258.678,3.5,98.12999725341795,101.0,44.83,1.79,1.3089,-7.2158,23.4899,40.57851028442383
2020-03-02,1.66,1.59,258.115,4.4,97.36000061035156,89.1,46.78,1.75,1.3709,-4.7943,34.1337,42.50331497192383
2020-03-03,1.64,1.59,258.115,4.4,97.1500015258789,89.1,47.27,1.78,1.4515,-7.2782,29.4659,40.468074798583984
2020-03-04,1.67,1.09,258.115,4.4,97.33999633789062,89.1,46.78,1.83,1.4244,-6.9786,33.7043,41.351593017578125
2020-03-05,1.56,1.09,258.115,4.4,96.81999969482422,89.1,45.9,1.89,1.5131,-8.532,29.7355,39.52934265136719
2020-03-06,1.25,1.09,258.115,4.4,95.9499969482422,89.1,41.14,1.76,1.5689,-10.2195,26.2485,37.62031936645508
2020-03-09,0.99,1.09,258.115,4.4,94.9000015258789,89.1,31.05,1.74,1.8449,-14.2095,20.1254,33.021324157714844
2020-03-10,1.28,1.09,258.115,4.4,96.41000366210938,89.1,34.47,1.91,1.984,-13.35,25.1262,34.244041442871094
2020-03-11,1.30,1.09,258.115,4.4,96.51000213623048,89.1,33.13,1.96,1.9398,-14.0991,23.6548,33.11598205566406
2020-03-12,1.49,1.1,258.115,4.4,97.47000122070312,89.1,31.56,1.82,2.0817,-17.3084,19.5221,29.329498291015625
2020-03-13,1.56,1.1,258.115,4.4,98.75,89.1,31.72,1.94,2.2225,-14.383,22.382,30.071014404296875
2020-03-16,1.34,0.25,258.115,4.4,98.08999633789062,89.1,28.96,1.89,2.3381,-15.5421,19.5002,27.207489013671875
2020-03-17,1.63,0.25,258.115,4.4,99.58000183105467,89.1,26.96,1.89,2.3502,-12.7743,26.0534,29.037620544433594
2020-03-18,1.77,0.25,258.115,4.4,101.16000366210938,89.1,20.48,1.73,2.4966,-13.1686,22.8651,26.12675666809082
2020-03-19,1.78,0.2,258.115,4.4,102.76000213623048,89.1,25.09,1.68,2.4619,-13.4131,26.3127,27.1601505279541
2020-03-20,1.55,0.15,258.115,4.4,102.81999969482422,89.1,19.48,1.76,2.4899,-16.6697,24.7743,25.826993942260742
2020-03-23,1.33,0.15,258.115,4.4,102.48999786376952,89.1,23.33,1.7,2.4602,-15.6525,23.6382,24.80937385559082
2020-03-24,1.39,0.12,258.115,4.4,101.73999786376952,89.1,21.03,1.73,2.5503,-13.3894,33.7566,27.956892013549805
2020-03-25,1.45,0.1,258.115,4.4,101.0500030517578,89.1,20.75,1.8,2.5602,-10.1091,37.8675,29.41626739501953
2020-03-26,1.42,0.1,258.115,4.4,99.41999816894533,89.1,16.6,1.73,2.5373,-6.9943,41.1218,30.623212814331055
2020-03-27,1.29,0.1,258.115,4.4,98.37000274658205,89.1,15.48,1.7,2.5037,-3.8717,38.4697,29.148056030273438
2020-03-30,1.31,0.09,258.115,4.4,99.18000030517578,89.1,14.1,1.65,2.4538,-4.6603,39.7015,29.581924438476562
2020-03-31,1.35,0.08,258.115,4.4,99.0500030517578,89.1,20.51,1.71,2.3957,-3.162,40.7923,29.95268440246582
2020-04-01,1.27,0.06,256.389,14.8,99.66999816894533,71.8,20.28,1.69,2.3575,0.276,40.0616,29.605592727661133
2020-04-02,1.26,0.05,256.389,14.8,100.18000030517578,71.8,25.18,1.55,2.4386,1.7979,46.7601,31.869592666625977
2020-04-03,1.24,0.05,256.389,14.8,100.58000183105467,71.8,28.36,1.5,2.4706,3.7219,44.5376,30.930856704711914
2020-04-06,1.27,0.05,256.389,14.8,100.69000244140624,71.8,26.21,1.64,2.3853,2.8861,47.3889,31.924819946289062
2020-04-07,1.32,0.05,256.389,14.8,99.9800033569336,71.8,23.54,1.83,2.3755,6.4029,49.1108,32.532230377197266
2020-04-08,1.37,0.05,256.389,14.8,100.12000274658205,71.8,24.97,1.86,2.3635,7.428,54.5415,34.59113311767578
2020-04-09,1.35,0.05,256.389,14.8,99.5199966430664,71.8,22.9,1.74,2.4746,8.1929,52.8655,34.023162841796875
2020-04-13,1.39,0.05,256.389,14.8,99.3499984741211,71.8,22.36,1.86,2.4511,8.9184,51.9815,33.731285095214844
2020-04-14,1.41,0.05,256.389,14.8,98.88999938964844,71.8,20.15,1.76,2.3796,5.5119,51.1598,33.47096633911133
2020-04-15,1.27,0.05,256.389,14.8,99.45999908447266,71.8,19.96,1.68,2.3814,2.5154,46.4838,31.93270492553711
2020-04-16,1.21,0.05,256.389,14.8,100.02999877929688,71.8,19.82,1.59,2.2986,0.2602,43.5595,30.88353157043457
2020-04-17,1.27,0.05,256.389,14.8,99.77999877929688,71.8,18.31,1.71,2.3693,4.9441,53.2516,34.09415817260742
2020-04-20,1.23,0.05,256.389,14.8,99.95999908447266,71.8,-36.98,1.78,2.351,2.9018,48.7343,32.484901428222656
2020-04-21,1.17,0.05,256.389,14.8,100.26000213623048,71.8,8.91,1.92,2.3239,2.3577,48.2588,32.31135559082031
2020-04-22,1.22,0.05,256.389,14.8,100.38999938964844,71.8,13.64,1.9,2.2689,3.6273,50.9969,33.23430633544922
2020-04-23,1.18,0.04,256.389,14.8,100.43000030517578,71.8,15.06,1.86,2.2493,2.405,53.9572,34.27558898925781
2020-04-24,1.17,0.05,256.389,14.8,100.37999725341795,71.8,15.99,1.81,2.1878,3.5642,54.5839,34.49646759033203
2020-04-27,1.25,0.04,256.389,14.8,100.04000091552734,71.8,12.17,1.68,2.1492,2.7362,55.0778,34.66212844848633
2020-04-28,1.20,0.04,256.389,14.8,99.87000274658205,71.8,12.4,1.8,2.0774,2.9413,57.5181,35.474639892578125
2020-04-29,1.24,0.04,256.389,14.8,99.56999969482422,71.8,15.04,1.73,2.0771,2.8466,62.7816,37.43888473510742
2020-04-30,1.28,0.05,256.389,14.8,99.0199966430664,71.8,19.23,1.63,2.0363,2.6337,59.6188,36.657920837402344
2020-05-01,1.27,0.05,256.394,13.2,98.8000030517578,72.3,19.72,1.69,2.0863,0.2996,50.418,34.03105163574219
2020-05-04,1.29,0.05,256.394,13.2,99.4800033569336,72.3,20.47,1.78,2.0905,1.9319,54.3798,35.40365219116211
2020-05-05,1.32,0.05,256.394,13.2,99.70999908447266,72.3,24.56,1.93,2.0814,3.4301,54.2456,35.36420822143555
2020-05-06,1.41,0.05,256.394,13.2,100.08999633789062,72.3,23.88,1.9,2.0099,3.8165,51.9283,34.701576232910156
2020-05-07,1.31,0.05,256.394,13.2,99.88999938964844,72.3,23.68,1.84,1.9396,0.8043,52.5776,34.89878463745117
2020-05-08,1.39,0.05,256.394,13.2,99.7300033569336,72.3,24.73,1.74,1.9126,3.9427,57.3877,36.42915725708008
2020-05-11,1.43,0.05,256.394,13.2,100.23999786376952,72.3,24.02,1.7,1.8148,3.7692,56.0003,36.08207321166992
2020-05-12,1.38,0.05,256.394,13.2,99.93000030517578,72.3,25.76,1.61,1.7742,2.2552,53.6207,35.478946685791016
2020-05-13,1.35,0.05,256.394,13.2,100.23999786376952,72.3,25.37,1.56,1.7922,-0.5466,47.1906,33.717872619628906
2020-05-14,1.30,0.05,256.394,13.2,100.47000122070312,72.3,27.4,1.6,1.7992,-0.4699,48.3183,34.01539993286133
2020-05-15,1.32,0.05,256.394,13.2,100.4000015258789,72.3,29.44,1.66,1.7373,-0.8767,47.4339,33.774169921875
2020-05-18,1.44,0.05,256.394,13.2,99.66999816894533,72.3,31.83,1.77,1.8188,0.9968,56.8937,36.46001052856445
2020-05-19,1.43,0.05,256.394,13.2,99.37000274658205,72.3,32.3,1.85,1.844,-2.0924,52.6192,35.33421325683594
2020-05-20,1.40,0.05,256.394,13.2,99.12000274658205,72.3,33.56,1.83,1.8065,-0.1619,56.236,36.4841423034668
2020-05-21,1.40,0.05,256.394,13.2,99.37000274658205,72.3,34.3,1.75,1.7578,1.8126,53.7339,35.83277130126953
2020-05-22,1.37,0.05,256.394,13.2,99.86000061035156,72.3,33.49,1.7,1.7023,0.4727,53.8431,35.86493682861328
2020-05-26,1.43,0.05,256.394,13.2,98.91000366210938,72.3,34.7,1.79,1.6784,1.5655,57.3907,36.91838073730469
2020-05-27,1.44,0.05,256.394,13.2,99.05999755859376,72.3,32.8,1.78,1.6579,2.4932,58.261,37.18374252319336
2020-05-28,1.47,0.05,256.394,13.2,98.37999725341795,72.3,33.67,1.79,1.6273,1.3312,53.9461,36.2187614440918
2020-05-29,1.41,0.05,256.394,13.2,98.33999633789062,72.3,35.57,1.7,1.5869,0.1472,55.2257,36.56455612182617
2020-06-01,1.46,0.05,257.797,11.0,97.83000183105467,78.1,35.49,1.59,1.5683,1.1454,57.6149,37.215911865234375
2020-06-02,1.48,0.06,257.797,11.0,97.66999816894533,78.1,36.88,1.58,1.5235,2.565,60.5011,38.044185638427734
2020-06-03,1.56,0.06,257.797,11.0,97.27999877929688,78.1,37.33,1.84,1.5347,5.8779,65.2731,39.59618377685547
2020-06-04,1.61,0.06,257.797,11.0,96.68000030517578,78.1,37.42,1.68,1.4871,5.4678,64.6628,39.48360061645508
2020-06-05,1.68,0.07,257.797,11.0,96.94000244140624,78.1,39.49,1.8,1.6307,8.9093,72.5266,42.68410873413086
2020-06-08,1.65,0.07,257.797,11.0,96.62000274658205,78.1,38.17,1.68,1.6452,7.5584,75.0232,44.01899337768555
2020-06-09,1.59,0.07,257.797,11.0,96.31999969482422,78.1,38.98,1.68,1.6592,7.7032,69.9893,43.037933349609375
2020-06-10,1.53,0.08,257.797,11.0,95.95999908447266,78.1,39.54,1.72,1.7084,4.2456,59.8206,40.73003387451172
2020-06-11,1.41,0.08,257.797,11.0,96.7300033569336,78.1,36.43,1.77,1.8477,1.3026,48.0991,37.1354866027832
2020-06-12,1.45,0.08,257.797,11.0,97.31999969482422,78.1,36.24,1.67,1.8714,2.0665,50.4164,37.93159484863281
2020-06-15,1.45,0.09,257.797,11.0,96.68000030517578,78.1,37.07,1.64,1.9106,0.989,50.3431,37.907470703125
2020-06-16,1.54,0.09,257.797,11.0,96.95999908447266,78.1,38.26,1.43,1.924,1.576,52.948,38.75988006591797
2020-06-17,1.52,0.09,257.797,11.0,97.16000366210938,78.1,37.91,1.55,1.8785,1.2785,48.8597,37.49736022949219
2020-06-18,1.47,0.09,257.797,11.0,97.41999816894533,78.1,38.79,1.51,1.8339,1.1659,49.6333,37.730560302734375
2020-06-19,1.47,0.09,257.797,11.0,97.62000274658205,78.1,39.72,1.49,1.8339,-0.2412,47.1439,36.974666595458984
2020-06-22,1.46,0.08,257.797,11.0,97.04000091552734,78.1,40.6,1.64,1.7626,-0.7156,48.4473,37.328495025634766
2020-06-23,1.49,0.08,257.797,11.0,96.69000244140624,78.1,40.4,1.61,1.6827,-2.0424,49.304,37.55364990234375
2020-06-24,1.44,0.08,257.797,11.0,97.1500015258789,78.1,37.91,1.64,1.7032,-3.6988,43.2256,35.78453063964844
2020-06-25,1.43,0.08,257.797,11.0,97.43000030517578,78.1,38.66,1.53,1.6706,-6.3603,45.432,36.32331085205078
2020-06-26,1.37,0.08,257.797,11.0,97.5,78.1,38.53,1.42,1.6471,-8.9415,41.4215,35.076873779296875
2020-06-29,1.39,0.08,257.797,11.0,97.54000091552734,78.1,39.67,1.67,1.5889,-7.3976,43.8329,35.6397819519043
2020-06-30,1.41,0.08,257.797,11.0,97.38999938964844,78.1,39.27,1.76,1.5794,-4.7682,45.2206,35.96144485473633
2020-07-01,1.43,0.08,259.101,10.2,97.1999969482422,72.5,39.88,1.69,1.5648,-1.9861,42.3738,35.14925003051758
2020-07-02,1.43,0.09,259.101,10.2,97.31999969482422,72.5,40.57,1.58,1.538,-2.4846,43.7703,35.44679260253906
2020-07-06,1.45,0.09,259.101,10.2,96.79000091552734,72.5,40.51,1.71,1.4994,-2.2112,44.9736,35.696067810058594
2020-07-07,1.38,0.09,259.101,10.2,96.87999725341795,72.5,40.59,1.76,1.4658,-3.9883,41.4317,34.771305084228516
2020-07-08,1.39,0.09,259.101,10.2,96.43000030517578,72.5,40.91,1.78,1.4237,-2.8063,41.1283,34.690895080566406
2020-07-09,1.32,0.09,259.101,10.2,96.6999969482422,72.5,39.64,1.88,1.4283,-4.4707,36.0668,33.25950622558594
2020-07-10,1.33,0.09,259.101,10.2,96.6500015258789,72.5,40.56,1.79,1.4187,-2.6776,41.6694,34.29685592651367
2020-07-13,1.33,0.09,259.101,10.2,96.45999908447266,72.5,40.06,1.75,1.3783,-3.0234,41.7121,34.30489730834961
2020-07-14,1.30,0.09,259.101,10.2,96.26000213623048,72.5,40.3,1.74,1.3907,-2.1148,47.5359,35.43874740600586
2020-07-15,1.33,0.1,259.101,10.2,96.08000183105467,72.5,41.2,1.76,1.3499,0.1045,49.6861,35.889060974121094
2020-07-16,1.31,0.1,259.101,10.2,96.3499984741211,72.5,40.74,1.79,1.3121,-0.7156,48.3523,35.60761260986328
2020-07-17,1.33,0.09,259.101,10.2,95.94000244140624,72.5,40.55,1.79,1.293,-0.0804,45.4963,34.996463775634766
2020-07-20,1.32,0.1,259.101,10.2,95.83000183105467,72.5,40.83,1.71,1.2604,-1.4634,41.9176,34.176239013671875
2020-07-21,1.31,0.1,259.101,10.2,95.12000274658205,72.5,41.76,1.66,1.3249,-0.0563,50.7172,35.90515899658203
2020-07-22,1.29,0.09,259.101,10.2,94.97000122070312,72.5,41.88,1.69,1.3038,-0.0804,47.0073,35.06884002685547
2020-07-23,1.24,0.09,259.101,10.2,94.69000244140624,72.5,40.99,1.75,1.2566,-0.3056,47.3661,35.14121627807617
2020-07-24,1.23,0.09,259.101,10.2,94.44000244140624,72.5,41.23,1.77,1.2374,-0.7719,46.3521,34.92409133911133
2020-07-27,1.25,0.1,259.101,10.2,93.66999816894533,72.5,41.46,1.85,1.2133,0.6674,49.1319,35.43874740600586
2020-07-28,1.22,0.1,259.101,10.2,93.76000213623048,72.5,40.89,1.83,1.172,0.3297,47.001,35.020591735839844
2020-07-29,1.24,0.1,259.101,10.2,93.26000213623048,72.5,41.13,1.77,1.1314,2.1469,49.1915,35.406578063964844
2020-07-30,1.20,0.1,259.101,10.2,93.0199966430664,72.5,39.85,1.81,1.1772,-0.6272,40.9826,33.66960906982422
2020-07-31,1.20,0.1,259.101,10.2,93.48999786376952,72.5,40.1,1.83,1.1655,-0.4664,41.996,33.83849334716797
2020-08-03,1.23,0.1,259.918,8.4,93.5,74.1,40.83,1.95,1.1414,-1.4634,42.8516,33.97519302368164
2020-08-04,1.19,0.1,259.918,8.4,93.37999725341795,74.1,41.67,2.07,1.138,-0.9327,48.6995,34.956260681152344
2020-08-05,1.22,0.1,259.918,8.4,92.83000183105467,74.1,42.25,2.23,1.1049,-0.3458,50.402,35.26183319091797
2020-08-06,1.20,0.1,259.918,8.4,92.79000091552734,74.1,41.93,2.26,1.0633,0.0965,49.4258,35.09296417236328
2020-08-07,1.23,0.1,259.918,8.4,93.44000244140624,74.1,41.16,2.15,1.0351,0.7558,48.4631,34.9321403503418
2020-08-10,1.25,0.1,259.918,8.4,93.58000183105467,74.1,41.94,2.18,1.0278,-0.1126,53.663,35.79257583618164
2020-08-11,1.32,0.1,259.918,8.4,93.62999725341795,74.1,41.53,2.19,1.064,1.0936,55.731,36.1624755859375
2020-08-12,1.37,0.1,259.918,8.4,93.44000244140624,74.1,42.6,2.05,1.0648,1.0132,55.6728,36.15427780151367
2020-08-13,1.42,0.1,259.918,8.4,93.33999633789062,74.1,42.26,2.19,1.0572,0.3447,49.5403,35.26866912841797
2020-08-14,1.45,0.1,259.918,8.4,93.0999984741211,74.1,42.05,2.23,1.0327,-0.0141,50.5718,35.424468994140625
2020-08-17,1.43,0.1,259.918,8.4,92.8499984741211,74.1,42.89,2.32,1.0017,-0.0552,47.4903,34.96526336669922
2020-08-18,1.40,0.09,259.918,8.4,92.2699966430664,74.1,42.89,2.45,0.9828,-0.6133,46.3498,34.79306411743164
2020-08-19,1.42,0.09,259.918,8.4,92.88999938964844,74.1,42.91,2.43,0.9589,0.7381,43.8136,34.40765380859375
2020-08-20,1.38,0.09,259.918,8.4,92.79000091552734,74.1,42.62,2.35,0.9291,0.0445,40.559,33.882843017578125
2020-08-21,1.35,0.09,259.918,8.4,93.25,74.1,42.32,2.39,0.8996,-0.3464,39.0461,33.62864303588867
2020-08-24,1.35,0.09,259.918,8.4,93.3000030517578,74.1,42.44,2.57,0.9231,-0.3352,47.3082,34.620853424072266
2020-08-25,1.39,0.09,259.918,8.4,93.0199966430664,74.1,43.17,2.54,0.9462,-1.7395,40.7248,33.52204132080078
2020-08-26,1.41,0.09,259.918,8.4,93.01000213623048,74.1,43.21,2.52,0.9301,-2.284,37.1136,32.808631896972656
2020-08-27,1.50,0.08,259.918,8.4,93.01000213623048,74.1,42.88,2.52,0.9219,-2.3446,36.0454,32.58723449707031
2020-08-28,1.52,0.09,259.918,8.4,92.37000274658205,74.1,42.96,2.46,0.9252,-2.426,42.3346,33.36624526977539
2020-08-31,1.49,0.09,259.918,8.4,92.13999938964844,74.1,42.61,2.3,0.9074,-3.4109,39.0682,32.75122833251953
2020-09-01,1.43,0.09,260.28,7.8,92.33999633789062,80.4,42.76,2.22,0.895,-3.821,36.9788,32.33302307128906
2020-09-02,1.38,0.09,260.28,7.8,92.8499984741211,80.4,42.76,2.15,0.8759,-3.1322,36.003,32.1362190246582
2020-09-03,1.34,0.09,260.28,7.8,92.73999786376952,80.4,41.39,2.32,0.8807,-3.3536,35.6651,32.07063293457031
2020-09-04,1.46,0.09,260.28,7.8,92.72000122070312,80.4,39.69,1.8,0.8846,-2.919,35.5305,32.04602813720703
2020-09-08,1.43,0.09,260.28,7.8,93.4800033569336,80.4,36.87,2.35,0.9227,-3.4848,31.6679,31.30801010131836
2020-09-09,1.45,0.09,260.28,7.8,93.26000213623048,80.4,38.05,2.21,0.9107,-3.288,30.748,31.119415283203125
2020-09-10,1.43,0.09,260.28,7.8,93.33999633789062,80.4,37.25,2.13,0.9317,-3.5422,27.2295,30.340408325195312
2020-09-11,1.42,0.09,260.28,7.8,93.33000183105467,80.4,37.33,1.93,0.9132,-3.37,26.8808,30.258394241333008
2020-09-14,1.42,0.09,260.28,7.8,93.06999969482422,80.4,37.23,2.18,0.8784,-4.559,26.0196,30.061599731445312
2020-09-15,1.43,0.09,260.28,7.8,93.0500030517578,80.4,38.29,2.19,0.8842,-3.78,24.6382,29.741788864135742
2020-09-16,1.45,0.09,260.28,7.8,93.20999908447266,80.4,40.17,2.06,0.9311,-1.8039,38.5184,31.004613876342773
2020-09-17,1.43,0.09,260.28,7.8,92.97000122070312,80.4,40.99,1.65,0.9238,-1.5907,38.4688,30.99641227722168
2020-09-18,1.45,0.09,260.28,7.8,92.93000030517578,80.4,41.09,1.56,0.9236,-2.8698,35.4715,30.496196746826172
2020-09-21,1.43,0.09,260.28,7.8,93.54000091552734,80.4,39.26,1.33,0.946,-2.878,32.1141,29.873001098632812
2020-09-22,1.42,0.09,260.28,7.8,93.98999786376952,80.4,39.55,1.49,0.9587,-3.1978,28.6552,29.134981155395508
2020-09-23,1.42,0.09,260.28,7.8,94.38999938964844,80.4,39.92,1.74,0.9746,-3.9358,24.9845,28.200172424316406
2020-09-24,1.40,0.09,260.28,7.8,94.3499984741211,80.4,40.11,1.93,0.967,-3.9276,24.7746,28.14276885986328
2020-09-25,1.40,0.09,260.28,7.8,94.58000183105467,80.4,40.06,1.9,0.96,-3.6406,27.7618,28.405170440673828
2020-09-28,1.42,0.09,260.28,7.8,94.26000213623048,80.4,40.47,1.83,0.9653,-2.3533,33.6985,28.954578399658203
2020-09-29,1.41,0.09,260.28,7.8,93.88999938964844,80.4,39.03,1.74,0.9736,-3.0092,29.6627,28.109966278076172
2020-09-30,1.46,0.09,260.28,7.8,93.88999938964844,80.4,40.05,1.66,0.9504,-2.1893,30.1003,28.15097427368164
2020-10-01,1.45,0.09,260.388,6.9,93.70999908447266,81.8,38.51,1.6,0.9639,-3.0912,25.9303,27.166961669921875
2020-10-02,1.48,0.09,260.388,6.9,93.83999633789062,81.8,36.9,1.41,0.9618,-3.0174,25.4556,27.043954849243164
2020-10-05,1.57,0.09,260.388,6.9,93.51000213623048,81.8,39.12,1.92,0.9382,-2.0745,32.2258,27.667163848876953
2020-10-06,1.56,0.09,260.388,6.9,93.83000183105467,81.8,40.52,1.86,0.9362,-3.6242,30.8368,27.380163192749023
2020-10-07,1.60,0.09,260.388,6.9,93.62999725341795,81.8,39.82,2.01,0.9004,-3.5258,31.8313,27.470361709594727
2020-10-08,1.57,0.09,260.388,6.9,93.61000061035156,81.8,41.04,1.49,0.9438,-1.5825,45.3668,28.9135799407959
2020-10-09,1.58,0.09,260.388,6.9,93.05999755859376,81.8,40.44,2.25,0.9525,-1.3857,42.6709,28.4871768951416
2020-10-12,.,0.09,260.388,6.9,93.06999969482422,81.8,39.22,2.31,0.9144,-0.738,42.101,28.396976470947266
2020-10-13,1.52,0.09,260.388,6.9,93.52999877929688,81.8,40.03,2.14,0.8942,-0.1394,39.9587,28.060771942138672
2020-10-14,1.50,0.09,260.388,6.9,93.37999725341795,81.8,40.86,2.02,0.8771,-0.1394,39.5883,28.003372192382812
2020-10-15,1.52,0.09,260.388,6.9,93.86000061035156,81.8,40.84,2.23,0.8845,-0.1558,42.0667,28.249372482299805
2020-10-16,1.52,0.09,260.388,6.9,93.68000030517578,81.8,40.7,2.16,0.8661,-0.9921,40.0047,27.962369918823242
2020-10-19,1.55,0.09,260.388,6.9,93.43000030517578,81.8,40.69,2.3,0.8616,-0.7052,36.2834,27.404762268066406
2020-10-20,1.60,0.09,260.388,6.9,93.06999969482422,81.8,41.37,2.57,0.8352,-0.5166,38.8075,27.63436508178711
2020-10-21,1.62,0.09,260.388,6.9,92.61000061035156,81.8,39.88,2.95,0.8084,0.0246,35.8573,27.191560745239258
2020-10-22,1.67,0.09,260.388,6.9,92.9499969482422,81.8,40.46,2.99,0.8643,1.5415,49.0016,28.585573196411133
2020-10-23,1.64,0.09,260.388,6.9,92.7699966430664,81.8,39.73,2.91,0.874,0.3444,44.9197,28.011568069458008
2020-10-26,1.59,0.09,260.388,6.9,93.0500030517578,81.8,38.39,3.14,0.8824,-0.0328,40.6953,27.347360610961914
2020-10-27,1.57,0.09,260.388,6.9,92.94000244140624,81.8,39.34,3.07,0.8575,-0.5576,38.1661,26.91275405883789
2020-10-28,1.56,0.09,260.388,6.9,93.41000366210938,81.8,37.27,3.14,0.8723,-3.0256,32.9628,25.887741088867188
2020-10-29,1.62,0.09,260.388,6.9,93.95999908447266,81.8,35.94,3.06,0.9283,-1.4513,42.4296,27.03575897216797
2020-10-30,1.65,0.09,260.388,6.9,94.04000091552734,81.8,35.64,3.03,0.9282,-1.6481,40.8755,26.74875259399414
2020-11-02,1.63,0.09,260.229,6.7,94.0500030517578,76.9,36.6,3.03,0.9723,-0.1886,48.7834,27.872169494628906
2020-11-03,1.66,0.09,260.229,6.7,93.5500030517578,76.9,37.44,2.88,0.9825,-0.6068,45.9796,27.396560668945312
2020-11-04,1.55,0.09,260.229,6.7,93.41000366210938,76.9,38.97,2.63,1.0066,-1.0003,45.113,27.248958587646484
2020-11-05,1.54,0.09,260.229,6.7,92.52999877929688,76.9,38.56,2.69,0.9804,-0.7626,44.8098,27.19975471496582
2020-11-06,1.60,0.09,260.229,6.7,92.2300033569336,76.9,36.97,2.67,0.9713,-0.5248,42.7966,26.879953384399414
2020-11-09,1.73,0.09,260.229,6.7,92.7300033569336,76.9,40.05,2.63,1.2082,2.6485,62.2382,30.28299903869629
2020-11-10,1.75,0.09,260.229,6.7,92.75,76.9,41.18,2.74,1.2089,3.7472,64.7269,30.95484161376953
2020-11-11,.,0.09,260.229,6.7,93.04000091552734,76.9,41.23,2.75,1.1783,2.0343,62.5678,30.63570785522461
2020-11-12,1.64,0.09,260.229,6.7,92.95999908447266,76.9,40.9,2.81,1.1906,1.5592,55.9554,29.585969924926758
2020-11-13,1.65,0.09,260.229,6.7,92.76000213623048,76.9,39.93,2.82,1.1667,2.9367,59.1193,30.299802780151367
2020-11-16,1.66,0.09,260.229,6.7,92.56999969482422,76.9,41.14,2.62,1.2087,5.1171,65.6263,32.046566009521484
2020-11-17,1.62,0.09,260.229,6.7,92.41999816894533,76.9,41.24,2.55,1.2018,6.5701,67.0127,32.47486877441406
2020-11-18,1.62,0.09,260.229,6.7,92.31999969482422,76.9,41.64,2.37,1.2313,4.1967,59.6014,31.248764038085938
2020-11-19,1.58,0.08,260.229,6.7,92.29000091552734,76.9,41.57,2.19,1.1997,4.6432,60.218,31.408323287963867
2020-11-20,1.53,0.08,260.229,6.7,92.38999938964844,76.9,41.99,2.22,1.1518,3.1338,57.9133,31.022022247314453
2020-11-23,1.56,0.08,260.229,6.7,92.51000213623048,76.9,42.91,2.23,1.2188,5.6405,65.413,33.05432891845703
2020-11-24,1.60,0.08,260.229,6.7,92.2300033569336,76.9,44.71,2.47,1.2948,7.9871,71.3627,35.25458526611328
2020-11-25,1.62,0.08,260.229,6.7,91.98999786376952,76.9,45.58,2.47,1.2821,7.0543,65.9101,34.272029876708984
2020-11-27,1.57,0.08,260.229,6.7,91.79000091552734,76.9,.,.,1.2549,6.8537,63.1562,33.7513542175293
2020-11-30,1.58,0.09,260.229,6.7,91.87000274658205,76.9,45.2,2.89,1.2984,1.7219,54.9422,32.0213737487793
2020-12-01,1.66,0.09,260.474,6.7,91.30999755859376,80.7,44.54,2.89,1.2968,1.3765,56.0479,32.332096099853516
2020-12-02,1.70,0.09,260.474,6.7,91.12000274658205,80.7,45.23,2.75,1.3288,2.904,60.1469,33.54140090942383
2020-12-03,1.67,0.09,260.474,6.7,90.70999908447266,80.7,45.65,2.46,1.2881,4.1798,60.8835,33.76814270019531
2020-12-04,1.73,0.09,260.474,6.7,90.6999969482422,80.7,46.23,2.48,1.289,4.7001,64.7082,35.00263977050781
2020-12-07,1.69,0.09,260.474,6.7,90.79000091552734,80.7,45.72,2.39,1.2575,2.2997,61.2841,34.34760665893555
2020-12-08,1.67,0.09,260.474,6.7,90.97000122070312,80.7,45.64,2.36,1.2966,2.9963,64.7364,35.47292709350586
2020-12-09,1.69,0.09,260.474,6.7,91.08999633789062,80.7,45.48,2.45,1.2933,4.6917,66.0969,35.94321823120117
2020-12-10,1.65,0.09,260.474,6.7,90.79000091552734,80.7,46.76,2.45,1.3033,5.5478,68.89,36.95936584472656
2020-12-11,1.63,0.09,260.474,6.7,90.9800033569336,80.7,46.59,2.54,1.2582,5.7577,67.8453,36.78300476074219
2020-12-14,1.63,0.09,260.474,6.7,90.70999908447266,80.7,47.02,2.69,1.305,2.4004,60.4214,35.45613479614258
2020-12-15,1.65,0.09,260.474,6.7,90.47000122070312,80.7,47.58,2.63,1.2813,0.8897,62.7024,36.14476013183594
2020-12-16,1.66,0.09,260.474,6.7,90.4499969482422,80.7,47.86,2.73,1.2587,2.4256,64.477,36.69903564453125
2020-12-17,1.68,0.09,260.474,6.7,89.81999969482422,80.7,48.34,2.7,1.2072,2.7613,63.3943,36.5142822265625
2020-12-18,1.70,0.09,260.474,6.7,90.0199966430664,80.7,49.04,2.73,1.2025,3.8608,59.7128,35.884422302246094
2020-12-21,1.68,0.09,260.474,6.7,90.04000091552734,80.7,47.79,2.68,1.2485,2.8956,56.0662,35.22939682006836
2020-12-22,1.65,0.09,260.474,6.7,90.6500015258789,80.7,47.02,2.76,1.2025,1.0911,52.8994,34.63313293457031
2020-12-23,1.70,0.09,260.474,6.7,90.41000366210938,80.7,47.94,2.76,1.1855,1.3093,54.9452,35.07823181152344
2020-12-24,1.66,0.09,260.474,6.7,90.33000183105467,80.7,48.18,2.68,1.129,-0.0671,54.133,34.93545913696289
2020-12-28,1.67,0.09,260.474,6.7,90.33999633789062,80.7,47.5,2.39,1.1101,0.705,54.7265,35.05303192138672
2020-12-29,1.67,0.09,260.474,6.7,90.01000213623047,80.7,47.85,2.4,1.086,-0.8141,52.2807,34.658329010009766
2020-12-30,1.66,0.09,260.474,6.7,89.62999725341797,80.7,48.24,2.36,1.0774,-1.0072,53.8406,34.93545913696289
